{"type":"FeatureCollection","features":[
{"type":"Feature","id":"2393887","properties":{"id":"2393887","name":"Afton","kind":"city","counties":["Washington"],"population":2983,"label":[-92.81749,44.90423]},"geometry":{"type":"MultiPolygon","coordinates":[[[[-92.86252,44.94921],[-92.86251,44.89114],[-92.86213,44.86194],[-92.77353,44.86195],[-92.77323,44.86262],[-92.77245,44.86344],[-92.77273,44.86437],[-92.77103,44.8678],[-92.76967,44.86903],[-92.76929,44.86997],[-92.76837,44.8709],[-92.76886,44.8717],[-92.76864,44.87458],[-92.76888,44.87544],[-92.77078,44.87806],[-92.77152,44.87977],[-92.77193,44.87974],[-92.77273,44.88091],[-92.77253,44.88158],[-92.77281,44.88232],[-92.77505,44.88506],[-92.77527,44.8861],[-92.77598,44.88664],[-92.77637,44.88757],[-92.77784,44.88865],[-92.77807,44.88947],[-92.78035,44.89139],[-92.78156,44.89307],[-92.78172,44.89404],[-92.78109,44.89459],[-92.78037,44.89461],[-92.78043,44.89503],[-92.77962,44.89653],[-92.78005,44.89809],[-92.78113,44.89819],[-92.78146,44.89901],[-92.78133,44.89952],[-92.78071,44.89973],[-92.7797,44.89954],[-92.78007,44.89854],[-92.77953,44.89958],[-92.77892,44.89996],[-92.78158,44.89997],[-92.78164,44.90019],[-92.78147,44.9005],[-92.77891,44.9004],[-92.77885,44.90092],[-92.78153,44.90096],[-92.78144,44.90127],[-92.77963,44.90122],[-92.77911,44.90176],[-92.77849,44.90188],[-92.7795,44.90202],[-92.77952,44.90245],[-92.77919,44.90261],[-92.77984,44.90274],[-92.77965,44.90391],[-92.77903,44.90398],[-92.77799,44.90345],[-92.77853,44.90259],[-92.7783,44.90243],[-92.77695,44.9029],[-92.77615,44.90389],[-92.77679,44.9042],[-92.77793,44.90361],[-92.77983,44.90525],[-92.7792,44.90542],[-92.77794,44.90443],[-92.77744,44.90467],[-92.7783,44.90563],[-92.77819,44.90661],[-92.77898,44.90685],[-92.77992,44.90638],[-92.77923,44.90715],[-92.77969,44.90768],[-92.77963,44.90923],[-92.77922,44.90874],[-92.77843,44.90848],[-92.7784,44.90785],[-92.77799,44.90746],[-92.77641,44.90765],[-92.77637,44.90729],[-92.77595,44.90728],[-92.77591,44.90776],[-92.77556,44.90724],[-92.77568,44.90687],[-92.7755,44.90682],[-92.77553,44.9129],[-92.77668,44.91288],[-92.77657,44.931],[-92.78178,44.93097],[-92.78148,44.94892],[-92.86252,44.94921]],[[-92.81578,44.93914],[-92.81547,44.93942],[-92.81542,44.93896],[-92.81502,44.93884],[-92.8143,44.93921],[-92.81387,44.94043],[-92.81345,44.94074],[-92.81058,44.94099],[-92.80762,44.93913],[-92.80332,44.93945],[-92.80243,44.9386],[-92.80243,44.93634],[-92.80392,44.93504],[-92.8048,44.93538],[-92.80519,44.93616],[-92.80592,44.93603],[-92.80613,44.93571],[-92.80513,44.93538],[-92.8047,44.93444],[-92.80684,44.93326],[-92.80746,44.93245],[-92.80755,44.93274],[-92.80855,44.93313],[-92.80868,44.93391],[-92.80796,44.93421],[-92.80665,44.93567],[-92.80948,44.93711],[-92.8105,44.93796],[-92.81086,44.93883],[-92.81079,44.93975],[-92.81113,44.94012],[-92.81232,44.94076],[-92.81363,44.94028],[-92.81358,44.93957],[-92.81496,44.93873],[-92.8154,44.93871],[-92.81578,44.93914]]],[[[-92.76563,44.91147],[-92.76539,44.91161],[-92.76551,44.91156],[-92.76563,44.91147]]],[[[-92.76407,44.91853],[-92.7638,44.91582],[-92.76335,44.91455],[-92.76385,44.91853],[-92.76407,44.91853]]]]}},
{"type":"Feature","id":"2393904","properties":{"id":"2393904","name":"Albertville","kind":"city","counties":["Wright"],"population":8220,"label":[-93.6619,45.23638]},"geometry":{"type":"MultiPolygon","coordinates":[[[[-93.6849,45.22093],[-93.65208,45.22078],[-93.65202,45.22343],[-93.6495,45.22361],[-93.64948,45.22434],[-93.63405,45.22441],[-93.63381,45.23803],[-93.64796,45.23796],[-93.64796,45.23938],[-93.64623,45.23858],[-93.64624,45.24061],[-93.64298,45.24062],[-93.64295,45.25245],[-93.66329,45.25258],[-93.68379,45.25227],[-93.68392,45.23802],[-93.68469,45.23801],[-93.6849,45.22093]],[[-93.66127,45.2427],[-93.66025,45.24354],[-93.65942,45.24505],[-93.65844,45.24596],[-93.65838,45.2467],[-93.65791,45.24686],[-93.65809,45.2463],[-93.6569,45.24671],[-93.65527,45.24675],[-93.65392,45.24433],[-93.65562,45.24145],[-93.65647,45.24096],[-93.65746,45.24061],[-93.66069,45.24103],[-93.66092,45.24151],[-93.66074,45.24217],[-93.66127,45.2427]],[[-93.65461,45.24137],[-93.65393,45.24213],[-93.65244,45.24316],[-93.65083,45.24366],[-93.65063,45.24432],[-93.64813,45.24622],[-93.64813,45.24682],[-93.64888,45.24741],[-93.6518,45.24739],[-93.65336,45.24891],[-93.65328,45.25],[-93.65056,45.25043],[-93.65043,45.25073],[-93.65082,45.25091],[-93.65062,45.25126],[-93.65028,45.25133],[-93.65,45.25091],[-93.64759,45.25052],[-93.64767,45.2492],[-93.64817,45.24884],[-93.64794,45.24841],[-93.6472,45.24816],[-93.64493,45.24859],[-93.64367,45.24841],[-93.64367,45.24553],[-93.64425,45.24512],[-93.64719,45.24492],[-93.64846,45.24409],[-93.64934,45.24391],[-93.64906,45.2427],[-93.65015,45.24059],[-93.65187,45.24098],[-93.65303,45.24064],[-93.65448,45.24078],[-93.65461,45.24137]]]]}},
{"type":"Feature","id":"2393954","properties":{"id":"2393954","name":"Andover","kind":"city","counties":["Anoka"],"population":32822,"label":[-93.32653,45.25708]},"geometry":{"type":"MultiPolygon","coordinates":[[[[-93.40697,45.28129],[-93.40675,45.27979],[-93.40662,45.27952],[-93.40583,45.27857],[-93.40652,45.2765],[-93.40606,45.2756],[-93.40599,45.27299],[-93.40567,45.27262],[-93.40503,45.2723],[-93.40193,45.2718],[-93.40114,45.27134],[-93.40211,45.26689],[-93.40183,45.26479],[-93.40148,45.26444],[-93.40071,45.26406],[-93.40054,45.26401],[-93.39798,45.26354],[-93.39749,45.26311],[-93.39736,45.26214],[-93.39778,45.25984],[-93.39609,45.25864],[-93.39501,45.25848],[-93.39377,45.25847],[-93.39358,45.25847],[-93.3935,45.25847],[-93.39336,45.25823],[-93.39304,45.25818],[-93.39335,45.25613],[-93.39286,45.25545],[-93.39272,45.25531],[-93.39107,45.25486],[-93.38923,45.25578],[-93.38722,45.25578],[-93.38641,45.25556],[-93.38606,45.25552],[-93.3854,45.25528],[-93.384,45.2549],[-93.38364,45.25419],[-93.3837,45.25294],[-93.38461,45.2517],[-93.38439,45.25086],[-93.38394,45.25037],[-93.3809,45.24903],[-93.38008,45.24805],[-93.38002,45.24694],[-93.38054,45.24581],[-93.38181,45.24491],[-93.38327,45.24446],[-93.38578,45.24445],[-93.38633,45.24443],[-93.38807,45.24342],[-93.38931,45.24169],[-93.38939,45.2411],[-93.38864,45.2411],[-93.38867,45.23728],[-93.38273,45.23731],[-93.38276,45.2336],[-93.37764,45.23357],[-93.37773,45.22738],[-93.36748,45.22733],[-93.36759,45.22144],[-93.36233,45.21956],[-93.35745,45.21946],[-93.35761,45.21229],[-93.34669,45.21227],[-93.34622,45.21298],[-93.34403,45.21402],[-93.34391,45.21732],[-93.34204,45.21889],[-93.34135,45.21816],[-93.34205,45.21646],[-93.34243,45.21629],[-93.34238,45.21592],[-93.34132,45.21491],[-93.3418,45.21362],[-93.34141,45.21264],[-93.34158,45.21225],[-93.3216,45.21221],[-93.31902,45.21278],[-93.31669,45.21219],[-93.31039,45.21187],[-93.30653,45.21219],[-93.27303,45.21165],[-93.27329,45.21177],[-93.2751,45.21341],[-93.27503,45.21381],[-93.27415,45.21441],[-93.2744,45.21471],[-93.27407,45.21564],[-93.27411,45.21597],[-93.27522,45.21651],[-93.27419,45.21754],[-93.27404,45.21836],[-93.27263,45.21735],[-93.27174,45.21711],[-93.27136,45.21613],[-93.27148,45.21547],[-93.27304,45.21438],[-93.27296,45.2137],[-93.27193,45.2125],[-93.27235,45.21202],[-93.27228,45.21163],[-93.26587,45.21153],[-93.26515,45.26926],[-93.26538,45.29807],[-93.32665,45.29801],[-93.37722,45.29875],[-93.37739,45.29753],[-93.37719,45.29701],[-93.3755,45.29571],[-93.37378,45.29488],[-93.37159,45.29559],[-93.37038,45.29538],[-93.37041,45.29366],[-93.37165,45.29288],[-93.36936,45.29242],[-93.36909,45.29205],[-93.36924,45.29158],[-93.37141,45.29124],[-93.37321,45.29233],[-93.37433,45.2925],[-93.3753,45.29231],[-93.37599,45.29154],[-93.37352,45.2908],[-93.37282,45.28972],[-93.37259,45.28789],[-93.37129,45.28666],[-93.37055,45.28627],[-93.36911,45.28635],[-93.36897,45.28639],[-93.36888,45.28637],[-93.36813,45.28641],[-93.36782,45.28436],[-93.36809,45.28336],[-93.36911,45.28271],[-93.36989,45.28268],[-93.37104,45.28418],[-93.37323,45.28493],[-93.37452,45.28506],[-93.37732,45.28468],[-93.37933,45.28542],[-93.38059,45.28683],[-93.38186,45.28828],[-93.38243,45.29043],[-93.38625,45.29022],[-93.38974,45.29113],[-93.39682,45.28821],[-93.40011,45.28923],[-93.40073,45.28901],[-93.40114,45.28841],[-93.40124,45.28837],[-93.40116,45.28838],[-93.40297,45.28577],[-93.40237,45.28389],[-93.40374,45.2826],[-93.40612,45.28225],[-93.40697,45.28129]],[[-93.36683,45.23903],[-93.36504,45.23888],[-93.3645,45.23934],[-93.36221,45.23893],[-93.36103,45.23913],[-93.36067,45.23966],[-93.36099,45.24151],[-93.36002,45.24268],[-93.36011,45.2432],[-93.35937,45.24332],[-93.35868,45.24446],[-93.35815,45.24471],[-93.35574,45.24496],[-93.35123,45.24455],[-93.34979,45.24348],[-93.34934,45.24362],[-93.34841,45.24265],[-93.34807,45.24166],[-93.34817,45.24043],[-93.34977,45.23807],[-93.35054,45.2373],[-93.35313,45.23582],[-93.35358,45.23522],[-93.35737,45.23518],[-93.35934,45.23563],[-93.3638,45.23477],[-93.36495,45.23524],[-93.36492,45.23583],[-93.36522,45.236],[-93.36454,45.23646],[-93.3653,45.23705],[-93.36555,45.23792],[-93.36527,45.23874],[-93.36683,45.23903]],[[-93.28777,45.28573],[-93.28591,45.28681],[-93.28346,45.28753],[-93.28188,45.28682],[-93.28116,45.28514],[-93.28164,45.28385],[-93.28239,45.28354],[-93.28433,45.28356],[-93.28554,45.28455],[-93.28718,45.28507],[-93.28777,45.28573]],[[-93.28611,45.21859],[-93.28497,45.21905],[-93.2854,45.21998],[-93.28346,45.2208],[-93.28128,45.22062],[-93.28107,45.21972],[-93.28246,45.21768],[-93.2822,45.21699],[-93.28072,45.21656],[-93.28083,45.21615],[-93.28156,45.21644],[-93.28331,45.21674],[-93.28552,45.2178],[-93.28611,45.21859]]],[[[-93.40294,45.28458],[-93.40286,45.28388],[-93.40275,45.28398],[-93.40294,45.28458]]],[[[-93.40161,45.28831],[-93.40161,45.28832],[-93.40161,45.28832],[-93.40161,45.28831]]],[[[-93.39984,45.28944],[-93.39942,45.2893],[-93.39982,45.28944],[-93.39984,45.28944]]],[[[-93.39692,45.28849],[-93.39689,45.28848],[-93.39264,45.29023],[-93.3939,45.28982],[-93.39692,45.28849]]],[[[-93.38951,45.25532],[-93.38889,45.25552],[-93.38909,45.25552],[-93.38951,45.25532]]],[[[-93.38633,45.29053],[-93.38619,45.2905],[-93.38566,45.29055],[-93.38633,45.29053]]],[[[-93.3843,45.25269],[-93.38408,45.25299],[-93.38407,45.25321],[-93.3843,45.25269]]],[[[-93.3821,45.24511],[-93.38204,45.24513],[-93.38202,45.24515],[-93.3821,45.24511]]],[[[-93.38154,45.24548],[-93.38088,45.24594],[-93.38078,45.24616],[-93.38154,45.24548]]],[[[-93.3815,45.28838],[-93.3815,45.28837],[-93.38148,45.28835],[-93.3815,45.28838]]],[[[-93.3812,45.24885],[-93.38112,45.24877],[-93.38117,45.24883],[-93.3812,45.24885]]],[[[-93.37921,45.28579],[-93.37906,45.28562],[-93.37901,45.2856],[-93.37921,45.28579]]],[[[-93.37611,45.29139],[-93.37608,45.29132],[-93.37577,45.29127],[-93.37611,45.29139]]],[[[-93.37515,45.29522],[-93.37474,45.29488],[-93.37462,45.29485],[-93.37414,45.29473],[-93.37411,45.29472],[-93.37515,45.29522]]],[[[-93.37383,45.29464],[-93.37377,45.29463],[-93.37336,45.29478],[-93.37383,45.29464]]],[[[-93.37168,45.29269],[-93.37139,45.29251],[-93.37053,45.29241],[-93.37168,45.29269]]],[[[-93.37113,45.29362],[-93.37077,45.29378],[-93.37077,45.29381],[-93.37113,45.29362]]],[[[-93.37079,45.29522],[-93.37073,45.29519],[-93.37073,45.29521],[-93.37079,45.29522]]]]}},
{"type":"Feature","id":"2393964","properties":{"id":"2393964","name":"Anoka","kind":"city","counties":["Anoka"],"population":18127,"label":[-93.38926,45.20991]},"geometry":{"type":"MultiPolygon","coordinates":[[[[-93.42422,45.21551],[-93.42002,45.21055],[-93.4191,45.21034],[-93.41939,45.20997],[-93.41912,45.20965],[-93.41652,45.20775],[-93.41615,45.20673],[-93.41625,45.20489],[-93.41424,45.20148],[-93.41311,45.20039],[-93.40626,45.19686],[-93.39842,45.19381],[-93.39508,45.19312],[-93.3941,45.19263],[-93.39076,45.19003],[-93.38947,45.18828],[-93.38794,45.18716],[-93.38785,45.18724],[-93.38153,45.18453],[-93.37686,45.18061],[-93.3733,45.17918],[-93.37323,45.19033],[-93.36822,45.19027],[-93.36821,45.1975],[-93.36156,45.19751],[-93.36312,45.19847],[-93.36303,45.20116],[-93.36567,45.20116],[-93.36561,45.20296],[-93.36728,45.20296],[-93.36721,45.2048],[-93.36545,45.2048],[-93.36538,45.20672],[-93.36501,45.20697],[-93.36491,45.20972],[-93.36267,45.21122],[-93.36263,45.21232],[-93.35761,45.21229],[-93.35745,45.21946],[-93.36233,45.21956],[-93.36759,45.22144],[-93.36748,45.22733],[-93.37773,45.22738],[-93.37764,45.23357],[-93.38276,45.2336],[-93.38273,45.23731],[-93.38867,45.23728],[-93.38864,45.2411],[-93.38939,45.2411],[-93.38963,45.23944],[-93.3904,45.23874],[-93.3914,45.23837],[-93.39451,45.2386],[-93.39568,45.23705],[-93.39523,45.23482],[-93.39611,45.23312],[-93.39581,45.23252],[-93.39295,45.23102],[-93.39144,45.23071],[-93.38961,45.23058],[-93.38907,45.2298],[-93.38911,45.22885],[-93.3898,45.22755],[-93.39098,45.22662],[-93.39102,45.22657],[-93.39124,45.22578],[-93.39127,45.22447],[-93.39125,45.22445],[-93.38948,45.22355],[-93.38907,45.22243],[-93.39009,45.22099],[-93.39011,45.21991],[-93.38957,45.21919],[-93.38906,45.21904],[-93.38476,45.21988],[-93.3841,45.21881],[-93.38441,45.21793],[-93.38679,45.21501],[-93.38922,45.21259],[-93.38914,45.21128],[-93.38816,45.20862],[-93.38645,45.20644],[-93.38615,45.20497],[-93.38708,45.20355],[-93.38968,45.202],[-93.39044,45.2008],[-93.39072,45.199],[-93.3927,45.19654],[-93.3916,45.19385],[-93.39016,45.19173],[-93.3902,45.18958],[-93.39053,45.18983],[-93.39053,45.19166],[-93.39195,45.19376],[-93.39309,45.19602],[-93.39308,45.1966],[-93.39108,45.19909],[-93.39081,45.20087],[-93.39,45.20215],[-93.38738,45.20372],[-93.38653,45.20503],[-93.38681,45.20635],[-93.38853,45.20853],[-93.38951,45.21124],[-93.3896,45.21265],[-93.38712,45.21515],[-93.38476,45.21804],[-93.38449,45.2188],[-93.38493,45.2196],[-93.38911,45.21877],[-93.38985,45.21899],[-93.39048,45.21983],[-93.39047,45.22106],[-93.38946,45.22243],[-93.38979,45.22335],[-93.39103,45.22382],[-93.39207,45.22311],[-93.39573,45.22311],[-93.39703,45.22434],[-93.39868,45.22404],[-93.41628,45.2252],[-93.41704,45.22532],[-93.41929,45.22655],[-93.42022,45.22663],[-93.42022,45.21946],[-93.41964,45.21947],[-93.41957,45.21877],[-93.42017,45.21747],[-93.42097,45.21784],[-93.42171,45.21762],[-93.42184,45.21731],[-93.42159,45.21725],[-93.42255,45.21596],[-93.42422,45.21551]]],[[[-93.41805,45.20809],[-93.41804,45.20767],[-93.41725,45.2064],[-93.41679,45.20619],[-93.41724,45.20751],[-93.41805,45.20809]]],[[[-93.39185,45.22531],[-93.39163,45.22499],[-93.39162,45.22565],[-93.39185,45.22531]]],[[[-93.39182,45.23866],[-93.39146,45.23864],[-93.39102,45.23881],[-93.39182,45.23866]]],[[[-93.39044,45.22744],[-93.39014,45.22767],[-93.38955,45.22879],[-93.39044,45.22744]]],[[[-93.38988,45.22343],[-93.38979,45.22337],[-93.3898,45.22339],[-93.38988,45.22343]]]]}},
{"type":"Feature","id":"2393967","properties":{"id":"2393967","name":"Apple Valley","kind":"city","counties":["Dakota"],"population":55673,"label":[-93.20069,44.74574]},"geometry":{"type":"MultiPolygon","coordinates":[[[[-93.24845,44.71741],[-93.15647,44.71734],[-93.15637,44.75371],[-93.15714,44.75371],[-93.15713,44.75458],[-93.15801,44.75459],[-93.15865,44.75601],[-93.15757,44.75612],[-93.15757,44.75645],[-93.15633,44.75711],[-93.1563,44.75963],[-93.15815,44.75964],[-93.15814,44.76095],[-93.15629,44.76095],[-93.15637,44.76869],[-93.15498,44.76892],[-93.15498,44.76815],[-93.15328,44.76816],[-93.15329,44.76876],[-93.15267,44.76887],[-93.153,44.77051],[-93.15255,44.77183],[-93.15147,44.77183],[-93.15149,44.77414],[-93.15242,44.77414],[-93.15273,44.77458],[-93.15642,44.77369],[-93.15642,44.77577],[-93.22281,44.77584],[-93.24808,44.75976],[-93.24813,44.7556],[-93.24755,44.75416],[-93.24816,44.75397],[-93.2482,44.75363],[-93.2482,44.75313],[-93.24773,44.75276],[-93.24821,44.75189],[-93.24822,44.7505],[-93.24793,44.74985],[-93.24693,44.74902],[-93.24689,44.74852],[-93.24599,44.74792],[-93.24579,44.74738],[-93.24447,44.74691],[-93.24331,44.74556],[-93.2439,44.74444],[-93.24372,44.7436],[-93.24487,44.74249],[-93.24493,44.74175],[-93.24577,44.74132],[-93.24638,44.74225],[-93.24628,44.74297],[-93.24586,44.74336],[-93.24698,44.74313],[-93.24663,44.74374],[-93.2459,44.74396],[-93.24581,44.74449],[-93.24721,44.74537],[-93.24781,44.74664],[-93.24825,44.74669],[-93.24839,44.72678],[-93.24822,44.72527],[-93.2484,44.72511],[-93.24842,44.72208],[-93.24574,44.72213],[-93.24578,44.72296],[-93.24652,44.72336],[-93.24624,44.72358],[-93.2443,44.72347],[-93.24342,44.72213],[-93.2431,44.72177],[-93.24363,44.72135],[-93.24285,44.7213],[-93.24237,44.72075],[-93.24149,44.72052],[-93.24067,44.721],[-93.24029,44.72318],[-93.23933,44.72323],[-93.23902,44.72284],[-93.23917,44.72123],[-93.23947,44.72086],[-93.23917,44.72037],[-93.24046,44.71934],[-93.2416,44.71902],[-93.24677,44.7186],[-93.24718,44.71894],[-93.24678,44.71967],[-93.24721,44.72041],[-93.24836,44.72068],[-93.24843,44.72067],[-93.24845,44.71741]],[[-93.17929,44.75683],[-93.17929,44.75729],[-93.17703,44.75791],[-93.17572,44.75686],[-93.17309,44.7567],[-93.17049,44.75699],[-93.1704,44.75667],[-93.17176,44.75516],[-93.17378,44.75495],[-93.17481,44.75441],[-93.1746,44.75535],[-93.17589,44.75576],[-93.17631,44.75624],[-93.17746,44.75608],[-93.17846,44.75635],[-93.17929,44.75683]],[[-93.17346,44.75404],[-93.17075,44.75411],[-93.16957,44.75361],[-93.17207,44.75327],[-93.17346,44.75404]],[[-93.17103,44.72169],[-93.16892,44.7219],[-93.16773,44.72279],[-93.1666,44.72169],[-93.16176,44.72231],[-93.16118,44.7217],[-93.16134,44.72016],[-93.16341,44.71999],[-93.16444,44.72066],[-93.16529,44.72037],[-93.16631,44.72065],[-93.16909,44.72046],[-93.17095,44.72034],[-93.17051,44.72107],[-93.17103,44.72169]],[[-93.16909,44.75754],[-93.16809,44.75856],[-93.1685,44.75928],[-93.16661,44.76043],[-93.16363,44.76075],[-93.16196,44.76005],[-93.16146,44.75852],[-93.15994,44.75707],[-93.16005,44.75641],[-93.16128,44.75542],[-93.16247,44.7555],[-93.16242,44.75612],[-93.16146,44.75664],[-93.16168,44.75679],[-93.16389,44.7565],[-93.16531,44.75719],[-93.1671,44.75624],[-93.16882,44.75686],[-93.16909,44.75754]]]]}},
{"type":"Feature","id":"2393979","properties":{"id":"2393979","name":"Arden Hills","kind":"city","counties":["Ramsey"],"population":9682,"label":[-93.16713,45.07222]},"geometry":{"type":"MultiPolygon","coordinates":[[[[-93.1885,45.10804],[-93.18827,45.08641],[-93.18711,45.08641],[-93.18618,45.08382],[-93.18522,45.07589],[-93.18628,45.06473],[-93.18813,45.06468],[-93.18813,45.0644],[-93.18676,45.06441],[-93.1873,45.06297],[-93.18739,45.06099],[-93.18804,45.05971],[-93.18776,45.05022],[-93.18264,45.05024],[-93.1826,45.043],[-93.18772,45.04299],[-93.18769,45.03583],[-93.15834,45.03582],[-93.15842,45.03589],[-93.15835,45.03686],[-93.15743,45.03851],[-93.15542,45.03935],[-93.15282,45.03959],[-93.15039,45.03816],[-93.1491,45.03649],[-93.14906,45.03581],[-93.14694,45.03581],[-93.14773,45.10806],[-93.1885,45.10804]],[[-93.18187,45.07707],[-93.18098,45.07791],[-93.17854,45.0781],[-93.17663,45.07735],[-93.17592,45.07605],[-93.17469,45.0755],[-93.1737,45.07375],[-93.1721,45.07294],[-93.17304,45.07139],[-93.17483,45.07019],[-93.17624,45.06983],[-93.17678,45.06987],[-93.17695,45.07033],[-93.17983,45.07191],[-93.18051,45.07286],[-93.18183,45.07614],[-93.18187,45.07707]],[[-93.17705,45.04568],[-93.17695,45.04667],[-93.17654,45.04715],[-93.17489,45.0478],[-93.1712,45.04738],[-93.16994,45.04754],[-93.16856,45.04867],[-93.16749,45.04814],[-93.16763,45.04572],[-93.1673,45.04477],[-93.1653,45.04498],[-93.16454,45.04553],[-93.16379,45.04499],[-93.1631,45.04387],[-93.16308,45.04262],[-93.1641,45.04151],[-93.1636,45.03993],[-93.16568,45.03857],[-93.16709,45.03868],[-93.16828,45.03974],[-93.17067,45.04065],[-93.17019,45.0409],[-93.17022,45.04122],[-93.17105,45.04151],[-93.17151,45.04123],[-93.17165,45.04068],[-93.17113,45.04018],[-93.17078,45.0405],[-93.17051,45.03965],[-93.17122,45.03893],[-93.17249,45.03828],[-93.17362,45.03827],[-93.17454,45.03863],[-93.17428,45.03925],[-93.17679,45.04147],[-93.17617,45.04412],[-93.17705,45.04568]],[[-93.17031,45.05863],[-93.16971,45.05939],[-93.16951,45.0611],[-93.16825,45.06295],[-93.16927,45.06443],[-93.16918,45.065],[-93.16877,45.06601],[-93.16791,45.06576],[-93.16677,45.06534],[-93.16638,45.06456],[-93.16641,45.06372],[-93.16686,45.06292],[-93.16651,45.06071],[-93.16344,45.05848],[-93.16347,45.05781],[-93.16453,45.05702],[-93.16604,45.05695],[-93.16745,45.05773],[-93.1692,45.0579],[-93.17031,45.05863]]]]}},
{"type":"Feature","id":"2394090","properties":{"id":"2394090","name":"Bayport","kind":"city","counties":["Washington"],"population":3691,"label":[-92.78338,45.01679]},"geometry":{"type":"MultiPolygon","coordinates":[[[[-92.7975,45.01809],[-92.79722,45.01704],[-92.79691,45.01704],[-92.79738,45.0169],[-92.79703,45.0151],[-92.79365,45.00505],[-92.79128,45.00506],[-92.79162,45.00703],[-92.78392,45.00706],[-92.7841,45.00349],[-92.78155,45.00348],[-92.78163,44.99951],[-92.77787,44.9995],[-92.77835,45.00252],[-92.7776,45.00301],[-92.77817,45.00324],[-92.77871,45.00548],[-92.77831,45.00683],[-92.77754,45.00675],[-92.77778,45.00522],[-92.77706,45.00346],[-92.77681,45.00353],[-92.77723,45.00629],[-92.77709,45.0068],[-92.7762,45.00685],[-92.77625,45.00517],[-92.77583,45.00342],[-92.77567,45.00356],[-92.77552,45.00449],[-92.77564,45.00645],[-92.77477,45.00672],[-92.77479,45.00694],[-92.77612,45.00727],[-92.77613,45.00873],[-92.77574,45.00943],[-92.77509,45.00835],[-92.77393,45.00825],[-92.77353,45.00943],[-92.77349,45.00995],[-92.77379,45.01026],[-92.77343,45.01063],[-92.77334,45.01167],[-92.77364,45.01415],[-92.77308,45.01415],[-92.77254,45.0124],[-92.77211,45.01266],[-92.77199,45.01335],[-92.77248,45.01676],[-92.77278,45.01699],[-92.77339,45.0191],[-92.77375,45.01994],[-92.77508,45.02267],[-92.77693,45.02497],[-92.77784,45.02687],[-92.77773,45.02691],[-92.7778,45.02703],[-92.77588,45.02761],[-92.77331,45.02542],[-92.77115,45.02182],[-92.77026,45.01857],[-92.77024,45.0185],[-92.77014,45.01939],[-92.76896,45.02],[-92.76863,45.02077],[-92.76913,45.02097],[-92.76857,45.02128],[-92.76848,45.02183],[-92.76851,45.02202],[-92.76888,45.02217],[-92.76896,45.02437],[-92.76901,45.02462],[-92.76956,45.02503],[-92.76914,45.02501],[-92.76951,45.02596],[-92.77002,45.02615],[-92.7696,45.02639],[-92.77023,45.02649],[-92.76958,45.02683],[-92.77038,45.02686],[-92.77033,45.02716],[-92.76971,45.02723],[-92.76974,45.02749],[-92.76995,45.02771],[-92.77002,45.02734],[-92.77045,45.02732],[-92.77086,45.02816],[-92.7704,45.0282],[-92.77054,45.02855],[-92.7712,45.02888],[-92.78491,45.02884],[-92.78598,45.0302],[-92.79117,45.0301],[-92.79177,45.02847],[-92.79202,45.02558],[-92.79305,45.02477],[-92.79301,45.0247],[-92.79313,45.02471],[-92.79342,45.02448],[-92.7954,45.02149],[-92.79353,45.02151],[-92.79352,45.0206],[-92.79556,45.02059],[-92.79557,45.02116],[-92.7973,45.01976],[-92.7975,45.01809]]],[[[-92.77117,45.02888],[-92.77013,45.02851],[-92.77005,45.02888],[-92.77117,45.02888]]]]}},
{"type":"Feature","id":"663529","properties":{"id":"663529","name":"Baytown","kind":"township","counties":["Washington"],"population":2115,"label":[-92.82005,45.00851]},"geometry":{"type":"MultiPolygon","coordinates":[[[[-92.8629,44.99258],[-92.77631,44.99235],[-92.77647,44.99281],[-92.77603,44.99355],[-92.7775,44.99717],[-92.77787,44.9995],[-92.78163,44.99951],[-92.78155,45.00348],[-92.7841,45.00349],[-92.78392,45.00706],[-92.79162,45.00703],[-92.79128,45.00506],[-92.79365,45.00505],[-92.79703,45.0151],[-92.79738,45.0169],[-92.79691,45.01704],[-92.79722,45.01704],[-92.7975,45.01809],[-92.79743,45.01938],[-92.79693,45.02021],[-92.79557,45.02116],[-92.79556,45.02059],[-92.79352,45.0206],[-92.79353,45.02151],[-92.80725,45.02146],[-92.80741,45.02883],[-92.8175,45.0288],[-92.81758,45.02519],[-92.8226,45.02519],[-92.82269,45.02878],[-92.83282,45.02888],[-92.83293,45.02527],[-92.83801,45.02533],[-92.83806,45.02652],[-92.85622,45.02634],[-92.86106,45.01461],[-92.86279,45.01459],[-92.8629,44.99258]],[[-92.85501,45.02077],[-92.85443,45.02196],[-92.85465,45.02219],[-92.85336,45.02227],[-92.85271,45.02188],[-92.84996,45.0216],[-92.85037,45.02076],[-92.84985,45.01928],[-92.84983,45.01766],[-92.84913,45.01744],[-92.84948,45.01705],[-92.84988,45.01682],[-92.84971,45.01725],[-92.85157,45.01712],[-92.85241,45.01755],[-92.85317,45.01723],[-92.85463,45.01841],[-92.85435,45.01947],[-92.85501,45.02077]],[[-92.84603,45.02085],[-92.84423,45.02156],[-92.8438,45.02145],[-92.84253,45.01915],[-92.84313,45.01828],[-92.84266,45.01713],[-92.84259,45.01541],[-92.84079,45.01396],[-92.84071,45.01312],[-92.84003,45.01264],[-92.84007,45.01203],[-92.84054,45.01201],[-92.84124,45.01317],[-92.8432,45.01369],[-92.84336,45.01398],[-92.84281,45.01488],[-92.84543,45.01695],[-92.84457,45.01799],[-92.8436,45.01823],[-92.84328,45.01872],[-92.84566,45.01905],[-92.84603,45.02085]]],[[[-92.77781,45.02694],[-92.77697,45.02503],[-92.77516,45.02283],[-92.77581,45.02416],[-92.77625,45.02433],[-92.77776,45.02695],[-92.77781,45.02694]]],[[[-92.77665,45.00308],[-92.77542,45.00298],[-92.77552,45.00454],[-92.77571,45.00349],[-92.77584,45.00346],[-92.77577,45.00318],[-92.77665,45.00308]]],[[[-92.77479,45.00694],[-92.77477,45.00672],[-92.7744,45.00684],[-92.77479,45.00694]]],[[[-92.7737,45.01985],[-92.77342,45.0192],[-92.77348,45.0194],[-92.7737,45.01985]]],[[[-92.77353,45.00943],[-92.77339,45.00985],[-92.77349,45.00995],[-92.77353,45.00943]]],[[[-92.77343,45.01063],[-92.77324,45.01082],[-92.77334,45.01167],[-92.77343,45.01063]]],[[[-92.77254,45.0124],[-92.77228,45.01154],[-92.77204,45.01289],[-92.77211,45.01266],[-92.77254,45.0124]]],[[[-92.77204,45.0137],[-92.772,45.01316],[-92.77198,45.01326],[-92.77204,45.0137]]],[[[-92.77026,45.01857],[-92.77024,45.01848],[-92.77024,45.0185],[-92.77026,45.01857]]],[[[-92.76901,45.02462],[-92.76896,45.02437],[-92.76897,45.02459],[-92.76901,45.02462]]],[[[-92.76851,45.02202],[-92.76848,45.02183],[-92.76845,45.02199],[-92.76851,45.02202]]]]}},
{"type":"Feature","id":"663571","properties":{"id":"663571","name":"Benton","kind":"township","counties":["Carver"],"population":738,"label":[-93.8283,44.76058]},"geometry":{"type":"MultiPolygon","coordinates":[[[[-93.88866,44.71721],[-93.84941,44.71689],[-93.76814,44.71706],[-93.76813,44.71912],[-93.76907,44.71839],[-93.77064,44.71832],[-93.772,44.71921],[-93.77221,44.71961],[-93.77188,44.72024],[-93.77248,44.72028],[-93.77437,44.72198],[-93.77614,44.72251],[-93.7769,44.72361],[-93.77641,44.72442],[-93.77575,44.72438],[-93.77545,44.72405],[-93.77285,44.7242],[-93.77102,44.72506],[-93.7703,44.72593],[-93.76855,44.72686],[-93.76809,44.72674],[-93.76771,44.80378],[-93.85541,44.8043],[-93.85504,44.80383],[-93.85498,44.80322],[-93.85553,44.80203],[-93.8561,44.80162],[-93.86034,44.79981],[-93.86779,44.79928],[-93.86979,44.79836],[-93.87292,44.79834],[-93.87415,44.79893],[-93.87577,44.80111],[-93.8768,44.80131],[-93.87773,44.80209],[-93.87841,44.80157],[-93.87911,44.80182],[-93.87824,44.80266],[-93.87853,44.80356],[-93.87815,44.80404],[-93.87738,44.80443],[-93.88837,44.8045],[-93.88866,44.71721]],[[-93.87596,44.77326],[-93.87534,44.77378],[-93.87478,44.77503],[-93.87521,44.77526],[-93.87499,44.77574],[-93.87406,44.77612],[-93.87279,44.7761],[-93.87212,44.77575],[-93.87208,44.77507],[-93.87044,44.77518],[-93.86768,44.77437],[-93.86604,44.77431],[-93.86547,44.77379],[-93.86547,44.77305],[-93.86583,44.77263],[-93.86817,44.77216],[-93.87047,44.77113],[-93.87244,44.7713],[-93.87338,44.77065],[-93.87441,44.77079],[-93.87554,44.77143],[-93.87596,44.77326]],[[-93.87582,44.75582],[-93.87559,44.75624],[-93.87461,44.75614],[-93.8739,44.75645],[-93.8735,44.75617],[-93.87147,44.75645],[-93.86968,44.75605],[-93.8678,44.75614],[-93.86617,44.75519],[-93.8634,44.75473],[-93.86262,44.75351],[-93.87301,44.75349],[-93.87426,44.75413],[-93.87582,44.75582]],[[-93.87208,44.75319],[-93.86978,44.75322],[-93.86982,44.75263],[-93.87208,44.75319]],[[-93.86953,44.75319],[-93.86607,44.75318],[-93.86546,44.75318],[-93.86623,44.75246],[-93.86549,44.7512],[-93.86605,44.75087],[-93.86706,44.75112],[-93.86764,44.75194],[-93.86948,44.75244],[-93.86953,44.75319]],[[-93.83616,44.79284],[-93.83533,44.79347],[-93.83236,44.79293],[-93.8318,44.79259],[-93.83102,44.79318],[-93.83112,44.79254],[-93.8294,44.79046],[-93.82932,44.78905],[-93.82984,44.78819],[-93.83143,44.7873],[-93.83447,44.78739],[-93.8353,44.78807],[-93.83542,44.78919],[-93.83582,44.78954],[-93.83552,44.78976],[-93.83559,44.79022],[-93.83606,44.79055],[-93.83587,44.79108],[-93.83616,44.79284]],[[-93.81855,44.7676],[-93.80841,44.76763],[-93.8084,44.7669],[-93.81846,44.76639],[-93.81855,44.7676]],[[-93.81852,44.7661],[-93.80132,44.76699],[-93.79548,44.76701],[-93.79041,44.76749],[-93.7875,44.76616],[-93.78343,44.76513],[-93.78349,44.76488],[-93.78206,44.76492],[-93.78151,44.76438],[-93.78129,44.76143],[-93.78187,44.76034],[-93.79512,44.76036],[-93.79514,44.76134],[-93.79597,44.76135],[-93.79599,44.76037],[-93.7983,44.7604],[-93.79829,44.7614],[-93.79964,44.7614],[-93.79964,44.76042],[-93.80446,44.7605],[-93.80443,44.76213],[-93.80627,44.76216],[-93.80635,44.76052],[-93.81095,44.76052],[-93.81096,44.76161],[-93.81197,44.76162],[-93.81197,44.76053],[-93.81752,44.76049],[-93.81756,44.76186],[-93.81839,44.76186],[-93.81852,44.7661]],[[-93.80335,44.76708],[-93.80335,44.7673],[-93.79829,44.76747],[-93.80335,44.76708]],[[-93.79824,44.76801],[-93.79819,44.7815],[-93.79052,44.78161],[-93.7906,44.77946],[-93.78803,44.77947],[-93.78801,44.78165],[-93.77776,44.7818],[-93.77774,44.77133],[-93.77686,44.77131],[-93.77679,44.77031],[-93.7771,44.77016],[-93.77604,44.7704],[-93.77603,44.77011],[-93.77546,44.77002],[-93.7773,44.76962],[-93.77719,44.76603],[-93.77858,44.76572],[-93.78383,44.76567],[-93.78386,44.76757],[-93.78636,44.76757],[-93.78636,44.76641],[-93.78808,44.76708],[-93.78808,44.76909],[-93.78863,44.76909],[-93.78846,44.76852],[-93.79181,44.76792],[-93.79619,44.76773],[-93.79824,44.76801]],[[-93.78125,44.76029],[-93.78105,44.76057],[-93.78078,44.76152],[-93.781,44.7644],[-93.78057,44.76468],[-93.78038,44.7603],[-93.78125,44.76029]]],[[[-93.87305,44.77338],[-93.87295,44.77299],[-93.87207,44.77271],[-93.8719,44.77357],[-93.87255,44.77386],[-93.87305,44.77338]]],[[[-93.8724,44.80345],[-93.87207,44.80244],[-93.87146,44.80367],[-93.87159,44.80395],[-93.8724,44.80345]]],[[[-93.8695,44.80439],[-93.86805,44.80412],[-93.86699,44.80335],[-93.8646,44.80436],[-93.8695,44.80439]]]]}},
{"type":"Feature","id":"2394156","properties":{"id":"2394156","name":"Bethel","kind":"city","counties":["Anoka"],"population":479,"label":[-93.27106,45.40231]},"geometry":{"type":"MultiPolygon","coordinates":[[[[-93.28073,45.39207],[-93.27563,45.39212],[-93.27565,45.3957],[-93.2705,45.39573],[-93.2705,45.39484],[-93.26876,45.39485],[-93.26856,45.39575],[-93.26028,45.39572],[-93.26029,45.39604],[-93.26085,45.41015],[-93.28063,45.41011],[-93.28073,45.39207]],[[-93.27918,45.4029],[-93.27864,45.40332],[-93.27784,45.40303],[-93.27733,45.40211],[-93.27605,45.40216],[-93.27393,45.40153],[-93.27337,45.40018],[-93.27206,45.39879],[-93.27199,45.39795],[-93.27328,45.39724],[-93.27458,45.39751],[-93.27498,45.39858],[-93.27608,45.39948],[-93.27626,45.40035],[-93.2771,45.40107],[-93.27817,45.40136],[-93.27918,45.4029]]]]}},
{"type":"Feature","id":"663589","properties":{"id":"663589","name":"Big Lake","kind":"township","counties":["Sherburne"],"population":8147,"label":[-93.71566,45.34253]},"geometry":{"type":"MultiPolygon","coordinates":[[[[-93.7996,45.31102],[-93.79628,45.31082],[-93.79373,45.30979],[-93.78934,45.3086],[-93.78595,45.30648],[-93.77975,45.30404],[-93.77077,45.2995],[-93.77024,45.29891],[-93.7665,45.29782],[-93.76345,45.29757],[-93.7587,45.29621],[-93.75579,45.29583],[-93.75213,45.29587],[-93.75071,45.29664],[-93.74861,45.29718],[-93.74783,45.29783],[-93.74334,45.29968],[-93.73809,45.30051],[-93.73401,45.30046],[-93.72807,45.30128],[-93.7209,45.30064],[-93.70502,45.29855],[-93.70317,45.29888],[-93.70195,45.29948],[-93.69365,45.30027],[-93.69266,45.30078],[-93.69112,45.30258],[-93.68827,45.30498],[-93.68543,45.30546],[-93.68352,45.30518],[-93.68202,45.3045],[-93.67842,45.29977],[-93.67555,45.29852],[-93.6689,45.29981],[-93.66665,45.29985],[-93.66486,45.29931],[-93.66159,45.29736],[-93.65964,45.2969],[-93.65499,45.29625],[-93.64975,45.29641],[-93.64954,45.29615],[-93.64847,45.29653],[-93.64855,45.29658],[-93.64807,45.29679],[-93.64415,45.29729],[-93.63868,45.29669],[-93.63403,45.29669],[-93.63405,45.31213],[-93.63482,45.31247],[-93.63645,45.31235],[-93.63807,45.31344],[-93.63822,45.31383],[-93.63785,45.31451],[-93.63517,45.31673],[-93.635,45.31738],[-93.6354,45.31796],[-93.63641,45.31814],[-93.6388,45.31764],[-93.64182,45.31759],[-93.64359,45.31786],[-93.64634,45.32021],[-93.64917,45.32065],[-93.65078,45.32159],[-93.65086,45.32322],[-93.64975,45.32344],[-93.64924,45.32392],[-93.64923,45.32451],[-93.65039,45.32624],[-93.64926,45.32754],[-93.64949,45.32839],[-93.65041,45.32881],[-93.65222,45.32873],[-93.65617,45.32689],[-93.65736,45.32692],[-93.6597,45.32796],[-93.6601,45.32982],[-93.65883,45.33185],[-93.65943,45.33262],[-93.66082,45.33344],[-93.6609,45.33409],[-93.66021,45.33464],[-93.65886,45.33406],[-93.65825,45.33444],[-93.66014,45.33615],[-93.66319,45.33594],[-93.66567,45.33642],[-93.66528,45.33458],[-93.66651,45.33402],[-93.66739,45.33411],[-93.66884,45.33482],[-93.67093,45.33666],[-93.67149,45.33658],[-93.67208,45.33526],[-93.67292,45.33475],[-93.6759,45.33478],[-93.67711,45.33542],[-93.67794,45.33718],[-93.67942,45.33815],[-93.68018,45.3383],[-93.6802,45.32855],[-93.66573,45.32853],[-93.66573,45.32796],[-93.66476,45.32795],[-93.66482,45.32539],[-93.66739,45.32541],[-93.6674,45.32406],[-93.68285,45.32554],[-93.68533,45.32992],[-93.68768,45.33181],[-93.69051,45.33252],[-93.6905,45.33195],[-93.70084,45.33193],[-93.70079,45.33425],[-93.70601,45.33429],[-93.70599,45.3359],[-93.71105,45.33592],[-93.71118,45.33378],[-93.71281,45.33379],[-93.71283,45.33223],[-93.71458,45.33224],[-93.71458,45.33266],[-93.72146,45.33269],[-93.72146,45.33228],[-93.72841,45.33233],[-93.72841,45.33273],[-93.73175,45.33275],[-93.73178,45.33196],[-93.72933,45.33215],[-93.7274,45.33193],[-93.72742,45.33112],[-93.7282,45.33108],[-93.72664,45.33107],[-93.72667,45.32975],[-93.73181,45.33024],[-93.73181,45.3299],[-93.71127,45.32786],[-93.71126,45.32752],[-93.71879,45.32715],[-93.72093,45.32737],[-93.72501,45.32876],[-93.7267,45.32876],[-93.72667,45.32591],[-93.73189,45.32591],[-93.73189,45.32508],[-93.73313,45.32509],[-93.73315,45.32403],[-93.73194,45.32402],[-93.73198,45.32151],[-93.7371,45.32156],[-93.73725,45.3143],[-93.74795,45.31449],[-93.74789,45.31897],[-93.74691,45.31916],[-93.74688,45.32106],[-93.74741,45.32107],[-93.7474,45.32168],[-93.74589,45.32173],[-93.75636,45.32181],[-93.75807,45.32093],[-93.75955,45.31943],[-93.7616,45.32002],[-93.76243,45.32072],[-93.75846,45.32286],[-93.75845,45.32354],[-93.75912,45.32347],[-93.75912,45.32312],[-93.76359,45.32091],[-93.76354,45.3328],[-93.75842,45.33243],[-93.75867,45.33313],[-93.76864,45.33405],[-93.76859,45.3435],[-93.76796,45.34351],[-93.76793,45.34501],[-93.76963,45.34503],[-93.77422,45.3475],[-93.77511,45.34642],[-93.77892,45.3477],[-93.77888,45.35414],[-93.76867,45.35413],[-93.76861,45.35876],[-93.77018,45.36161],[-93.76344,45.36156],[-93.76334,45.36745],[-93.76505,45.36741],[-93.76505,45.36767],[-93.76598,45.36765],[-93.76595,45.36426],[-93.76651,45.36286],[-93.76781,45.3621],[-93.77036,45.36564],[-93.77136,45.36562],[-93.77269,45.36332],[-93.77104,45.36332],[-93.77134,45.36217],[-93.77184,45.36217],[-93.77184,45.36312],[-93.7743,45.36312],[-93.7743,45.36222],[-93.77787,45.36231],[-93.7786,45.36291],[-93.77862,45.36565],[-93.7768,45.36569],[-93.77679,45.36859],[-93.77604,45.3686],[-93.77603,45.37042],[-93.7786,45.37035],[-93.77836,45.3762],[-93.77574,45.3762],[-93.77557,45.37917],[-93.76796,45.37918],[-93.76816,45.3757],[-93.76305,45.3757],[-93.76327,45.36858],[-93.75791,45.36855],[-93.75769,45.3679],[-93.75682,45.36771],[-93.75646,45.36724],[-93.75586,45.36675],[-93.75542,45.36677],[-93.75562,45.367],[-93.7553,45.36714],[-93.75414,45.36675],[-93.75406,45.36675],[-93.75403,45.36671],[-93.75403,45.36671],[-93.75285,45.36524],[-93.75293,45.36513],[-93.75287,45.36504],[-93.75193,45.36504],[-93.75191,45.36441],[-93.75161,45.36438],[-93.75038,45.36524],[-93.74896,45.36542],[-93.74429,45.36279],[-93.74401,45.36238],[-93.74416,45.36198],[-93.74553,45.36176],[-93.74647,45.3605],[-93.74576,45.35807],[-93.7453,45.35809],[-93.74397,45.35944],[-93.74214,45.35998],[-93.74098,45.35993],[-93.73871,45.35882],[-93.73754,45.35918],[-93.73687,45.35899],[-93.7367,45.35836],[-93.73733,45.35759],[-93.73687,45.35697],[-93.73718,45.3567],[-93.73875,45.35678],[-93.73866,45.35775],[-93.73904,45.35814],[-93.7404,45.3575],[-93.74098,45.35656],[-93.73967,45.35596],[-93.73895,45.35573],[-93.7389,45.3556],[-93.73849,45.35541],[-93.73842,45.35471],[-93.73874,45.35421],[-93.74021,45.35379],[-93.74036,45.35348],[-93.7391,45.35051],[-93.73672,45.3505],[-93.73673,45.349],[-93.734,45.35051],[-93.73073,45.3489],[-93.73039,45.34918],[-93.73009,45.35105],[-93.72964,45.35162],[-93.72764,45.35144],[-93.72476,45.35051],[-93.72278,45.35262],[-93.72035,45.35319],[-93.72007,45.35384],[-93.71946,45.35412],[-93.71798,45.3541],[-93.71735,45.35368],[-93.7171,45.35264],[-93.71608,45.35241],[-93.71406,45.3503],[-93.7133,45.34992],[-93.70741,45.34833],[-93.70508,45.34814],[-93.70184,45.34849],[-93.69873,45.34768],[-93.6972,45.34618],[-93.6971,45.34494],[-93.69619,45.34425],[-93.69415,45.34413],[-93.69121,45.34239],[-93.68685,45.34181],[-93.6846,45.34027],[-93.68018,45.3403],[-93.68018,45.33885],[-93.6796,45.33874],[-93.67768,45.33766],[-93.67632,45.33543],[-93.67536,45.33498],[-93.67381,45.33496],[-93.67277,45.33534],[-93.67221,45.33676],[-93.67162,45.33706],[-93.67005,45.33667],[-93.66844,45.33509],[-93.66721,45.33443],[-93.66568,45.33461],[-93.6663,45.33624],[-93.66582,45.33693],[-93.66335,45.33632],[-93.65997,45.33647],[-93.65755,45.33459],[-93.65777,45.33409],[-93.65882,45.33357],[-93.65959,45.33413],[-93.66042,45.33397],[-93.65826,45.33176],[-93.6595,45.32977],[-93.65953,45.32897],[-93.65917,45.32831],[-93.65823,45.32787],[-93.65521,45.32789],[-93.65315,45.32909],[-93.65124,45.32942],[-93.64989,45.32918],[-93.64892,45.32857],[-93.64867,45.32808],[-93.64961,45.32584],[-93.64843,45.32515],[-93.64832,45.32458],[-93.64899,45.32361],[-93.65037,45.32303],[-93.6506,45.32224],[-93.65021,45.32152],[-93.64663,45.32072],[-93.64304,45.31801],[-93.63944,45.31802],[-93.63627,45.31851],[-93.63496,45.31803],[-93.63441,45.3175],[-93.63455,45.31687],[-93.63752,45.31447],[-93.63775,45.31371],[-93.63635,45.31264],[-93.63444,45.31273],[-93.63405,45.31257],[-93.63408,45.34276],[-93.63454,45.34831],[-93.63466,45.35712],[-93.63394,45.37907],[-93.63408,45.38585],[-93.6955,45.38602],[-93.72597,45.38558],[-93.74146,45.38587],[-93.74175,45.38541],[-93.74451,45.38293],[-93.74805,45.38189],[-93.75158,45.38212],[-93.75347,45.38297],[-93.75489,45.38434],[-93.75491,45.38526],[-93.75419,45.3861],[-93.75731,45.38616],[-93.79849,45.38629],[-93.79926,45.37239],[-93.79955,45.35804],[-93.79957,45.31486],[-93.7996,45.31102]],[[-93.7958,45.35001],[-93.79539,45.351],[-93.79556,45.35171],[-93.79444,45.35273],[-93.79233,45.35354],[-93.79055,45.35359],[-93.78845,45.35323],[-93.78772,45.35266],[-93.7893,45.35184],[-93.79146,45.35167],[-93.79429,45.34976],[-93.7958,45.35001]],[[-93.7945,45.34348],[-93.79191,45.34347],[-93.79205,45.35065],[-93.78434,45.35063],[-93.78414,45.34344],[-93.77899,45.3434],[-93.77894,45.34737],[-93.77502,45.34567],[-93.77392,45.34432],[-93.77396,45.33976],[-93.78683,45.33984],[-93.78933,45.34096],[-93.79447,45.34197],[-93.7945,45.34348]],[[-93.79057,45.37003],[-93.78814,45.37108],[-93.78548,45.36992],[-93.78346,45.36844],[-93.78322,45.36696],[-93.78418,45.36571],[-93.78527,45.36501],[-93.78714,45.36477],[-93.78801,45.36498],[-93.7886,45.36551],[-93.78908,45.36706],[-93.7886,45.36829],[-93.79006,45.36882],[-93.79057,45.37003]],[[-93.78434,45.35378],[-93.78419,45.35471],[-93.78301,45.35554],[-93.7834,45.35624],[-93.78289,45.35662],[-93.78287,45.35773],[-93.78189,45.35856],[-93.782,45.35883],[-93.78105,45.35914],[-93.77911,45.35899],[-93.77845,45.36075],[-93.77769,45.36121],[-93.77784,45.36139],[-93.77656,45.36183],[-93.77183,45.36167],[-93.77126,45.36196],[-93.7707,45.36123],[-93.7717,45.36029],[-93.77771,45.35679],[-93.77886,45.35633],[-93.78055,45.35662],[-93.78298,45.35401],[-93.78434,45.35378]],[[-93.77684,45.31769],[-93.77682,45.32183],[-93.77384,45.32186],[-93.77385,45.31772],[-93.77684,45.31769]],[[-93.75063,45.3038],[-93.74603,45.30374],[-93.74599,45.29891],[-93.74992,45.29707],[-93.75,45.30017],[-93.7506,45.30017],[-93.75063,45.3038]],[[-93.73175,45.32367],[-93.73173,45.3253],[-93.73052,45.32529],[-93.73048,45.32366],[-93.73175,45.32367]],[[-93.72551,45.32962],[-93.72548,45.33208],[-93.71322,45.332],[-93.71332,45.32841],[-93.72551,45.32962]],[[-93.70881,45.33185],[-93.70789,45.33099],[-93.70699,45.33081],[-93.70699,45.33021],[-93.70879,45.3302],[-93.70881,45.33185]],[[-93.70821,45.33178],[-93.70701,45.33187],[-93.707,45.33125],[-93.70786,45.33125],[-93.70821,45.33178]],[[-93.70729,45.33478],[-93.70729,45.33533],[-93.70612,45.33534],[-93.70612,45.33479],[-93.70729,45.33478]],[[-93.70718,45.33369],[-93.70718,45.33396],[-93.70602,45.33396],[-93.70602,45.33369],[-93.70718,45.33369]],[[-93.7065,45.32949],[-93.70539,45.32958],[-93.7054,45.33061],[-93.70633,45.3306],[-93.70634,45.33182],[-93.69075,45.33185],[-93.69066,45.32851],[-93.68974,45.32636],[-93.70356,45.32745],[-93.70356,45.32939],[-93.7065,45.32949]],[[-93.69049,45.33185],[-93.68752,45.33092],[-93.68575,45.32918],[-93.68375,45.32563],[-93.6896,45.32635],[-93.69036,45.32798],[-93.69045,45.3305],[-93.69049,45.33185]],[[-93.67386,45.37495],[-93.67329,45.37506],[-93.67326,45.37548],[-93.67216,45.37644],[-93.67221,45.37733],[-93.67108,45.37818],[-93.67113,45.37891],[-93.6699,45.38104],[-93.67028,45.38112],[-93.67034,45.38236],[-93.67072,45.38266],[-93.67048,45.38371],[-93.66812,45.38403],[-93.66707,45.38342],[-93.66719,45.3828],[-93.66772,45.38333],[-93.6675,45.38237],[-93.6653,45.37995],[-93.66482,45.37855],[-93.6664,45.37453],[-93.66647,45.37311],[-93.6674,45.37077],[-93.66833,45.36959],[-93.66898,45.36951],[-93.67011,45.3697],[-93.67056,45.37098],[-93.67132,45.37172],[-93.67278,45.37112],[-93.67308,45.37062],[-93.67343,45.37249],[-93.67301,45.37399],[-93.67288,45.37421],[-93.67257,45.37381],[-93.672,45.37387],[-93.67143,45.37475],[-93.6718,45.37502],[-93.67257,45.37467],[-93.67386,45.37495]]],[[[-93.78902,45.36955],[-93.78885,45.3691],[-93.78847,45.36914],[-93.78827,45.36962],[-93.78902,45.36955]]],[[[-93.7519,45.36412],[-93.7519,45.36406],[-93.75184,45.36406],[-93.7519,45.36412]]],[[[-93.75176,45.36406],[-93.74854,45.36404],[-93.74987,45.36388],[-93.74985,45.36305],[-93.74833,45.36312],[-93.74786,45.36136],[-93.7466,45.36137],[-93.74648,45.36164],[-93.74465,45.36218],[-93.74468,45.36247],[-93.74871,45.36513],[-93.75026,45.36495],[-93.75176,45.36406]]],[[[-93.74894,45.35864],[-93.7488,45.35748],[-93.74655,45.35718],[-93.74647,45.35695],[-93.74412,45.35711],[-93.74449,45.35729],[-93.74449,45.35857],[-93.74579,45.35776],[-93.74648,45.35866],[-93.74658,45.35901],[-93.74698,45.35893],[-93.74698,45.35821],[-93.74726,45.35899],[-93.74894,45.35864]]],[[[-93.74291,45.35127],[-93.74248,45.35052],[-93.73963,45.35051],[-93.73963,45.35052],[-93.74017,45.35126],[-93.74291,45.35127]]],[[[-93.74174,45.35773],[-93.7405,45.35772],[-93.74052,45.35768],[-93.7391,45.35841],[-93.73829,45.35809],[-93.7383,45.35696],[-93.73747,45.35674],[-93.73732,45.35693],[-93.73788,45.35771],[-93.73723,45.35819],[-93.73721,45.35871],[-93.73884,45.3586],[-93.74154,45.35966],[-93.74173,45.35963],[-93.74174,45.35773]]],[[[-93.73875,45.35524],[-93.73875,45.35523],[-93.73874,45.35524],[-93.73875,45.35524]]],[[[-93.73675,45.34703],[-93.73165,45.34693],[-93.73166,45.34324],[-93.72149,45.34316],[-93.72137,45.33952],[-93.71624,45.3395],[-93.71623,45.34131],[-93.70595,45.34125],[-93.70592,45.34306],[-93.70077,45.34303],[-93.70079,45.3403],[-93.70139,45.34036],[-93.7014,45.33916],[-93.7008,45.33744],[-93.70081,45.33577],[-93.68536,45.33578],[-93.68535,45.34026],[-93.68516,45.34026],[-93.68653,45.34092],[-93.68707,45.34152],[-93.69054,45.34194],[-93.69285,45.34262],[-93.69403,45.34345],[-93.69706,45.34422],[-93.69772,45.34502],[-93.69769,45.34602],[-93.69898,45.34746],[-93.70136,45.34786],[-93.70423,45.34771],[-93.70855,45.34804],[-93.71408,45.34974],[-93.71555,45.35082],[-93.71602,45.3518],[-93.71738,45.3523],[-93.71803,45.35376],[-93.71916,45.35382],[-93.71992,45.35289],[-93.72204,45.35259],[-93.72458,45.3502],[-93.72734,45.35111],[-93.72949,45.35128],[-93.72973,45.34989],[-93.73053,45.34848],[-93.73167,45.34873],[-93.73363,45.35016],[-93.73671,45.34855],[-93.73674,45.34855],[-93.73675,45.34703]],[[-93.70746,45.34211],[-93.70744,45.34298],[-93.70612,45.34297],[-93.70611,45.3421],[-93.70746,45.34211]]],[[[-93.73167,45.33786],[-93.72987,45.3378],[-93.72985,45.33854],[-93.72652,45.33852],[-93.72658,45.34311],[-93.73166,45.34315],[-93.73164,45.33958],[-93.73167,45.33786]]],[[[-93.68452,45.33487],[-93.68181,45.33488],[-93.68181,45.33579],[-93.68452,45.33578],[-93.68452,45.33487]]],[[[-93.67733,45.33623],[-93.67716,45.336],[-93.677,45.33615],[-93.67733,45.33623]]],[[[-93.67514,45.29803],[-93.67417,45.29823],[-93.67502,45.29819],[-93.67514,45.29803]]],[[[-93.6745,45.29758],[-93.67377,45.29702],[-93.67378,45.29714],[-93.67295,45.29663],[-93.67051,45.29594],[-93.66801,45.29576],[-93.66145,45.29623],[-93.66388,45.2972],[-93.66678,45.29764],[-93.66861,45.29872],[-93.67263,45.29837],[-93.67386,45.29785],[-93.67386,45.2979],[-93.6745,45.29758]]],[[[-93.67116,45.37361],[-93.67108,45.37333],[-93.67096,45.37371],[-93.67116,45.37361]]],[[[-93.6679,45.29911],[-93.66602,45.29796],[-93.66596,45.29795],[-93.66589,45.29791],[-93.66471,45.29782],[-93.66417,45.2981],[-93.66423,45.29818],[-93.66418,45.29821],[-93.66432,45.29829],[-93.6644,45.2984],[-93.66499,45.2987],[-93.66571,45.29913],[-93.66585,45.29913],[-93.66597,45.29919],[-93.6679,45.29911]],[[-93.66589,45.29791],[-93.66592,45.29795],[-93.66592,45.29795],[-93.66589,45.29791]]],[[[-93.65741,45.32735],[-93.65626,45.32714],[-93.65548,45.32743],[-93.65649,45.32754],[-93.65741,45.32735]]],[[[-93.64927,45.32511],[-93.64889,45.32456],[-93.64861,45.32476],[-93.64927,45.32511]]]]}},
{"type":"Feature","id":"2394171","properties":{"id":"2394171","name":"Birchwood Village","kind":"city","counties":["Washington"],"population":851,"label":[-92.97764,45.05973]},"geometry":{"type":"MultiPolygon","coordinates":[[[[-92.9847,45.05759],[-92.98003,45.05756],[-92.97526,45.05752],[-92.97523,45.05386],[-92.96966,45.05382],[-92.96959,45.05796],[-92.97105,45.0588],[-92.97195,45.06064],[-92.97521,45.06148],[-92.97523,45.06148],[-92.97523,45.06148],[-92.97542,45.06153],[-92.97654,45.06319],[-92.97776,45.06404],[-92.98022,45.06452],[-92.98362,45.06588],[-92.98469,45.06597],[-92.9847,45.05759]]]]}},
{"type":"Feature","id":"2394183","properties":{"id":"2394183","name":"Blaine","kind":"city","counties":["Ramsey","Anoka"],"population":71891,"label":[-93.20789,45.16983]},"geometry":{"type":"MultiPolygon","coordinates":[[[[-93.2669,45.12456],[-93.24324,45.12473],[-93.24314,45.12511],[-93.24362,45.12549],[-93.24416,45.12701],[-93.24325,45.12795],[-93.24206,45.12843],[-93.24128,45.12822],[-93.24018,45.12755],[-93.23972,45.12688],[-93.23959,45.12528],[-93.2387,45.12477],[-93.23571,45.12479],[-93.22509,45.1245],[-93.15355,45.12423],[-93.15352,45.12761],[-93.15864,45.12764],[-93.15842,45.13879],[-93.16359,45.13889],[-93.16371,45.13153],[-93.18417,45.13157],[-93.18418,45.13519],[-93.17429,45.13516],[-93.17391,45.13539],[-93.17389,45.13766],[-93.18062,45.1377],[-93.18103,45.13893],[-93.1739,45.13892],[-93.17381,45.14606],[-93.16347,45.146],[-93.16335,45.15327],[-93.14296,45.15304],[-93.14235,45.21096],[-93.26587,45.21153],[-93.2669,45.12456]],[[-93.17381,45.14606],[-93.17892,45.14611],[-93.17868,45.14793],[-93.17383,45.1479],[-93.17381,45.14606]],[[-93.20747,45.18959],[-93.20444,45.18882],[-93.20372,45.18895],[-93.20249,45.19001],[-93.20304,45.19238],[-93.20253,45.19339],[-93.2004,45.19324],[-93.19934,45.19398],[-93.19781,45.19338],[-93.19721,45.19408],[-93.19656,45.19427],[-93.19608,45.19412],[-93.19541,45.19328],[-93.19567,45.19288],[-93.19551,45.19262],[-93.19387,45.19224],[-93.19309,45.19146],[-93.19195,45.1912],[-93.19008,45.19138],[-93.18851,45.19085],[-93.18684,45.18982],[-93.18871,45.18873],[-93.18997,45.18918],[-93.19156,45.18932],[-93.19214,45.18908],[-93.19219,45.18854],[-93.19177,45.18821],[-93.18998,45.1881],[-93.1908,45.1872],[-93.19197,45.18722],[-93.19233,45.18662],[-93.19139,45.18605],[-93.19116,45.18488],[-93.18996,45.18452],[-93.18989,45.18416],[-93.19068,45.18396],[-93.19106,45.18457],[-93.19193,45.18489],[-93.19411,45.18473],[-93.19584,45.18305],[-93.19638,45.18117],[-93.19528,45.18103],[-93.19484,45.18155],[-93.1909,45.1815],[-93.19059,45.18132],[-93.19076,45.18001],[-93.19431,45.18003],[-93.19505,45.18079],[-93.19599,45.18083],[-93.19631,45.18045],[-93.19536,45.17923],[-93.19565,45.17823],[-93.19644,45.17814],[-93.19758,45.17825],[-93.19756,45.17883],[-93.19686,45.17935],[-93.19706,45.17997],[-93.19975,45.18008],[-93.20019,45.18088],[-93.19865,45.18078],[-93.19838,45.18154],[-93.19943,45.18223],[-93.19878,45.18255],[-93.19747,45.18211],[-93.19676,45.18231],[-93.19492,45.18467],[-93.19627,45.18614],[-93.19851,45.1862],[-93.19811,45.18833],[-93.19679,45.18879],[-93.19672,45.18773],[-93.19611,45.18741],[-93.19543,45.18754],[-93.19514,45.18852],[-93.19581,45.18988],[-93.19512,45.19065],[-93.19504,45.18973],[-93.19406,45.18937],[-93.19341,45.18969],[-93.19352,45.19053],[-93.19418,45.19135],[-93.19568,45.19217],[-93.19577,45.19271],[-93.19839,45.19302],[-93.19936,45.19257],[-93.20113,45.19056],[-93.20135,45.1899],[-93.20243,45.18984],[-93.20224,45.18954],[-93.20454,45.18774],[-93.2057,45.18796],[-93.20747,45.18959]]],[[[-93.19888,45.12438],[-93.1988,45.11862],[-93.18861,45.11858],[-93.18867,45.12433],[-93.19888,45.12438]]]]}},
{"type":"Feature","id":"2394198","properties":{"id":"2394198","name":"Bloomington","kind":"city","counties":["Hennepin"],"population":91330,"label":[-93.31535,44.83061]},"geometry":{"type":"MultiPolygon","coordinates":[[[[-93.39886,44.79914],[-93.39878,44.79906],[-93.3962,44.79743],[-93.38928,44.79903],[-93.38798,44.79899],[-93.38553,44.79817],[-93.3839,44.7963],[-93.38345,44.79365],[-93.38225,44.7901],[-93.38076,44.78666],[-93.37983,44.78571],[-93.37647,44.78613],[-93.36717,44.78909],[-93.36459,44.78944],[-93.36195,44.78844],[-93.35828,44.78605],[-93.35552,44.78581],[-93.35443,44.78671],[-93.35306,44.78937],[-93.35193,44.79069],[-93.35103,44.79132],[-93.3492,44.79172],[-93.34719,44.79152],[-93.34624,44.79095],[-93.34449,44.7891],[-93.34072,44.7874],[-93.33761,44.78662],[-93.33618,44.78687],[-93.33454,44.7878],[-93.33055,44.79114],[-93.32605,44.79328],[-93.31435,44.79287],[-93.3092,44.79407],[-93.30503,44.7946],[-93.29691,44.7985],[-93.28665,44.80163],[-93.28537,44.80249],[-93.2849,44.80403],[-93.28406,44.80517],[-93.28181,44.80661],[-93.2727,44.80728],[-93.26947,44.80785],[-93.26202,44.80978],[-93.25485,44.81111],[-93.2519,44.81228],[-93.24755,44.81591],[-93.24179,44.81912],[-93.23923,44.82091],[-93.23544,44.82475],[-93.23227,44.82717],[-93.22849,44.82913],[-93.2209,44.83129],[-93.21984,44.83241],[-93.21995,44.83287],[-93.22179,44.8355],[-93.22183,44.83772],[-93.22132,44.83826],[-93.22171,44.838],[-93.22237,44.83658],[-93.22229,44.838],[-93.2202,44.83921],[-93.21545,44.83922],[-93.21148,44.84038],[-93.20836,44.84361],[-93.20641,44.84826],[-93.20468,44.85128],[-93.20387,44.85381],[-93.20345,44.85799],[-93.20364,44.86142],[-93.20348,44.86192],[-93.31883,44.8619],[-93.32393,44.86085],[-93.3239,44.86193],[-93.35076,44.86208],[-93.35077,44.86282],[-93.35163,44.86326],[-93.35449,44.86325],[-93.35448,44.86206],[-93.38655,44.862],[-93.38657,44.86003],[-93.39031,44.85984],[-93.39247,44.86017],[-93.39536,44.86203],[-93.3988,44.86204],[-93.3988,44.85728],[-93.39849,44.85746],[-93.3988,44.85724],[-93.39881,44.85594],[-93.3976,44.85519],[-93.39757,44.85514],[-93.3975,44.85509],[-93.39697,44.854],[-93.39623,44.85333],[-93.39642,44.85308],[-93.39874,44.85124],[-93.39881,44.85124],[-93.39886,44.79914]],[[-93.39833,44.84521],[-93.39827,44.84638],[-93.3961,44.84712],[-93.39566,44.84802],[-93.39424,44.84814],[-93.39363,44.8487],[-93.39311,44.84825],[-93.39311,44.84822],[-93.39307,44.84819],[-93.39309,44.84803],[-93.393,44.84713],[-93.39324,44.8467],[-93.39325,44.84658],[-93.39331,44.84657],[-93.39334,44.84651],[-93.39411,44.84648],[-93.39374,44.84545],[-93.39428,44.84457],[-93.39308,44.84387],[-93.39095,44.84426],[-93.39007,44.84357],[-93.39173,44.84373],[-93.39268,44.84229],[-93.39323,44.8407],[-93.39557,44.83972],[-93.39624,44.83883],[-93.39748,44.83901],[-93.39802,44.83976],[-93.39802,44.8403],[-93.39665,44.84185],[-93.3981,44.84305],[-93.39731,44.84545],[-93.39833,44.84521]],[[-93.39067,44.84194],[-93.39039,44.84233],[-93.38735,44.84331],[-93.38851,44.84351],[-93.38748,44.84362],[-93.38712,44.84408],[-93.38599,44.84375],[-93.38543,44.84306],[-93.38647,44.8429],[-93.38549,44.84219],[-93.38379,44.8417],[-93.38366,44.84023],[-93.3808,44.83993],[-93.3798,44.83922],[-93.37958,44.83843],[-93.38024,44.83718],[-93.38007,44.83677],[-93.37782,44.83702],[-93.37632,44.83656],[-93.37715,44.83452],[-93.37848,44.83253],[-93.3773,44.83163],[-93.37742,44.83097],[-93.37904,44.83001],[-93.37903,44.82917],[-93.37963,44.82847],[-93.38113,44.82846],[-93.38193,44.82957],[-93.38209,44.8306],[-93.38139,44.83087],[-93.38143,44.83215],[-93.38054,44.83409],[-93.37924,44.83443],[-93.38143,44.83494],[-93.3832,44.83477],[-93.38361,44.83552],[-93.38586,44.83698],[-93.38545,44.83869],[-93.38731,44.83801],[-93.38796,44.83898],[-93.39011,44.8398],[-93.39067,44.84194]],[[-93.37528,44.82115],[-93.37528,44.82159],[-93.37476,44.82208],[-93.37304,44.8218],[-93.37012,44.82286],[-93.36979,44.82341],[-93.37104,44.82413],[-93.37038,44.82484],[-93.36747,44.82513],[-93.36701,44.82494],[-93.36729,44.82448],[-93.36365,44.8222],[-93.36414,44.82173],[-93.36302,44.82168],[-93.36384,44.82123],[-93.36312,44.82086],[-93.36316,44.82028],[-93.36493,44.82015],[-93.36451,44.81945],[-93.365,44.81856],[-93.36558,44.8187],[-93.36671,44.81979],[-93.36948,44.81937],[-93.37148,44.82071],[-93.37217,44.8202],[-93.37359,44.8211],[-93.37528,44.82115]],[[-93.36431,44.79],[-93.36069,44.79055],[-93.35993,44.79037],[-93.3591,44.7908],[-93.35614,44.79112],[-93.35376,44.79041],[-93.35592,44.78936],[-93.35732,44.78904],[-93.3583,44.7892],[-93.35748,44.78887],[-93.35741,44.78846],[-93.35569,44.78828],[-93.35453,44.78777],[-93.35438,44.78741],[-93.35486,44.7865],[-93.35596,44.78599],[-93.35773,44.78628],[-93.35946,44.78722],[-93.35912,44.7876],[-93.35944,44.78857],[-93.35871,44.78883],[-93.36061,44.78878],[-93.3604,44.78903],[-93.36431,44.79]],[[-93.36284,44.85186],[-93.36212,44.85226],[-93.36266,44.85244],[-93.36253,44.85305],[-93.36103,44.85319],[-93.36048,44.85305],[-93.36024,44.85223],[-93.35912,44.85155],[-93.357,44.85252],[-93.35125,44.85104],[-93.35106,44.85018],[-93.3513,44.84909],[-93.35183,44.84843],[-93.35165,44.84816],[-93.35247,44.84714],[-93.35333,44.84678],[-93.35753,44.84784],[-93.35869,44.84751],[-93.36017,44.84783],[-93.36071,44.84866],[-93.36224,44.84957],[-93.36264,44.85105],[-93.36233,44.85107],[-93.36236,44.85135],[-93.36284,44.85186]],[[-93.35009,44.84799],[-93.34993,44.8499],[-93.34941,44.85015],[-93.34732,44.84987],[-93.34661,44.84902],[-93.34667,44.84845],[-93.348,44.84804],[-93.34785,44.847],[-93.34751,44.84666],[-93.34345,44.84536],[-93.33998,44.84501],[-93.3389,44.8441],[-93.33885,44.8433],[-93.33958,44.84252],[-93.34073,44.84204],[-93.3407,44.84171],[-93.34365,44.84089],[-93.34585,44.84064],[-93.34647,44.8408],[-93.34731,44.84175],[-93.34713,44.84195],[-93.34546,44.84177],[-93.34613,44.84238],[-93.34981,44.84271],[-93.34995,44.84694],[-93.34898,44.84784],[-93.35009,44.84799]],[[-93.30817,44.85286],[-93.3072,44.8526],[-93.30715,44.85221],[-93.30627,44.85175],[-93.30559,44.85027],[-93.30556,44.8497],[-93.30611,44.84924],[-93.30611,44.84863],[-93.30806,44.85038],[-93.30817,44.85286]],[[-93.30774,44.84698],[-93.30738,44.84744],[-93.30564,44.84789],[-93.30568,44.84761],[-93.30538,44.84796],[-93.30384,44.84735],[-93.30361,44.84481],[-93.30469,44.8432],[-93.30617,44.84292],[-93.30651,44.84318],[-93.30616,44.84424],[-93.30747,44.84475],[-93.30705,44.84548],[-93.30756,44.84622],[-93.30736,44.8467],[-93.30774,44.84698]],[[-93.26497,44.8128],[-93.26431,44.81364],[-93.2614,44.8147],[-93.25964,44.81637],[-93.25747,44.81735],[-93.25675,44.81818],[-93.25482,44.8188],[-93.25476,44.81928],[-93.25402,44.81882],[-93.25292,44.81937],[-93.25256,44.82087],[-93.25117,44.82256],[-93.25104,44.82346],[-93.24977,44.82495],[-93.24823,44.82627],[-93.24769,44.82622],[-93.24671,44.8268],[-93.24662,44.82743],[-93.24438,44.82817],[-93.2435,44.82879],[-93.24322,44.82855],[-93.24281,44.82878],[-93.24252,44.82971],[-93.24343,44.83018],[-93.24269,44.83011],[-93.24203,44.8295],[-93.24138,44.82996],[-93.24193,44.83044],[-93.24104,44.83055],[-93.23992,44.83169],[-93.23839,44.83206],[-93.23784,44.83181],[-93.2361,44.83186],[-93.23438,44.83248],[-93.23436,44.83323],[-93.23538,44.83344],[-93.23706,44.8328],[-93.23795,44.83279],[-93.23864,44.8322],[-93.23886,44.83268],[-93.2385,44.83276],[-93.23854,44.83323],[-93.23898,44.83357],[-93.24072,44.8319],[-93.24141,44.83194],[-93.24168,44.83279],[-93.23893,44.83536],[-93.2377,44.83705],[-93.23546,44.83724],[-93.23345,44.83904],[-93.2328,44.84028],[-93.2329,44.84074],[-93.2336,44.84108],[-93.23136,44.8438],[-93.23077,44.84424],[-93.22846,44.84468],[-93.2279,44.84652],[-93.22695,44.84728],[-93.22765,44.84845],[-93.22614,44.84963],[-93.22655,44.84998],[-93.22533,44.85029],[-93.22325,44.85165],[-93.22186,44.85266],[-93.22166,44.85349],[-93.21852,44.85349],[-93.21744,44.85377],[-93.21614,44.85324],[-93.21569,44.85382],[-93.21532,44.85376],[-93.21505,44.85293],[-93.21449,44.85267],[-93.21487,44.85261],[-93.21467,44.85204],[-93.21495,44.85187],[-93.21469,44.85156],[-93.21405,44.85185],[-93.21396,44.85156],[-93.21499,44.85091],[-93.21421,44.85071],[-93.21338,44.85064],[-93.2135,44.8509],[-93.21125,44.85171],[-93.21086,44.85235],[-93.20885,44.85298],[-93.21052,44.85224],[-93.21091,44.85167],[-93.21263,44.85073],[-93.21183,44.85019],[-93.20963,44.85024],[-93.20915,44.84997],[-93.20931,44.84928],[-93.20894,44.84905],[-93.20949,44.84852],[-93.20924,44.84819],[-93.2096,44.84768],[-93.20941,44.8476],[-93.21063,44.84606],[-93.21048,44.84584],[-93.21196,44.84467],[-93.21208,44.84396],[-93.2126,44.84391],[-93.21277,44.84316],[-93.21327,44.8429],[-93.21344,44.84324],[-93.21436,44.84317],[-93.21511,44.84299],[-93.21497,44.84254],[-93.21607,44.84246],[-93.2168,44.84264],[-93.21807,44.84364],[-93.21862,44.84365],[-93.21883,44.84482],[-93.21844,44.84583],[-93.21755,44.84627],[-93.21782,44.84663],[-93.22056,44.84602],[-93.22213,44.84523],[-93.22473,44.84599],[-93.22733,44.84543],[-93.22772,44.8448],[-93.22753,44.84429],[-93.22592,44.84317],[-93.22448,44.84294],[-93.22432,44.84244],[-93.22326,44.84214],[-93.22329,44.84132],[-93.22382,44.84119],[-93.22478,44.84022],[-93.22535,44.83916],[-93.22488,44.8372],[-93.22537,44.83496],[-93.22628,44.83424],[-93.22607,44.83347],[-93.22668,44.8332],[-93.2278,44.83328],[-93.22901,44.83169],[-93.22867,44.83145],[-93.22884,44.83133],[-93.23251,44.83035],[-93.23383,44.83033],[-93.23428,44.83163],[-93.23557,44.8313],[-93.23738,44.83146],[-93.23787,44.83133],[-93.23788,44.83104],[-93.23894,44.83088],[-93.23893,44.8303],[-93.24089,44.83023],[-93.24148,44.82947],[-93.24129,44.82867],[-93.23869,44.82826],[-93.23739,44.82655],[-93.23748,44.82583],[-93.23701,44.82523],[-93.23759,44.82506],[-93.23793,44.82443],[-93.24125,44.82149],[-93.24651,44.81963],[-93.24817,44.8187],[-93.25406,44.8143],[-93.25548,44.81387],[-93.25661,44.81413],[-93.2601,44.81379],[-93.26125,44.8133],[-93.26193,44.81334],[-93.26235,44.81255],[-93.26315,44.81259],[-93.26316,44.813],[-93.26351,44.81314],[-93.26411,44.81268],[-93.26497,44.8128]]],[[[-93.36696,44.82173],[-93.36659,44.82148],[-93.36656,44.82149],[-93.36655,44.82147],[-93.36544,44.82171],[-93.36677,44.82174],[-93.36676,44.82173],[-93.36696,44.82173]]],[[[-93.36174,44.85151],[-93.3613,44.85175],[-93.36158,44.85175],[-93.36174,44.85151]]],[[[-93.35834,44.85069],[-93.3582,44.85044],[-93.35785,44.85008],[-93.35704,44.85039],[-93.35798,44.85089],[-93.35834,44.85069]]],[[[-93.35831,44.85038],[-93.35814,44.84964],[-93.35788,44.84995],[-93.35831,44.85038]]],[[[-93.3581,44.85107],[-93.3581,44.85101],[-93.35775,44.85114],[-93.35807,44.85115],[-93.3581,44.85107]]],[[[-93.35501,44.84757],[-93.35461,44.84756],[-93.3544,44.84812],[-93.35501,44.84757]]],[[[-93.35436,44.84763],[-93.35367,44.84797],[-93.35421,44.84816],[-93.35436,44.84763]]],[[[-93.35319,44.84938],[-93.35246,44.84962],[-93.35262,44.84966],[-93.35319,44.84938]]],[[[-93.30763,44.85127],[-93.30666,44.85127],[-93.30736,44.85182],[-93.30763,44.85127]]],[[[-93.30758,44.85061],[-93.30726,44.85047],[-93.30684,44.84978],[-93.30628,44.84981],[-93.30655,44.85082],[-93.30684,44.85064],[-93.3064,44.85013],[-93.30731,44.85062],[-93.30705,44.85093],[-93.30748,44.85094],[-93.30758,44.85061]]],[[[-93.23508,44.83677],[-93.23501,44.83523],[-93.23455,44.83371],[-93.23356,44.83346],[-93.23259,44.83398],[-93.23126,44.83534],[-93.22828,44.83688],[-93.22724,44.83796],[-93.22754,44.83849],[-93.22803,44.83854],[-93.23219,44.8375],[-93.23251,44.83786],[-93.23209,44.83884],[-93.23271,44.83915],[-93.23348,44.8378],[-93.23478,44.83715],[-93.23508,44.83677]]],[[[-93.2208,44.83862],[-93.22022,44.83886],[-93.22044,44.83886],[-93.2208,44.83862]]],[[[-93.21982,44.83886],[-93.21649,44.83871],[-93.21639,44.83873],[-93.21654,44.83888],[-93.21982,44.83886]]],[[[-93.20285,44.85451],[-93.2026,44.8543],[-93.2023,44.85452],[-93.20218,44.8539],[-93.20153,44.85479],[-93.20128,44.85507],[-93.20163,44.85519],[-93.19835,44.85886],[-93.19803,44.86088],[-93.19864,44.86183],[-93.19874,44.86192],[-93.20242,44.86192],[-93.20268,44.86135],[-93.20245,44.85601],[-93.20285,44.85451]]]]}},
{"type":"Feature","id":"2393428","properties":{"id":"2393428","name":"Brooklyn Center","kind":"city","counties":["Hennepin"],"population":33938,"label":[-93.31616,45.0681]},"geometry":{"type":"MultiPolygon","coordinates":[[[[-93.35131,45.08724],[-93.3511,45.08002],[-93.34983,45.0657],[-93.3397,45.06573],[-93.33961,45.05831],[-93.33849,45.0583],[-93.33878,45.05891],[-93.33832,45.05815],[-93.3384,45.05769],[-93.33836,45.05709],[-93.3385,45.05693],[-93.33721,45.05647],[-93.33704,45.0569],[-93.33747,45.0577],[-93.3372,45.05894],[-93.3361,45.0591],[-93.33419,45.05685],[-93.33463,45.05597],[-93.33461,45.05476],[-93.33522,45.05386],[-93.33248,45.05385],[-93.33266,45.05449],[-93.33143,45.05324],[-93.33131,45.05254],[-93.33134,45.05243],[-93.33133,45.05235],[-93.33149,45.05189],[-93.33284,45.05126],[-93.33406,45.04994],[-93.33421,45.04876],[-93.33397,45.04825],[-93.33701,45.04839],[-93.33747,45.04815],[-93.33831,45.04765],[-93.33849,45.04738],[-93.33914,45.04709],[-93.33913,45.04707],[-93.33887,45.04633],[-93.33899,45.04519],[-93.33875,45.04222],[-93.33833,45.04124],[-93.33843,45.04035],[-93.33467,45.04038],[-93.3305,45.0423],[-93.32959,45.04041],[-93.32324,45.04046],[-93.32261,45.04265],[-93.31944,45.04191],[-93.31954,45.05131],[-93.28316,45.05117],[-93.28322,45.05165],[-93.28532,45.05688],[-93.28542,45.05787],[-93.28618,45.05921],[-93.28501,45.06419],[-93.28482,45.06623],[-93.28294,45.0692],[-93.28245,45.0714],[-93.28256,45.07222],[-93.28346,45.07291],[-93.28417,45.07431],[-93.2849,45.07779],[-93.28444,45.07999],[-93.28364,45.0816],[-93.28371,45.08215],[-93.28288,45.08316],[-93.28145,45.08411],[-93.28144,45.08712],[-93.28147,45.08721],[-93.35131,45.08724]]],[[[-93.33982,45.04738],[-93.33913,45.04735],[-93.33828,45.04787],[-93.3386,45.04848],[-93.33839,45.0494],[-93.3386,45.04976],[-93.33902,45.04973],[-93.33929,45.04918],[-93.33981,45.04892],[-93.33982,45.04738]]],[[[-93.33966,45.05425],[-93.33904,45.0563],[-93.33926,45.05605],[-93.33966,45.05425]]],[[[-93.33857,45.05108],[-93.33838,45.05121],[-93.33836,45.05166],[-93.33857,45.05108]]],[[[-93.33818,45.05238],[-93.33724,45.05282],[-93.337,45.05342],[-93.33691,45.05519],[-93.33734,45.05596],[-93.33758,45.05544],[-93.33727,45.05408],[-93.33818,45.05238]]],[[[-93.28321,45.08194],[-93.28245,45.08253],[-93.282,45.08296],[-93.28257,45.08295],[-93.28321,45.08194]]],[[[-93.28299,45.05193],[-93.28274,45.05167],[-93.28289,45.05217],[-93.28299,45.05193]]]]}},
{"type":"Feature","id":"2393429","properties":{"id":"2393429","name":"Brooklyn Park","kind":"city","counties":["Hennepin"],"population":84993,"label":[-93.35034,45.11121]},"geometry":{"type":"MultiPolygon","coordinates":[[[[-93.40236,45.11069],[-93.40196,45.08022],[-93.40069,45.06574],[-93.34983,45.0657],[-93.3511,45.08002],[-93.35131,45.08724],[-93.28147,45.08721],[-93.28172,45.08792],[-93.28139,45.08933],[-93.28147,45.09076],[-93.28071,45.09412],[-93.28096,45.09608],[-93.28039,45.09735],[-93.28034,45.09848],[-93.2792,45.10013],[-93.27916,45.10273],[-93.27948,45.1037],[-93.2807,45.10534],[-93.29317,45.11294],[-93.29432,45.11393],[-93.29558,45.11564],[-93.29693,45.12108],[-93.2978,45.12322],[-93.29789,45.12586],[-93.29834,45.12696],[-93.29983,45.12828],[-93.30287,45.12951],[-93.30514,45.13183],[-93.30582,45.13417],[-93.30562,45.13468],[-93.30664,45.13587],[-93.30825,45.13703],[-93.30841,45.13774],[-93.31126,45.1415],[-93.31295,45.14268],[-93.31162,45.14372],[-93.31172,45.14377],[-93.31323,45.14264],[-93.31551,45.14375],[-93.32192,45.14531],[-93.3242,45.14617],[-93.32985,45.1509],[-93.33099,45.15155],[-93.33117,45.15155],[-93.33161,45.15179],[-93.33201,45.15136],[-93.33282,45.15181],[-93.33322,45.15157],[-93.40162,45.15205],[-93.40217,45.12325],[-93.38899,45.12331],[-93.3892,45.12109],[-93.39119,45.11472],[-93.39181,45.11077],[-93.39621,45.11069],[-93.39551,45.10973],[-93.3974,45.10972],[-93.39829,45.11069],[-93.40236,45.11069]]],[[[-93.30998,45.14034],[-93.30974,45.13977],[-93.30947,45.13961],[-93.30998,45.14034]]],[[[-93.30513,45.13413],[-93.30463,45.13198],[-93.3028,45.13009],[-93.3012,45.12945],[-93.30242,45.13275],[-93.3043,45.134],[-93.30513,45.13413]]],[[[-93.30496,45.13493],[-93.30471,45.13458],[-93.30438,45.13459],[-93.30488,45.13493],[-93.30496,45.13493]]],[[[-93.30372,45.13392],[-93.30321,45.1338],[-93.30366,45.1341],[-93.30372,45.13392]]],[[[-93.30267,45.13342],[-93.30262,45.13341],[-93.30265,45.13343],[-93.30267,45.13342]]],[[[-93.30069,45.13156],[-93.30069,45.13154],[-93.30068,45.13154],[-93.30069,45.13156]]],[[[-93.29498,45.1181],[-93.29452,45.11588],[-93.29294,45.11414],[-93.29039,45.11263],[-93.29082,45.11437],[-93.29124,45.11506],[-93.29457,45.1185],[-93.29438,45.11926],[-93.29448,45.11942],[-93.29481,45.11956],[-93.29498,45.1181]]],[[[-93.28347,45.07856],[-93.28321,45.0757],[-93.28205,45.0733],[-93.28118,45.07248],[-93.28079,45.07252],[-93.28014,45.07351],[-93.28031,45.07408],[-93.27969,45.07657],[-93.27956,45.08016],[-93.2792,45.08069],[-93.27923,45.08085],[-93.27969,45.08229],[-93.28011,45.08302],[-93.28275,45.08062],[-93.28347,45.07856]]]]}},
{"type":"Feature","id":"663696","properties":{"id":"663696","name":"Buffalo","kind":"township","counties":["Wright"],"population":1732,"label":[-93.81591,45.19956]},"geometry":{"type":"MultiPolygon","coordinates":[[[[-93.88994,45.23789],[-93.88977,45.19305],[-93.88908,45.19305],[-93.88908,45.19347],[-93.88869,45.19347],[-93.88869,45.19429],[-93.87816,45.19435],[-93.87817,45.19614],[-93.87438,45.19616],[-93.87439,45.19756],[-93.87306,45.19757],[-93.87308,45.19976],[-93.8712,45.19977],[-93.87122,45.2015],[-93.87761,45.20142],[-93.87762,45.20204],[-93.87819,45.20204],[-93.87821,45.20552],[-93.87434,45.20553],[-93.87432,45.20305],[-93.87494,45.20305],[-93.87493,45.20169],[-93.868,45.20167],[-93.86802,45.20883],[-93.86133,45.20883],[-93.85992,45.20751],[-93.86205,45.20578],[-93.86135,45.20572],[-93.8537,45.20914],[-93.85273,45.20913],[-93.85272,45.20968],[-93.85192,45.20946],[-93.85226,45.20983],[-93.85224,45.20988],[-93.85226,45.2099],[-93.85222,45.20995],[-93.85214,45.21015],[-93.85005,45.21234],[-93.84959,45.21357],[-93.84885,45.21365],[-93.8486,45.213],[-93.8468,45.21317],[-93.84656,45.21313],[-93.84633,45.21314],[-93.84577,45.21298],[-93.84538,45.21291],[-93.84525,45.21283],[-93.84471,45.21268],[-93.84418,45.2123],[-93.83542,45.21224],[-93.83538,45.20878],[-93.82691,45.20868],[-93.82692,45.17985],[-93.8456,45.17979],[-93.84562,45.17807],[-93.84719,45.17808],[-93.84732,45.16604],[-93.84688,45.16574],[-93.84688,45.16538],[-93.84729,45.16524],[-93.8474,45.16305],[-93.84438,45.16303],[-93.84473,45.16653],[-93.84241,45.16651],[-93.84242,45.16554],[-93.83733,45.1655],[-93.83739,45.16189],[-93.84229,45.16192],[-93.84234,45.15885],[-93.84119,45.15885],[-93.8412,45.1583],[-93.84155,45.1583],[-93.84155,45.15801],[-93.84239,45.15801],[-93.84243,45.15584],[-93.84124,45.15558],[-93.84123,45.15528],[-93.84041,45.15529],[-93.84038,45.15387],[-93.84086,45.15231],[-93.84141,45.15231],[-93.84139,45.15111],[-93.8068,45.15084],[-93.7722,45.15108],[-93.77282,45.15161],[-93.77229,45.15302],[-93.77122,45.15333],[-93.77094,45.15274],[-93.77062,45.15322],[-93.76985,45.15321],[-93.76982,45.15288],[-93.77082,45.15245],[-93.77027,45.1515],[-93.7692,45.1511],[-93.76598,45.15112],[-93.76598,45.15282],[-93.76617,45.15296],[-93.76626,45.15337],[-93.76597,45.15363],[-93.76594,45.1658],[-93.76683,45.16628],[-93.76707,45.16605],[-93.76693,45.16569],[-93.76726,45.1657],[-93.76748,45.16614],[-93.76837,45.16654],[-93.7691,45.16791],[-93.76762,45.16848],[-93.76662,45.16849],[-93.76644,45.16873],[-93.76673,45.16917],[-93.76796,45.16891],[-93.7678,45.16997],[-93.76985,45.16996],[-93.77146,45.17075],[-93.77279,45.171],[-93.77445,45.17351],[-93.77607,45.17398],[-93.77526,45.17581],[-93.77484,45.17566],[-93.7743,45.17595],[-93.7744,45.17671],[-93.77331,45.17675],[-93.77248,45.1757],[-93.77073,45.17571],[-93.76985,45.17776],[-93.77048,45.17848],[-93.77043,45.17887],[-93.77117,45.1793],[-93.77122,45.17986],[-93.77402,45.17975],[-93.7737,45.18079],[-93.77223,45.18021],[-93.77234,45.18091],[-93.77287,45.18147],[-93.77281,45.18217],[-93.77232,45.18238],[-93.77236,45.18144],[-93.77205,45.18073],[-93.77165,45.18054],[-93.77151,45.18158],[-93.77113,45.18169],[-93.77099,45.18218],[-93.77172,45.18325],[-93.77148,45.18345],[-93.76976,45.18407],[-93.76831,45.18266],[-93.76719,45.18268],[-93.76708,45.18225],[-93.76941,45.17991],[-93.76951,45.17864],[-93.7692,45.17817],[-93.76623,45.176],[-93.76592,45.1761],[-93.76583,45.21119],[-93.76706,45.21137],[-93.76781,45.21191],[-93.76824,45.21272],[-93.76887,45.21285],[-93.76805,45.21381],[-93.76817,45.21411],[-93.76973,45.21319],[-93.77226,45.21242],[-93.77339,45.21258],[-93.77244,45.21313],[-93.77319,45.21352],[-93.77352,45.21354],[-93.77366,45.21298],[-93.77418,45.21273],[-93.77662,45.21327],[-93.77726,45.21194],[-93.77699,45.21106],[-93.77551,45.20959],[-93.77552,45.20905],[-93.77632,45.20824],[-93.77861,45.20762],[-93.78019,45.20658],[-93.78255,45.20651],[-93.78295,45.20692],[-93.7827,45.20741],[-93.7829,45.20778],[-93.78392,45.20802],[-93.7863,45.2071],[-93.78635,45.211],[-93.78447,45.21083],[-93.78127,45.20987],[-93.77955,45.21044],[-93.78167,45.21142],[-93.78597,45.21271],[-93.78469,45.21282],[-93.7835,45.21396],[-93.78294,45.21398],[-93.78137,45.21505],[-93.78061,45.21516],[-93.78051,45.21402],[-93.77999,45.21488],[-93.78026,45.21587],[-93.77847,45.21744],[-93.77692,45.21669],[-93.77592,45.21665],[-93.77468,45.21722],[-93.77286,45.21742],[-93.7724,45.21811],[-93.77303,45.21849],[-93.77435,45.21757],[-93.77615,45.2179],[-93.77509,45.21893],[-93.77459,45.21875],[-93.77451,45.2192],[-93.77513,45.21933],[-93.7749,45.21971],[-93.77393,45.2198],[-93.77347,45.22045],[-93.77302,45.22055],[-93.77247,45.21985],[-93.77209,45.22042],[-93.77318,45.22147],[-93.77306,45.22208],[-93.7747,45.22192],[-93.77667,45.22218],[-93.78124,45.22127],[-93.78279,45.2213],[-93.78314,45.22025],[-93.78418,45.22044],[-93.7839,45.21999],[-93.78288,45.21968],[-93.78343,45.21924],[-93.78607,45.2192],[-93.78751,45.21981],[-93.78818,45.22103],[-93.78796,45.22144],[-93.78617,45.22216],[-93.78415,45.22234],[-93.78501,45.22241],[-93.78509,45.2231],[-93.78456,45.22275],[-93.78278,45.22271],[-93.78275,45.22318],[-93.78353,45.22356],[-93.78478,45.22319],[-93.7872,45.22457],[-93.78772,45.22752],[-93.78863,45.22813],[-93.78953,45.22962],[-93.78982,45.2296],[-93.7896,45.22918],[-93.78986,45.22897],[-93.79124,45.22945],[-93.79127,45.23012],[-93.79153,45.23006],[-93.79212,45.23146],[-93.79175,45.2323],[-93.79191,45.23277],[-93.79104,45.23325],[-93.79076,45.23381],[-93.79239,45.23374],[-93.79384,45.23419],[-93.79424,45.23532],[-93.79597,45.23724],[-93.79585,45.23762],[-93.82162,45.23769],[-93.82158,45.23758],[-93.82271,45.2358],[-93.82373,45.23488],[-93.8258,45.23397],[-93.82544,45.23204],[-93.82492,45.23165],[-93.82485,45.23192],[-93.82441,45.23187],[-93.82337,45.23136],[-93.82392,45.23062],[-93.82467,45.23025],[-93.82727,45.23086],[-93.82891,45.23083],[-93.83117,45.22828],[-93.83295,45.22802],[-93.83369,45.22846],[-93.83335,45.23025],[-93.83424,45.23255],[-93.83369,45.23264],[-93.83198,45.23184],[-93.82968,45.23182],[-93.82934,45.23208],[-93.83204,45.23241],[-93.83356,45.23401],[-93.83473,45.23442],[-93.83473,45.23493],[-93.83298,45.23621],[-93.83149,45.23651],[-93.83085,45.23518],[-93.83017,45.23497],[-93.8281,45.23509],[-93.82694,45.23556],[-93.83141,45.23714],[-93.83189,45.23747],[-93.83199,45.23772],[-93.88994,45.23789]],[[-93.87077,45.21566],[-93.87045,45.21651],[-93.86812,45.21929],[-93.86824,45.22136],[-93.86755,45.22188],[-93.86466,45.22211],[-93.86228,45.22142],[-93.86135,45.22055],[-93.85737,45.21965],[-93.85685,45.21775],[-93.85568,45.21649],[-93.85633,45.21525],[-93.85555,45.21638],[-93.85428,45.21568],[-93.85411,45.21525],[-93.8555,45.21448],[-93.85681,45.2148],[-93.85641,45.21518],[-93.85727,45.21489],[-93.85906,45.21517],[-93.86141,45.21482],[-93.86432,45.21513],[-93.86623,45.21476],[-93.86804,45.21514],[-93.86878,45.21495],[-93.86844,45.21452],[-93.87051,45.215],[-93.87077,45.21566]],[[-93.80296,45.19519],[-93.80172,45.19614],[-93.80192,45.19662],[-93.8017,45.1968],[-93.80017,45.19638],[-93.79997,45.19598],[-93.80034,45.19569],[-93.79336,45.1957],[-93.79275,45.19599],[-93.79315,45.19624],[-93.79324,45.19595],[-93.79366,45.19598],[-93.79395,45.19625],[-93.79297,45.19668],[-93.79221,45.19663],[-93.7916,45.19581],[-93.79173,45.19625],[-93.79108,45.1965],[-93.79055,45.19603],[-93.78993,45.19609],[-93.78847,45.19547],[-93.78805,45.19558],[-93.78831,45.19628],[-93.78783,45.19635],[-93.78758,45.19586],[-93.78901,45.19474],[-93.78999,45.19223],[-93.79143,45.19074],[-93.79454,45.19014],[-93.79665,45.18866],[-93.79877,45.18895],[-93.79943,45.18869],[-93.79987,45.18806],[-93.8005,45.18792],[-93.8011,45.18833],[-93.80088,45.18905],[-93.79977,45.18981],[-93.79905,45.18985],[-93.79821,45.19099],[-93.79932,45.19117],[-93.79983,45.19071],[-93.80048,45.19103],[-93.80051,45.19185],[-93.79958,45.19195],[-93.80088,45.1936],[-93.80052,45.1943],[-93.80162,45.19448],[-93.80194,45.19484],[-93.8027,45.19453],[-93.80296,45.19519]],[[-93.80139,45.22637],[-93.80108,45.22811],[-93.80069,45.22845],[-93.79936,45.2283],[-93.79991,45.22666],[-93.79931,45.22688],[-93.79886,45.22785],[-93.79794,45.22819],[-93.79615,45.22835],[-93.79435,45.22772],[-93.79351,45.22829],[-93.7916,45.22514],[-93.79224,45.22477],[-93.79226,45.22424],[-93.79271,45.22412],[-93.79288,45.22515],[-93.79402,45.2261],[-93.7961,45.22456],[-93.79705,45.22427],[-93.79921,45.22429],[-93.79935,45.2236],[-93.79999,45.22357],[-93.80028,45.22381],[-93.79997,45.22438],[-93.80025,45.2244],[-93.79967,45.22487],[-93.79978,45.22533],[-93.80139,45.22637]],[[-93.80067,45.1815],[-93.79987,45.18198],[-93.79998,45.18259],[-93.79818,45.18377],[-93.79699,45.18393],[-93.79672,45.18467],[-93.79455,45.18358],[-93.79426,45.18421],[-93.79401,45.18309],[-93.79336,45.18225],[-93.79282,45.18212],[-93.7922,45.18266],[-93.79143,45.18239],[-93.79189,45.18189],[-93.79289,45.18195],[-93.79361,45.18134],[-93.79435,45.18122],[-93.79367,45.18218],[-93.79394,45.18231],[-93.79496,45.18183],[-93.7961,45.18071],[-93.79712,45.18031],[-93.79935,45.17989],[-93.8003,45.18014],[-93.80004,45.18027],[-93.80067,45.1815]],[[-93.79882,45.16869],[-93.79796,45.17019],[-93.79806,45.17095],[-93.79704,45.17154],[-93.79711,45.17092],[-93.79591,45.17094],[-93.79519,45.17134],[-93.79411,45.17096],[-93.79316,45.17132],[-93.79267,45.17085],[-93.79334,45.17038],[-93.79288,45.1696],[-93.79113,45.16899],[-93.79071,45.16928],[-93.7906,45.17],[-93.78998,45.16989],[-93.79019,45.16924],[-93.78969,45.16846],[-93.78989,45.16787],[-93.78898,45.16775],[-93.78756,45.16846],[-93.78708,45.16902],[-93.78682,45.16962],[-93.78696,45.17102],[-93.78555,45.17133],[-93.78516,45.17177],[-93.7847,45.1717],[-93.78507,45.17114],[-93.78475,45.16916],[-93.78338,45.16814],[-93.78284,45.16726],[-93.78335,45.16674],[-93.78608,45.16662],[-93.786,45.16737],[-93.78666,45.16853],[-93.78728,45.16834],[-93.78702,45.16771],[-93.78753,45.16658],[-93.78725,45.16486],[-93.786,45.16575],[-93.78487,45.1656],[-93.78471,45.16487],[-93.78918,45.16262],[-93.79077,45.16297],[-93.79085,45.16363],[-93.79139,45.16411],[-93.79372,45.16413],[-93.79461,45.16443],[-93.79493,45.16468],[-93.79483,45.16583],[-93.79796,45.16708],[-93.79882,45.16869]]],[[[-93.8899,45.1518],[-93.88976,45.1523],[-93.8899,45.15216],[-93.8899,45.1518]]],[[[-93.8899,45.15248],[-93.88983,45.15256],[-93.8899,45.15263],[-93.8899,45.15248]]],[[[-93.88977,45.19145],[-93.88976,45.18933],[-93.88586,45.18933],[-93.88493,45.1917],[-93.88676,45.19193],[-93.88711,45.19007],[-93.88977,45.19145]]],[[[-93.86436,45.15181],[-93.86434,45.15176],[-93.86422,45.1546],[-93.86316,45.15578],[-93.86312,45.1569],[-93.86239,45.15724],[-93.86164,45.15703],[-93.86035,45.1572],[-93.85874,45.15692],[-93.8582,45.15542],[-93.85621,45.15388],[-93.8558,45.15241],[-93.85388,45.1516],[-93.8532,45.15109],[-93.8448,45.15111],[-93.85526,45.15992],[-93.8564,45.16113],[-93.85778,45.16339],[-93.85799,45.15767],[-93.86118,45.15921],[-93.8611,45.16101],[-93.86209,45.16103],[-93.86217,45.15982],[-93.86175,45.15953],[-93.86174,45.15765],[-93.86337,45.1572],[-93.86352,45.15602],[-93.86436,45.15493],[-93.86436,45.15181]]],[[[-93.86423,45.1514],[-93.86412,45.15106],[-93.86405,45.15106],[-93.86423,45.1514]]],[[[-93.8629,45.17798],[-93.86247,45.17814],[-93.85574,45.17884],[-93.85386,45.1795],[-93.85469,45.17984],[-93.8629,45.17989],[-93.8629,45.17798]]],[[[-93.85973,45.17816],[-93.85972,45.17637],[-93.84995,45.17638],[-93.84993,45.17818],[-93.8475,45.17818],[-93.84772,45.17983],[-93.85201,45.17977],[-93.8555,45.17855],[-93.85973,45.17816]]],[[[-93.85662,45.18719],[-93.85253,45.18719],[-93.85253,45.18898],[-93.85661,45.18822],[-93.85662,45.18719]]],[[[-93.8528,45.15848],[-93.85146,45.15736],[-93.85022,45.15808],[-93.85022,45.15833],[-93.8511,45.15833],[-93.85102,45.16105],[-93.85273,45.16104],[-93.8528,45.15848]]],[[[-93.8526,45.16561],[-93.84818,45.16558],[-93.84778,45.16604],[-93.84762,45.16919],[-93.85258,45.1692],[-93.8526,45.16561]]],[[[-93.85178,45.20942],[-93.85176,45.20942],[-93.85175,45.20942],[-93.85176,45.20943],[-93.85178,45.20942]]],[[[-93.85169,45.20943],[-93.85165,45.20943],[-93.85168,45.20943],[-93.85169,45.20943]]],[[[-93.84585,45.21079],[-93.8458,45.21078],[-93.84577,45.21103],[-93.84585,45.21079]]],[[[-93.8442,45.2104],[-93.84412,45.21038],[-93.84407,45.21042],[-93.8442,45.2104]]],[[[-93.84337,45.21165],[-93.84331,45.21136],[-93.84326,45.21158],[-93.84337,45.21165]]],[[[-93.83221,45.19411],[-93.83217,45.19064],[-93.82961,45.19062],[-93.8296,45.18919],[-93.82725,45.18912],[-93.82729,45.19406],[-93.83221,45.19411]]],[[[-93.83221,45.19429],[-93.82937,45.19426],[-93.82933,45.19579],[-93.8322,45.19582],[-93.83221,45.19429]]],[[[-93.82884,45.19821],[-93.82826,45.19777],[-93.82728,45.19776],[-93.82727,45.19918],[-93.82884,45.19919],[-93.82884,45.19821]]],[[[-93.82866,45.20746],[-93.82717,45.20744],[-93.82716,45.2085],[-93.82865,45.20851],[-93.82866,45.20746]]],[[[-93.79495,45.18325],[-93.7948,45.18279],[-93.79468,45.18262],[-93.79463,45.18252],[-93.79461,45.18254],[-93.79459,45.18251],[-93.79424,45.18276],[-93.79427,45.18278],[-93.79424,45.18281],[-93.79495,45.18325]]],[[[-93.79213,45.23761],[-93.79197,45.23755],[-93.79196,45.23706],[-93.79117,45.23639],[-93.79135,45.23583],[-93.79049,45.23552],[-93.79057,45.23423],[-93.78935,45.23384],[-93.78878,45.23329],[-93.78952,45.2326],[-93.78777,45.23201],[-93.78667,45.23103],[-93.78499,45.23142],[-93.78453,45.23184],[-93.78356,45.23188],[-93.78335,45.23082],[-93.78401,45.23074],[-93.7829,45.23033],[-93.78183,45.23142],[-93.78226,45.23146],[-93.78268,45.23069],[-93.78328,45.23124],[-93.78289,45.23164],[-93.78386,45.23235],[-93.78435,45.23197],[-93.78466,45.23223],[-93.78386,45.23252],[-93.78361,45.23349],[-93.78575,45.23337],[-93.78615,45.23375],[-93.78258,45.23589],[-93.77994,45.23667],[-93.77867,45.23775],[-93.77916,45.23774],[-93.77994,45.23757],[-93.78,45.23772],[-93.7869,45.23759],[-93.79213,45.23761]]],[[[-93.7891,45.16699],[-93.78882,45.16674],[-93.78883,45.16687],[-93.78867,45.16674],[-93.78882,45.16761],[-93.7889,45.16746],[-93.78892,45.16763],[-93.78905,45.16716],[-93.7891,45.16707],[-93.78908,45.16706],[-93.7891,45.16699]]],[[[-93.78648,45.16949],[-93.78625,45.1693],[-93.78591,45.16937],[-93.78648,45.16949]]],[[[-93.7806,45.21237],[-93.77998,45.21178],[-93.78023,45.21265],[-93.7806,45.21237]]],[[[-93.77439,45.23783],[-93.77343,45.23725],[-93.77284,45.23625],[-93.77051,45.23693],[-93.77031,45.23717],[-93.77051,45.23789],[-93.7705,45.23791],[-93.77439,45.23783]]],[[[-93.77084,45.18077],[-93.7707,45.18061],[-93.77042,45.1808],[-93.77084,45.18077]]],[[[-93.7705,45.18222],[-93.77014,45.18188],[-93.77,45.18187],[-93.7705,45.18222]]],[[[-93.77026,45.17377],[-93.76879,45.17326],[-93.76773,45.17368],[-93.76721,45.17444],[-93.76766,45.17526],[-93.76926,45.17575],[-93.77009,45.17529],[-93.77026,45.17377]]],[[[-93.76989,45.18115],[-93.76877,45.18141],[-93.76988,45.18151],[-93.76989,45.18115]]]]}},
{"type":"Feature","id":"2393472","properties":{"id":"2393472","name":"Burnsville","kind":"city","counties":["Dakota"],"population":64522,"label":[-93.27949,44.76487]},"geometry":{"type":"MultiPolygon","coordinates":[[[[-93.32965,44.77584],[-93.32874,44.77583],[-93.32849,44.71756],[-93.27124,44.71745],[-93.27237,44.7177],[-93.27101,44.71771],[-93.27008,44.71811],[-93.26992,44.71929],[-93.26849,44.71932],[-93.26733,44.7199],[-93.26709,44.7205],[-93.26636,44.72072],[-93.2706,44.72079],[-93.27169,44.72201],[-93.27217,44.72202],[-93.27415,44.72037],[-93.27206,44.71965],[-93.27198,44.71934],[-93.27272,44.71871],[-93.27261,44.71783],[-93.27334,44.71907],[-93.27346,44.71994],[-93.27438,44.71987],[-93.27575,44.72029],[-93.27652,44.7213],[-93.27696,44.7232],[-93.27606,44.72502],[-93.27785,44.72344],[-93.2786,44.72337],[-93.27807,44.72288],[-93.27847,44.72251],[-93.27971,44.72267],[-93.28052,44.72381],[-93.28021,44.72414],[-93.27877,44.72389],[-93.27818,44.72425],[-93.2776,44.72503],[-93.27783,44.72634],[-93.27726,44.72696],[-93.27603,44.72684],[-93.27334,44.72571],[-93.26853,44.72432],[-93.26682,44.72517],[-93.26509,44.72538],[-93.26347,44.72604],[-93.26169,44.72627],[-93.26015,44.72602],[-93.25908,44.72531],[-93.2583,44.72355],[-93.25686,44.72291],[-93.25372,44.72259],[-93.25365,44.72188],[-93.25437,44.72165],[-93.25489,44.72081],[-93.25448,44.72048],[-93.25468,44.71908],[-93.25445,44.71866],[-93.25547,44.71805],[-93.25671,44.71803],[-93.25787,44.71933],[-93.25786,44.71971],[-93.25742,44.71988],[-93.25781,44.72042],[-93.2614,44.72148],[-93.26228,44.72107],[-93.26357,44.71971],[-93.26615,44.71959],[-93.26326,44.71914],[-93.26278,44.71796],[-93.26332,44.71744],[-93.24845,44.71741],[-93.24843,44.72067],[-93.25005,44.72031],[-93.251,44.72065],[-93.25089,44.72139],[-93.25012,44.72152],[-93.24959,44.72206],[-93.24842,44.72208],[-93.2484,44.72511],[-93.24902,44.72455],[-93.25105,44.72489],[-93.25299,44.72454],[-93.25358,44.72415],[-93.25401,44.7249],[-93.2562,44.7262],[-93.25543,44.72757],[-93.25394,44.72813],[-93.25109,44.72816],[-93.24961,44.72865],[-93.24854,44.72819],[-93.24839,44.72678],[-93.24825,44.74669],[-93.25092,44.74696],[-93.25115,44.7477],[-93.25153,44.74793],[-93.25215,44.74723],[-93.25375,44.74635],[-93.25614,44.74343],[-93.25768,44.74295],[-93.25778,44.74446],[-93.25747,44.7449],[-93.25786,44.74573],[-93.25734,44.74605],[-93.25472,44.74632],[-93.25435,44.74693],[-93.25305,44.7475],[-93.25294,44.74813],[-93.25141,44.74908],[-93.25137,44.75126],[-93.25042,44.75202],[-93.25052,44.75298],[-93.24878,44.7527],[-93.24884,44.75321],[-93.24853,44.75339],[-93.2482,44.75313],[-93.2482,44.75363],[-93.24816,44.75397],[-93.24755,44.75416],[-93.24813,44.7556],[-93.24808,44.75976],[-93.22281,44.77584],[-93.22785,44.77577],[-93.22762,44.82877],[-93.2308,44.82731],[-93.23525,44.8242],[-93.23851,44.82066],[-93.24024,44.81935],[-93.24868,44.81461],[-93.24989,44.81354],[-93.25003,44.8124],[-93.2508,44.81169],[-93.25476,44.81033],[-93.26122,44.80925],[-93.27098,44.80681],[-93.27519,44.80634],[-93.28019,44.80625],[-93.28197,44.80588],[-93.28377,44.80451],[-93.28483,44.80198],[-93.28649,44.80087],[-93.29501,44.79829],[-93.30569,44.79374],[-93.30812,44.79347],[-93.3127,44.79209],[-93.32062,44.79241],[-93.32697,44.79203],[-93.32774,44.79153],[-93.32774,44.79096],[-93.32965,44.78743],[-93.32965,44.77584]],[[-93.28804,44.7986],[-93.28785,44.79909],[-93.28395,44.80005],[-93.28377,44.80048],[-93.28326,44.80006],[-93.28297,44.80073],[-93.27861,44.80238],[-93.27757,44.80298],[-93.27748,44.80339],[-93.27514,44.8035],[-93.27384,44.8039],[-93.27258,44.80475],[-93.27216,44.80543],[-93.27132,44.80502],[-93.27114,44.80544],[-93.26964,44.80595],[-93.26831,44.8055],[-93.26626,44.80564],[-93.26536,44.80612],[-93.26471,44.80574],[-93.26477,44.8063],[-93.26385,44.80693],[-93.26082,44.80813],[-93.25355,44.80931],[-93.25225,44.80879],[-93.25075,44.809],[-93.24949,44.80848],[-93.24916,44.80772],[-93.24927,44.80695],[-93.25148,44.8064],[-93.25226,44.80574],[-93.25651,44.8047],[-93.25756,44.8041],[-93.25733,44.80371],[-93.25784,44.80337],[-93.25909,44.80336],[-93.25785,44.80406],[-93.2581,44.80435],[-93.26065,44.80315],[-93.26186,44.80316],[-93.26483,44.80222],[-93.26929,44.80135],[-93.26965,44.80038],[-93.27135,44.80088],[-93.27294,44.80085],[-93.2738,44.79893],[-93.27363,44.79864],[-93.27449,44.79739],[-93.27731,44.79719],[-93.27549,44.79788],[-93.27521,44.79862],[-93.27532,44.79957],[-93.27599,44.79977],[-93.2781,44.7987],[-93.28111,44.79856],[-93.28457,44.79644],[-93.28662,44.79593],[-93.28709,44.79689],[-93.28692,44.79777],[-93.28804,44.7986]],[[-93.24888,44.80857],[-93.24888,44.80969],[-93.24778,44.81023],[-93.24684,44.81174],[-93.24585,44.81228],[-93.24597,44.81276],[-93.24561,44.81344],[-93.24178,44.81528],[-93.24076,44.81682],[-93.23622,44.82069],[-93.23564,44.82088],[-93.23559,44.82126],[-93.23283,44.82379],[-93.23342,44.82489],[-93.23306,44.8249],[-93.23243,44.82418],[-93.23207,44.82434],[-93.23007,44.82378],[-93.22997,44.8227],[-93.22899,44.82156],[-93.22835,44.82127],[-93.2283,44.8203],[-93.22924,44.81909],[-93.23061,44.81825],[-93.23179,44.81822],[-93.23239,44.81777],[-93.23351,44.81808],[-93.23696,44.81642],[-93.23719,44.81594],[-93.23691,44.81499],[-93.23754,44.81534],[-93.23758,44.81573],[-93.23796,44.81568],[-93.24095,44.81199],[-93.24337,44.81134],[-93.24451,44.8094],[-93.24521,44.80879],[-93.2459,44.80848],[-93.24566,44.80892],[-93.24688,44.80909],[-93.24685,44.80852],[-93.24782,44.80836],[-93.24849,44.80788],[-93.24888,44.80857]]],[[[-93.32965,44.78831],[-93.32829,44.79128],[-93.32965,44.79071],[-93.32965,44.78831]]],[[[-93.26717,44.71745],[-93.26685,44.71744],[-93.26708,44.71751],[-93.26717,44.71745]]],[[[-93.26252,44.72396],[-93.26225,44.72336],[-93.26211,44.72382],[-93.26252,44.72396]]],[[[-93.24856,44.75126],[-93.24822,44.7505],[-93.24821,44.75189],[-93.24856,44.75126]]]]}},
{"type":"Feature","id":"2393762","properties":{"id":"2393762","name":"Carver","kind":"city","counties":["Carver"],"population":6371,"label":[-93.63419,44.76097]},"geometry":{"type":"MultiPolygon","coordinates":[[[[-93.67248,44.77613],[-93.67247,44.77425],[-93.67147,44.77423],[-93.67146,44.77242],[-93.6684,44.77237],[-93.66841,44.76948],[-93.66703,44.76866],[-93.66841,44.76915],[-93.66838,44.76635],[-93.66729,44.76581],[-93.66587,44.76576],[-93.66567,44.76532],[-93.66496,44.76534],[-93.66386,44.76447],[-93.66332,44.76454],[-93.66322,44.76148],[-93.66168,44.76153],[-93.66172,44.76377],[-93.6601,44.76381],[-93.65802,44.765],[-93.65473,44.76294],[-93.6549,44.76089],[-93.65403,44.76117],[-93.65394,44.7657],[-93.65103,44.76588],[-93.64904,44.76636],[-93.6495,44.76277],[-93.64945,44.76077],[-93.64792,44.7611],[-93.64792,44.76184],[-93.64475,44.76173],[-93.64479,44.75895],[-93.6428,44.759],[-93.64296,44.75219],[-93.64511,44.75101],[-93.64816,44.7504],[-93.64954,44.75052],[-93.6509,44.74976],[-93.65155,44.75023],[-93.65242,44.74932],[-93.65168,44.74903],[-93.65201,44.74857],[-93.65323,44.74894],[-93.65325,44.74725],[-93.65294,44.74726],[-93.65212,44.74842],[-93.65045,44.74727],[-93.65136,44.74706],[-93.65175,44.74663],[-93.65197,44.74521],[-93.65397,44.74616],[-93.65506,44.74499],[-93.65333,44.74399],[-93.65275,44.74407],[-93.65276,44.74363],[-93.64294,44.7439],[-93.64293,44.73295],[-93.64157,44.73293],[-93.64087,44.73388],[-93.63831,44.73512],[-93.63844,44.73617],[-93.63802,44.73649],[-93.63721,44.73598],[-93.63649,44.7368],[-93.63574,44.73683],[-93.63627,44.73606],[-93.63564,44.73599],[-93.6349,44.73647],[-93.63461,44.73534],[-93.63289,44.73458],[-93.63234,44.73282],[-93.62939,44.73279],[-93.62945,44.73316],[-93.63169,44.73641],[-93.63196,44.73807],[-93.63016,44.74028],[-93.62635,44.74317],[-93.62321,44.74668],[-93.62228,44.74831],[-93.62179,44.74997],[-93.62261,44.75288],[-93.6218,44.7536],[-93.62042,44.75381],[-93.61823,44.753],[-93.61687,44.75201],[-93.61474,44.74967],[-93.61377,44.74948],[-93.61287,44.74988],[-93.61028,44.752],[-93.6093,44.75378],[-93.60963,44.75523],[-93.61092,44.75601],[-93.61718,44.7585],[-93.62197,44.75965],[-93.62301,44.76137],[-93.62279,44.76261],[-93.62222,44.76325],[-93.62014,44.76419],[-93.61744,44.76622],[-93.61485,44.76722],[-93.60766,44.76783],[-93.60126,44.7697],[-93.59693,44.77303],[-93.59466,44.77551],[-93.59465,44.77623],[-93.60367,44.7763],[-93.60528,44.77487],[-93.60693,44.77479],[-93.60836,44.7756],[-93.60931,44.77571],[-93.61103,44.77453],[-93.61151,44.77475],[-93.61164,44.7755],[-93.61254,44.77511],[-93.6132,44.77567],[-93.61316,44.77632],[-93.61311,44.77636],[-93.64254,44.77657],[-93.64255,44.77549],[-93.64279,44.77546],[-93.6431,44.77641],[-93.64771,44.77628],[-93.64772,44.77584],[-93.64852,44.77582],[-93.64851,44.77625],[-93.65289,44.77613],[-93.65289,44.77569],[-93.65389,44.77566],[-93.65388,44.77623],[-93.66326,44.77596],[-93.66327,44.77475],[-93.66758,44.77483],[-93.66756,44.77604],[-93.67248,44.77613]],[[-93.65809,44.77496],[-93.65807,44.77597],[-93.65693,44.77601],[-93.65685,44.77539],[-93.65809,44.77496]],[[-93.64445,44.75077],[-93.64399,44.75093],[-93.64412,44.75112],[-93.64288,44.75116],[-93.64289,44.75075],[-93.64419,44.75036],[-93.64445,44.75077]]],[[[-93.66881,44.73973],[-93.6651,44.73972],[-93.66509,44.74063],[-93.66356,44.74062],[-93.66355,44.74213],[-93.65945,44.74212],[-93.65944,44.74396],[-93.65818,44.74395],[-93.65682,44.7433],[-93.65483,44.7454],[-93.65828,44.74518],[-93.65827,44.74701],[-93.6585,44.74701],[-93.65851,44.74517],[-93.66353,44.74503],[-93.66352,44.74696],[-93.66814,44.74696],[-93.66816,44.74335],[-93.66879,44.74335],[-93.66881,44.73973]]],[[[-93.65286,44.77727],[-93.64769,44.77744],[-93.64761,44.78122],[-93.64247,44.78125],[-93.64218,44.79113],[-93.64746,44.79095],[-93.64748,44.78651],[-93.64775,44.78559],[-93.64913,44.78495],[-93.65264,44.78542],[-93.65286,44.77727]]],[[[-93.65213,44.73361],[-93.64831,44.73373],[-93.64825,44.73644],[-93.65208,44.73633],[-93.65213,44.73361]]],[[[-93.6456,44.79569],[-93.64513,44.79523],[-93.64513,44.7945],[-93.64218,44.79133],[-93.64212,44.7984],[-93.64466,44.79833],[-93.64473,44.79653],[-93.64538,44.79633],[-93.6456,44.79569]]]]}},
{"type":"Feature","id":"663763","properties":{"id":"663763","name":"Castle Rock","kind":"township","counties":["Dakota"],"population":1330,"label":[-93.09515,44.58596]},"geometry":{"type":"MultiPolygon","coordinates":[[[[-93.15726,44.57269],[-93.15696,44.54374],[-93.03541,44.5435],[-93.03504,44.63035],[-93.11649,44.63059],[-93.11647,44.62329],[-93.11695,44.62329],[-93.11694,44.62216],[-93.11647,44.62216],[-93.11646,44.61748],[-93.1176,44.61749],[-93.1176,44.61604],[-93.12918,44.61608],[-93.1292,44.6219],[-93.12762,44.6219],[-93.12762,44.62253],[-93.12579,44.62252],[-93.12579,44.62334],[-93.12665,44.62334],[-93.12665,44.62404],[-93.12763,44.62405],[-93.12763,44.62335],[-93.12788,44.62335],[-93.12788,44.6243],[-93.1303,44.62431],[-93.1303,44.62336],[-93.13512,44.62338],[-93.13511,44.62469],[-93.1356,44.6247],[-93.13563,44.62565],[-93.13669,44.62563],[-93.13671,44.62703],[-93.13692,44.62704],[-93.13687,44.62459],[-93.13875,44.62455],[-93.13875,44.62427],[-93.13764,44.62427],[-93.13764,44.62367],[-93.13856,44.62367],[-93.13856,44.6234],[-93.14453,44.62344],[-93.14454,44.62535],[-93.14193,44.62534],[-93.14199,44.6301],[-93.14359,44.63011],[-93.14359,44.63066],[-93.1407,44.63073],[-93.15225,44.63078],[-93.1523,44.62725],[-93.15084,44.62827],[-93.14968,44.63061],[-93.15153,44.62349],[-93.15702,44.62353],[-93.15726,44.57269]],[[-93.13664,44.62412],[-93.13664,44.62421],[-93.13639,44.6242],[-93.13664,44.62412]]],[[[-93.13973,44.63073],[-93.13841,44.63058],[-93.13882,44.62969],[-93.13833,44.62937],[-93.13776,44.62975],[-93.13818,44.63058],[-93.13698,44.63043],[-93.13671,44.62703],[-93.13426,44.62705],[-93.13422,44.6297],[-93.13514,44.6297],[-93.13514,44.6307],[-93.13973,44.63073]],[[-93.13859,44.62967],[-93.13839,44.62996],[-93.138,44.62974],[-93.13859,44.62967]]],[[[-93.13172,44.62867],[-93.13026,44.62867],[-93.13024,44.63066],[-93.13116,44.63066],[-93.13117,44.62967],[-93.13171,44.62967],[-93.13172,44.62867]]],[[[-93.12804,44.62914],[-93.12665,44.62913],[-93.12665,44.63065],[-93.12803,44.63065],[-93.12804,44.62914]]],[[[-93.12802,44.62829],[-93.12665,44.62828],[-93.12665,44.62838],[-93.12802,44.62829]]]]}},
{"type":"Feature","id":"663767","properties":{"id":"663767","name":"Cedar Lake","kind":"township","counties":["Scott"],"population":3078,"label":[-93.46093,44.58719]},"geometry":{"type":"MultiPolygon","coordinates":[[[[-93.52251,44.54363],[-93.40049,44.54386],[-93.3995,44.57285],[-93.39963,44.60201],[-93.3993,44.61639],[-93.39954,44.63063],[-93.41013,44.63062],[-93.41195,44.6295],[-93.41307,44.62916],[-93.41725,44.63007],[-93.41768,44.62951],[-93.41776,44.6301],[-93.41857,44.63061],[-93.43191,44.6306],[-93.43,44.62986],[-93.42811,44.62848],[-93.42811,44.62737],[-93.42726,44.62649],[-93.42718,44.62592],[-93.42854,44.62413],[-93.43043,44.62424],[-93.43124,44.62315],[-93.43226,44.62274],[-93.43366,44.62345],[-93.43402,44.62393],[-93.4335,44.62428],[-93.43457,44.62478],[-93.43501,44.62568],[-93.43694,44.62527],[-93.43814,44.62584],[-93.43908,44.62689],[-93.44003,44.62659],[-93.43972,44.62832],[-93.43926,44.62871],[-93.43776,44.62895],[-93.43475,44.6305],[-93.43329,44.6306],[-93.46999,44.63057],[-93.47079,44.62995],[-93.47489,44.62765],[-93.47612,44.62733],[-93.47981,44.62723],[-93.48132,44.62823],[-93.48189,44.62924],[-93.48166,44.63056],[-93.50026,44.63054],[-93.52199,44.63077],[-93.52203,44.61332],[-93.52141,44.61384],[-93.51949,44.61418],[-93.51668,44.61356],[-93.51562,44.6137],[-93.51523,44.61336],[-93.51523,44.6129],[-93.516,44.61187],[-93.51761,44.61027],[-93.5201,44.60984],[-93.52174,44.61036],[-93.52204,44.61061],[-93.52205,44.60349],[-93.52079,44.60381],[-93.51915,44.60336],[-93.51739,44.59971],[-93.51671,44.59904],[-93.51524,44.59843],[-93.5102,44.59756],[-93.50995,44.59674],[-93.51022,44.59565],[-93.51105,44.59501],[-93.51179,44.59336],[-93.51095,44.59321],[-93.50961,44.59195],[-93.50982,44.5916],[-93.5103,44.59166],[-93.51256,44.59212],[-93.51277,44.59271],[-93.51369,44.59265],[-93.51289,44.59206],[-93.51303,44.59148],[-93.51348,44.59078],[-93.5145,44.59071],[-93.51577,44.59221],[-93.51561,44.5928],[-93.51519,44.59294],[-93.51639,44.59354],[-93.51714,44.59453],[-93.51882,44.5947],[-93.51889,44.59366],[-93.51621,44.59123],[-93.51615,44.59088],[-93.51704,44.58953],[-93.52018,44.58761],[-93.52014,44.58697],[-93.51933,44.58597],[-93.51833,44.58607],[-93.51962,44.58565],[-93.52099,44.5846],[-93.52209,44.58434],[-93.5221,44.5837],[-93.52159,44.58306],[-93.5221,44.58043],[-93.52211,44.57927],[-93.52121,44.57889],[-93.52049,44.57809],[-93.52044,44.57701],[-93.52117,44.57549],[-93.52211,44.57495],[-93.52212,44.57272],[-93.52251,44.54363]],[[-93.46677,44.55524],[-93.46655,44.55638],[-93.46444,44.55878],[-93.46198,44.55867],[-93.4615,44.55826],[-93.46124,44.55677],[-93.46079,44.55615],[-93.46112,44.5549],[-93.46377,44.5545],[-93.46677,44.55524]],[[-93.45606,44.58047],[-93.45527,44.58135],[-93.45191,44.58176],[-93.44618,44.58115],[-93.44612,44.58074],[-93.44682,44.58051],[-93.45111,44.5806],[-93.45175,44.57989],[-93.45191,44.57779],[-93.45236,44.5771],[-93.45351,44.57698],[-93.45549,44.5776],[-93.45475,44.57908],[-93.45606,44.58047]],[[-93.45506,44.55789],[-93.45465,44.55882],[-93.45318,44.56013],[-93.4487,44.5607],[-93.44819,44.56041],[-93.44834,44.55948],[-93.44869,44.55895],[-93.44845,44.55727],[-93.44875,44.55705],[-93.45066,44.55717],[-93.45114,44.55756],[-93.45339,44.55576],[-93.45391,44.55595],[-93.45426,44.55678],[-93.45493,44.55711],[-93.45506,44.55789]],[[-93.42526,44.60675],[-93.42435,44.60797],[-93.42221,44.60882],[-93.42025,44.60901],[-93.41572,44.60805],[-93.41475,44.60714],[-93.41308,44.60649],[-93.41273,44.60557],[-93.41307,44.60457],[-93.41374,44.60394],[-93.41381,44.60296],[-93.41415,44.60259],[-93.41817,44.60231],[-93.41933,44.60158],[-93.41971,44.60218],[-93.42044,44.60214],[-93.42365,44.60381],[-93.42504,44.60545],[-93.42526,44.60675]],[[-93.41858,44.59494],[-93.4168,44.59604],[-93.41466,44.59542],[-93.41273,44.59469],[-93.41105,44.59332],[-93.41133,44.592],[-93.4127,44.59069],[-93.41457,44.59061],[-93.41531,44.59182],[-93.41653,44.59281],[-93.41654,44.59311],[-93.41556,44.59343],[-93.41561,44.59377],[-93.41858,44.59494]]]]}},
{"type":"Feature","id":"2393784","properties":{"id":"2393784","name":"Centerville","kind":"city","counties":["Anoka"],"population":3912,"label":[-93.05404,45.16404]},"geometry":{"type":"MultiPolygon","coordinates":[[[[-93.0816,45.16759],[-93.07829,45.16759],[-93.0771,45.16824],[-93.07166,45.16969],[-93.06824,45.16979],[-93.06741,45.16955],[-93.06743,45.16923],[-93.06375,45.16761],[-93.06147,45.16854],[-93.06006,45.16826],[-93.05864,45.16694],[-93.05834,45.16552],[-93.05848,45.16431],[-93.05953,45.16311],[-93.05976,45.16234],[-93.06119,45.16085],[-93.06113,45.14948],[-93.04578,45.14937],[-93.04581,45.15302],[-93.03569,45.15308],[-93.03572,45.16759],[-93.0407,45.16755],[-93.04074,45.17466],[-93.05399,45.17472],[-93.05436,45.17418],[-93.05558,45.17404],[-93.05551,45.17345],[-93.05604,45.17266],[-93.05723,45.17174],[-93.05894,45.1714],[-93.06173,45.17164],[-93.06355,45.17086],[-93.06512,45.16966],[-93.06737,45.1698],[-93.06842,45.17089],[-93.06905,45.17242],[-93.06897,45.17478],[-93.08156,45.17484],[-93.0816,45.16759]]]]}},
{"type":"Feature","id":"2393797","properties":{"id":"2393797","name":"Champlin","kind":"city","counties":["Hennepin"],"population":24007,"label":[-93.39022,45.1703]},"geometry":{"type":"MultiPolygon","coordinates":[[[[-93.42243,45.20978],[-93.42203,45.18061],[-93.41912,45.18106],[-93.41996,45.18026],[-93.42202,45.1798],[-93.42199,45.17761],[-93.42151,45.17734],[-93.42197,45.17589],[-93.42164,45.15225],[-93.33322,45.15157],[-93.33282,45.15181],[-93.33201,45.15136],[-93.33161,45.15179],[-93.33117,45.15155],[-93.33099,45.15155],[-93.33366,45.15307],[-93.34384,45.15773],[-93.34786,45.16021],[-93.35114,45.1652],[-93.35327,45.16754],[-93.35425,45.16938],[-93.35769,45.17312],[-93.36146,45.17501],[-93.3698,45.17629],[-93.37803,45.17868],[-93.38077,45.18068],[-93.38257,45.18148],[-93.38492,45.18382],[-93.38727,45.18425],[-93.38722,45.18384],[-93.38766,45.18357],[-93.38933,45.1842],[-93.38825,45.18408],[-93.38751,45.18378],[-93.3877,45.18433],[-93.39007,45.18542],[-93.39005,45.18543],[-93.39254,45.18876],[-93.39478,45.19026],[-93.40382,45.19372],[-93.40751,45.19479],[-93.41499,45.19904],[-93.41657,45.20041],[-93.41884,45.20521],[-93.42008,45.20615],[-93.42243,45.20978]],[[-93.40955,45.17054],[-93.40955,45.17452],[-93.40823,45.17546],[-93.40493,45.17452],[-93.40348,45.17315],[-93.40328,45.17111],[-93.4017,45.17095],[-93.40274,45.1699],[-93.40506,45.16942],[-93.40661,45.16945],[-93.40674,45.17043],[-93.40716,45.17077],[-93.40914,45.17018],[-93.40955,45.17054]],[[-93.40107,45.18429],[-93.39931,45.18442],[-93.39924,45.18491],[-93.39968,45.18498],[-93.39937,45.1851],[-93.39877,45.18448],[-93.39856,45.18362],[-93.39828,45.18345],[-93.39796,45.18376],[-93.39808,45.18316],[-93.39782,45.18307],[-93.39567,45.18329],[-93.39323,45.18263],[-93.39229,45.18207],[-93.39196,45.1821],[-93.39179,45.18262],[-93.39036,45.1823],[-93.39027,45.18262],[-93.39163,45.1838],[-93.39173,45.18498],[-93.3915,45.18511],[-93.3892,45.18355],[-93.38934,45.18261],[-93.38865,45.18201],[-93.38899,45.18164],[-93.39012,45.18141],[-93.39065,45.18196],[-93.39148,45.1816],[-93.39261,45.18186],[-93.39276,45.1812],[-93.39381,45.18101],[-93.39469,45.18171],[-93.39818,45.1819],[-93.39892,45.18214],[-93.39924,45.18257],[-93.3989,45.1829],[-93.39966,45.18326],[-93.39892,45.1839],[-93.39997,45.1843],[-93.40107,45.18429]]]]}},
{"type":"Feature","id":"2393799","properties":{"id":"2393799","name":"Chanhassen","kind":"city","counties":["Hennepin","Carver"],"population":25885,"label":[-93.56255,44.85449]},"geometry":{"type":"MultiPolygon","coordinates":[[[[-93.62972,44.88276],[-93.62807,44.88243],[-93.62749,44.88278],[-93.62749,44.88203],[-93.62805,44.88154],[-93.62749,44.88153],[-93.62745,44.87427],[-93.6278,44.87431],[-93.62785,44.87118],[-93.62733,44.87138],[-93.62626,44.87074],[-93.62267,44.87069],[-93.62476,44.8677],[-93.62254,44.87022],[-93.62265,44.85562],[-93.61825,44.85286],[-93.61208,44.85049],[-93.60594,44.8519],[-93.60226,44.85515],[-93.60226,44.85616],[-93.58699,44.85595],[-93.58703,44.84397],[-93.57987,44.84707],[-93.57616,44.84176],[-93.57269,44.84037],[-93.57331,44.83855],[-93.57356,44.83513],[-93.57264,44.83201],[-93.5726,44.82658],[-93.5697,44.82655],[-93.56966,44.82628],[-93.56714,44.8258],[-93.56638,44.80865],[-93.57776,44.8022],[-93.57804,44.80099],[-93.57775,44.80037],[-93.57312,44.80249],[-93.5731,44.80297],[-93.57262,44.8032],[-93.57258,44.80479],[-93.57007,44.80478],[-93.5701,44.80269],[-93.56616,44.80465],[-93.56608,44.79685],[-93.56364,44.79708],[-93.55825,44.79923],[-93.5549,44.80001],[-93.55362,44.79966],[-93.55034,44.7973],[-93.54727,44.79591],[-93.54262,44.79782],[-93.54109,44.79922],[-93.54119,44.80481],[-93.52042,44.80462],[-93.52051,44.80848],[-93.52163,44.80871],[-93.5258,44.8085],[-93.52706,44.80898],[-93.52644,44.81033],[-93.52337,44.81276],[-93.52259,44.81493],[-93.52068,44.81585],[-93.52076,44.81934],[-93.52074,44.83164],[-93.52214,44.83169],[-93.5247,44.8313],[-93.52697,44.83184],[-93.52825,44.83174],[-93.52891,44.83205],[-93.52949,44.83288],[-93.53287,44.83349],[-93.53311,44.83505],[-93.53268,44.83554],[-93.53139,44.83598],[-93.53012,44.83574],[-93.53006,44.83525],[-93.52973,44.83515],[-93.5281,44.83582],[-93.52668,44.83837],[-93.52604,44.84021],[-93.52625,44.84034],[-93.52596,44.84147],[-93.5251,44.84212],[-93.52342,44.84223],[-93.52118,44.84111],[-93.52082,44.83943],[-93.52073,44.83934],[-93.52071,44.85857],[-93.51131,44.85858],[-93.51133,44.86755],[-93.5207,44.86368],[-93.52066,44.8915],[-93.54128,44.89126],[-93.54203,44.89011],[-93.54422,44.88931],[-93.54644,44.88943],[-93.54693,44.88981],[-93.54656,44.89109],[-93.54657,44.8912],[-93.55382,44.89111],[-93.61973,44.89145],[-93.62491,44.88822],[-93.62834,44.8845],[-93.62972,44.88276]],[[-93.62006,44.87134],[-93.61953,44.87216],[-93.61461,44.87443],[-93.61054,44.87447],[-93.61015,44.87472],[-93.61427,44.87556],[-93.61532,44.87654],[-93.61559,44.8775],[-93.61616,44.87783],[-93.61645,44.8778],[-93.61617,44.87725],[-93.61635,44.87701],[-93.61763,44.87684],[-93.61863,44.87712],[-93.61967,44.878],[-93.62005,44.87955],[-93.61736,44.88189],[-93.61651,44.88312],[-93.61716,44.88504],[-93.61693,44.88565],[-93.61515,44.88674],[-93.61189,44.88729],[-93.6076,44.88729],[-93.60503,44.88656],[-93.60396,44.88658],[-93.60352,44.88696],[-93.60369,44.88742],[-93.60427,44.88767],[-93.60437,44.88797],[-93.60384,44.8889],[-93.60437,44.88916],[-93.60276,44.88973],[-93.60087,44.88993],[-93.59799,44.88956],[-93.5981,44.89122],[-93.59758,44.88944],[-93.59544,44.88952],[-93.59402,44.88858],[-93.59401,44.88822],[-93.59472,44.88836],[-93.5947,44.88873],[-93.59567,44.88915],[-93.59597,44.88554],[-93.59549,44.88524],[-93.5944,44.88524],[-93.59309,44.88567],[-93.59331,44.88515],[-93.59389,44.88498],[-93.59277,44.88456],[-93.59173,44.88534],[-93.59081,44.88521],[-93.59053,44.88486],[-93.59038,44.8835],[-93.59166,44.88163],[-93.59181,44.8809],[-93.59133,44.8806],[-93.59189,44.8807],[-93.59252,44.87993],[-93.59318,44.87977],[-93.59435,44.88023],[-93.59439,44.88115],[-93.59408,44.88161],[-93.59454,44.88273],[-93.59387,44.88174],[-93.59307,44.88228],[-93.59277,44.88312],[-93.59391,44.88412],[-93.59571,44.88386],[-93.59715,44.88482],[-93.59817,44.88502],[-93.60107,44.88376],[-93.60414,44.88362],[-93.60429,44.8829],[-93.60341,44.88269],[-93.60248,44.88196],[-93.60276,44.88084],[-93.60193,44.87916],[-93.60293,44.8783],[-93.60313,44.87774],[-93.60293,44.87733],[-93.6022,44.87744],[-93.60193,44.8763],[-93.60235,44.8759],[-93.60319,44.87604],[-93.60439,44.87555],[-93.60718,44.87387],[-93.60773,44.87292],[-93.60777,44.87174],[-93.60957,44.87016],[-93.6098,44.86943],[-93.60935,44.86836],[-93.60949,44.86808],[-93.60901,44.86771],[-93.60924,44.86678],[-93.61023,44.86629],[-93.61191,44.86662],[-93.61468,44.86808],[-93.61511,44.86776],[-93.61415,44.86718],[-93.61407,44.86621],[-93.61564,44.86616],[-93.61635,44.86684],[-93.61865,44.86769],[-93.61938,44.86856],[-93.61988,44.87014],[-93.62006,44.87134]],[[-93.61866,44.89135],[-93.61711,44.89136],[-93.61663,44.89019],[-93.61865,44.89017],[-93.61866,44.89135]],[[-93.5653,44.87112],[-93.56521,44.8718],[-93.56475,44.87225],[-93.56238,44.87316],[-93.56193,44.8742],[-93.56097,44.87403],[-93.55857,44.87471],[-93.55602,44.87415],[-93.55505,44.87323],[-93.55457,44.87163],[-93.55509,44.87038],[-93.55599,44.86938],[-93.55739,44.8687],[-93.56021,44.86822],[-93.56446,44.8682],[-93.56398,44.86878],[-93.5653,44.87112]],[[-93.56511,44.87707],[-93.56471,44.87745],[-93.56427,44.8793],[-93.56305,44.87994],[-93.56227,44.88012],[-93.5617,44.87916],[-93.56077,44.87845],[-93.5593,44.87826],[-93.55885,44.87849],[-93.55907,44.87872],[-93.55834,44.87928],[-93.55821,44.87993],[-93.5601,44.87995],[-93.56077,44.88027],[-93.56072,44.88064],[-93.55894,44.88043],[-93.55814,44.88104],[-93.55682,44.88106],[-93.55563,44.88079],[-93.55451,44.87902],[-93.55508,44.87813],[-93.55533,44.87655],[-93.55667,44.8753],[-93.55975,44.87518],[-93.56227,44.87552],[-93.56366,44.87582],[-93.56511,44.87707]],[[-93.56315,44.80548],[-93.55976,44.80578],[-93.55904,44.80698],[-93.55828,44.80731],[-93.55859,44.80627],[-93.55622,44.8067],[-93.55454,44.8063],[-93.55345,44.80682],[-93.55333,44.8074],[-93.5521,44.80843],[-93.5506,44.80871],[-93.54965,44.8081],[-93.54948,44.80698],[-93.5501,44.80633],[-93.55035,44.80537],[-93.55173,44.80461],[-93.55289,44.80439],[-93.5546,44.80495],[-93.56157,44.80419],[-93.56232,44.80456],[-93.56299,44.80418],[-93.56315,44.80548]],[[-93.5461,44.85137],[-93.54571,44.85346],[-93.54352,44.85432],[-93.54066,44.85339],[-93.53706,44.85347],[-93.53598,44.85315],[-93.53535,44.85195],[-93.53554,44.85118],[-93.53689,44.85023],[-93.53992,44.84943],[-93.54195,44.84989],[-93.54336,44.84911],[-93.54413,44.84903],[-93.54553,44.84958],[-93.5461,44.85137]],[[-93.53887,44.8862],[-93.53812,44.88679],[-93.53809,44.88714],[-93.53665,44.88589],[-93.53396,44.88437],[-93.5334,44.88336],[-93.53349,44.88257],[-93.53501,44.88161],[-93.53212,44.87954],[-93.53174,44.87965],[-93.5315,44.88048],[-93.53033,44.88169],[-93.52759,44.88221],[-93.52641,44.88286],[-93.52552,44.88244],[-93.52513,44.88148],[-93.52589,44.88073],[-93.52588,44.88004],[-93.52386,44.87823],[-93.52479,44.87759],[-93.52717,44.87808],[-93.5285,44.87774],[-93.52878,44.87669],[-93.52764,44.8765],[-93.52842,44.87519],[-93.52799,44.87475],[-93.52843,44.87487],[-93.52849,44.87435],[-93.52756,44.87445],[-93.52669,44.87411],[-93.52578,44.87434],[-93.5264,44.87371],[-93.52509,44.87309],[-93.52447,44.87234],[-93.52437,44.872],[-93.5248,44.87152],[-93.52467,44.87079],[-93.52306,44.87014],[-93.52215,44.86792],[-93.52245,44.86746],[-93.5238,44.86693],[-93.52505,44.86726],[-93.52647,44.86874],[-93.53065,44.87101],[-93.53185,44.87228],[-93.53209,44.87296],[-93.53204,44.8739],[-93.53159,44.8747],[-93.53182,44.87596],[-93.53325,44.87651],[-93.53445,44.87905],[-93.53699,44.87989],[-93.53845,44.88157],[-93.53775,44.88459],[-93.53887,44.8862]]],[[[-93.59862,44.88604],[-93.59799,44.8867],[-93.59848,44.8867],[-93.59862,44.88604]]],[[[-93.5682,44.89124],[-93.56674,44.89137],[-93.5682,44.89138],[-93.5682,44.89124]]],[[[-93.55789,44.87858],[-93.55764,44.87847],[-93.55753,44.87837],[-93.55641,44.87793],[-93.55581,44.87867],[-93.55586,44.8787],[-93.55581,44.87877],[-93.55622,44.87895],[-93.55634,44.87903],[-93.55637,44.87901],[-93.55641,44.87903],[-93.55787,44.87868],[-93.55778,44.8786],[-93.55789,44.87858]]]]}},
{"type":"Feature","id":"2393809","properties":{"id":"2393809","name":"Chaska","kind":"city","counties":["Carver"],"population":28170,"label":[-93.60927,44.81621]},"geometry":{"type":"MultiPolygon","coordinates":[[[[-93.65207,44.83454],[-93.6485,44.83461],[-93.64737,44.83629],[-93.64754,44.83653],[-93.64847,44.83728],[-93.65017,44.83802],[-93.65014,44.8382],[-93.65016,44.83821],[-93.64995,44.83956],[-93.64987,44.83965],[-93.64985,44.83975],[-93.64946,44.84008],[-93.64926,44.84029],[-93.64921,44.84029],[-93.64916,44.84033],[-93.64838,44.84032],[-93.64721,44.8403],[-93.6457,44.8396],[-93.6448,44.83989],[-93.64381,44.84027],[-93.64233,44.83994],[-93.64149,44.83982],[-93.64046,44.83924],[-93.63436,44.83917],[-93.63321,44.83853],[-93.63267,44.83697],[-93.6315,44.83563],[-93.63169,44.83453],[-93.63273,44.83293],[-93.63321,44.83278],[-93.63743,44.83439],[-93.64032,44.83487],[-93.64179,44.83627],[-93.64208,44.82897],[-93.64531,44.831],[-93.64709,44.83096],[-93.64702,44.8288],[-93.64577,44.82608],[-93.64574,44.82489],[-93.64212,44.82435],[-93.64209,44.82018],[-93.64337,44.82018],[-93.64683,44.81827],[-93.65139,44.81647],[-93.64209,44.82001],[-93.64209,44.8197],[-93.65046,44.81648],[-93.64719,44.8165],[-93.64721,44.81283],[-93.64208,44.81288],[-93.64254,44.77657],[-93.61311,44.77636],[-93.61275,44.77671],[-93.61146,44.77675],[-93.61025,44.77771],[-93.60571,44.77834],[-93.60382,44.77789],[-93.60311,44.77679],[-93.60367,44.7763],[-93.59465,44.77623],[-93.59464,44.77651],[-93.59571,44.77793],[-93.59979,44.78024],[-93.6005,44.78172],[-93.59985,44.78263],[-93.59666,44.78347],[-93.59148,44.78403],[-93.58827,44.78367],[-93.58392,44.78232],[-93.58221,44.78245],[-93.58181,44.78533],[-93.58207,44.78971],[-93.58126,44.79242],[-93.58014,44.79376],[-93.57728,44.79525],[-93.57425,44.7961],[-93.56608,44.79685],[-93.56616,44.80465],[-93.5701,44.80269],[-93.57007,44.80478],[-93.57258,44.80479],[-93.57262,44.8032],[-93.5731,44.80297],[-93.57312,44.80249],[-93.57775,44.80037],[-93.57804,44.80099],[-93.57776,44.8022],[-93.56638,44.80865],[-93.56714,44.8258],[-93.56966,44.82628],[-93.5697,44.82655],[-93.5726,44.82658],[-93.57264,44.83201],[-93.57356,44.83513],[-93.57331,44.83855],[-93.57269,44.84037],[-93.57616,44.84176],[-93.57987,44.84707],[-93.58703,44.84397],[-93.58699,44.85595],[-93.60226,44.85616],[-93.60226,44.85515],[-93.60594,44.8519],[-93.61208,44.85049],[-93.61825,44.85286],[-93.62265,44.85562],[-93.62265,44.85624],[-93.63231,44.85638],[-93.63205,44.84919],[-93.65188,44.84877],[-93.65166,44.848],[-93.65189,44.84779],[-93.65202,44.83817],[-93.65207,44.83454]],[[-93.5944,44.83981],[-93.59314,44.84006],[-93.5927,44.84108],[-93.58898,44.84271],[-93.58576,44.84037],[-93.58513,44.83915],[-93.58426,44.83849],[-93.58167,44.83992],[-93.58036,44.83977],[-93.57835,44.83882],[-93.57642,44.83737],[-93.57556,44.83635],[-93.57547,44.83576],[-93.57655,44.83549],[-93.57903,44.83609],[-93.58291,44.83518],[-93.58327,44.83523],[-93.58316,44.83559],[-93.58508,44.83572],[-93.58537,44.83597],[-93.58571,44.83555],[-93.5868,44.83529],[-93.58975,44.83605],[-93.59229,44.83606],[-93.59316,44.83629],[-93.59385,44.83705],[-93.5944,44.83981]]]]}},
{"type":"Feature","id":"663797","properties":{"id":"663797","name":"Chisago City","kind":"city","counties":["Chisago"],"population":5765,"label":[-92.91369,45.36352]},"geometry":{"type":"MultiPolygon","coordinates":[[[[-92.94111,45.30357],[-92.94088,45.29638],[-92.89673,45.29627],[-92.89657,45.3213],[-92.89521,45.32772],[-92.89471,45.32869],[-92.89649,45.32869],[-92.8964,45.33348],[-92.89715,45.33423],[-92.89727,45.33427],[-92.90151,45.33517],[-92.90158,45.33518],[-92.9016,45.33519],[-92.90203,45.33528],[-92.90335,45.33593],[-92.90523,45.33621],[-92.90545,45.33583],[-92.90567,45.3358],[-92.90578,45.33569],[-92.90709,45.33546],[-92.90731,45.33526],[-92.90731,45.33521],[-92.90681,45.33515],[-92.90637,45.33516],[-92.90625,45.33509],[-92.90605,45.33507],[-92.90554,45.33469],[-92.90467,45.33214],[-92.90388,45.33125],[-92.9054,45.33006],[-92.90583,45.32993],[-92.90622,45.32967],[-92.90681,45.32964],[-92.90917,45.3311],[-92.91194,45.33197],[-92.91099,45.33075],[-92.90984,45.33005],[-92.91083,45.32926],[-92.91087,45.32875],[-92.91126,45.32939],[-92.91181,45.32928],[-92.91142,45.32693],[-92.91002,45.32645],[-92.90903,45.32572],[-92.90867,45.32567],[-92.90833,45.32571],[-92.9078,45.32634],[-92.90694,45.32641],[-92.90704,45.32693],[-92.90611,45.32736],[-92.90605,45.32831],[-92.90606,45.32876],[-92.90602,45.32878],[-92.90602,45.32883],[-92.9059,45.32886],[-92.90576,45.32895],[-92.90574,45.3289],[-92.90558,45.32894],[-92.90563,45.32859],[-92.90543,45.328],[-92.90522,45.32781],[-92.90523,45.32741],[-92.90468,45.32729],[-92.90448,45.32757],[-92.90427,45.32793],[-92.90449,45.3285],[-92.90351,45.32913],[-92.90347,45.32972],[-92.90331,45.32975],[-92.90329,45.32982],[-92.9032,45.32976],[-92.9024,45.3299],[-92.90218,45.33002],[-92.90091,45.33015],[-92.9008,45.3298],[-92.90043,45.32978],[-92.90057,45.32954],[-92.89962,45.32951],[-92.89989,45.32917],[-92.89888,45.32938],[-92.89971,45.32851],[-92.8997,45.32849],[-92.89862,45.32864],[-92.89833,45.32834],[-92.89827,45.32787],[-92.89821,45.32773],[-92.89825,45.32768],[-92.89823,45.3275],[-92.89871,45.32706],[-92.89847,45.32649],[-92.89938,45.32564],[-92.89894,45.32558],[-92.89912,45.32535],[-92.89976,45.32516],[-92.901,45.32554],[-92.90198,45.32543],[-92.90518,45.323],[-92.90575,45.32329],[-92.90647,45.32309],[-92.90635,45.3225],[-92.90507,45.32254],[-92.90497,45.32237],[-92.90476,45.32236],[-92.9048,45.32209],[-92.90476,45.32203],[-92.90482,45.3219],[-92.9049,45.32131],[-92.90538,45.32075],[-92.9059,45.32141],[-92.90738,45.32179],[-92.90721,45.32114],[-92.90632,45.32117],[-92.90596,45.32065],[-92.90606,45.31984],[-92.90619,45.31976],[-92.90621,45.31969],[-92.90638,45.31965],[-92.90658,45.31952],[-92.90678,45.31954],[-92.907,45.31948],[-92.90838,45.3197],[-92.9081,45.32026],[-92.90874,45.32057],[-92.91012,45.31968],[-92.91395,45.31973],[-92.9145,45.32027],[-92.91435,45.32165],[-92.91532,45.3225],[-92.9167,45.32297],[-92.91733,45.32365],[-92.91697,45.32479],[-92.91962,45.32465],[-92.92186,45.32519],[-92.92188,45.32443],[-92.92139,45.32416],[-92.92259,45.32454],[-92.92434,45.32586],[-92.92507,45.32575],[-92.92463,45.32647],[-92.92206,45.32683],[-92.92151,45.32745],[-92.92101,45.32868],[-92.92117,45.33078],[-92.92065,45.3319],[-92.92094,45.33235],[-92.92135,45.33174],[-92.92155,45.332],[-92.92093,45.33262],[-92.9192,45.3328],[-92.91868,45.33236],[-92.91922,45.33236],[-92.91924,45.33206],[-92.91695,45.33143],[-92.91626,45.33203],[-92.91481,45.33222],[-92.91648,45.33346],[-92.9161,45.33391],[-92.91644,45.33425],[-92.91597,45.33515],[-92.91503,45.33614],[-92.91246,45.33775],[-92.90926,45.33885],[-92.90782,45.34162],[-92.90762,45.34341],[-92.90792,45.34326],[-92.90795,45.34397],[-92.90761,45.34542],[-92.90582,45.34722],[-92.90198,45.34969],[-92.90239,45.35054],[-92.90365,45.35026],[-92.90491,45.35103],[-92.90507,45.35229],[-92.90658,45.35599],[-92.90651,45.35685],[-92.90596,45.35756],[-92.90221,45.35935],[-92.90198,45.3594],[-92.90179,45.35949],[-92.89949,45.36002],[-92.89917,45.36005],[-92.89893,45.3601],[-92.8984,45.36011],[-92.89644,45.36026],[-92.89495,45.36014],[-92.89348,45.36016],[-92.89235,45.35994],[-92.89104,45.35984],[-92.89085,45.35979],[-92.89073,45.35978],[-92.89061,45.35972],[-92.88919,45.35933],[-92.88747,45.3582],[-92.88738,45.35802],[-92.88727,45.35794],[-92.8872,45.35767],[-92.88695,45.35717],[-92.88692,45.35655],[-92.88676,45.35593],[-92.88686,45.35548],[-92.88684,45.35502],[-92.88712,45.35434],[-92.88727,45.35369],[-92.88828,45.35154],[-92.88832,45.35106],[-92.8883,45.35069],[-92.88845,45.34794],[-92.88489,45.34796],[-92.88497,45.35231],[-92.88295,45.35286],[-92.88158,45.35037],[-92.87748,45.3515],[-92.87849,45.35335],[-92.87554,45.35336],[-92.87594,45.35399],[-92.87727,45.354],[-92.87728,45.35437],[-92.87905,45.35439],[-92.8808,45.35759],[-92.87584,45.35763],[-92.87714,45.35952],[-92.87891,45.36113],[-92.8803,45.3614],[-92.8821,45.36172],[-92.88293,45.36213],[-92.88375,45.36243],[-92.88386,45.36258],[-92.88418,45.36274],[-92.88704,45.36657],[-92.88741,45.36688],[-92.88749,45.36707],[-92.88764,45.36722],[-92.88763,45.36743],[-92.88769,45.36759],[-92.88761,45.36776],[-92.88759,45.36813],[-92.8875,45.3683],[-92.88748,45.36845],[-92.88643,45.37049],[-92.88642,45.37126],[-92.88595,45.37191],[-92.88551,45.37215],[-92.88528,45.37237],[-92.88497,45.37244],[-92.88482,45.37252],[-92.88478,45.37248],[-92.8846,45.37252],[-92.88434,45.37201],[-92.88055,45.37249],[-92.88029,45.37253],[-92.87877,45.37352],[-92.87753,45.37499],[-92.87752,45.375],[-92.87752,45.375],[-92.87723,45.37534],[-92.87657,45.3755],[-92.87657,45.3755],[-92.87657,45.3755],[-92.87574,45.3757],[-92.87266,45.37553],[-92.87264,45.37641],[-92.87154,45.37685],[-92.87064,45.37681],[-92.8704,45.37748],[-92.86967,45.37771],[-92.86895,45.37843],[-92.86772,45.37906],[-92.8668,45.37905],[-92.86535,45.38314],[-92.86526,45.38351],[-92.86635,45.38359],[-92.8669,45.38295],[-92.86632,45.38403],[-92.86865,45.38402],[-92.87009,45.38148],[-92.8707,45.38148],[-92.86983,45.38313],[-92.87175,45.38313],[-92.87255,45.38226],[-92.87555,45.38221],[-92.87624,45.38252],[-92.87694,45.38262],[-92.87738,45.38303],[-92.87817,45.38339],[-92.87855,45.38347],[-92.87866,45.38313],[-92.87975,45.38307],[-92.87995,45.38286],[-92.87999,45.38252],[-92.88157,45.38114],[-92.88295,45.38106],[-92.88381,45.38158],[-92.8838,45.38163],[-92.89556,45.38173],[-92.89557,45.38232],[-92.89584,45.38236],[-92.89652,45.383],[-92.89694,45.38405],[-92.89989,45.38552],[-92.90129,45.38661],[-92.90453,45.38716],[-92.90502,45.38735],[-92.90508,45.38787],[-92.90382,45.38858],[-92.90158,45.38835],[-92.90041,45.38869],[-92.89814,45.39022],[-92.89684,45.38956],[-92.89622,45.38956],[-92.89593,45.39009],[-92.89575,45.3901],[-92.89589,45.3963],[-92.8938,45.39688],[-92.89352,45.39767],[-92.89288,45.39775],[-92.8929,45.39833],[-92.89166,45.3987],[-92.89092,45.39863],[-92.89027,45.39816],[-92.89117,45.39812],[-92.89147,45.39763],[-92.89111,45.39711],[-92.89031,45.39702],[-92.89009,45.39668],[-92.89018,45.39638],[-92.89111,45.39626],[-92.89101,45.39596],[-92.88928,45.39535],[-92.88935,45.39497],[-92.88988,45.39486],[-92.89091,45.39559],[-92.89074,45.39459],[-92.88763,45.39426],[-92.88763,45.39486],[-92.88574,45.39443],[-92.88558,45.39562],[-92.88773,45.39607],[-92.88745,45.39608],[-92.88903,45.39694],[-92.89074,45.39871],[-92.89293,45.39971],[-92.89294,45.4],[-92.88782,45.39989],[-92.88786,45.40361],[-92.89375,45.40374],[-92.89393,45.41105],[-92.89624,45.41114],[-92.89699,45.43276],[-92.91756,45.43266],[-92.91725,45.4254],[-92.93788,45.42524],[-92.93631,45.38198],[-92.93719,45.35408],[-92.93721,45.34724],[-92.93565,45.34728],[-92.9327,45.34656],[-92.93286,45.34532],[-92.93348,45.34484],[-92.93442,45.34292],[-92.93513,45.34244],[-92.93513,45.34187],[-92.93565,45.34201],[-92.93558,45.34297],[-92.93722,45.34425],[-92.9373,45.31459],[-92.9358,45.31493],[-92.93464,45.31487],[-92.93387,45.31443],[-92.93366,45.31435],[-92.93407,45.31325],[-92.93377,45.31299],[-92.93499,45.31268],[-92.93516,45.31124],[-92.93565,45.31064],[-92.93626,45.3105],[-92.93731,45.31071],[-92.93733,45.30351],[-92.94111,45.30357]],[[-92.93455,45.35401],[-92.93409,45.35504],[-92.92974,45.3555],[-92.92822,45.35465],[-92.92826,45.35383],[-92.93007,45.35188],[-92.93361,45.35246],[-92.93442,45.35305],[-92.93455,45.35401]],[[-92.91888,45.30605],[-92.91881,45.3065],[-92.91844,45.30682],[-92.91539,45.3061],[-92.91401,45.30555],[-92.91296,45.30459],[-92.91167,45.30413],[-92.91095,45.30319],[-92.91102,45.30191],[-92.91007,45.30117],[-92.90996,45.30075],[-92.90988,45.30045],[-92.91059,45.30023],[-92.91283,45.30093],[-92.91465,45.30324],[-92.91847,45.30557],[-92.91888,45.30605]],[[-92.90539,45.36259],[-92.90501,45.36354],[-92.90371,45.36506],[-92.9009,45.36719],[-92.89584,45.36951],[-92.89409,45.37109],[-92.89275,45.37127],[-92.89115,45.37063],[-92.89044,45.36994],[-92.8908,45.36922],[-92.89085,45.36922],[-92.89085,45.36922],[-92.89093,45.36923],[-92.89153,45.36929],[-92.89208,45.36818],[-92.89162,45.36526],[-92.89185,45.36422],[-92.89111,45.36257],[-92.8917,45.36147],[-92.89362,45.3608],[-92.89746,45.36103],[-92.89896,45.36032],[-92.9019,45.35961],[-92.90342,45.35995],[-92.90504,45.36112],[-92.90539,45.36259]],[[-92.88684,45.35098],[-92.88673,45.3516],[-92.88671,45.35098],[-92.88684,45.35098]],[[-92.88062,45.35349],[-92.87951,45.35378],[-92.87938,45.35357],[-92.88049,45.35327],[-92.88062,45.35349]]],[[[-92.91657,45.32495],[-92.91523,45.32535],[-92.91555,45.3255],[-92.91655,45.32538],[-92.91657,45.32495]]],[[[-92.91435,45.32475],[-92.91263,45.32558],[-92.91364,45.32558],[-92.91435,45.32475]]],[[[-92.91429,45.32306],[-92.91286,45.32341],[-92.91347,45.32356],[-92.91429,45.32306]]],[[[-92.88853,45.34654],[-92.8863,45.3417],[-92.88505,45.34076],[-92.8837,45.33997],[-92.8837,45.34095],[-92.88345,45.34107],[-92.88237,45.33954],[-92.88148,45.33952],[-92.88164,45.34955],[-92.87972,45.34953],[-92.8803,45.3506],[-92.88167,45.35023],[-92.88299,45.35262],[-92.88471,45.35215],[-92.88455,45.3431],[-92.8848,45.3431],[-92.88487,45.34663],[-92.88853,45.34661],[-92.88853,45.34654]]],[[[-92.88844,45.39047],[-92.88565,45.39047],[-92.88556,45.39135],[-92.88732,45.39181],[-92.88809,45.39088],[-92.88844,45.39047]]],[[[-92.88764,45.34734],[-92.88488,45.34736],[-92.88488,45.34765],[-92.88764,45.34763],[-92.88764,45.34734]]],[[[-92.88718,45.38537],[-92.88219,45.38537],[-92.88077,45.38603],[-92.88134,45.3868],[-92.88632,45.38654],[-92.88718,45.38537]]],[[[-92.88444,45.39314],[-92.88383,45.39301],[-92.8834,45.39331],[-92.88419,45.39356],[-92.88444,45.39314]]],[[[-92.88399,45.39388],[-92.88307,45.39353],[-92.88274,45.39376],[-92.88387,45.39412],[-92.88399,45.39388]]],[[[-92.88008,45.35055],[-92.87965,45.34974],[-92.8766,45.34976],[-92.87662,45.35095],[-92.87862,45.35093],[-92.88008,45.35055]]],[[[-92.87929,45.34956],[-92.87806,45.34675],[-92.87656,45.34676],[-92.8766,45.34958],[-92.87929,45.34956]]],[[[-92.8786,45.39557],[-92.87849,45.39259],[-92.87733,45.3926],[-92.87744,45.39591],[-92.8786,45.39557]]],[[[-92.87759,45.39983],[-92.87745,45.39623],[-92.87067,45.39627],[-92.87077,45.39989],[-92.87759,45.39983]]],[[[-92.87609,45.39602],[-92.87607,45.39547],[-92.87501,45.39548],[-92.87504,45.39603],[-92.87609,45.39602]]],[[[-92.86837,45.38507],[-92.86519,45.38512],[-92.86518,45.38546],[-92.86818,45.38541],[-92.86837,45.38507]]],[[[-92.86752,45.38403],[-92.86529,45.38403],[-92.86516,45.38471],[-92.86713,45.38471],[-92.86752,45.38403]]],[[[-92.86625,45.38378],[-92.86521,45.38373],[-92.86516,45.384],[-92.86613,45.38401],[-92.86625,45.38378]]]]}},
{"type":"Feature","id":"663798","properties":{"id":"663798","name":"Chisago Lake","kind":"township","counties":["Chisago"],"population":4928,"label":[-92.8949,45.39232]},"geometry":{"type":"MultiPolygon","coordinates":[[[[-92.89799,45.46987],[-92.89735,45.44004],[-92.89624,45.41114],[-92.89393,45.41105],[-92.89375,45.40374],[-92.88786,45.40361],[-92.88782,45.39989],[-92.89294,45.4],[-92.89293,45.39971],[-92.89074,45.39871],[-92.88903,45.39694],[-92.88745,45.39608],[-92.88773,45.39607],[-92.88558,45.39562],[-92.88574,45.39443],[-92.88763,45.39486],[-92.88763,45.39426],[-92.89074,45.39459],[-92.89091,45.39559],[-92.88988,45.39486],[-92.88935,45.39497],[-92.88928,45.39535],[-92.89101,45.39596],[-92.89111,45.39626],[-92.89018,45.39638],[-92.89009,45.39668],[-92.89031,45.39702],[-92.89111,45.39711],[-92.89147,45.39763],[-92.89117,45.39812],[-92.89027,45.39816],[-92.89092,45.39863],[-92.89166,45.3987],[-92.8929,45.39833],[-92.89288,45.39775],[-92.89352,45.39767],[-92.8938,45.39688],[-92.89589,45.3963],[-92.89575,45.3901],[-92.89548,45.39011],[-92.89489,45.38965],[-92.8949,45.38871],[-92.89379,45.38819],[-92.89318,45.38702],[-92.89233,45.38659],[-92.89227,45.38604],[-92.89253,45.38446],[-92.89493,45.38222],[-92.89557,45.38232],[-92.89556,45.38173],[-92.8838,45.38163],[-92.88327,45.38477],[-92.87928,45.38668],[-92.87721,45.38657],[-92.87489,45.38699],[-92.87381,45.38799],[-92.87461,45.38941],[-92.87403,45.39164],[-92.87326,45.39197],[-92.87164,45.39147],[-92.87105,45.39202],[-92.87079,45.39151],[-92.87008,45.39148],[-92.87127,45.39056],[-92.86981,45.38978],[-92.86983,45.3891],[-92.87102,45.38851],[-92.87103,45.38804],[-92.87158,45.38762],[-92.87099,45.38691],[-92.87115,45.38614],[-92.87157,45.38583],[-92.87131,45.3858],[-92.87145,45.38518],[-92.87101,45.38369],[-92.87147,45.38361],[-92.87227,45.38271],[-92.87385,45.38291],[-92.87389,45.38248],[-92.87517,45.38237],[-92.87624,45.38252],[-92.87555,45.38221],[-92.87255,45.38226],[-92.87175,45.38313],[-92.86983,45.38313],[-92.8707,45.38148],[-92.87009,45.38148],[-92.86865,45.38402],[-92.86632,45.38403],[-92.86672,45.3829],[-92.86635,45.38359],[-92.86526,45.38351],[-92.86546,45.38283],[-92.86528,45.38334],[-92.86521,45.38373],[-92.86625,45.38378],[-92.86613,45.38401],[-92.86516,45.384],[-92.86483,45.38577],[-92.86519,45.38688],[-92.86604,45.38701],[-92.86611,45.38717],[-92.86682,45.38716],[-92.866,45.38881],[-92.86514,45.38909],[-92.86495,45.38999],[-92.86272,45.39085],[-92.86274,45.3911],[-92.85959,45.39114],[-92.85956,45.38995],[-92.86026,45.38979],[-92.85944,45.38988],[-92.85947,45.39115],[-92.85633,45.39133],[-92.85338,45.39057],[-92.85313,45.39073],[-92.85693,45.3915],[-92.85694,45.39185],[-92.86164,45.39153],[-92.86455,45.39086],[-92.86456,45.39108],[-92.86613,45.3898],[-92.86634,45.39024],[-92.86708,45.39022],[-92.86717,45.39268],[-92.87424,45.39262],[-92.87496,45.39416],[-92.87501,45.39548],[-92.87607,45.39547],[-92.87609,45.39602],[-92.87502,45.39602],[-92.87503,45.39624],[-92.87745,45.39623],[-92.87759,45.39983],[-92.86207,45.39995],[-92.862,45.39815],[-92.85869,45.39817],[-92.85781,45.39638],[-92.86234,45.39635],[-92.86211,45.39454],[-92.85949,45.39458],[-92.85924,45.39272],[-92.85954,45.39244],[-92.85554,45.39282],[-92.85482,45.39264],[-92.85441,45.39314],[-92.85433,45.39491],[-92.85341,45.39493],[-92.85294,45.39398],[-92.85289,45.39342],[-92.85288,45.39394],[-92.85357,45.39532],[-92.85405,45.39761],[-92.85387,45.3986],[-92.85434,45.39897],[-92.85438,45.40127],[-92.85465,45.40164],[-92.85438,45.4026],[-92.85333,45.40303],[-92.85324,45.40358],[-92.85288,45.40348],[-92.8532,45.40372],[-92.85117,45.40376],[-92.852,45.40485],[-92.85102,45.40376],[-92.84692,45.40384],[-92.84691,45.3999],[-92.84652,45.39995],[-92.84506,45.40209],[-92.84452,45.40242],[-92.84383,45.4011],[-92.84405,45.39991],[-92.84329,45.39977],[-92.84327,45.39911],[-92.84291,45.39906],[-92.84224,45.39932],[-92.84229,45.39985],[-92.84172,45.4002],[-92.84175,45.40065],[-92.84127,45.40117],[-92.84161,45.40149],[-92.84208,45.40114],[-92.8426,45.40184],[-92.84385,45.40163],[-92.84414,45.40232],[-92.84352,45.4029],[-92.84409,45.40316],[-92.84294,45.40456],[-92.84162,45.40493],[-92.84005,45.40436],[-92.83997,45.4039],[-92.83917,45.4045],[-92.83742,45.4033],[-92.8371,45.40115],[-92.83665,45.40056],[-92.83665,45.40088],[-92.83497,45.40064],[-92.83476,45.40085],[-92.83679,45.4011],[-92.83721,45.40354],[-92.83648,45.40453],[-92.83875,45.40851],[-92.83824,45.41039],[-92.83918,45.41306],[-92.83944,45.41314],[-92.83941,45.41252],[-92.83978,45.41241],[-92.8405,45.413],[-92.83973,45.41266],[-92.83977,45.41317],[-92.84159,45.41339],[-92.83929,45.41335],[-92.83927,45.41387],[-92.83871,45.41434],[-92.83669,45.41498],[-92.83566,45.4149],[-92.83546,45.41412],[-92.83468,45.41408],[-92.83469,45.41618],[-92.83358,45.41684],[-92.83333,45.41744],[-92.83477,45.41801],[-92.83456,45.41896],[-92.8348,45.42048],[-92.83717,45.42167],[-92.83763,45.42235],[-92.83809,45.42232],[-92.83863,45.42327],[-92.83931,45.42353],[-92.83953,45.42444],[-92.83999,45.42477],[-92.83991,45.42477],[-92.83995,45.4248],[-92.83951,45.42475],[-92.83775,45.42301],[-92.83689,45.42425],[-92.83502,45.42493],[-92.82867,45.42376],[-92.82818,45.4246],[-92.82849,45.42505],[-92.82668,45.42597],[-92.82721,45.42661],[-92.82923,45.42633],[-92.82917,45.42777],[-92.82867,45.4278],[-92.82857,45.42724],[-92.82783,45.4271],[-92.82735,45.4275],[-92.82703,45.42753],[-92.82631,45.42792],[-92.82621,45.42806],[-92.82612,45.42802],[-92.82607,45.42805],[-92.82605,45.42799],[-92.82585,45.4279],[-92.82596,45.42762],[-92.82665,45.42721],[-92.82587,45.42624],[-92.82631,45.42515],[-92.82584,45.42495],[-92.82642,45.42479],[-92.8268,45.42411],[-92.8279,45.42371],[-92.82774,45.42277],[-92.8282,45.42183],[-92.82981,45.42146],[-92.8304,45.42133],[-92.83058,45.42096],[-92.8287,45.41847],[-92.82823,45.41704],[-92.82608,45.41488],[-92.82493,45.4144],[-92.82492,45.41434],[-92.82481,45.41429],[-92.82485,45.41391],[-92.82438,45.41373],[-92.82469,45.41367],[-92.82451,45.41292],[-92.82421,45.41284],[-92.8242,45.41217],[-92.82449,45.41191],[-92.82454,45.41173],[-92.82471,45.4117],[-92.82488,45.41155],[-92.82618,45.41148],[-92.82744,45.41011],[-92.82853,45.40962],[-92.82625,45.4083],[-92.82259,45.40855],[-92.82261,45.40938],[-92.82172,45.40938],[-92.82172,45.40854],[-92.8182,45.40848],[-92.82099,45.40829],[-92.82107,45.40744],[-92.82057,45.4076],[-92.81999,45.4075],[-92.81964,45.40673],[-92.81809,45.40592],[-92.81763,45.40533],[-92.81798,45.40205],[-92.81728,45.40057],[-92.81728,45.40064],[-92.81794,45.40233],[-92.81585,45.40239],[-92.81586,45.40472],[-92.81455,45.40472],[-92.8146,45.40286],[-92.81261,45.40283],[-92.81256,45.4047],[-92.81066,45.40467],[-92.81065,45.40104],[-92.81144,45.40105],[-92.81127,45.39499],[-92.81375,45.39612],[-92.81572,45.39621],[-92.81572,45.39596],[-92.81471,45.39567],[-92.81385,45.39478],[-92.81238,45.39394],[-92.81285,45.39255],[-92.81353,45.39174],[-92.813,45.39092],[-92.81316,45.38992],[-92.81284,45.3897],[-92.81295,45.38933],[-92.81135,45.38879],[-92.81118,45.38836],[-92.81157,45.38767],[-92.81061,45.38733],[-92.81029,45.38691],[-92.81036,45.38676],[-92.81021,45.38695],[-92.81076,45.38748],[-92.81002,45.3886],[-92.80434,45.38652],[-92.80032,45.38644],[-92.80033,45.38813],[-92.79521,45.38815],[-92.79516,45.38277],[-92.77458,45.38262],[-92.77531,45.41164],[-92.7756,45.46973],[-92.89799,45.46987]],[[-92.86529,45.38403],[-92.86752,45.38403],[-92.86713,45.38471],[-92.86516,45.38471],[-92.86529,45.38403]],[[-92.85554,45.39282],[-92.85671,45.39295],[-92.85674,45.39474],[-92.85601,45.39487],[-92.85461,45.39485],[-92.85461,45.39315],[-92.85554,45.39282]],[[-92.88844,45.39047],[-92.88732,45.39181],[-92.88556,45.39135],[-92.88565,45.39047],[-92.88844,45.39047]],[[-92.88718,45.38537],[-92.88632,45.38654],[-92.88134,45.3868],[-92.88077,45.38603],[-92.88219,45.38537],[-92.88718,45.38537]],[[-92.88444,45.39314],[-92.88419,45.39356],[-92.8834,45.39331],[-92.88383,45.39301],[-92.88444,45.39314]],[[-92.88402,45.39384],[-92.88387,45.39412],[-92.88274,45.39376],[-92.88307,45.39353],[-92.88402,45.39384]],[[-92.8786,45.39557],[-92.87744,45.39591],[-92.87733,45.3926],[-92.87849,45.39259],[-92.8786,45.39557]],[[-92.8782,45.4208],[-92.87259,45.42085],[-92.87007,45.41833],[-92.86541,45.41569],[-92.86421,45.41592],[-92.86244,45.41696],[-92.86244,45.41446],[-92.85728,45.41452],[-92.85706,45.40573],[-92.85415,45.40578],[-92.85415,45.40464],[-92.85706,45.40368],[-92.86511,45.40352],[-92.86725,45.40384],[-92.86804,45.40497],[-92.86687,45.40522],[-92.86324,45.40713],[-92.86583,45.40711],[-92.86588,45.40938],[-92.87051,45.40934],[-92.87397,45.4155],[-92.8781,45.41845],[-92.8782,45.4208]],[[-92.86837,45.38507],[-92.86818,45.38541],[-92.86518,45.38546],[-92.86519,45.38512],[-92.86837,45.38507]],[[-92.8581,45.39715],[-92.85692,45.39716],[-92.85689,45.39639],[-92.85773,45.39638],[-92.8581,45.39715]],[[-92.85642,45.4037],[-92.85386,45.40454],[-92.85334,45.40375],[-92.85642,45.4037]],[[-92.83539,45.42876],[-92.83506,45.42897],[-92.83447,45.4281],[-92.8347,45.4273],[-92.8341,45.42638],[-92.83417,45.42529],[-92.83463,45.42508],[-92.83523,45.42543],[-92.83539,45.42876]],[[-92.80143,45.41295],[-92.80143,45.41353],[-92.79777,45.4152],[-92.79834,45.41546],[-92.79975,45.41478],[-92.80138,45.4163],[-92.80117,45.41678],[-92.7993,45.4172],[-92.79983,45.41681],[-92.79826,45.41667],[-92.79747,45.41694],[-92.79674,45.41647],[-92.79604,45.41694],[-92.79415,45.41653],[-92.79222,45.41703],[-92.79093,45.41657],[-92.78837,45.41712],[-92.78728,45.41675],[-92.78677,45.4158],[-92.7864,45.41581],[-92.78634,45.4155],[-92.78695,45.41486],[-92.78621,45.41345],[-92.7881,45.41234],[-92.78988,45.41221],[-92.79114,45.41169],[-92.79098,45.41107],[-92.79005,45.4115],[-92.78927,45.41084],[-92.78908,45.41006],[-92.78953,45.40926],[-92.79108,45.40915],[-92.79384,45.40978],[-92.79668,45.41107],[-92.79852,45.41269],[-92.8001,45.41316],[-92.80143,45.41295]]],[[[-92.89673,45.29627],[-92.81517,45.29635],[-92.81467,45.31082],[-92.81469,45.32533],[-92.81529,45.3611],[-92.82051,45.36107],[-92.82064,45.35904],[-92.81965,45.35918],[-92.81799,45.35849],[-92.81854,45.3571],[-92.81843,45.35655],[-92.81963,45.35567],[-92.81942,45.35494],[-92.81763,45.35389],[-92.81778,45.35352],[-92.82035,45.35247],[-92.82259,45.35376],[-92.82367,45.35359],[-92.82504,45.35422],[-92.8249,45.35462],[-92.82414,45.35445],[-92.82338,45.35575],[-92.82634,45.35706],[-92.82677,45.3579],[-92.82892,45.35878],[-92.82892,45.35978],[-92.82844,45.36064],[-92.83085,45.36088],[-92.8317,45.36167],[-92.83179,45.36165],[-92.83158,45.36144],[-92.83726,45.36139],[-92.83895,45.36314],[-92.83953,45.36647],[-92.83952,45.36508],[-92.84378,45.36497],[-92.84384,45.3666],[-92.84522,45.3666],[-92.84534,45.3677],[-92.84433,45.36786],[-92.84435,45.36855],[-92.84634,45.36853],[-92.84622,45.36496],[-92.85125,45.36498],[-92.85114,45.3614],[-92.8502,45.3614],[-92.8503,45.36114],[-92.84903,45.36187],[-92.84704,45.36217],[-92.84541,45.36168],[-92.84394,45.36058],[-92.84272,45.36039],[-92.8422,45.3596],[-92.84251,45.35818],[-92.84145,45.35721],[-92.84139,45.35651],[-92.84071,45.35689],[-92.83869,45.3553],[-92.83886,45.35417],[-92.83957,45.35293],[-92.84026,45.3523],[-92.84136,45.35201],[-92.84284,45.35054],[-92.84388,45.3501],[-92.84568,45.35028],[-92.84547,45.35083],[-92.84577,45.3517],[-92.84579,45.35171],[-92.84577,45.35057],[-92.85082,45.35057],[-92.85092,45.35418],[-92.84946,45.35295],[-92.84827,45.35254],[-92.8505,45.35411],[-92.8508,45.35521],[-92.85125,45.3555],[-92.85094,45.35674],[-92.85122,45.35835],[-92.85609,45.35851],[-92.85628,45.365],[-92.8532,45.36499],[-92.8532,45.36559],[-92.85412,45.36559],[-92.85581,45.36734],[-92.85635,45.36735],[-92.85637,45.37223],[-92.85131,45.37227],[-92.85257,45.37247],[-92.85622,45.37408],[-92.85622,45.37513],[-92.85455,45.37512],[-92.85455,45.37585],[-92.85276,45.37585],[-92.85276,45.37614],[-92.85113,45.37723],[-92.84992,45.37743],[-92.85144,45.37725],[-92.85144,45.37795],[-92.84917,45.3785],[-92.84753,45.37974],[-92.84564,45.38216],[-92.8451,45.38354],[-92.84135,45.38362],[-92.84137,45.38402],[-92.84497,45.38398],[-92.84559,45.38261],[-92.84834,45.3792],[-92.84973,45.3784],[-92.85283,45.37779],[-92.85491,45.37833],[-92.85502,45.37794],[-92.85452,45.37779],[-92.85454,45.37751],[-92.85506,45.37715],[-92.8556,45.37782],[-92.85525,45.37803],[-92.85768,45.3771],[-92.85947,45.37771],[-92.86136,45.37733],[-92.86424,45.37789],[-92.86603,45.3776],[-92.86666,45.37735],[-92.86746,45.37578],[-92.86747,45.37547],[-92.8677,45.3753],[-92.86774,45.37523],[-92.86784,45.3752],[-92.86806,45.37505],[-92.87036,45.37456],[-92.8721,45.37338],[-92.87305,45.37352],[-92.87367,45.37397],[-92.87429,45.3725],[-92.87413,45.37227],[-92.87221,45.37105],[-92.87232,45.37127],[-92.87227,45.37127],[-92.87228,45.3713],[-92.87211,45.37127],[-92.8719,45.37127],[-92.87186,45.37122],[-92.87178,45.37121],[-92.87172,45.37106],[-92.87162,45.37094],[-92.87168,45.37094],[-92.87166,45.3709],[-92.87207,45.37094],[-92.8703,45.37006],[-92.86923,45.36857],[-92.86872,45.36643],[-92.86858,45.36677],[-92.86797,45.36688],[-92.86699,45.36625],[-92.86697,45.36615],[-92.8669,45.3661],[-92.86684,45.36554],[-92.86665,45.36468],[-92.86672,45.36454],[-92.8667,45.36435],[-92.86757,45.36257],[-92.86742,45.36234],[-92.86653,45.3617],[-92.86553,45.36168],[-92.86464,45.36102],[-92.86481,45.35922],[-92.86509,45.35895],[-92.86593,45.35922],[-92.866,45.35912],[-92.86607,45.35886],[-92.86602,45.35883],[-92.86416,45.35865],[-92.86331,45.35781],[-92.86307,45.35816],[-92.86336,45.35888],[-92.86414,45.35961],[-92.86378,45.36022],[-92.86304,45.36024],[-92.86247,45.36071],[-92.86134,45.36056],[-92.86063,45.35957],[-92.86018,45.35966],[-92.86054,45.35911],[-92.85973,45.35877],[-92.85932,45.35743],[-92.85846,45.35745],[-92.85768,45.35582],[-92.85723,45.35581],[-92.85728,45.35538],[-92.85793,45.355],[-92.85689,45.35538],[-92.85626,45.35511],[-92.85825,45.35247],[-92.85935,45.35235],[-92.86302,45.35509],[-92.86358,45.35613],[-92.86317,45.35718],[-92.86445,45.35698],[-92.86469,45.3576],[-92.86613,45.35591],[-92.86703,45.35377],[-92.868,45.35342],[-92.86573,45.35306],[-92.86423,45.35126],[-92.86224,45.35057],[-92.86135,45.3506],[-92.86098,45.34987],[-92.86122,45.34862],[-92.86099,45.34814],[-92.86017,45.34832],[-92.86084,45.34864],[-92.85987,45.35047],[-92.8584,45.35049],[-92.85714,45.34848],[-92.8571,45.34767],[-92.85658,45.34808],[-92.85637,45.34744],[-92.85696,45.34631],[-92.85776,45.3466],[-92.85739,45.34745],[-92.85808,45.34712],[-92.8594,45.34767],[-92.85935,45.34664],[-92.85967,45.34606],[-92.86062,45.3454],[-92.86223,45.34523],[-92.86185,45.34509],[-92.86184,45.34473],[-92.86263,45.34353],[-92.86454,45.34267],[-92.86762,45.34218],[-92.86891,45.34249],[-92.8693,45.3438],[-92.86897,45.34433],[-92.8705,45.34513],[-92.87126,45.34676],[-92.87239,45.34779],[-92.87266,45.34871],[-92.8725,45.34946],[-92.87123,45.35139],[-92.87062,45.35167],[-92.87187,45.35222],[-92.87238,45.35299],[-92.86996,45.35348],[-92.87172,45.35424],[-92.87315,45.35351],[-92.8723,45.35314],[-92.87245,45.35299],[-92.87469,45.35329],[-92.87539,45.35386],[-92.87528,45.35471],[-92.87573,45.3558],[-92.87523,45.35641],[-92.87311,45.35653],[-92.87229,45.35571],[-92.87239,45.35514],[-92.87202,45.35514],[-92.8717,45.35563],[-92.87107,45.35668],[-92.87118,45.35823],[-92.8721,45.35846],[-92.87211,45.35862],[-92.87222,45.35866],[-92.87214,45.35887],[-92.87215,45.35902],[-92.87139,45.36077],[-92.87128,45.36104],[-92.87127,45.36104],[-92.87126,45.36106],[-92.87005,45.36146],[-92.87365,45.36076],[-92.87366,45.3604],[-92.87381,45.36029],[-92.87384,45.36023],[-92.87269,45.35995],[-92.87267,45.35909],[-92.87391,45.35765],[-92.87323,45.35711],[-92.8748,45.35708],[-92.87454,45.35748],[-92.87552,45.35745],[-92.87628,45.35923],[-92.87647,45.35952],[-92.87643,45.35958],[-92.8765,45.35973],[-92.87621,45.35992],[-92.87594,45.36032],[-92.87596,45.3604],[-92.87647,45.36026],[-92.87718,45.36003],[-92.87724,45.36006],[-92.87727,45.36005],[-92.87815,45.36047],[-92.87797,45.36095],[-92.87891,45.36113],[-92.87714,45.35952],[-92.87584,45.35763],[-92.8808,45.35759],[-92.87905,45.35439],[-92.87728,45.35437],[-92.87727,45.354],[-92.87594,45.35399],[-92.87554,45.35336],[-92.87849,45.35335],[-92.87748,45.3515],[-92.88158,45.35037],[-92.88295,45.35286],[-92.88497,45.35231],[-92.88489,45.34796],[-92.88845,45.34794],[-92.88853,45.34661],[-92.88487,45.34663],[-92.8848,45.3431],[-92.88455,45.3431],[-92.88471,45.35215],[-92.88299,45.35262],[-92.88167,45.35023],[-92.8803,45.3506],[-92.87972,45.34953],[-92.88164,45.34955],[-92.88148,45.33952],[-92.88237,45.33954],[-92.88345,45.34107],[-92.8837,45.34095],[-92.8837,45.33997],[-92.88505,45.34076],[-92.88297,45.33919],[-92.88259,45.33835],[-92.88261,45.33827],[-92.88258,45.3382],[-92.88264,45.33816],[-92.88272,45.3378],[-92.88261,45.33761],[-92.88291,45.33701],[-92.8833,45.33692],[-92.88339,45.33663],[-92.88343,45.33632],[-92.8835,45.33624],[-92.88352,45.33618],[-92.88382,45.3359],[-92.88417,45.33552],[-92.88436,45.33539],[-92.88466,45.33511],[-92.88479,45.3351],[-92.88511,45.33488],[-92.88585,45.335],[-92.88594,45.33437],[-92.88602,45.33446],[-92.88607,45.33432],[-92.88639,45.33485],[-92.88821,45.33333],[-92.88856,45.33324],[-92.88877,45.33308],[-92.89203,45.33231],[-92.89489,45.33277],[-92.89624,45.33332],[-92.8964,45.33348],[-92.89649,45.32869],[-92.89471,45.32869],[-92.89521,45.32772],[-92.89657,45.3213],[-92.89673,45.29627]],[[-92.88764,45.34734],[-92.88764,45.34763],[-92.88488,45.34765],[-92.88488,45.34736],[-92.88764,45.34734]],[[-92.88008,45.35055],[-92.87862,45.35093],[-92.87662,45.35095],[-92.8766,45.34976],[-92.87965,45.34974],[-92.88008,45.35055]],[[-92.87939,45.34946],[-92.8766,45.34958],[-92.87656,45.34676],[-92.87806,45.34675],[-92.87939,45.34946]],[[-92.87023,45.30058],[-92.87007,45.30188],[-92.86923,45.30272],[-92.86768,45.30336],[-92.86577,45.30343],[-92.86479,45.30313],[-92.86382,45.30215],[-92.86419,45.30142],[-92.86389,45.30103],[-92.8654,45.29927],[-92.86673,45.2997],[-92.86815,45.29911],[-92.87023,45.30058]],[[-92.85847,45.35776],[-92.85825,45.35858],[-92.85636,45.35861],[-92.85634,45.35779],[-92.85847,45.35776]],[[-92.85821,45.29954],[-92.85753,45.30087],[-92.8574,45.30233],[-92.85701,45.30238],[-92.85642,45.30171],[-92.85399,45.30064],[-92.85276,45.29954],[-92.85315,45.2987],[-92.8525,45.2984],[-92.85253,45.29792],[-92.85377,45.29726],[-92.85668,45.29934],[-92.85821,45.29954]],[[-92.85335,45.32916],[-92.85226,45.33025],[-92.85082,45.33061],[-92.85051,45.33106],[-92.84975,45.33072],[-92.84749,45.33032],[-92.84647,45.32895],[-92.84761,45.32728],[-92.84883,45.32651],[-92.84984,45.3265],[-92.85095,45.32731],[-92.85242,45.32747],[-92.85335,45.32916]],[[-92.85291,45.35669],[-92.85119,45.35668],[-92.85156,45.3557],[-92.85123,45.35513],[-92.85287,45.35513],[-92.85291,45.35669]],[[-92.84191,45.30112],[-92.83995,45.3036],[-92.84147,45.30388],[-92.8416,45.3047],[-92.84043,45.30455],[-92.83913,45.3055],[-92.83814,45.30548],[-92.8386,45.30492],[-92.83761,45.30394],[-92.83825,45.30337],[-92.83889,45.30327],[-92.83881,45.30308],[-92.83744,45.30276],[-92.83566,45.30318],[-92.83464,45.30271],[-92.83208,45.30247],[-92.83185,45.30208],[-92.83232,45.30099],[-92.8332,45.30097],[-92.83493,45.30017],[-92.83704,45.30008],[-92.83772,45.30049],[-92.83767,45.30101],[-92.83801,45.30063],[-92.83898,45.30045],[-92.84191,45.30112]],[[-92.83832,45.32504],[-92.83633,45.32567],[-92.83679,45.32541],[-92.83659,45.32496],[-92.83469,45.32443],[-92.83383,45.32514],[-92.83354,45.32455],[-92.83301,45.32435],[-92.8317,45.32491],[-92.83105,45.32484],[-92.82992,45.32403],[-92.83057,45.32257],[-92.82938,45.32176],[-92.82874,45.32222],[-92.82513,45.32178],[-92.8256,45.32215],[-92.8253,45.32235],[-92.82538,45.32274],[-92.82291,45.32253],[-92.82525,45.32351],[-92.82418,45.32441],[-92.82341,45.32562],[-92.82222,45.32618],[-92.82381,45.32644],[-92.82437,45.32684],[-92.82318,45.32664],[-92.82177,45.32719],[-92.82046,45.32809],[-92.81992,45.32887],[-92.81896,45.32818],[-92.818,45.32804],[-92.81816,45.327],[-92.81894,45.32669],[-92.81928,45.32625],[-92.81862,45.32539],[-92.81871,45.32473],[-92.81814,45.32433],[-92.81749,45.32464],[-92.81727,45.32405],[-92.81738,45.32281],[-92.81824,45.32206],[-92.81971,45.32148],[-92.82031,45.32287],[-92.82111,45.32305],[-92.82208,45.32257],[-92.82226,45.32157],[-92.82114,45.32079],[-92.82201,45.32034],[-92.82308,45.32081],[-92.8229,45.32022],[-92.82315,45.32017],[-92.82373,45.3203],[-92.82371,45.32083],[-92.82441,45.32137],[-92.82602,45.32104],[-92.82788,45.32178],[-92.82895,45.32164],[-92.8296,45.32118],[-92.82919,45.32016],[-92.83,45.31885],[-92.83162,45.31798],[-92.83294,45.31833],[-92.83328,45.31874],[-92.83281,45.31947],[-92.83328,45.31993],[-92.83209,45.32082],[-92.83371,45.32149],[-92.83574,45.32159],[-92.83452,45.32217],[-92.83484,45.32279],[-92.83468,45.32313],[-92.83392,45.32305],[-92.83254,45.32165],[-92.83208,45.32155],[-92.83191,45.32209],[-92.83105,45.32259],[-92.83096,45.32323],[-92.83041,45.3235],[-92.83043,45.32383],[-92.83169,45.32369],[-92.83133,45.3243],[-92.83155,45.32442],[-92.83498,45.32343],[-92.83583,45.32379],[-92.8368,45.32375],[-92.83723,45.32415],[-92.83629,45.32475],[-92.83767,45.32452],[-92.83832,45.32504]],[[-92.83459,45.34532],[-92.83399,45.34633],[-92.83422,45.34674],[-92.83264,45.34702],[-92.83164,45.34682],[-92.8283,45.34686],[-92.82721,45.34634],[-92.82678,45.34566],[-92.82705,45.34446],[-92.82893,45.34322],[-92.83006,45.34147],[-92.83134,45.34164],[-92.83197,45.34132],[-92.83285,45.34177],[-92.83319,45.34222],[-92.8327,45.34427],[-92.83357,45.34524],[-92.8338,45.34491],[-92.83459,45.34532]],[[-92.83147,45.30161],[-92.83013,45.30238],[-92.82998,45.30335],[-92.82889,45.30394],[-92.82833,45.30359],[-92.82871,45.30253],[-92.82979,45.30179],[-92.83147,45.30161]],[[-92.82438,45.30545],[-92.82338,45.30554],[-92.82137,45.30481],[-92.82072,45.30437],[-92.81978,45.30437],[-92.81645,45.30312],[-92.81499,45.302],[-92.81512,45.30122],[-92.81628,45.30037],[-92.81742,45.30021],[-92.81862,45.30092],[-92.81936,45.30094],[-92.82013,45.30223],[-92.82101,45.30254],[-92.82222,45.30357],[-92.82319,45.30385],[-92.82438,45.30545]]],[[[-92.89093,45.36923],[-92.89085,45.36922],[-92.89085,45.36922],[-92.89093,45.36923]]],[[[-92.89085,45.35979],[-92.89061,45.35972],[-92.89073,45.35978],[-92.89085,45.35979]]],[[[-92.88833,45.35142],[-92.88832,45.35106],[-92.88828,45.35154],[-92.88833,45.35142]]],[[[-92.8875,45.3683],[-92.88643,45.37023],[-92.88643,45.37049],[-92.88748,45.36845],[-92.8875,45.3683]]],[[[-92.88704,45.36657],[-92.88418,45.36274],[-92.88386,45.36258],[-92.88635,45.36599],[-92.88704,45.36657]]],[[[-92.88686,45.35159],[-92.88671,45.35098],[-92.88673,45.3516],[-92.88686,45.35159]]],[[[-92.8852,45.36991],[-92.88513,45.36977],[-92.88494,45.36949],[-92.88428,45.37008],[-92.88465,45.36994],[-92.8851,45.36993],[-92.8852,45.36991]]],[[[-92.88293,45.36213],[-92.8821,45.36172],[-92.8803,45.3614],[-92.88169,45.36167],[-92.88293,45.36213]]],[[[-92.88062,45.35349],[-92.88049,45.35327],[-92.87938,45.35357],[-92.87951,45.35378],[-92.88062,45.35349]]],[[[-92.87995,45.38286],[-92.87975,45.38307],[-92.87992,45.38306],[-92.87995,45.38286]]],[[[-92.87817,45.38339],[-92.87738,45.38303],[-92.87763,45.38327],[-92.87817,45.38339]]],[[[-92.87498,45.37566],[-92.87402,45.3756],[-92.87491,45.37567],[-92.87498,45.37566]]],[[[-92.87476,45.36026],[-92.87423,45.36033],[-92.87457,45.36047],[-92.87476,45.36026]]],[[[-92.87427,45.38932],[-92.87386,45.38932],[-92.8741,45.38948],[-92.87427,45.38932]]],[[[-92.87416,45.38982],[-92.87406,45.38963],[-92.87353,45.38953],[-92.87355,45.38981],[-92.87297,45.38992],[-92.87276,45.39035],[-92.87327,45.39065],[-92.8738,45.39049],[-92.87367,45.38999],[-92.87416,45.38982]]],[[[-92.87378,45.36038],[-92.87366,45.3604],[-92.87377,45.36041],[-92.87378,45.36038]]],[[[-92.87373,45.39085],[-92.8737,45.39078],[-92.87354,45.39084],[-92.87373,45.39085]]],[[[-92.87352,45.39129],[-92.8728,45.39134],[-92.87302,45.39165],[-92.87352,45.39129]]],[[[-92.87317,45.38955],[-92.87298,45.38939],[-92.87308,45.38957],[-92.87317,45.38955]]],[[[-92.87271,45.38986],[-92.87261,45.38973],[-92.87252,45.3898],[-92.87271,45.38986]]],[[[-92.87202,45.39106],[-92.87179,45.39117],[-92.87202,45.39117],[-92.87202,45.39106]]],[[[-92.87066,45.38925],[-92.87056,45.38909],[-92.87031,45.38904],[-92.87066,45.38925]]],[[[-92.86613,45.38789],[-92.86612,45.38759],[-92.86553,45.38836],[-92.86613,45.38789]]],[[[-92.86569,45.3517],[-92.8654,45.35121],[-92.86512,45.35152],[-92.86544,45.35181],[-92.86569,45.3517]]],[[[-92.86541,45.38845],[-92.8647,45.38882],[-92.86203,45.38868],[-92.86485,45.38889],[-92.86541,45.38845]]],[[[-92.86204,45.39186],[-92.86203,45.39167],[-92.86041,45.39217],[-92.86204,45.39186]]],[[[-92.86116,45.35761],[-92.86048,45.35738],[-92.86094,45.35809],[-92.86116,45.35761]]],[[[-92.86071,45.38968],[-92.8607,45.38929],[-92.85991,45.38899],[-92.86058,45.38932],[-92.86059,45.38965],[-92.85987,45.38955],[-92.85973,45.38903],[-92.85983,45.38957],[-92.86043,45.38975],[-92.86071,45.38968]]],[[[-92.86008,45.38858],[-92.85919,45.38853],[-92.85919,45.3889],[-92.85869,45.38921],[-92.8555,45.38982],[-92.85514,45.38999],[-92.8583,45.38945],[-92.86008,45.38858]]],[[[-92.85309,45.39106],[-92.85208,45.39116],[-92.85293,45.39122],[-92.85291,45.3924],[-92.85309,45.39217],[-92.85309,45.39106]]],[[[-92.853,45.40217],[-92.85269,45.40207],[-92.8527,45.40211],[-92.853,45.40217]]],[[[-92.8523,45.40303],[-92.85206,45.40265],[-92.85204,45.40284],[-92.8523,45.40303]]],[[[-92.85084,45.35982],[-92.85078,45.35973],[-92.85074,45.36007],[-92.85084,45.35982]]],[[[-92.85047,45.38776],[-92.84962,45.38797],[-92.84994,45.38797],[-92.85047,45.38776]]],[[[-92.84998,45.35456],[-92.84995,45.35454],[-92.84937,45.35578],[-92.84993,45.35508],[-92.84998,45.35456]]],[[[-92.84872,45.35335],[-92.84868,45.35332],[-92.84846,45.35321],[-92.84872,45.35335]]],[[[-92.84859,45.38797],[-92.84813,45.38794],[-92.84822,45.38797],[-92.84859,45.38797]]],[[[-92.84836,45.35237],[-92.84794,45.35214],[-92.84778,45.35229],[-92.84836,45.35237]]],[[[-92.848,45.40034],[-92.84772,45.40017],[-92.84776,45.40025],[-92.848,45.40034]]],[[[-92.84785,45.3521],[-92.8472,45.35183],[-92.84761,45.3522],[-92.84785,45.3521]]],[[[-92.84757,45.39327],[-92.84733,45.39389],[-92.84755,45.39363],[-92.84757,45.39327]]],[[[-92.84732,45.3972],[-92.84725,45.39681],[-92.84728,45.39705],[-92.84675,45.39821],[-92.84682,45.39836],[-92.84732,45.3972]]],[[[-92.84578,45.38661],[-92.84525,45.38594],[-92.84527,45.3861],[-92.84578,45.38661]]],[[[-92.84245,45.37958],[-92.84152,45.37939],[-92.84146,45.3798],[-92.8424,45.37999],[-92.84245,45.37958]]],[[[-92.84182,45.37519],[-92.84166,45.3724],[-92.84161,45.37519],[-92.84182,45.37519]]],[[[-92.84178,45.37192],[-92.84156,45.36983],[-92.83976,45.36737],[-92.83978,45.36778],[-92.84121,45.36957],[-92.84037,45.36971],[-92.84011,45.36879],[-92.8396,45.36867],[-92.8402,45.36991],[-92.84133,45.36979],[-92.84155,45.37192],[-92.84178,45.37192]]],[[[-92.83954,45.37102],[-92.83903,45.36981],[-92.83952,45.37124],[-92.83954,45.37102]]],[[[-92.83947,45.37392],[-92.83924,45.37384],[-92.83909,45.37424],[-92.83947,45.37392]]],[[[-92.83944,45.37199],[-92.83937,45.37237],[-92.83797,45.37416],[-92.83808,45.3742],[-92.83807,45.37413],[-92.8394,45.3724],[-92.83944,45.37199]]],[[[-92.83848,45.36851],[-92.83841,45.36835],[-92.83828,45.36826],[-92.83848,45.36851]]],[[[-92.83815,45.37519],[-92.83813,45.37489],[-92.83648,45.37479],[-92.83635,45.37475],[-92.83635,45.37519],[-92.83815,45.37519]]],[[[-92.83739,45.36764],[-92.83671,45.36717],[-92.83659,45.36721],[-92.83739,45.36764]]],[[[-92.83628,45.38601],[-92.83271,45.38609],[-92.83628,45.3861],[-92.83628,45.38601]]],[[[-92.83621,45.39949],[-92.8362,45.39849],[-92.83614,45.3995],[-92.83621,45.39949]]],[[[-92.83576,45.3675],[-92.83488,45.36781],[-92.83523,45.36778],[-92.83576,45.3675]]],[[[-92.83454,45.40106],[-92.83384,45.40174],[-92.83329,45.40189],[-92.83396,45.40353],[-92.83373,45.40224],[-92.83454,45.40106]]],[[[-92.83428,45.41089],[-92.83332,45.4102],[-92.83204,45.40921],[-92.8316,45.40974],[-92.83149,45.41058],[-92.83428,45.41089]]],[[[-92.83421,45.39881],[-92.83413,45.3985],[-92.83413,45.3987],[-92.83277,45.4014],[-92.83205,45.40131],[-92.83276,45.40145],[-92.83421,45.39881]]],[[[-92.83412,45.39243],[-92.83409,45.39202],[-92.83383,45.392],[-92.83384,45.3923],[-92.83165,45.39281],[-92.83143,45.3917],[-92.83151,45.39292],[-92.82916,45.39357],[-92.82916,45.39357],[-92.83412,45.39243]]],[[[-92.834,45.40373],[-92.83399,45.40366],[-92.83368,45.40399],[-92.834,45.40373]]],[[[-92.83396,45.39778],[-92.83388,45.39747],[-92.83368,45.39741],[-92.83396,45.39778]]],[[[-92.83391,45.38928],[-92.83308,45.38848],[-92.83075,45.38722],[-92.82805,45.3874],[-92.82771,45.38676],[-92.82774,45.38773],[-92.82675,45.38756],[-92.82649,45.38811],[-92.82673,45.38849],[-92.82575,45.38914],[-92.82482,45.38923],[-92.82493,45.38927],[-92.82579,45.38927],[-92.8269,45.38858],[-92.82714,45.38872],[-92.82735,45.38847],[-92.82706,45.38813],[-92.8273,45.3881],[-92.82937,45.39003],[-92.83102,45.39055],[-92.83275,45.39046],[-92.8339,45.38986],[-92.83391,45.38928]]],[[[-92.8334,45.39779],[-92.8329,45.39753],[-92.83293,45.39775],[-92.8334,45.39779]]],[[[-92.8334,45.40423],[-92.83309,45.40429],[-92.83331,45.4043],[-92.8334,45.40423]]],[[[-92.83299,45.38392],[-92.83292,45.38394],[-92.83291,45.38397],[-92.83299,45.38392]]],[[[-92.83298,45.38175],[-92.83255,45.38145],[-92.83267,45.38172],[-92.83198,45.3816],[-92.83172,45.38184],[-92.83173,45.38189],[-92.83298,45.38175]]],[[[-92.83286,45.39714],[-92.83223,45.39694],[-92.83252,45.39714],[-92.83286,45.39714]]],[[[-92.83266,45.36254],[-92.83248,45.36236],[-92.8326,45.36271],[-92.83266,45.36254]]],[[[-92.83243,45.38137],[-92.8324,45.38135],[-92.8317,45.38139],[-92.83243,45.38137]]],[[[-92.83213,45.38394],[-92.83195,45.38371],[-92.83175,45.38435],[-92.83213,45.38394]]],[[[-92.83201,45.40426],[-92.83182,45.40423],[-92.83019,45.40344],[-92.83045,45.40248],[-92.83004,45.40339],[-92.83184,45.40425],[-92.83201,45.40426]]],[[[-92.83199,45.39678],[-92.83124,45.39594],[-92.83133,45.39633],[-92.83199,45.39678]]],[[[-92.8313,45.37513],[-92.83125,45.37521],[-92.8313,45.37517],[-92.8313,45.37513]]],[[[-92.83109,45.39578],[-92.83106,45.39574],[-92.83071,45.3957],[-92.83109,45.39578]]],[[[-92.83048,45.40111],[-92.83009,45.40106],[-92.83043,45.40199],[-92.83034,45.40122],[-92.83048,45.40111]]],[[[-92.83031,45.39562],[-92.83027,45.39544],[-92.83009,45.39558],[-92.83031,45.39562]]],[[[-92.82997,45.39552],[-92.82866,45.39501],[-92.82736,45.39556],[-92.82625,45.39541],[-92.82825,45.39667],[-92.82735,45.39793],[-92.8286,45.39845],[-92.82926,45.39831],[-92.82958,45.39789],[-92.82878,45.39765],[-92.82832,45.39674],[-92.82867,45.39618],[-92.82997,45.39552]]],[[[-92.82993,45.36798],[-92.82935,45.36807],[-92.82993,45.36812],[-92.82993,45.36798]]],[[[-92.82991,45.36526],[-92.82651,45.36556],[-92.82583,45.36468],[-92.82046,45.36471],[-92.82046,45.36219],[-92.81575,45.36192],[-92.81528,45.3625],[-92.8154,45.37379],[-92.81614,45.37479],[-92.81542,45.3758],[-92.81544,45.37812],[-92.81617,45.37862],[-92.8171,45.38062],[-92.81626,45.38207],[-92.81711,45.38262],[-92.81689,45.38356],[-92.8181,45.384],[-92.81854,45.38369],[-92.81861,45.38244],[-92.81948,45.38116],[-92.81619,45.37815],[-92.81591,45.37698],[-92.81609,45.37637],[-92.81712,45.37502],[-92.82104,45.37358],[-92.82185,45.37128],[-92.82326,45.3698],[-92.82622,45.36868],[-92.82553,45.36871],[-92.82629,45.3682],[-92.82743,45.36804],[-92.82689,45.36798],[-92.82687,45.36558],[-92.82986,45.36528],[-92.82991,45.36526]]],[[[-92.82883,45.39043],[-92.82687,45.38938],[-92.82613,45.39007],[-92.82682,45.38958],[-92.82883,45.39043]]],[[[-92.82881,45.36789],[-92.82835,45.36785],[-92.82835,45.36799],[-92.82881,45.36789]]],[[[-92.82852,45.39362],[-92.82807,45.39345],[-92.82826,45.39366],[-92.82852,45.39362]]],[[[-92.82798,45.38584],[-92.82789,45.38513],[-92.82734,45.38576],[-92.82798,45.38584]]],[[[-92.82783,45.38469],[-92.82782,45.38462],[-92.82737,45.38395],[-92.82737,45.38403],[-92.82783,45.38469]]],[[[-92.82781,45.36799],[-92.8278,45.36785],[-92.82761,45.36788],[-92.82781,45.36799]]],[[[-92.82758,45.41428],[-92.827,45.41405],[-92.82673,45.41429],[-92.82704,45.41439],[-92.82758,45.41428]]],[[[-92.82754,45.38643],[-92.82741,45.38619],[-92.8272,45.38635],[-92.82754,45.38643]]],[[[-92.82711,45.38573],[-92.82646,45.38458],[-92.82644,45.38457],[-92.827,45.38572],[-92.82711,45.38573]]],[[[-92.8271,45.38642],[-92.82676,45.38668],[-92.82647,45.38658],[-92.82657,45.38686],[-92.8271,45.38642]]],[[[-92.82685,45.39209],[-92.82635,45.39069],[-92.82573,45.39074],[-92.82546,45.3903],[-92.8246,45.3901],[-92.82419,45.39025],[-92.82469,45.39015],[-92.82567,45.39083],[-92.82639,45.39087],[-92.82675,45.39198],[-92.82685,45.39209]]],[[[-92.82608,45.40171],[-92.8256,45.40175],[-92.82586,45.40179],[-92.82608,45.40171]]],[[[-92.82579,45.39315],[-92.82548,45.39234],[-92.8252,45.39244],[-92.82422,45.39172],[-92.82376,45.39176],[-92.8247,45.39209],[-92.82573,45.3932],[-92.82579,45.39315]]],[[[-92.82567,45.38568],[-92.82555,45.38555],[-92.82555,45.38564],[-92.82567,45.38568]]],[[[-92.82541,45.39216],[-92.82517,45.3921],[-92.82527,45.39231],[-92.82541,45.39216]]],[[[-92.82513,45.40632],[-92.82493,45.40552],[-92.82437,45.40511],[-92.82486,45.40554],[-92.82513,45.40632]]],[[[-92.82471,45.32152],[-92.82437,45.32157],[-92.82461,45.32172],[-92.82471,45.32152]]],[[[-92.82417,45.32153],[-92.82364,45.32135],[-92.82256,45.32164],[-92.82407,45.32229],[-92.82386,45.32183],[-92.82417,45.32153]]],[[[-92.82407,45.40484],[-92.823,45.40298],[-92.8225,45.4025],[-92.82396,45.40475],[-92.82407,45.40484]]],[[[-92.82373,45.39362],[-92.82308,45.39344],[-92.82333,45.3936],[-92.82373,45.39362]]],[[[-92.82355,45.3905],[-92.82351,45.39051],[-92.82349,45.39059],[-92.82355,45.3905]]],[[[-92.82351,45.39767],[-92.82234,45.3978],[-92.82258,45.39786],[-92.82345,45.39787],[-92.82351,45.39767]]],[[[-92.82268,45.39269],[-92.8222,45.39289],[-92.82247,45.39306],[-92.82268,45.39269]]],[[[-92.82231,45.40168],[-92.82219,45.40202],[-92.8222,45.40204],[-92.82231,45.40168]]],[[[-92.82191,45.39768],[-92.81959,45.39694],[-92.81967,45.39706],[-92.82191,45.39768]]],[[[-92.82163,45.40435],[-92.82112,45.40487],[-92.82115,45.40496],[-92.82163,45.40435]]],[[[-92.82147,45.4063],[-92.82098,45.40555],[-92.82081,45.4063],[-92.81984,45.40651],[-92.82018,45.40717],[-92.82138,45.40709],[-92.82147,45.4063]]],[[[-92.82116,45.39086],[-92.82102,45.39057],[-92.82089,45.39056],[-92.82116,45.39086]]],[[[-92.81993,45.38771],[-92.81908,45.38718],[-92.81838,45.38721],[-92.81763,45.38769],[-92.81784,45.38771],[-92.81903,45.3875],[-92.81993,45.38771]]],[[[-92.81926,45.30268],[-92.81894,45.30241],[-92.81849,45.30259],[-92.81923,45.30309],[-92.81926,45.30268]]],[[[-92.8186,45.39089],[-92.8186,45.39087],[-92.81857,45.39091],[-92.8186,45.39089]]],[[[-92.81822,45.39007],[-92.81748,45.38988],[-92.81798,45.39012],[-92.81553,45.39005],[-92.8157,45.3902],[-92.81573,45.39069],[-92.81822,45.39031],[-92.81822,45.39007]]],[[[-92.81787,45.39721],[-92.81783,45.3972],[-92.81577,45.39749],[-92.81579,45.39973],[-92.81733,45.39975],[-92.81733,45.39977],[-92.81739,45.39935],[-92.81606,45.3983],[-92.81644,45.39753],[-92.81787,45.39721]]],[[[-92.81653,45.38934],[-92.8164,45.38936],[-92.81651,45.38941],[-92.81649,45.38938],[-92.81653,45.38934]]],[[[-92.81447,45.38519],[-92.81427,45.38437],[-92.81428,45.38477],[-92.81447,45.38519]]],[[[-92.81415,45.3839],[-92.81414,45.38386],[-92.81397,45.38384],[-92.81415,45.3839]]],[[[-92.81318,45.38461],[-92.81317,45.38456],[-92.81317,45.38456],[-92.81318,45.38461]]],[[[-92.81273,45.38777],[-92.8127,45.38771],[-92.81269,45.38773],[-92.81273,45.38777]]],[[[-92.81064,45.38618],[-92.80899,45.38562],[-92.80796,45.38562],[-92.80796,45.38562],[-92.80961,45.38584],[-92.81059,45.38628],[-92.81064,45.38618]]],[[[-92.8087,45.38659],[-92.80868,45.38655],[-92.80745,45.38698],[-92.80773,45.38701],[-92.8087,45.38659]]],[[[-92.80864,45.38262],[-92.80822,45.38262],[-92.80816,45.38264],[-92.80858,45.38271],[-92.80864,45.38262]]],[[[-92.80846,45.38613],[-92.80846,45.38613],[-92.80846,45.38613],[-92.80846,45.38613]]],[[[-92.80641,45.38627],[-92.80614,45.38574],[-92.80614,45.38589],[-92.80641,45.38627]]],[[[-92.80554,45.3852],[-92.804,45.38423],[-92.80387,45.38339],[-92.80463,45.38266],[-92.79516,45.38277],[-92.79777,45.38342],[-92.80333,45.38604],[-92.80494,45.38493],[-92.80554,45.3852]]]]}},
{"type":"Feature","id":"2393526","properties":{"id":"2393526","name":"Circle Pines","kind":"city","counties":["Anoka"],"population":4915,"label":[-93.15052,45.14091]},"geometry":{"type":"MultiPolygon","coordinates":[[[[-93.16359,45.13889],[-93.15842,45.13879],[-93.15864,45.12764],[-93.15352,45.12761],[-93.15355,45.12423],[-93.14317,45.1242],[-93.14313,45.12786],[-93.14345,45.12798],[-93.14368,45.12764],[-93.14447,45.12844],[-93.14937,45.12908],[-93.14977,45.12866],[-93.15001,45.1288],[-93.14964,45.12948],[-93.14648,45.12939],[-93.14506,45.12958],[-93.14478,45.12989],[-93.14512,45.13045],[-93.14723,45.1309],[-93.14642,45.13243],[-93.14556,45.13286],[-93.14509,45.13354],[-93.14597,45.13591],[-93.14526,45.13796],[-93.14647,45.13967],[-93.14663,45.14077],[-93.14568,45.14098],[-93.14522,45.13998],[-93.14366,45.13993],[-93.14168,45.13883],[-93.1413,45.13884],[-93.14017,45.13994],[-93.14028,45.14249],[-93.13943,45.14328],[-93.13775,45.14359],[-93.13773,45.14358],[-93.1377,45.15305],[-93.14296,45.15304],[-93.16335,45.15327],[-93.16359,45.13889]],[[-93.15734,45.13999],[-93.15686,45.14095],[-93.15576,45.14178],[-93.15473,45.14203],[-93.15367,45.1417],[-93.15318,45.14099],[-93.15167,45.14036],[-93.14972,45.13865],[-93.15021,45.13778],[-93.15144,45.13676],[-93.14984,45.13567],[-93.15025,45.13527],[-93.15157,45.13486],[-93.15266,45.13515],[-93.15366,45.13666],[-93.15215,45.1376],[-93.15558,45.13838],[-93.1568,45.13909],[-93.15734,45.13999]]],[[[-93.14667,45.13117],[-93.14471,45.13077],[-93.14414,45.13032],[-93.14342,45.12856],[-93.14313,45.12833],[-93.14302,45.13857],[-93.14175,45.13857],[-93.14367,45.13944],[-93.14524,45.13577],[-93.14426,45.13414],[-93.14412,45.13305],[-93.14617,45.13211],[-93.14667,45.13117]]],[[[-93.14165,45.13858],[-93.14148,45.13858],[-93.14147,45.13866],[-93.14165,45.13858]]],[[[-93.13787,45.13871],[-93.13779,45.13859],[-93.13775,45.13859],[-93.13775,45.13863],[-93.13775,45.13881],[-93.13775,45.13896],[-93.13786,45.13886],[-93.13781,45.13876],[-93.13787,45.13871]]]]}},
{"type":"Feature","id":"2393579","properties":{"id":"2393579","name":"Coates","kind":"city","counties":["Dakota"],"population":144,"label":[-93.03204,44.71512]},"geometry":{"type":"MultiPolygon","coordinates":[[[[-93.04498,44.72585],[-93.04496,44.71005],[-93.03479,44.71001],[-93.0348,44.70273],[-93.02506,44.70268],[-93.02516,44.71007],[-93.01505,44.71001],[-93.01509,44.71712],[-93.02555,44.71718],[-93.02582,44.72444],[-93.03489,44.72453],[-93.0349,44.7259],[-93.04498,44.72585]],[[-93.0303,44.70634],[-93.02913,44.70432],[-93.03054,44.70635],[-93.0303,44.70634]],[[-93.02917,44.70634],[-93.02833,44.70455],[-93.02936,44.70634],[-93.02917,44.70634]]]]}},
{"type":"Feature","id":"2393601","properties":{"id":"2393601","name":"Cologne","kind":"city","counties":["Carver"],"population":2062,"label":[-93.78745,44.77418]},"geometry":{"type":"MultiPolygon","coordinates":[[[[-93.81855,44.7676],[-93.81846,44.76639],[-93.8084,44.7669],[-93.80841,44.76763],[-93.81855,44.7676]]],[[[-93.81852,44.7661],[-93.81839,44.76186],[-93.81756,44.76186],[-93.81752,44.76049],[-93.81197,44.76053],[-93.81197,44.76162],[-93.81096,44.76161],[-93.81095,44.76052],[-93.80635,44.76052],[-93.80627,44.76216],[-93.80443,44.76213],[-93.80446,44.7605],[-93.79964,44.76042],[-93.79964,44.7614],[-93.79829,44.7614],[-93.7983,44.7604],[-93.79599,44.76037],[-93.79597,44.76135],[-93.79514,44.76134],[-93.79512,44.76036],[-93.78187,44.76034],[-93.78129,44.76143],[-93.78151,44.76438],[-93.78206,44.76492],[-93.78349,44.76488],[-93.78343,44.76513],[-93.7875,44.76616],[-93.79041,44.76749],[-93.79548,44.76701],[-93.80132,44.76699],[-93.81852,44.7661]]],[[[-93.80335,44.76708],[-93.79829,44.76747],[-93.80335,44.7673],[-93.80335,44.76708]]],[[[-93.79824,44.76801],[-93.79619,44.76773],[-93.79181,44.76792],[-93.78846,44.76852],[-93.78863,44.76909],[-93.78808,44.76909],[-93.78808,44.76708],[-93.78636,44.76641],[-93.78636,44.76757],[-93.78386,44.76757],[-93.78383,44.76567],[-93.77858,44.76572],[-93.77719,44.76603],[-93.7773,44.76962],[-93.77546,44.77002],[-93.77603,44.77011],[-93.77604,44.7704],[-93.7771,44.77016],[-93.77679,44.77031],[-93.77686,44.77131],[-93.77774,44.77133],[-93.77776,44.7818],[-93.78801,44.78165],[-93.78803,44.77947],[-93.7906,44.77946],[-93.79052,44.78161],[-93.79819,44.7815],[-93.79824,44.76801]],[[-93.78821,44.77548],[-93.78718,44.77643],[-93.78432,44.77666],[-93.78157,44.77546],[-93.78102,44.7744],[-93.7813,44.77361],[-93.78232,44.77274],[-93.7845,44.77307],[-93.78663,44.77282],[-93.78821,44.77548]]],[[[-93.78125,44.76029],[-93.78038,44.7603],[-93.78057,44.76468],[-93.781,44.7644],[-93.78078,44.76152],[-93.78105,44.76057],[-93.78125,44.76029]]]]}},
{"type":"Feature","id":"2393607","properties":{"id":"2393607","name":"Columbia Heights","kind":"city","counties":["Anoka"],"population":21592,"label":[-93.2472,45.04855]},"geometry":{"type":"MultiPolygon","coordinates":[[[[-93.27209,45.04095],[-93.27204,45.03551],[-93.22692,45.03564],[-93.22694,45.04212],[-93.22833,45.04289],[-93.22763,45.0457],[-93.22695,45.04575],[-93.22699,45.06163],[-93.24742,45.06164],[-93.24742,45.06449],[-93.26265,45.06445],[-93.26251,45.05001],[-93.2681,45.05],[-93.26778,45.04093],[-93.27209,45.04095]],[[-93.25266,45.05724],[-93.24743,45.05719],[-93.24735,45.04994],[-93.25259,45.05003],[-93.25266,45.05724]]]]}},
{"type":"Feature","id":"2393610","properties":{"id":"2393610","name":"Columbus","kind":"city","counties":["Anoka"],"population":4172,"label":[-93.08099,45.26843]},"geometry":{"type":"MultiPolygon","coordinates":[[[[-93.14279,45.32627],[-93.14278,45.32371],[-93.14264,45.3239],[-93.14013,45.32493],[-93.13825,45.325],[-93.13653,45.32484],[-93.1343,45.32412],[-93.1326,45.32243],[-93.13244,45.32204],[-93.13288,45.32171],[-93.13217,45.31938],[-93.13317,45.317],[-93.13553,45.315],[-93.13964,45.31345],[-93.14261,45.31345],[-93.14237,45.30454],[-93.14218,45.26876],[-93.14235,45.21096],[-93.06934,45.21083],[-93.0692,45.21133],[-93.06966,45.21167],[-93.06949,45.21193],[-93.06895,45.21321],[-93.06886,45.21455],[-93.06841,45.21452],[-93.06734,45.21584],[-93.06581,45.21599],[-93.06606,45.2155],[-93.06549,45.21541],[-93.06527,45.21472],[-93.06455,45.21464],[-93.06484,45.21426],[-93.0644,45.21421],[-93.06385,45.2135],[-93.064,45.21287],[-93.06326,45.21232],[-93.06328,45.21143],[-93.06233,45.21091],[-93.06225,45.21082],[-93.0197,45.21075],[-93.01936,45.2396],[-93.01948,45.26028],[-93.01952,45.26028],[-93.02458,45.26243],[-93.0253,45.26329],[-93.02535,45.26386],[-93.02625,45.26413],[-93.0269,45.26503],[-93.02773,45.26506],[-93.02748,45.26546],[-93.02779,45.26598],[-93.02849,45.26598],[-93.02839,45.26639],[-93.0273,45.2664],[-93.02765,45.26725],[-93.02941,45.26721],[-93.028,45.26751],[-93.02733,45.26817],[-93.02587,45.26818],[-93.02154,45.26721],[-93.01952,45.26724],[-93.01969,45.29578],[-93.02102,45.29537],[-93.02339,45.29425],[-93.02591,45.2944],[-93.02726,45.29523],[-93.02675,45.29625],[-93.02675,45.29726],[-93.02441,45.29989],[-93.0235,45.29991],[-93.02213,45.29919],[-93.01971,45.29854],[-93.01987,45.32575],[-93.0738,45.32598],[-93.07346,45.32584],[-93.07326,45.32523],[-93.07226,45.32468],[-93.07501,45.32447],[-93.07531,45.32415],[-93.07125,45.32385],[-93.07219,45.32182],[-93.07193,45.32125],[-93.07226,45.3196],[-93.07433,45.31931],[-93.07676,45.31942],[-93.07799,45.32036],[-93.08136,45.31887],[-93.0823,45.31921],[-93.08169,45.32024],[-93.08279,45.32049],[-93.08282,45.32159],[-93.08231,45.32282],[-93.0814,45.32296],[-93.0814,45.32397],[-93.08195,45.32424],[-93.08195,45.32552],[-93.0801,45.32554],[-93.07947,45.326],[-93.08324,45.32602],[-93.08344,45.32481],[-93.08364,45.32433],[-93.08441,45.32429],[-93.08412,45.32346],[-93.08519,45.32301],[-93.08399,45.32289],[-93.08422,45.32099],[-93.08496,45.31949],[-93.08687,45.31907],[-93.08908,45.31935],[-93.08999,45.31992],[-93.09064,45.32154],[-93.09287,45.32143],[-93.09174,45.32198],[-93.09054,45.32307],[-93.08898,45.32346],[-93.08889,45.32458],[-93.08824,45.32506],[-93.08678,45.32531],[-93.08613,45.32424],[-93.08545,45.3241],[-93.08522,45.32493],[-93.08607,45.32582],[-93.08577,45.32603],[-93.08634,45.32603],[-93.08662,45.32593],[-93.08705,45.32603],[-93.09278,45.32606],[-93.09284,45.32602],[-93.09352,45.32606],[-93.14279,45.32627]],[[-93.11468,45.31338],[-93.11409,45.31441],[-93.11311,45.31515],[-93.1105,45.3154],[-93.10989,45.31479],[-93.10775,45.31396],[-93.10682,45.31233],[-93.10575,45.31174],[-93.10837,45.31055],[-93.10913,45.30868],[-93.11112,45.30843],[-93.11314,45.30936],[-93.11368,45.30997],[-93.11344,45.31068],[-93.11422,45.31125],[-93.11461,45.31203],[-93.11468,45.31338]],[[-93.07827,45.22385],[-93.07764,45.22492],[-93.07527,45.226],[-93.0747,45.22663],[-93.07415,45.22847],[-93.07419,45.22997],[-93.07335,45.23069],[-93.07108,45.23113],[-93.07017,45.23184],[-93.06953,45.23279],[-93.06841,45.23607],[-93.06576,45.23799],[-93.06546,45.23864],[-93.06487,45.23824],[-93.06339,45.23588],[-93.06211,45.23101],[-93.06215,45.22786],[-93.06256,45.22608],[-93.06322,45.22477],[-93.06451,45.22346],[-93.06385,45.22311],[-93.06319,45.22381],[-93.06303,45.22328],[-93.06434,45.22245],[-93.06482,45.22316],[-93.06539,45.22274],[-93.06512,45.22279],[-93.06487,45.22227],[-93.06564,45.22261],[-93.06927,45.22077],[-93.06901,45.21893],[-93.0695,45.22057],[-93.06973,45.22053],[-93.06904,45.21777],[-93.06986,45.22049],[-93.07287,45.22056],[-93.07505,45.22104],[-93.07642,45.22178],[-93.07827,45.22385]],[[-93.07569,45.31395],[-93.07355,45.3164],[-93.07401,45.31706],[-93.07391,45.31793],[-93.07292,45.31829],[-93.07258,45.31858],[-93.06976,45.318],[-93.06954,45.31779],[-93.07174,45.31768],[-93.07188,45.31731],[-93.06962,45.31738],[-93.0696,45.31652],[-93.06837,45.31608],[-93.0673,45.31496],[-93.06451,45.31379],[-93.06513,45.31318],[-93.0637,45.31286],[-93.06351,45.31217],[-93.06283,45.31162],[-93.06234,45.30943],[-93.06399,45.30995],[-93.06399,45.31071],[-93.06435,45.311],[-93.0648,45.31091],[-93.06603,45.30913],[-93.06821,45.30906],[-93.06863,45.30977],[-93.06992,45.31],[-93.07009,45.31057],[-93.07239,45.31057],[-93.07252,45.31073],[-93.07145,45.31128],[-93.07167,45.31185],[-93.07287,45.3113],[-93.07307,45.3127],[-93.07352,45.31322],[-93.07569,45.31395]],[[-93.0673,45.31844],[-93.06694,45.3193],[-93.06535,45.31965],[-93.06451,45.32033],[-93.06263,45.32312],[-93.0615,45.32381],[-93.06043,45.32333],[-93.05753,45.32038],[-93.05764,45.31878],[-93.05848,45.31846],[-93.05809,45.31722],[-93.05832,45.31669],[-93.06007,45.31585],[-93.06156,45.31668],[-93.06124,45.31773],[-93.06331,45.3178],[-93.06253,45.317],[-93.06289,45.31658],[-93.06561,45.31647],[-93.06714,45.31736],[-93.0673,45.31844]],[[-93.06017,45.25783],[-93.0596,45.2588],[-93.0584,45.25963],[-93.05588,45.26002],[-93.05363,45.2609],[-93.04745,45.26497],[-93.04579,45.26526],[-93.04274,45.26658],[-93.04091,45.26659],[-93.041,45.26605],[-93.04004,45.26594],[-93.03633,45.26358],[-93.03234,45.26274],[-93.03084,45.26125],[-93.03057,45.25963],[-93.0316,45.25662],[-93.03265,45.25539],[-93.03427,45.25419],[-93.03559,45.25367],[-93.03691,45.25379],[-93.03733,45.25421],[-93.03712,45.25472],[-93.03772,45.25517],[-93.04264,45.25522],[-93.04283,45.25509],[-93.04237,45.25475],[-93.04233,45.25422],[-93.04177,45.25376],[-93.04212,45.25369],[-93.04378,45.25548],[-93.04372,45.25714],[-93.04312,45.25799],[-93.04343,45.25816],[-93.04652,45.25669],[-93.04954,45.25656],[-93.05491,45.25696],[-93.05703,45.25635],[-93.05895,45.25677],[-93.06017,45.25783]]],[[[-93.14278,45.32181],[-93.14278,45.32176],[-93.14177,45.32051],[-93.14278,45.32181]]],[[[-93.14193,45.32024],[-93.14169,45.32041],[-93.14176,45.3205],[-93.14193,45.32024]]],[[[-93.08701,45.322],[-93.08649,45.32182],[-93.08574,45.32237],[-93.08652,45.3225],[-93.08701,45.322]]],[[[-93.0791,45.32209],[-93.07858,45.3218],[-93.07628,45.32166],[-93.0768,45.32198],[-93.0791,45.32209]]],[[[-93.07288,45.31828],[-93.07263,45.31788],[-93.07265,45.31815],[-93.07288,45.31828]]],[[[-93.07201,45.22727],[-93.07194,45.22712],[-93.0717,45.22723],[-93.07201,45.22727]]],[[[-93.07132,45.31482],[-93.07067,45.31464],[-93.07005,45.31523],[-93.0709,45.31533],[-93.07132,45.31482]]],[[[-93.06436,45.22298],[-93.06424,45.22271],[-93.06389,45.22301],[-93.06436,45.22298]]]]}},
{"type":"Feature","id":"2393628","properties":{"id":"2393628","name":"Coon Rapids","kind":"city","counties":["Anoka"],"population":63415,"label":[-93.30942,45.17549]},"geometry":{"type":"MultiPolygon","coordinates":[[[[-93.3733,45.17918],[-93.3713,45.17838],[-93.36382,45.17744],[-93.35907,45.17622],[-93.35591,45.17487],[-93.35467,45.17368],[-93.35369,45.17189],[-93.35193,45.17031],[-93.3487,45.16651],[-93.34775,45.16403],[-93.346,45.16164],[-93.34438,45.16013],[-93.33589,45.15596],[-93.3295,45.15413],[-93.32483,45.1512],[-93.32091,45.14756],[-93.31793,45.14665],[-93.31443,45.14657],[-93.31283,45.14623],[-93.31143,45.14702],[-93.31011,45.14701],[-93.31009,45.14515],[-93.31079,45.14533],[-93.31166,45.14615],[-93.31213,45.14612],[-93.31201,45.14573],[-93.31032,45.14483],[-93.31172,45.14377],[-93.31162,45.14372],[-93.31031,45.14476],[-93.30537,45.14263],[-93.30615,45.14521],[-93.30821,45.14489],[-93.30999,45.14526],[-93.3098,45.14675],[-93.30954,45.14615],[-93.30805,45.14608],[-93.30595,45.1456],[-93.30472,45.14467],[-93.30334,45.14037],[-93.30156,45.13646],[-93.2993,45.13332],[-93.29865,45.13063],[-93.29533,45.12717],[-93.29484,45.12265],[-93.29417,45.12175],[-93.29155,45.12006],[-93.29099,45.1194],[-93.28812,45.11946],[-93.28476,45.12021],[-93.2842,45.11878],[-93.27719,45.11879],[-93.27997,45.12451],[-93.2669,45.12456],[-93.26587,45.21153],[-93.27228,45.21163],[-93.27227,45.21159],[-93.27261,45.21145],[-93.27303,45.21165],[-93.30653,45.21219],[-93.31039,45.21187],[-93.31718,45.21234],[-93.31902,45.21278],[-93.3216,45.21221],[-93.34158,45.21226],[-93.34177,45.21184],[-93.34309,45.211],[-93.34048,45.21043],[-93.33955,45.20952],[-93.33916,45.20813],[-93.34012,45.20678],[-93.34305,45.20593],[-93.34232,45.20486],[-93.34311,45.20451],[-93.34321,45.20415],[-93.34249,45.2037],[-93.34251,45.20339],[-93.3444,45.2034],[-93.34514,45.20379],[-93.34587,45.20494],[-93.34515,45.20617],[-93.34467,45.20631],[-93.3452,45.20692],[-93.34507,45.208],[-93.34383,45.20932],[-93.34647,45.2112],[-93.3468,45.21209],[-93.34668,45.21228],[-93.36263,45.21232],[-93.36267,45.21122],[-93.36491,45.20972],[-93.36501,45.20697],[-93.36538,45.20672],[-93.36545,45.2048],[-93.36721,45.2048],[-93.36728,45.20296],[-93.36561,45.20296],[-93.36567,45.20116],[-93.36303,45.20116],[-93.36312,45.19847],[-93.36156,45.19751],[-93.36821,45.1975],[-93.36822,45.19027],[-93.37323,45.19033],[-93.3733,45.17918]]],[[[-93.30957,45.14201],[-93.3088,45.14057],[-93.30868,45.13894],[-93.30761,45.13751],[-93.30533,45.13534],[-93.30386,45.13513],[-93.30224,45.13384],[-93.30233,45.13484],[-93.30399,45.13762],[-93.30446,45.13943],[-93.30523,45.1404],[-93.30646,45.14138],[-93.30868,45.14182],[-93.30918,45.14229],[-93.30957,45.14201]]],[[[-93.30934,45.14311],[-93.30815,45.14252],[-93.30776,45.14261],[-93.30783,45.14295],[-93.30889,45.14343],[-93.30934,45.14311]]],[[[-93.30488,45.13493],[-93.30438,45.13459],[-93.30387,45.1346],[-93.30474,45.13493],[-93.30488,45.13493]]],[[[-93.30366,45.1341],[-93.30321,45.1338],[-93.30315,45.13379],[-93.30361,45.13425],[-93.30366,45.1341]]],[[[-93.30265,45.13343],[-93.30262,45.13341],[-93.30216,45.13329],[-93.30238,45.13359],[-93.30265,45.13343]]],[[[-93.30108,45.13291],[-93.30085,45.1323],[-93.30069,45.13156],[-93.30068,45.13154],[-93.30001,45.1314],[-93.30014,45.13218],[-93.30072,45.13296],[-93.30108,45.13291]]],[[[-93.29459,45.11877],[-93.29286,45.11875],[-93.29448,45.11942],[-93.29438,45.11926],[-93.29459,45.11877]]]]}},
{"type":"Feature","id":"2393634","properties":{"id":"2393634","name":"Corcoran","kind":"city","counties":["Hennepin"],"population":7430,"label":[-93.58361,45.10897]},"geometry":{"type":"MultiPolygon","coordinates":[[[[-93.64601,45.14525],[-93.64569,45.06577],[-93.52204,45.06563],[-93.52221,45.0897],[-93.52341,45.09013],[-93.52389,45.09103],[-93.52323,45.09243],[-93.52316,45.09363],[-93.52224,45.09399],[-93.52228,45.10041],[-93.5237,45.10041],[-93.52337,45.10113],[-93.52228,45.10111],[-93.52226,45.10347],[-93.52425,45.10356],[-93.52565,45.10329],[-93.52565,45.10397],[-93.52846,45.10484],[-93.52764,45.10541],[-93.52553,45.10487],[-93.52646,45.10615],[-93.52303,45.10859],[-93.52406,45.10441],[-93.52352,45.10431],[-93.52222,45.10924],[-93.52184,45.15291],[-93.63038,45.1526],[-93.6355,45.15259],[-93.63563,45.14529],[-93.64601,45.14525]],[[-93.62007,45.08002],[-93.61994,45.08039],[-93.61978,45.08264],[-93.619,45.08342],[-93.61926,45.08438],[-93.61803,45.08469],[-93.61752,45.08416],[-93.61635,45.08395],[-93.61603,45.08374],[-93.61595,45.08256],[-93.61492,45.08206],[-93.6136,45.08067],[-93.61395,45.07876],[-93.6127,45.0785],[-93.6123,45.07688],[-93.61355,45.0758],[-93.61582,45.07622],[-93.61645,45.07604],[-93.61641,45.07548],[-93.61672,45.07539],[-93.61646,45.07615],[-93.61707,45.07668],[-93.6171,45.07717],[-93.6196,45.07806],[-93.61956,45.07843],[-93.61987,45.07849],[-93.61968,45.07926],[-93.62007,45.08002]]],[[[-93.61452,45.07749],[-93.61428,45.07728],[-93.61421,45.07764],[-93.61452,45.07749]]]]}},
{"type":"Feature","id":"2393644","properties":{"id":"2393644","name":"Cottage Grove","kind":"city","counties":["Washington"],"population":41027,"label":[-92.9269,44.81611]},"geometry":{"type":"MultiPolygon","coordinates":[[[[-93.02,44.78999],[-93.01982,44.78702],[-93.01824,44.78267],[-93.01815,44.78247],[-93.01599,44.78076],[-93.01612,44.78096],[-93.01557,44.78087],[-93.01484,44.77986],[-93.01435,44.77948],[-93.01135,44.77743],[-93.01033,44.77699],[-93.00706,44.77571],[-93.0056,44.7754],[-93.00421,44.77523],[-93.00193,44.7751],[-93.00292,44.77545],[-93.00385,44.77526],[-93.00312,44.77572],[-93.00403,44.7755],[-93.00446,44.77595],[-93.00597,44.77602],[-93.00331,44.77677],[-93.00316,44.77716],[-93.00375,44.77718],[-93.00509,44.77647],[-93.00583,44.77643],[-93.00582,44.77672],[-93.00439,44.77766],[-93.00668,44.77679],[-93.00686,44.77692],[-93.0062,44.77705],[-93.00554,44.77765],[-93.00774,44.777],[-93.00957,44.77727],[-93.00829,44.77807],[-93.01025,44.77781],[-93.00897,44.77854],[-93.00997,44.77818],[-93.01141,44.77845],[-93.01185,44.77896],[-93.01253,44.77825],[-93.01277,44.77846],[-93.01216,44.77911],[-93.01248,44.77935],[-93.01241,44.77974],[-93.01387,44.7798],[-93.01344,44.78033],[-93.01356,44.78061],[-93.01435,44.78092],[-93.01453,44.78197],[-93.0147,44.78143],[-93.01504,44.78192],[-93.01392,44.78275],[-93.01381,44.78328],[-93.0114,44.78317],[-93.01052,44.7841],[-93.00957,44.78358],[-93.00925,44.78378],[-93.00955,44.78428],[-93.00935,44.78445],[-93.00802,44.78376],[-93.00704,44.78372],[-93.00781,44.78329],[-93.00795,44.78282],[-93.00652,44.78349],[-93.00704,44.78524],[-93.00878,44.78534],[-93.01431,44.78458],[-93.01827,44.78319],[-93.01881,44.78482],[-93.01694,44.78451],[-93.01581,44.78529],[-93.01619,44.78615],[-93.01581,44.78702],[-93.01777,44.78786],[-93.01754,44.78881],[-93.01691,44.78764],[-93.01555,44.78713],[-93.01494,44.7877],[-93.01549,44.78747],[-93.01593,44.78781],[-93.01505,44.78811],[-93.0145,44.78872],[-93.01349,44.7887],[-93.01333,44.78927],[-93.01096,44.78971],[-93.0113,44.79001],[-93.01229,44.79011],[-93.01435,44.7901],[-93.01472,44.79006],[-93.01473,44.7901],[-93.01999,44.79008],[-93.02,44.78999]]],[[[-93.01587,44.78645],[-93.01558,44.78546],[-93.01528,44.78559],[-93.01485,44.78685],[-93.01505,44.78707],[-93.01587,44.78645]]],[[[-93.01493,44.7857],[-93.01309,44.78614],[-93.01021,44.78738],[-93.00876,44.78898],[-93.00907,44.78866],[-93.01067,44.78842],[-93.01174,44.78766],[-93.01194,44.78822],[-93.01242,44.78817],[-93.01219,44.7884],[-93.01246,44.78848],[-93.01417,44.78793],[-93.01469,44.78737],[-93.01493,44.7857]]],[[[-93.0121,44.78889],[-93.01147,44.78896],[-93.01157,44.78912],[-93.0121,44.78889]]],[[[-93.00954,44.78745],[-93.00672,44.78756],[-93.0081,44.78804],[-93.00827,44.78917],[-93.00954,44.78745]]],[[[-93.0089,44.79388],[-93.0089,44.79387],[-93.00871,44.79383],[-93.00817,44.79325],[-93.00627,44.79045],[-93.00051,44.78547],[-92.99595,44.78236],[-92.99296,44.77981],[-92.98953,44.77826],[-92.98992,44.77837],[-92.97826,44.77477],[-92.97566,44.77424],[-92.96288,44.77454],[-92.96189,44.77427],[-92.96141,44.77353],[-92.9554,44.77379],[-92.94954,44.7746],[-92.94701,44.77543],[-92.94586,44.77648],[-92.9462,44.77713],[-92.9462,44.77711],[-92.95173,44.77832],[-92.95596,44.77987],[-92.95718,44.77992],[-92.958,44.78105],[-92.95985,44.78179],[-92.96016,44.78168],[-92.95888,44.78105],[-92.95898,44.78074],[-92.961,44.78075],[-92.96801,44.78488],[-92.96903,44.78515],[-92.96964,44.78573],[-92.96703,44.78481],[-92.96688,44.78507],[-92.97035,44.78659],[-92.97596,44.7897],[-92.97576,44.79002],[-92.97472,44.7901],[-92.97977,44.79095],[-92.97904,44.79126],[-92.97794,44.79267],[-92.97742,44.79261],[-92.9788,44.79419],[-92.97624,44.79331],[-92.97326,44.79188],[-92.96965,44.79134],[-92.96523,44.78948],[-92.9637,44.78941],[-92.9643,44.78895],[-92.96246,44.788],[-92.9585,44.7867],[-92.95327,44.78394],[-92.95127,44.78334],[-92.94896,44.7833],[-92.94056,44.78162],[-92.94266,44.78137],[-92.94295,44.78122],[-92.93943,44.78175],[-92.93823,44.78231],[-92.93677,44.78243],[-92.93412,44.78359],[-92.92687,44.78532],[-92.92448,44.78553],[-92.92017,44.78499],[-92.91384,44.78561],[-92.91134,44.78537],[-92.90556,44.78402],[-92.89909,44.78435],[-92.88906,44.78236],[-92.8874,44.78168],[-92.88358,44.77938],[-92.88339,44.779],[-92.88276,44.7789],[-92.87891,44.77558],[-92.86279,44.77555],[-92.86287,44.80456],[-92.86234,44.86194],[-92.98409,44.86196],[-92.984,44.84678],[-92.97502,44.84016],[-92.97474,44.83343],[-92.97706,44.83342],[-92.97706,44.83099],[-92.97987,44.83096],[-92.97988,44.82609],[-92.98393,44.82611],[-92.98387,44.80289],[-92.98264,44.80303],[-92.98125,44.80256],[-92.98059,44.80273],[-92.9779,44.80234],[-92.97732,44.80073],[-92.97622,44.79998],[-92.97571,44.7992],[-92.97747,44.79937],[-92.97865,44.79838],[-92.98008,44.79817],[-92.98008,44.79813],[-92.97813,44.7982],[-92.97789,44.79765],[-92.97816,44.79709],[-92.97816,44.79709],[-92.97816,44.79709],[-92.97911,44.79512],[-92.98011,44.79403],[-92.98163,44.79304],[-92.98031,44.79209],[-92.98067,44.79341],[-92.97923,44.79414],[-92.97834,44.7928],[-92.97854,44.7922],[-92.97985,44.79102],[-92.98145,44.79157],[-92.98266,44.79259],[-92.98248,44.7935],[-92.98231,44.79357],[-92.98261,44.79385],[-92.98261,44.7939],[-92.98309,44.79295],[-92.98382,44.79309],[-92.9838,44.79013],[-92.99386,44.7901],[-92.99379,44.79372],[-92.99382,44.79373],[-93.00422,44.79383],[-93.00582,44.79333],[-93.0061,44.79361],[-93.00652,44.79338],[-93.00801,44.79355],[-93.00821,44.7938],[-93.00778,44.79387],[-93.0089,44.79388]]],[[[-93.00808,44.77817],[-93.00706,44.77853],[-93.00507,44.77997],[-93.00353,44.78044],[-93.00358,44.7808],[-93.00721,44.78001],[-93.00576,44.77991],[-93.00808,44.77817]]],[[[-93.00802,44.7823],[-93.00775,44.78222],[-93.00756,44.78234],[-93.00565,44.78224],[-93.00523,44.78272],[-93.00481,44.78249],[-93.00452,44.78296],[-93.00366,44.78276],[-93.00377,44.78297],[-93.00599,44.78362],[-93.0064,44.78295],[-93.00741,44.78243],[-93.00657,44.78294],[-93.00651,44.78337],[-93.00762,44.78289],[-93.00732,44.78275],[-93.00802,44.7823]]],[[[-93.00681,44.78546],[-93.00637,44.78435],[-93.00545,44.78412],[-93.00517,44.78365],[-93.00389,44.78336],[-93.00417,44.784],[-93.00348,44.78431],[-93.00469,44.78517],[-93.00606,44.78567],[-93.00681,44.78546]]],[[[-93.00634,44.7841],[-93.00509,44.78337],[-93.00472,44.78332],[-93.0054,44.78363],[-93.00552,44.78401],[-93.00634,44.7841]]],[[[-93.00484,44.78604],[-93.00439,44.78546],[-93.00349,44.78524],[-93.00312,44.78546],[-93.00231,44.78467],[-93.00182,44.78468],[-93.00254,44.78549],[-93.00484,44.78604]]],[[[-93.0036,44.78377],[-93.00281,44.78305],[-93.0023,44.78303],[-93.00243,44.78336],[-93.00216,44.78343],[-93.00192,44.78303],[-93.00144,44.78303],[-93.00329,44.78422],[-93.0036,44.78377]]],[[[-93.00182,44.7751],[-93.00178,44.7751],[-92.99881,44.77539],[-92.99529,44.77621],[-92.98992,44.77837],[-92.99476,44.77643],[-92.9987,44.77551],[-92.99766,44.77609],[-93.00043,44.77553],[-92.99849,44.77646],[-92.99888,44.77644],[-93.00182,44.7751]]],[[[-92.99962,44.78236],[-92.99935,44.78149],[-92.99783,44.78003],[-92.9956,44.77911],[-92.9984,44.78174],[-92.99962,44.78236]]],[[[-92.99602,44.77564],[-92.99561,44.7755],[-92.9943,44.77552],[-92.99302,44.77585],[-92.99125,44.77644],[-92.99437,44.77621],[-92.99602,44.77564]]],[[[-92.98386,44.80139],[-92.98386,44.80086],[-92.97998,44.8009],[-92.98,44.80092],[-92.98253,44.80129],[-92.98288,44.80179],[-92.98344,44.80136],[-92.98386,44.80139]]],[[[-92.98383,44.79519],[-92.98383,44.7951],[-92.98343,44.79502],[-92.98383,44.79519]]],[[[-92.98229,44.79357],[-92.98219,44.79361],[-92.98218,44.7938],[-92.98229,44.79357]]],[[[-92.98132,44.79549],[-92.98122,44.79559],[-92.98116,44.7958],[-92.98132,44.79549]]],[[[-92.98019,44.80113],[-92.97971,44.8009],[-92.97896,44.80091],[-92.97895,44.80125],[-92.97802,44.8017],[-92.97859,44.80205],[-92.97951,44.80183],[-92.97999,44.80163],[-92.98019,44.80113]]],[[[-92.98004,44.79723],[-92.98004,44.79711],[-92.97977,44.79711],[-92.98004,44.79723]]],[[[-92.97812,44.79175],[-92.97778,44.79167],[-92.97793,44.79178],[-92.97812,44.79175]]],[[[-92.96811,44.77223],[-92.96644,44.77141],[-92.9653,44.77144],[-92.96522,44.77098],[-92.96416,44.77078],[-92.96257,44.77142],[-92.96433,44.77218],[-92.96811,44.77223]]],[[[-92.96769,44.7697],[-92.96596,44.76907],[-92.96535,44.76913],[-92.96769,44.7697]]],[[[-92.96666,44.78483],[-92.96026,44.78184],[-92.96277,44.78345],[-92.96666,44.78483]]],[[[-92.95992,44.76968],[-92.95778,44.76988],[-92.95784,44.76919],[-92.9588,44.76942],[-92.95909,44.76919],[-92.9561,44.768],[-92.9538,44.76753],[-92.95288,44.7677],[-92.95464,44.76807],[-92.95486,44.7687],[-92.95457,44.76919],[-92.9562,44.76952],[-92.95499,44.77027],[-92.95493,44.77105],[-92.95548,44.77068],[-92.95612,44.77079],[-92.95921,44.77012],[-92.95992,44.76968]]],[[[-92.95368,44.7685],[-92.95267,44.76812],[-92.95136,44.76829],[-92.95047,44.76955],[-92.95218,44.76956],[-92.95336,44.76906],[-92.95368,44.7685]]],[[[-92.94861,44.76966],[-92.94857,44.76937],[-92.9472,44.7697],[-92.94861,44.76966]]],[[[-92.9472,44.7697],[-92.94701,44.76971],[-92.94684,44.76979],[-92.9472,44.7697]]],[[[-92.94684,44.76979],[-92.94505,44.77023],[-92.9433,44.77198],[-92.94445,44.77228],[-92.94555,44.77043],[-92.94684,44.76979]]],[[[-92.94578,44.77888],[-92.94361,44.78089],[-92.94413,44.78063],[-92.94578,44.77888]]],[[[-92.94432,44.77862],[-92.94421,44.77748],[-92.94301,44.77787],[-92.94301,44.77813],[-92.94245,44.778],[-92.94177,44.77834],[-92.94179,44.77886],[-92.94369,44.77865],[-92.94332,44.77839],[-92.94368,44.77788],[-92.94375,44.77842],[-92.94432,44.77862]]]]}},
{"type":"Feature","id":"2830139","properties":{"id":"2830139","name":"Credit River","kind":"city","counties":["Scott"],"population":5498,"label":[-93.35875,44.67387]},"geometry":{"type":"MultiPolygon","coordinates":[[[[-93.39968,44.64519],[-93.39954,44.63063],[-93.31874,44.63058],[-93.31834,44.67413],[-93.31834,44.69141],[-93.31841,44.69112],[-93.31968,44.68994],[-93.32147,44.69056],[-93.32186,44.69111],[-93.32076,44.69217],[-93.32157,44.69336],[-93.32291,44.69406],[-93.32316,44.69355],[-93.3236,44.69348],[-93.32396,44.69376],[-93.32407,44.69446],[-93.32455,44.69465],[-93.32417,44.69516],[-93.32413,44.69609],[-93.32348,44.69624],[-93.32305,44.69609],[-93.3226,44.69609],[-93.3214,44.69552],[-93.32077,44.6953],[-93.32085,44.69526],[-93.32073,44.6952],[-93.32123,44.69505],[-93.32239,44.69443],[-93.32173,44.69436],[-93.32158,44.69476],[-93.32126,44.6945],[-93.32129,44.69475],[-93.32083,44.69466],[-93.32047,44.69503],[-93.31998,44.69475],[-93.3203,44.69429],[-93.32006,44.69401],[-93.31834,44.69291],[-93.31835,44.69678],[-93.31891,44.69618],[-93.32033,44.69545],[-93.32082,44.69568],[-93.32014,44.6961],[-93.31967,44.6974],[-93.31902,44.69815],[-93.31895,44.69922],[-93.31863,44.69958],[-93.31835,44.69969],[-93.31835,44.71754],[-93.37424,44.7173],[-93.37475,44.71686],[-93.37659,44.7169],[-93.37722,44.71614],[-93.37771,44.71605],[-93.37765,44.71725],[-93.39888,44.71731],[-93.39884,44.70699],[-93.39711,44.70698],[-93.39709,44.70319],[-93.39528,44.70318],[-93.39533,44.70122],[-93.39779,44.70214],[-93.39863,44.70088],[-93.39892,44.69854],[-93.39899,44.69396],[-93.39895,44.69397],[-93.3982,44.69393],[-93.3979,44.69352],[-93.39709,44.6945],[-93.39529,44.69537],[-93.39325,44.6953],[-93.39234,44.69529],[-93.39191,44.69482],[-93.39195,44.6945],[-93.39273,44.69421],[-93.39251,44.69328],[-93.39118,44.69453],[-93.38932,44.69398],[-93.38831,44.69455],[-93.38818,44.69417],[-93.3855,44.69418],[-93.38172,44.69483],[-93.3805,44.69437],[-93.3802,44.69383],[-93.38148,44.69333],[-93.38267,44.69183],[-93.38413,44.69111],[-93.38495,44.69152],[-93.38447,44.69233],[-93.38536,44.69153],[-93.38683,44.69098],[-93.38834,44.69131],[-93.38927,44.69094],[-93.38961,44.69016],[-93.38874,44.68931],[-93.38887,44.68901],[-93.39018,44.68941],[-93.39122,44.69051],[-93.3925,44.69058],[-93.39277,44.69094],[-93.3925,44.69145],[-93.39273,44.69217],[-93.39383,44.69131],[-93.39595,44.69071],[-93.39903,44.69084],[-93.39968,44.64519]],[[-93.34691,44.69905],[-93.34554,44.69961],[-93.34249,44.69939],[-93.34043,44.70061],[-93.33933,44.70058],[-93.33941,44.70092],[-93.33886,44.70109],[-93.33767,44.7023],[-93.33597,44.70303],[-93.33559,44.70293],[-93.33559,44.70248],[-93.33422,44.70311],[-93.33356,44.70308],[-93.33365,44.70278],[-93.3322,44.70282],[-93.33271,44.70223],[-93.33249,44.70221],[-93.33173,44.70283],[-93.33205,44.70226],[-93.33305,44.70166],[-93.33409,44.70159],[-93.33599,44.70048],[-93.33656,44.69989],[-93.33681,44.69883],[-93.33728,44.69889],[-93.3372,44.6984],[-93.33862,44.69784],[-93.33898,44.69798],[-93.33912,44.6977],[-93.34022,44.6977],[-93.34272,44.69851],[-93.34497,44.69735],[-93.34616,44.69777],[-93.34691,44.69905]],[[-93.34507,44.71357],[-93.34464,44.71401],[-93.3438,44.71412],[-93.3431,44.71356],[-93.34237,44.71351],[-93.34226,44.71413],[-93.34146,44.71397],[-93.34113,44.71347],[-93.3409,44.71309],[-93.33802,44.71398],[-93.33727,44.71363],[-93.33704,44.71316],[-93.33759,44.71174],[-93.33936,44.7113],[-93.33967,44.71081],[-93.33859,44.71027],[-93.33946,44.70996],[-93.34129,44.70997],[-93.34145,44.71114],[-93.34194,44.71182],[-93.34112,44.71192],[-93.34105,44.71243],[-93.343,44.71219],[-93.34336,44.71175],[-93.34268,44.71116],[-93.3421,44.7099],[-93.34269,44.7093],[-93.34337,44.70929],[-93.34366,44.71025],[-93.34423,44.71062],[-93.34365,44.71119],[-93.34385,44.71203],[-93.34469,44.71269],[-93.34507,44.71357]]],[[[-93.3963,44.69189],[-93.39605,44.69172],[-93.39588,44.69148],[-93.39577,44.69153],[-93.39569,44.69148],[-93.39548,44.69168],[-93.39528,44.69178],[-93.3953,44.69185],[-93.39524,44.69191],[-93.39538,44.69206],[-93.39546,44.69227],[-93.39556,44.69224],[-93.39565,44.69234],[-93.39595,44.69213],[-93.39627,44.69204],[-93.39621,44.69195],[-93.3963,44.69189]]],[[[-93.34098,44.71146],[-93.34096,44.71146],[-93.34097,44.71144],[-93.34089,44.71144],[-93.34054,44.71136],[-93.34054,44.71143],[-93.34041,44.71143],[-93.34051,44.71197],[-93.34057,44.71196],[-93.34057,44.71199],[-93.3406,44.71195],[-93.34079,44.71191],[-93.34095,44.71151],[-93.34098,44.71146]]],[[[-93.33907,44.7134],[-93.33896,44.71335],[-93.33886,44.71321],[-93.3386,44.7132],[-93.33882,44.71347],[-93.33897,44.71343],[-93.33905,44.71348],[-93.33901,44.71342],[-93.33907,44.7134]]]]}},
{"type":"Feature","id":"2393683","properties":{"id":"2393683","name":"Crystal","kind":"city","counties":["Hennepin"],"population":22791,"label":[-93.35968,45.03798]},"geometry":{"type":"MultiPolygon","coordinates":[[[[-93.39044,45.01656],[-93.39039,45.01105],[-93.37516,45.01094],[-93.37516,45.01366],[-93.37027,45.01363],[-93.37031,45.00729],[-93.35783,45.00727],[-93.35785,45.00689],[-93.35648,45.00689],[-93.35647,45.00727],[-93.34971,45.00724],[-93.34964,45.01696],[-93.3338,45.01697],[-93.33377,45.02057],[-93.34962,45.02052],[-93.34957,45.02535],[-93.35626,45.02536],[-93.35627,45.03272],[-93.34948,45.03263],[-93.34944,45.03544],[-93.35001,45.03545],[-93.35006,45.03994],[-93.34043,45.04],[-93.34018,45.04042],[-93.34154,45.0412],[-93.34252,45.0425],[-93.34309,45.04569],[-93.34271,45.04646],[-93.34175,45.04718],[-93.34185,45.04746],[-93.33982,45.04738],[-93.33981,45.04892],[-93.33989,45.04888],[-93.34069,45.04904],[-93.34071,45.04951],[-93.33998,45.05321],[-93.33966,45.05425],[-93.33926,45.05605],[-93.33904,45.0563],[-93.33846,45.05823],[-93.33849,45.0583],[-93.33961,45.05831],[-93.3397,45.06573],[-93.37021,45.06572],[-93.37026,45.0611],[-93.37068,45.0611],[-93.37067,45.06195],[-93.38037,45.06198],[-93.38031,45.05829],[-93.37832,45.05828],[-93.3784,45.0548],[-93.37728,45.05478],[-93.37725,45.05562],[-93.37671,45.05563],[-93.37665,45.05839],[-93.37526,45.05838],[-93.37508,45.05476],[-93.37611,45.05477],[-93.37611,45.05384],[-93.37572,45.05384],[-93.37578,45.05206],[-93.37308,45.05202],[-93.37306,45.0538],[-93.37284,45.0538],[-93.37288,45.0473],[-93.3704,45.0473],[-93.37033,45.04372],[-93.37279,45.04374],[-93.37279,45.03646],[-93.37102,45.03645],[-93.371,45.03373],[-93.37028,45.03372],[-93.37017,45.02184],[-93.37271,45.02185],[-93.37276,45.01818],[-93.37776,45.01825],[-93.37772,45.01467],[-93.38029,45.01468],[-93.38028,45.0201],[-93.3854,45.0201],[-93.38541,45.01651],[-93.39044,45.01656]],[[-93.37412,45.05478],[-93.37412,45.05624],[-93.37283,45.05623],[-93.37286,45.05477],[-93.37412,45.05478]],[[-93.37263,45.0538],[-93.37262,45.05476],[-93.37154,45.05477],[-93.37155,45.05379],[-93.37263,45.0538]],[[-93.37121,45.05378],[-93.3712,45.05477],[-93.37085,45.05477],[-93.37085,45.05569],[-93.36997,45.05568],[-93.36999,45.05478],[-93.36929,45.05478],[-93.36933,45.05377],[-93.37016,45.05377],[-93.37015,45.05477],[-93.37036,45.05477],[-93.37037,45.05378],[-93.37121,45.05378]]],[[[-93.38026,45.02196],[-93.37514,45.02193],[-93.37515,45.02689],[-93.38025,45.02694],[-93.38026,45.02196]]],[[[-93.33854,45.05694],[-93.3385,45.05693],[-93.33836,45.05709],[-93.3384,45.05769],[-93.33854,45.05694]]]]}},
{"type":"Feature","id":"663913","properties":{"id":"663913","name":"Dahlgren","kind":"township","counties":["Carver"],"population":1442,"label":[-93.70942,44.76191]},"geometry":{"type":"MultiPolygon","coordinates":[[[[-93.76814,44.71706],[-93.66385,44.71802],[-93.66366,44.73254],[-93.64293,44.73295],[-93.64294,44.7439],[-93.65276,44.74363],[-93.65275,44.74407],[-93.65333,44.74399],[-93.65506,44.74499],[-93.65397,44.74616],[-93.65197,44.74521],[-93.65175,44.74663],[-93.65136,44.74706],[-93.65045,44.74727],[-93.65212,44.74842],[-93.65294,44.74726],[-93.65325,44.74725],[-93.65323,44.74894],[-93.65201,44.74857],[-93.65168,44.74903],[-93.65242,44.74932],[-93.65155,44.75023],[-93.6509,44.74976],[-93.64954,44.75052],[-93.64816,44.7504],[-93.64511,44.75101],[-93.64296,44.75219],[-93.6428,44.759],[-93.64479,44.75895],[-93.64475,44.76173],[-93.64792,44.76184],[-93.64792,44.7611],[-93.64945,44.76077],[-93.6495,44.76277],[-93.64904,44.76636],[-93.65103,44.76588],[-93.65394,44.7657],[-93.65403,44.76117],[-93.6549,44.76089],[-93.65473,44.76294],[-93.65802,44.765],[-93.6601,44.76381],[-93.66172,44.76377],[-93.66168,44.76153],[-93.66322,44.76148],[-93.66332,44.76454],[-93.66386,44.76447],[-93.66496,44.76534],[-93.66567,44.76532],[-93.66587,44.76576],[-93.66729,44.76581],[-93.66838,44.76635],[-93.66841,44.76915],[-93.66703,44.76866],[-93.66841,44.76948],[-93.6684,44.77237],[-93.67146,44.77242],[-93.67147,44.77423],[-93.67247,44.77425],[-93.67248,44.77613],[-93.66756,44.77604],[-93.66758,44.77483],[-93.66327,44.77475],[-93.66326,44.77596],[-93.65388,44.77623],[-93.65389,44.77566],[-93.65289,44.77569],[-93.65289,44.77613],[-93.64851,44.77625],[-93.64852,44.77582],[-93.64772,44.77584],[-93.64771,44.77628],[-93.6431,44.77641],[-93.64279,44.77546],[-93.64255,44.77549],[-93.64247,44.78125],[-93.64761,44.78122],[-93.64769,44.77744],[-93.65286,44.77727],[-93.65264,44.78542],[-93.64913,44.78495],[-93.64775,44.78559],[-93.64748,44.78651],[-93.64746,44.79095],[-93.64218,44.79113],[-93.64513,44.7945],[-93.64513,44.79523],[-93.64563,44.79595],[-93.64473,44.79653],[-93.64466,44.79833],[-93.64212,44.7984],[-93.64213,44.80567],[-93.74431,44.80438],[-93.76771,44.80378],[-93.76809,44.72674],[-93.76663,44.72634],[-93.76656,44.7259],[-93.76575,44.72557],[-93.76661,44.72419],[-93.76637,44.72342],[-93.76537,44.723],[-93.76435,44.72302],[-93.76385,44.72174],[-93.76409,44.72085],[-93.765,44.72005],[-93.76774,44.71942],[-93.76813,44.71912],[-93.76814,44.71706]],[[-93.74806,44.78768],[-93.74764,44.7885],[-93.74672,44.78928],[-93.74182,44.78962],[-93.74008,44.78931],[-93.7395,44.7889],[-93.73956,44.78793],[-93.73905,44.78746],[-93.73844,44.78747],[-93.73779,44.78816],[-93.73563,44.7875],[-93.73586,44.78562],[-93.73717,44.78366],[-93.73829,44.78301],[-93.74198,44.78188],[-93.74472,44.78249],[-93.74616,44.78332],[-93.74645,44.78415],[-93.74564,44.78455],[-93.74512,44.78547],[-93.74571,44.78626],[-93.74729,44.78637],[-93.74767,44.78671],[-93.74806,44.78768]],[[-93.70913,44.79092],[-93.70877,44.79159],[-93.70801,44.7916],[-93.70709,44.79141],[-93.70655,44.79064],[-93.7055,44.79027],[-93.70466,44.78931],[-93.70373,44.78889],[-93.70339,44.78888],[-93.70315,44.78945],[-93.70326,44.78882],[-93.70199,44.78815],[-93.7022,44.78753],[-93.70321,44.78692],[-93.70532,44.78758],[-93.7058,44.78748],[-93.70758,44.78829],[-93.70913,44.79092]],[[-93.67705,44.78432],[-93.67667,44.78672],[-93.67638,44.78702],[-93.67426,44.78715],[-93.67163,44.78637],[-93.67166,44.78516],[-93.67471,44.78283],[-93.67506,44.78274],[-93.67705,44.78432]],[[-93.66881,44.73973],[-93.66879,44.74335],[-93.66816,44.74335],[-93.66814,44.74696],[-93.66352,44.74696],[-93.66353,44.74503],[-93.65851,44.74517],[-93.6585,44.74701],[-93.65827,44.74701],[-93.65828,44.74518],[-93.65483,44.7454],[-93.65682,44.7433],[-93.65818,44.74395],[-93.65944,44.74396],[-93.65945,44.74212],[-93.66355,44.74213],[-93.66356,44.74062],[-93.66509,44.74063],[-93.6651,44.73972],[-93.66881,44.73973]],[[-93.65213,44.73361],[-93.65208,44.73633],[-93.64825,44.73644],[-93.64831,44.73373],[-93.65213,44.73361]]],[[[-93.65809,44.77496],[-93.65744,44.775],[-93.65685,44.77539],[-93.65693,44.77601],[-93.65807,44.77597],[-93.65809,44.77496]]],[[[-93.64445,44.75077],[-93.64419,44.75036],[-93.64371,44.75052],[-93.64289,44.75075],[-93.64288,44.75116],[-93.64412,44.75112],[-93.64399,44.75093],[-93.64445,44.75077]]]]}},
{"type":"Feature","id":"2394471","properties":{"id":"2394471","name":"Dayton","kind":"city","counties":["Hennepin","Wright"],"population":9281,"label":[-93.47564,45.19055]},"geometry":{"type":"MultiPolygon","coordinates":[[[[-93.52247,45.19753],[-93.52143,45.16705],[-93.52184,45.15291],[-93.48213,45.15241],[-93.42749,45.15227],[-93.42779,45.15262],[-93.42782,45.15315],[-93.42666,45.15582],[-93.42582,45.15651],[-93.42394,45.15713],[-93.42294,45.15708],[-93.42191,45.15548],[-93.42178,45.15422],[-93.42524,45.15255],[-93.42556,45.15226],[-93.42164,45.15225],[-93.42197,45.17589],[-93.42213,45.17537],[-93.42326,45.17507],[-93.4251,45.17551],[-93.42549,45.17514],[-93.42546,45.17398],[-93.42597,45.17359],[-93.42749,45.17352],[-93.42762,45.17443],[-93.43095,45.17583],[-93.43241,45.1769],[-93.42959,45.17928],[-93.42824,45.17935],[-93.42649,45.17841],[-93.42581,45.17848],[-93.42452,45.1788],[-93.42465,45.17921],[-93.4242,45.17992],[-93.42329,45.18042],[-93.42203,45.18061],[-93.42243,45.20978],[-93.42291,45.21052],[-93.42468,45.21118],[-93.42598,45.21372],[-93.43088,45.21641],[-93.43346,45.21726],[-93.43592,45.21725],[-93.44095,45.2158],[-93.44537,45.21589],[-93.44607,45.21555],[-93.44745,45.21392],[-93.45044,45.21327],[-93.45214,45.21338],[-93.45501,45.21535],[-93.45597,45.21659],[-93.45625,45.21825],[-93.45782,45.2197],[-93.46231,45.22199],[-93.46361,45.22337],[-93.46634,45.22486],[-93.46956,45.22535],[-93.47813,45.2242],[-93.48096,45.22426],[-93.48662,45.22522],[-93.49155,45.22816],[-93.49459,45.2311],[-93.49688,45.23257],[-93.49721,45.23341],[-93.4986,45.23435],[-93.50218,45.23587],[-93.50361,45.2359],[-93.5064,45.23677],[-93.50776,45.23755],[-93.50771,45.24102],[-93.50868,45.24241],[-93.5107,45.24422],[-93.51429,45.24523],[-93.52195,45.2459],[-93.52196,45.24587],[-93.52133,45.2458],[-93.52104,45.24563],[-93.52171,45.24536],[-93.52202,45.24448],[-93.52161,45.24347],[-93.52145,45.24328],[-93.52089,45.243],[-93.51967,45.24256],[-93.51752,45.24238],[-93.5172,45.24237],[-93.51711,45.24235],[-93.51692,45.24233],[-93.51637,45.24214],[-93.51584,45.24199],[-93.51579,45.24194],[-93.5156,45.24187],[-93.51458,45.24059],[-93.51442,45.23952],[-93.51485,45.23877],[-93.51584,45.23817],[-93.51897,45.23837],[-93.52019,45.23759],[-93.52103,45.23577],[-93.52147,45.23236],[-93.52212,45.23206],[-93.52213,45.21],[-93.52247,45.19753]],[[-93.51745,45.19966],[-93.51576,45.19938],[-93.51345,45.19837],[-93.51345,45.19978],[-93.51407,45.20225],[-93.51456,45.20295],[-93.51404,45.20381],[-93.50738,45.20754],[-93.50705,45.20866],[-93.50559,45.20916],[-93.50468,45.20906],[-93.50371,45.20839],[-93.50436,45.20616],[-93.50414,45.20543],[-93.50357,45.20513],[-93.49813,45.20489],[-93.49763,45.20521],[-93.49795,45.20562],[-93.49718,45.20658],[-93.49412,45.20681],[-93.49346,45.20523],[-93.49349,45.20479],[-93.49445,45.20399],[-93.49358,45.20287],[-93.49391,45.20055],[-93.5018,45.1968],[-93.50308,45.19671],[-93.50615,45.1973],[-93.50737,45.19678],[-93.50772,45.19611],[-93.50945,45.19562],[-93.51135,45.19561],[-93.51161,45.19597],[-93.511,45.1965],[-93.51296,45.19647],[-93.51341,45.19626],[-93.51312,45.19559],[-93.5138,45.19505],[-93.51634,45.19601],[-93.51643,45.19631],[-93.51566,45.19672],[-93.51572,45.19734],[-93.51624,45.19819],[-93.51701,45.19859],[-93.51745,45.19966]],[[-93.51608,45.21052],[-93.51572,45.21182],[-93.51605,45.21349],[-93.51573,45.21416],[-93.51476,45.21456],[-93.51454,45.21406],[-93.51522,45.21299],[-93.51395,45.21261],[-93.51034,45.21313],[-93.50863,45.21434],[-93.5083,45.21426],[-93.50817,45.21375],[-93.50975,45.21232],[-93.51044,45.21213],[-93.51101,45.2113],[-93.51202,45.21092],[-93.51267,45.21027],[-93.5136,45.21044],[-93.51582,45.21009],[-93.51608,45.21052]],[[-93.51297,45.17839],[-93.51273,45.1794],[-93.51157,45.1807],[-93.51287,45.18173],[-93.51297,45.18294],[-93.51139,45.18463],[-93.51089,45.18459],[-93.51023,45.18506],[-93.509,45.18483],[-93.50752,45.18316],[-93.50385,45.1812],[-93.50229,45.17938],[-93.50112,45.17686],[-93.50102,45.17558],[-93.50222,45.17246],[-93.5052,45.17208],[-93.50579,45.17226],[-93.5094,45.17491],[-93.51112,45.17572],[-93.51253,45.17728],[-93.51297,45.17839]],[[-93.47355,45.20235],[-93.47286,45.20297],[-93.47279,45.20388],[-93.47223,45.20441],[-93.4715,45.20449],[-93.47113,45.20408],[-93.4695,45.20422],[-93.4681,45.20352],[-93.46817,45.20243],[-93.46704,45.20154],[-93.46748,45.20018],[-93.46977,45.19959],[-93.46998,45.20011],[-93.46927,45.20045],[-93.47012,45.20024],[-93.47054,45.20074],[-93.4721,45.2002],[-93.47324,45.20049],[-93.47355,45.20235]],[[-93.46504,45.19878],[-93.46303,45.19864],[-93.46263,45.19828],[-93.46327,45.19782],[-93.46311,45.19739],[-93.46199,45.19754],[-93.4615,45.19719],[-93.46199,45.19666],[-93.4609,45.19686],[-93.46034,45.19661],[-93.45997,45.19682],[-93.46015,45.19729],[-93.45967,45.19793],[-93.45929,45.19783],[-93.45715,45.19608],[-93.45675,45.19538],[-93.45707,45.19532],[-93.45611,45.1947],[-93.45562,45.19372],[-93.4562,45.19374],[-93.45804,45.19498],[-93.45892,45.19506],[-93.45818,45.19539],[-93.45854,45.19599],[-93.45926,45.19623],[-93.45991,45.19571],[-93.46036,45.19575],[-93.45987,45.19437],[-93.46078,45.19363],[-93.46124,45.1927],[-93.4617,45.19256],[-93.46443,45.19329],[-93.46467,45.19396],[-93.46345,45.19461],[-93.4631,45.19576],[-93.46448,45.19715],[-93.4643,45.19836],[-93.46504,45.19878]],[[-93.44065,45.17677],[-93.44049,45.17818],[-93.44004,45.17898],[-93.43832,45.17887],[-93.43774,45.17839],[-93.43745,45.17702],[-93.43787,45.17649],[-93.43879,45.17616],[-93.44065,45.17677]],[[-93.43722,45.18782],[-93.43676,45.1881],[-93.4352,45.18794],[-93.43495,45.18758],[-93.43436,45.18795],[-93.43263,45.1879],[-93.43083,45.18737],[-93.4316,45.18613],[-93.43294,45.18593],[-93.43292,45.18539],[-93.43231,45.18509],[-93.4344,45.18549],[-93.43516,45.18606],[-93.43508,45.1854],[-93.43419,45.18508],[-93.43544,45.18458],[-93.43493,45.1837],[-93.4351,45.18348],[-93.43614,45.1845],[-93.43721,45.18631],[-93.43722,45.18782]]],[[[-93.52002,45.24184],[-93.51993,45.24012],[-93.51959,45.24011],[-93.51954,45.23878],[-93.51988,45.23869],[-93.51988,45.23849],[-93.51931,45.23852],[-93.51887,45.23863],[-93.51919,45.23852],[-93.51751,45.23861],[-93.51575,45.2387],[-93.51525,45.23922],[-93.51536,45.24009],[-93.51734,45.24175],[-93.52002,45.24184]]],[[[-93.5166,45.24178],[-93.51595,45.24104],[-93.51591,45.24102],[-93.51567,45.24075],[-93.51551,45.24077],[-93.51545,45.24081],[-93.51545,45.24081],[-93.51539,45.24078],[-93.51591,45.2415],[-93.51656,45.24176],[-93.5166,45.24178]]],[[[-93.51089,45.19667],[-93.51075,45.19658],[-93.51084,45.19656],[-93.51055,45.19644],[-93.51035,45.19666],[-93.51089,45.19667]]],[[[-93.51008,45.20304],[-93.50988,45.20312],[-93.51004,45.20345],[-93.51008,45.20304]]],[[[-93.50878,45.24322],[-93.50695,45.24081],[-93.50756,45.23879],[-93.5072,45.23756],[-93.50514,45.2367],[-93.50512,45.2367],[-93.50508,45.23668],[-93.50147,45.23597],[-93.4984,45.23483],[-93.49924,45.23782],[-93.49934,45.23798],[-93.49938,45.23811],[-93.49956,45.23833],[-93.50024,45.2394],[-93.50094,45.23998],[-93.50119,45.24028],[-93.50146,45.24041],[-93.50203,45.24088],[-93.50689,45.24301],[-93.50875,45.24329],[-93.50869,45.24321],[-93.50878,45.24322]]],[[[-93.49617,45.2329],[-93.49573,45.2322],[-93.49512,45.23191],[-93.49512,45.23192],[-93.495,45.23187],[-93.49513,45.23208],[-93.49514,45.23238],[-93.49617,45.2329]]],[[[-93.49085,45.22845],[-93.49069,45.22794],[-93.48971,45.22757],[-93.49085,45.22845]]],[[[-93.48967,45.22852],[-93.48954,45.22837],[-93.48947,45.22812],[-93.48919,45.22799],[-93.48901,45.22779],[-93.4882,45.22753],[-93.48843,45.22794],[-93.48927,45.2285],[-93.48941,45.22859],[-93.48945,45.22858],[-93.48961,45.22865],[-93.48958,45.22855],[-93.48967,45.22852]]],[[[-93.45644,45.21965],[-93.45577,45.21867],[-93.45568,45.2175],[-93.45565,45.21743],[-93.45564,45.21735],[-93.45546,45.21703],[-93.45516,45.21638],[-93.45504,45.21626],[-93.455,45.2162],[-93.45401,45.21531],[-93.45286,45.21423],[-93.45279,45.2142],[-93.45271,45.21413],[-93.45225,45.214],[-93.45118,45.2136],[-93.4509,45.21363],[-93.45063,45.21355],[-93.4502,45.21369],[-93.44956,45.21375],[-93.44746,45.21455],[-93.44742,45.2146],[-93.44729,45.21464],[-93.44584,45.21633],[-93.44731,45.21721],[-93.45203,45.21907],[-93.45644,45.21965]]],[[[-93.43375,45.18613],[-93.43356,45.18614],[-93.43345,45.18616],[-93.43375,45.18613]]],[[[-93.43345,45.18616],[-93.43296,45.18613],[-93.43314,45.18618],[-93.43345,45.18616]]],[[[-93.4248,45.21226],[-93.42434,45.21126],[-93.42304,45.21104],[-93.42336,45.21169],[-93.4248,45.21271],[-93.4248,45.21226]]],[[[-93.4231,45.17889],[-93.42271,45.17802],[-93.42199,45.17761],[-93.42202,45.1798],[-93.42239,45.17972],[-93.4231,45.17889]]]]}},
{"type":"Feature","id":"2394486","properties":{"id":"2394486","name":"Deephaven","kind":"city","counties":["Hennepin"],"population":3840,"label":[-93.52373,44.92948]},"geometry":{"type":"MultiPolygon","coordinates":[[[[-93.54904,44.92051],[-93.5478,44.92034],[-93.54771,44.91964],[-93.54656,44.92007],[-93.54654,44.92063],[-93.53834,44.92054],[-93.53837,44.91692],[-93.53329,44.91688],[-93.53353,44.90997],[-93.52843,44.91094],[-93.52843,44.90947],[-93.52582,44.9104],[-93.52333,44.9114],[-93.5234,44.91678],[-93.52083,44.9167],[-93.52067,44.92037],[-93.51831,44.9204],[-93.51833,44.92588],[-93.51307,44.92729],[-93.51303,44.92766],[-93.51179,44.92766],[-93.50782,44.92881],[-93.50762,44.9345],[-93.50603,44.93554],[-93.50613,44.93551],[-93.50603,44.93554],[-93.50585,44.93566],[-93.50543,44.93573],[-93.50389,44.93622],[-93.5024,44.93633],[-93.50235,44.9392],[-93.50746,44.93922],[-93.50728,44.94562],[-93.51937,44.94571],[-93.51946,44.94477],[-93.52043,44.94375],[-93.52081,44.94325],[-93.52094,44.94322],[-93.521,44.94315],[-93.5216,44.94304],[-93.5224,44.94283],[-93.52264,44.94285],[-93.52265,44.94285],[-93.52266,44.94285],[-93.52366,44.94294],[-93.52377,44.94321],[-93.52425,44.94337],[-93.5275,44.94342],[-93.52742,44.94344],[-93.5277,44.94339],[-93.52773,44.94371],[-93.52716,44.94374],[-93.52948,44.9441],[-93.5294,44.94367],[-93.52924,44.94339],[-93.52926,44.94297],[-93.52924,44.94284],[-93.52923,44.94281],[-93.52923,44.9428],[-93.5292,44.94263],[-93.5293,44.9424],[-93.5293,44.94236],[-93.52935,44.94229],[-93.52957,44.94178],[-93.52965,44.94153],[-93.52973,44.9414],[-93.52981,44.94122],[-93.52992,44.94111],[-93.53033,44.94046],[-93.53026,44.9404],[-93.5303,44.94038],[-93.53026,44.94033],[-93.53037,44.94034],[-93.53043,44.9403],[-93.53097,44.93946],[-93.53109,44.93904],[-93.5311,44.9388],[-93.53095,44.93783],[-93.53114,44.93675],[-93.53119,44.93442],[-93.53118,44.93436],[-93.53108,44.93428],[-93.53034,44.93387],[-93.5301,44.93392],[-93.53006,44.93401],[-93.53054,44.93427],[-93.5304,44.9343],[-93.53058,44.93434],[-93.52987,44.93445],[-93.52981,44.93453],[-93.52846,44.9368],[-93.52812,44.93674],[-93.52813,44.93662],[-93.52719,44.93607],[-93.527,44.93601],[-93.52699,44.93548],[-93.52719,44.93518],[-93.52743,44.93411],[-93.52784,44.93208],[-93.52785,44.93204],[-93.52619,44.93096],[-93.52618,44.93093],[-93.52616,44.93092],[-93.52605,44.93061],[-93.52537,44.92892],[-93.52504,44.92837],[-93.5251,44.92826],[-93.52502,44.92807],[-93.5251,44.92797],[-93.52509,44.92795],[-93.52521,44.92781],[-93.52571,44.92712],[-93.52589,44.92701],[-93.52599,44.92689],[-93.52652,44.92662],[-93.52708,44.92627],[-93.52845,44.92581],[-93.53036,44.92569],[-93.52961,44.92356],[-93.52877,44.92345],[-93.52853,44.92345],[-93.5285,44.92341],[-93.52841,44.9234],[-93.52813,44.9229],[-93.52805,44.92279],[-93.52747,44.92268],[-93.52742,44.92263],[-93.52732,44.92261],[-93.52648,44.92165],[-93.52648,44.92161],[-93.52642,44.92155],[-93.52565,44.92138],[-93.52578,44.92137],[-93.52561,44.92132],[-93.52643,44.92132],[-93.52642,44.92096],[-93.52641,44.92082],[-93.52688,44.92071],[-93.52663,44.92038],[-93.5268,44.92047],[-93.52677,44.92038],[-93.52775,44.9209],[-93.52867,44.92118],[-93.5312,44.92248],[-93.53149,44.92218],[-93.53207,44.92225],[-93.53269,44.92278],[-93.53286,44.92323],[-93.53223,44.92332],[-93.53206,44.92286],[-93.53096,44.92345],[-93.53094,44.9236],[-93.53113,44.924],[-93.53122,44.92399],[-93.53169,44.92386],[-93.53168,44.92365],[-93.53273,44.92356],[-93.53282,44.92353],[-93.53285,44.92355],[-93.53291,44.92354],[-93.53375,44.92396],[-93.53463,44.92395],[-93.53579,44.92307],[-93.53593,44.92313],[-93.53594,44.92312],[-93.536,44.92315],[-93.53614,44.92312],[-93.53742,44.92377],[-93.53776,44.92391],[-93.53804,44.92388],[-93.53805,44.92403],[-93.53807,44.92404],[-93.53807,44.92409],[-93.53819,44.92415],[-93.53812,44.92484],[-93.53624,44.92537],[-93.53454,44.92636],[-93.53191,44.92688],[-93.53157,44.92745],[-93.52991,44.9286],[-93.53005,44.92997],[-93.52999,44.92999],[-93.52999,44.93004],[-93.52979,44.93007],[-93.52966,44.93012],[-93.53044,44.93013],[-93.53091,44.92983],[-93.53248,44.92874],[-93.53377,44.92832],[-93.534,44.92824],[-93.53403,44.92824],[-93.53404,44.92824],[-93.53648,44.92854],[-93.53896,44.92884],[-93.53891,44.92827],[-93.53934,44.92818],[-93.53946,44.92824],[-93.53964,44.92823],[-93.53969,44.92835],[-93.54052,44.92875],[-93.54042,44.92877],[-93.54052,44.9288],[-93.54024,44.92882],[-93.53922,44.92905],[-93.53922,44.9292],[-93.53932,44.92931],[-93.53932,44.92933],[-93.5394,44.92942],[-93.53931,44.92986],[-93.53931,44.93025],[-93.53986,44.9303],[-93.54043,44.93015],[-93.54104,44.92966],[-93.54306,44.92708],[-93.54313,44.92706],[-93.54314,44.92704],[-93.54655,44.92586],[-93.54724,44.92577],[-93.54796,44.92554],[-93.54719,44.92421],[-93.54714,44.92399],[-93.54714,44.92399],[-93.54687,44.92288],[-93.54689,44.92286],[-93.54688,44.92284],[-93.54735,44.92237],[-93.54902,44.9206],[-93.54904,44.92051]]],[[[-93.5317,44.93313],[-93.5311,44.9329],[-93.53103,44.93288],[-93.53081,44.93304],[-93.53078,44.9331],[-93.5308,44.93311],[-93.53076,44.93314],[-93.5307,44.93327],[-93.53126,44.93345],[-93.53132,44.9335],[-93.53146,44.93354],[-93.53147,44.93352],[-93.53155,44.93355],[-93.53164,44.93329],[-93.5317,44.93313]]],[[[-93.52934,44.93201],[-93.52922,44.93186],[-93.52922,44.93185],[-93.5292,44.93184],[-93.52913,44.93181],[-93.52909,44.93179],[-93.52894,44.93215],[-93.52896,44.93215],[-93.52927,44.93203],[-93.52934,44.93201]]],[[[-93.50603,44.93554],[-93.50538,44.93574],[-93.50543,44.93573],[-93.50603,44.93554],[-93.50603,44.93554]]]]}},
{"type":"Feature","id":"2394495","properties":{"id":"2394495","name":"Delano","kind":"city","counties":["Wright"],"population":7023,"label":[-93.79024,45.03577]},"geometry":{"type":"MultiPolygon","coordinates":[[[[-93.82006,45.03574],[-93.82005,45.03212],[-93.81749,45.03211],[-93.81746,45.02488],[-93.81232,45.02487],[-93.81238,45.03207],[-93.80727,45.03204],[-93.80723,45.02903],[-93.80567,45.02904],[-93.80566,45.02844],[-93.80222,45.02845],[-93.80219,45.02486],[-93.80728,45.02486],[-93.80697,45.02125],[-93.80721,45.02125],[-93.80782,45.01401],[-93.8027,45.01399],[-93.8028,45.01011],[-93.79296,45.01033],[-93.79306,45.01279],[-93.7944,45.01476],[-93.79474,45.01589],[-93.79274,45.01895],[-93.79274,45.01912],[-93.80189,45.01913],[-93.8003,45.02125],[-93.79739,45.02124],[-93.79736,45.02845],[-93.79839,45.02845],[-93.79839,45.02931],[-93.79735,45.0293],[-93.79734,45.03206],[-93.79479,45.03206],[-93.7948,45.02844],[-93.7918,45.02844],[-93.79053,45.02956],[-93.78722,45.02955],[-93.78722,45.02843],[-93.78676,45.02843],[-93.78611,45.02937],[-93.78622,45.02958],[-93.78657,45.02978],[-93.78727,45.02995],[-93.78747,45.03045],[-93.78664,45.03205],[-93.78679,45.03362],[-93.78821,45.03561],[-93.79019,45.03662],[-93.79089,45.03767],[-93.79012,45.03905],[-93.79013,45.0422],[-93.79072,45.04276],[-93.79218,45.04306],[-93.79342,45.04395],[-93.79387,45.04508],[-93.7934,45.04541],[-93.79321,45.04419],[-93.79253,45.04357],[-93.78996,45.04286],[-93.78969,45.0389],[-93.79042,45.03788],[-93.79032,45.0374],[-93.78797,45.036],[-93.78693,45.03479],[-93.7862,45.0323],[-93.7863,45.03206],[-93.78558,45.03206],[-93.7846,45.02942],[-93.78462,45.02842],[-93.77705,45.02838],[-93.77708,45.02477],[-93.78725,45.02483],[-93.78728,45.02122],[-93.77201,45.02113],[-93.77196,45.02835],[-93.76684,45.02833],[-93.76683,45.0292],[-93.76805,45.0292],[-93.76805,45.02961],[-93.76683,45.03029],[-93.76682,45.03926],[-93.77693,45.03973],[-93.77692,45.04005],[-93.76682,45.03985],[-93.76684,45.05002],[-93.77702,45.05011],[-93.77694,45.0554],[-93.77894,45.05462],[-93.77953,45.05683],[-93.78166,45.05522],[-93.78366,45.0552],[-93.784,45.05518],[-93.78399,45.05516],[-93.78448,45.0551],[-93.78597,45.0537],[-93.78596,45.05378],[-93.78653,45.05321],[-93.78716,45.05379],[-93.79472,45.05381],[-93.79475,45.05742],[-93.79727,45.05744],[-93.79727,45.05698],[-93.79862,45.05698],[-93.79855,45.05102],[-93.80033,45.05103],[-93.8,45.05021],[-93.7985,45.04818],[-93.79873,45.04911],[-93.79856,45.05078],[-93.79518,45.05076],[-93.79517,45.0502],[-93.79673,45.04918],[-93.7971,45.04826],[-93.79618,45.04797],[-93.7953,45.04887],[-93.79457,45.0489],[-93.79289,45.04792],[-93.79271,45.04731],[-93.79333,45.04624],[-93.79673,45.04604],[-93.79823,45.04709],[-93.80003,45.04652],[-93.80007,45.04297],[-93.79997,45.04402],[-93.79822,45.044],[-93.79821,45.0445],[-93.79727,45.0445],[-93.7973,45.04061],[-93.79973,45.04136],[-93.80738,45.04487],[-93.80738,45.0445],[-93.81247,45.04451],[-93.81241,45.03595],[-93.82006,45.03574]],[[-93.80337,45.03562],[-93.80223,45.03562],[-93.80224,45.03511],[-93.80336,45.0351],[-93.80337,45.03562]],[[-93.79812,45.05126],[-93.79779,45.05091],[-93.79785,45.05091],[-93.79812,45.05126]],[[-93.79051,45.03207],[-93.7872,45.03206],[-93.7872,45.03136],[-93.7904,45.03136],[-93.79051,45.03207]],[[-93.77971,45.03559],[-93.77916,45.03558],[-93.77916,45.035],[-93.7797,45.035],[-93.77971,45.03559]]],[[[-93.81789,45.06466],[-93.81773,45.06075],[-93.81487,45.06077],[-93.81481,45.05748],[-93.81767,45.05746],[-93.81755,45.05011],[-93.80741,45.04536],[-93.80751,45.06123],[-93.81042,45.0632],[-93.8131,45.06417],[-93.81789,45.06466]],[[-93.81247,45.04841],[-93.81246,45.04928],[-93.81131,45.04928],[-93.81132,45.04842],[-93.81247,45.04841]]],[[[-93.81755,45.04731],[-93.81512,45.0472],[-93.81294,45.04758],[-93.81755,45.0497],[-93.81755,45.04731]]],[[[-93.80569,45.05105],[-93.80557,45.04896],[-93.80016,45.04894],[-93.80013,45.04659],[-93.79842,45.04713],[-93.80233,45.05317],[-93.8023,45.05103],[-93.80569,45.05105]]],[[[-93.8024,45.061],[-93.80237,45.05748],[-93.79727,45.05744],[-93.7973,45.06096],[-93.8024,45.061]]],[[[-93.79426,45.01523],[-93.79422,45.01504],[-93.79347,45.01406],[-93.79426,45.01523]]],[[[-93.7934,45.01397],[-93.7926,45.01292],[-93.79258,45.01034],[-93.79252,45.01034],[-93.79246,45.01397],[-93.7934,45.01397]]],[[[-93.79318,45.0176],[-93.79239,45.0176],[-93.79237,45.01912],[-93.79238,45.01912],[-93.79262,45.0184],[-93.79318,45.0176]]],[[[-93.79153,45.02844],[-93.7906,45.02844],[-93.7906,45.02871],[-93.791,45.02883],[-93.79153,45.02844]]]]}},
{"type":"Feature","id":"2394503","properties":{"id":"2394503","name":"Dellwood","kind":"city","counties":["Washington"],"population":1156,"label":[-92.96715,45.09857]},"geometry":{"type":"MultiPolygon","coordinates":[[[[-92.98455,45.11574],[-92.98455,45.11559],[-92.98422,45.11573],[-92.98455,45.11574]]],[[[-92.98455,45.11499],[-92.98453,45.09675],[-92.9844,45.09661],[-92.98392,45.09636],[-92.9837,45.09584],[-92.98346,45.09558],[-92.98424,45.09439],[-92.98356,45.09405],[-92.98268,45.09388],[-92.98183,45.09381],[-92.98168,45.09368],[-92.98167,45.09368],[-92.98161,45.09362],[-92.97935,45.09166],[-92.97667,45.09048],[-92.97619,45.09013],[-92.97588,45.08998],[-92.97578,45.08983],[-92.97524,45.08944],[-92.97401,45.08946],[-92.97376,45.08934],[-92.97374,45.08934],[-92.97349,45.08921],[-92.97324,45.08909],[-92.97322,45.08907],[-92.97322,45.08907],[-92.97318,45.08902],[-92.97264,45.08844],[-92.97263,45.08841],[-92.97249,45.08825],[-92.97188,45.08587],[-92.96975,45.08487],[-92.96978,45.0848],[-92.96968,45.08475],[-92.96992,45.08387],[-92.97027,45.08359],[-92.97039,45.08331],[-92.97166,45.08307],[-92.97557,45.08208],[-92.97576,45.08133],[-92.97574,45.08126],[-92.9758,45.0812],[-92.97583,45.08108],[-92.97678,45.08002],[-92.97736,45.07873],[-92.97747,45.07732],[-92.97745,45.07733],[-92.97607,45.07776],[-92.97536,45.07831],[-92.97447,45.07915],[-92.97376,45.0807],[-92.97187,45.0822],[-92.96997,45.08239],[-92.96769,45.08219],[-92.96746,45.08219],[-92.96737,45.08217],[-92.96661,45.0821],[-92.9654,45.08174],[-92.96516,45.08154],[-92.96508,45.08152],[-92.96498,45.0814],[-92.96455,45.08104],[-92.96457,45.08086],[-92.96447,45.08074],[-92.96469,45.07968],[-92.96476,45.07892],[-92.96443,45.07785],[-92.96436,45.07767],[-92.96201,45.07785],[-92.96198,45.07744],[-92.95912,45.07745],[-92.96328,45.08068],[-92.96081,45.08222],[-92.9608,45.08331],[-92.95473,45.08326],[-92.95455,45.08128],[-92.95152,45.08124],[-92.95125,45.08153],[-92.95187,45.08225],[-92.95175,45.08321],[-92.95079,45.08355],[-92.95132,45.084],[-92.95067,45.08398],[-92.95056,45.08348],[-92.94948,45.08256],[-92.94944,45.08227],[-92.94943,45.08294],[-92.94444,45.0829],[-92.94453,45.08818],[-92.94487,45.08887],[-92.94742,45.08934],[-92.95336,45.0887],[-92.95326,45.08893],[-92.95532,45.08896],[-92.95971,45.09056],[-92.95976,45.09386],[-92.96489,45.09382],[-92.96379,45.09572],[-92.96435,45.09622],[-92.96337,45.09704],[-92.96359,45.09736],[-92.96497,45.09656],[-92.96509,45.10087],[-92.95808,45.10092],[-92.95828,45.10122],[-92.95811,45.10281],[-92.95866,45.10355],[-92.95802,45.10409],[-92.9581,45.10449],[-92.95732,45.10459],[-92.9576,45.10414],[-92.95725,45.10372],[-92.95585,45.10502],[-92.95493,45.10521],[-92.95493,45.10533],[-92.95057,45.10641],[-92.94623,45.10813],[-92.94766,45.10813],[-92.94765,45.10869],[-92.95506,45.10858],[-92.95514,45.11595],[-92.96003,45.11599],[-92.95998,45.11889],[-92.96521,45.11895],[-92.96529,45.11046],[-92.9755,45.11056],[-92.97552,45.11189],[-92.98061,45.11202],[-92.98063,45.11285],[-92.98154,45.11238],[-92.98212,45.11171],[-92.98285,45.11206],[-92.98404,45.11361],[-92.98455,45.11499]]]]}},
{"type":"Feature","id":"663965","properties":{"id":"663965","name":"Denmark","kind":"township","counties":["Washington"],"population":1843,"label":[-92.82255,44.8113]},"geometry":{"type":"MultiPolygon","coordinates":[[[[-92.8789,44.77557],[-92.87663,44.77361],[-92.8705,44.76656],[-92.86658,44.76346],[-92.86511,44.7616],[-92.86671,44.76071],[-92.86662,44.76061],[-92.86488,44.7616],[-92.86459,44.7613],[-92.86037,44.75778],[-92.84718,44.75788],[-92.84723,44.75556],[-92.8454,44.75534],[-92.84411,44.75555],[-92.84205,44.75529],[-92.83829,44.75417],[-92.82815,44.75198],[-92.82927,44.75163],[-92.83116,44.75238],[-92.83674,44.75311],[-92.83884,44.75269],[-92.84192,44.7507],[-92.84736,44.74893],[-92.84739,44.74749],[-92.83771,44.7483],[-92.83442,44.74919],[-92.82799,44.75203],[-92.81689,44.74943],[-92.80678,44.74769],[-92.80492,44.74702],[-92.80336,44.7471],[-92.80337,44.74711],[-92.80463,44.74713],[-92.80564,44.74881],[-92.81414,44.75057],[-92.81221,44.75658],[-92.80994,44.76723],[-92.81007,44.76924],[-92.80848,44.76996],[-92.80912,44.77034],[-92.80927,44.77098],[-92.80794,44.77195],[-92.80434,44.77847],[-92.80034,44.78321],[-92.80128,44.78325],[-92.80097,44.78359],[-92.80041,44.78365],[-92.80009,44.78335],[-92.79909,44.78383],[-92.79263,44.78817],[-92.79217,44.78921],[-92.78995,44.79176],[-92.7872,44.79579],[-92.78683,44.79836],[-92.78897,44.79852],[-92.78735,44.79884],[-92.78669,44.79856],[-92.78635,44.80199],[-92.78639,44.80679],[-92.78507,44.81092],[-92.78425,44.8111],[-92.78481,44.81236],[-92.78374,44.81435],[-92.78168,44.81643],[-92.78041,44.81842],[-92.77883,44.81899],[-92.77493,44.82367],[-92.77394,44.82533],[-92.77342,44.82792],[-92.76977,44.83295],[-92.76864,44.83681],[-92.76835,44.83928],[-92.7686,44.84056],[-92.77102,44.84746],[-92.77227,44.85297],[-92.77292,44.85747],[-92.77364,44.85867],[-92.77309,44.85821],[-92.77285,44.85905],[-92.77189,44.85982],[-92.77373,44.86056],[-92.77398,44.86095],[-92.77353,44.86195],[-92.86234,44.86194],[-92.86287,44.80456],[-92.86279,44.77555],[-92.8789,44.77557]],[[-92.79659,44.83326],[-92.79518,44.83341],[-92.79537,44.83379],[-92.79249,44.8336],[-92.79108,44.83237],[-92.79154,44.83125],[-92.78982,44.83072],[-92.78859,44.83121],[-92.78752,44.83071],[-92.78723,44.82988],[-92.78621,44.83007],[-92.78583,44.82933],[-92.78732,44.82858],[-92.78762,44.82919],[-92.78864,44.82917],[-92.78903,44.82979],[-92.79046,44.82966],[-92.79093,44.83016],[-92.79166,44.83018],[-92.79198,44.83069],[-92.79169,44.83102],[-92.79187,44.83127],[-92.79411,44.83124],[-92.79561,44.83178],[-92.79645,44.83223],[-92.79659,44.83326]]],[[[-92.84734,44.74964],[-92.84558,44.7499],[-92.84195,44.75146],[-92.83996,44.75273],[-92.84117,44.75282],[-92.84258,44.75221],[-92.8443,44.75203],[-92.84591,44.75243],[-92.84729,44.75237],[-92.84734,44.74964]]]]}},
{"type":"Feature","id":"663994","properties":{"id":"663994","name":"Douglas","kind":"township","counties":["Dakota"],"population":742,"label":[-92.85334,44.58659]},"geometry":{"type":"MultiPolygon","coordinates":[[[[-92.91403,44.58679],[-92.91396,44.5433],[-92.80066,44.54326],[-92.80065,44.54328],[-92.79898,44.54335],[-92.79839,44.54326],[-92.7927,44.54326],[-92.79267,44.62975],[-92.91366,44.63011],[-92.91403,44.58679]],[[-92.833,44.58817],[-92.83298,44.60808],[-92.83093,44.60806],[-92.80261,44.60802],[-92.80271,44.59709],[-92.81285,44.597],[-92.81281,44.58798],[-92.833,44.58817]]]]}},
{"type":"Feature","id":"2394586","properties":{"id":"2394586","name":"Eagan","kind":"city","counties":["Dakota"],"population":68889,"label":[-93.16393,44.81691]},"geometry":{"type":"MultiPolygon","coordinates":[[[[-93.22785,44.77577],[-93.10614,44.7757],[-93.10618,44.80129],[-93.10594,44.80232],[-93.10649,44.8062],[-93.10614,44.80727],[-93.10614,44.84064],[-93.10581,44.84179],[-93.10614,44.84188],[-93.10613,44.86192],[-93.15978,44.86172],[-93.16272,44.86195],[-93.18467,44.86193],[-93.1848,44.86187],[-93.18719,44.86192],[-93.18719,44.86193],[-93.19748,44.86192],[-93.19742,44.86186],[-93.1971,44.86061],[-93.19745,44.85899],[-93.198,44.85804],[-93.20085,44.85492],[-93.20123,44.85505],[-93.20218,44.85389],[-93.2021,44.85346],[-93.20462,44.84993],[-93.2064,44.8456],[-93.20833,44.84218],[-93.21934,44.83128],[-93.22214,44.83011],[-93.22681,44.82914],[-93.22762,44.82877],[-93.22785,44.77577]],[[-93.19979,44.85275],[-93.19979,44.85316],[-93.19587,44.8584],[-93.19598,44.85914],[-93.19536,44.8613],[-93.19508,44.86135],[-93.19039,44.86116],[-93.18967,44.86033],[-93.18756,44.85976],[-93.18735,44.85932],[-93.18538,44.85943],[-93.18491,44.85974],[-93.18516,44.86005],[-93.18457,44.86003],[-93.18469,44.86025],[-93.18415,44.86034],[-93.18408,44.86004],[-93.18444,44.86007],[-93.1852,44.85935],[-93.18613,44.85919],[-93.18618,44.85891],[-93.18562,44.85856],[-93.18679,44.85894],[-93.18726,44.85851],[-93.18801,44.85925],[-93.18951,44.85946],[-93.19007,44.85943],[-93.19074,44.85884],[-93.19046,44.8581],[-93.18981,44.85771],[-93.18747,44.85457],[-93.18809,44.85196],[-93.18903,44.85258],[-93.1902,44.8523],[-93.19238,44.85265],[-93.19291,44.85242],[-93.19346,44.85133],[-93.19622,44.85002],[-93.1963,44.84916],[-93.19702,44.84914],[-93.19687,44.84941],[-93.19787,44.85025],[-93.19846,44.85169],[-93.19979,44.85275]],[[-93.18838,44.821],[-93.18744,44.82136],[-93.18634,44.82106],[-93.18422,44.82195],[-93.18354,44.82178],[-93.18362,44.82128],[-93.18332,44.82054],[-93.18182,44.81906],[-93.17883,44.81853],[-93.17783,44.81912],[-93.17713,44.8191],[-93.17701,44.8181],[-93.17503,44.81758],[-93.17477,44.81704],[-93.17544,44.81666],[-93.1813,44.81801],[-93.18221,44.81864],[-93.18449,44.81866],[-93.18508,44.82007],[-93.18691,44.82006],[-93.18838,44.821]],[[-93.17681,44.79413],[-93.17664,44.79443],[-93.17526,44.79476],[-93.17406,44.79433],[-93.17334,44.79457],[-93.17355,44.7962],[-93.17253,44.79573],[-93.17159,44.79476],[-93.16989,44.79487],[-93.16968,44.7945],[-93.1702,44.79365],[-93.1688,44.79371],[-93.16797,44.79448],[-93.16814,44.79529],[-93.16774,44.79535],[-93.16723,44.79454],[-93.16722,44.79358],[-93.16843,44.79289],[-93.16854,44.79179],[-93.16971,44.79148],[-93.16993,44.79089],[-93.17075,44.79077],[-93.17082,44.79195],[-93.17005,44.79204],[-93.16951,44.7926],[-93.17067,44.79247],[-93.17299,44.793],[-93.17407,44.79402],[-93.17429,44.79369],[-93.17412,44.7929],[-93.1749,44.79226],[-93.17455,44.79155],[-93.175,44.7915],[-93.17555,44.79166],[-93.17546,44.79218],[-93.17597,44.79258],[-93.17532,44.79323],[-93.17534,44.79364],[-93.17592,44.79405],[-93.17646,44.7937],[-93.17681,44.79413]],[[-93.16788,44.82184],[-93.16787,44.82277],[-93.16739,44.82355],[-93.16593,44.82359],[-93.1642,44.82352],[-93.16347,44.82296],[-93.16327,44.82226],[-93.16316,44.82277],[-93.16286,44.82284],[-93.16024,44.82201],[-93.16052,44.82152],[-93.16161,44.82121],[-93.16062,44.82028],[-93.16068,44.8198],[-93.16342,44.82035],[-93.16386,44.82101],[-93.16492,44.82135],[-93.1644,44.82208],[-93.16523,44.82238],[-93.16605,44.82226],[-93.167,44.82142],[-93.16788,44.82184]],[[-93.16619,44.77708],[-93.16451,44.77821],[-93.16225,44.77803],[-93.16118,44.77827],[-93.16029,44.77915],[-93.15905,44.77958],[-93.15731,44.77903],[-93.1556,44.7795],[-93.15438,44.77848],[-93.15333,44.77813],[-93.15339,44.77888],[-93.15295,44.77925],[-93.15169,44.7784],[-93.1512,44.77838],[-93.15174,44.7776],[-93.15346,44.7769],[-93.15413,44.77691],[-93.15569,44.77837],[-93.15613,44.77773],[-93.15601,44.77699],[-93.15751,44.77632],[-93.15789,44.77651],[-93.15792,44.77701],[-93.15861,44.77719],[-93.16001,44.77723],[-93.16092,44.77679],[-93.16155,44.7766],[-93.16362,44.77698],[-93.16579,44.77664],[-93.16619,44.77708]],[[-93.16561,44.84577],[-93.16552,44.84644],[-93.16385,44.84681],[-93.1603,44.84443],[-93.15973,44.84497],[-93.15871,44.84472],[-93.15846,44.84331],[-93.15869,44.84209],[-93.15973,44.84158],[-93.16159,44.84225],[-93.16174,44.84271],[-93.16146,44.84318],[-93.16243,44.8434],[-93.16255,44.84379],[-93.16561,44.84577]],[[-93.14647,44.78118],[-93.14601,44.78192],[-93.14413,44.78267],[-93.14332,44.78267],[-93.14275,44.78324],[-93.14178,44.78305],[-93.14168,44.7827],[-93.1428,44.78202],[-93.1434,44.78214],[-93.14361,44.78161],[-93.14342,44.78109],[-93.14228,44.78079],[-93.14181,44.77969],[-93.13931,44.779],[-93.13716,44.77921],[-93.13679,44.77913],[-93.13678,44.77873],[-93.13728,44.7785],[-93.13926,44.77866],[-93.14201,44.77806],[-93.14321,44.77884],[-93.14356,44.77961],[-93.14468,44.77976],[-93.14589,44.7804],[-93.14647,44.78118]],[[-93.14602,44.78844],[-93.14574,44.78909],[-93.14412,44.78882],[-93.14362,44.78903],[-93.14353,44.7901],[-93.142,44.79089],[-93.14011,44.79061],[-93.13965,44.79026],[-93.13975,44.7899],[-93.1403,44.78946],[-93.1399,44.78876],[-93.1404,44.78808],[-93.14129,44.78887],[-93.14058,44.78675],[-93.1413,44.7863],[-93.14241,44.78636],[-93.14379,44.78731],[-93.14538,44.7873],[-93.14602,44.78844]]],[[[-93.22198,44.8363],[-93.22141,44.83483],[-93.21995,44.83287],[-93.21984,44.83241],[-93.21942,44.83286],[-93.21992,44.83379],[-93.21889,44.83279],[-93.21273,44.83907],[-93.21615,44.83851],[-93.21639,44.83873],[-93.21649,44.83871],[-93.21826,44.83887],[-93.21935,44.83887],[-93.22094,44.83852],[-93.22132,44.83826],[-93.22183,44.83772],[-93.22198,44.8363]]],[[[-93.1723,44.79364],[-93.17141,44.79317],[-93.1714,44.79321],[-93.17136,44.79319],[-93.17131,44.79386],[-93.17089,44.79415],[-93.1711,44.79443],[-93.17154,44.79434],[-93.1716,44.79412],[-93.17229,44.79369],[-93.17224,44.79366],[-93.1723,44.79364]]],[[[-93.16339,44.8207],[-93.16323,44.82059],[-93.16312,44.82045],[-93.16305,44.82046],[-93.16302,44.82044],[-93.16249,44.82054],[-93.16335,44.82074],[-93.16331,44.82069],[-93.16339,44.8207]]],[[[-93.14306,44.78063],[-93.14295,44.78039],[-93.1428,44.78067],[-93.14306,44.78063]]]]}},
{"type":"Feature","id":"2394596","properties":{"id":"2394596","name":"East Bethel","kind":"city","counties":["Anoka"],"population":11961,"label":[-93.20381,45.35568]},"geometry":{"type":"MultiPolygon","coordinates":[[[[-93.26592,45.33398],[-93.26538,45.29807],[-93.22409,45.29803],[-93.18817,45.29773],[-93.18803,45.29829],[-93.1825,45.30159],[-93.18004,45.30252],[-93.17555,45.30315],[-93.17238,45.30168],[-93.17192,45.30083],[-93.16955,45.29976],[-93.16938,45.29988],[-93.1698,45.30019],[-93.16901,45.3004],[-93.16836,45.29994],[-93.16672,45.30022],[-93.16601,45.30168],[-93.16692,45.30216],[-93.16894,45.30221],[-93.1691,45.30244],[-93.16799,45.30449],[-93.16801,45.30527],[-93.16913,45.30526],[-93.17097,45.30308],[-93.17164,45.30278],[-93.17295,45.30345],[-93.17599,45.30399],[-93.1764,45.3043],[-93.17665,45.30601],[-93.17604,45.30767],[-93.17705,45.30799],[-93.17744,45.30742],[-93.17918,45.3067],[-93.17911,45.30712],[-93.18002,45.30741],[-93.18028,45.30873],[-93.18177,45.3092],[-93.18244,45.3091],[-93.1831,45.30966],[-93.18389,45.30966],[-93.18532,45.309],[-93.18704,45.30779],[-93.18965,45.30708],[-93.19302,45.30767],[-93.19604,45.30962],[-93.19658,45.31038],[-93.19656,45.31141],[-93.19813,45.3124],[-93.19794,45.31317],[-93.19595,45.31358],[-93.19534,45.31305],[-93.18963,45.31296],[-93.18735,45.31203],[-93.18495,45.31159],[-93.18247,45.31047],[-93.18041,45.31038],[-93.17832,45.30981],[-93.17618,45.31073],[-93.1722,45.30983],[-93.17093,45.31036],[-93.17051,45.31],[-93.1721,45.30975],[-93.1722,45.30902],[-93.17346,45.30847],[-93.17215,45.30762],[-93.17049,45.30771],[-93.16813,45.30843],[-93.16733,45.30932],[-93.16758,45.30981],[-93.16828,45.30967],[-93.16845,45.30919],[-93.16929,45.30967],[-93.1692,45.31094],[-93.16841,45.31131],[-93.16364,45.31244],[-93.15902,45.31138],[-93.1583,45.31097],[-93.15595,45.3118],[-93.15479,45.31182],[-93.15552,45.3142],[-93.15832,45.31389],[-93.15838,45.31428],[-93.15504,45.31459],[-93.15422,45.31541],[-93.15173,45.31553],[-93.15104,45.31634],[-93.15063,45.31851],[-93.15107,45.31964],[-93.15069,45.32124],[-93.15253,45.32259],[-93.15274,45.32415],[-93.15144,45.32441],[-93.14981,45.32391],[-93.14784,45.32051],[-93.14854,45.32074],[-93.14875,45.32036],[-93.14342,45.31965],[-93.14252,45.31982],[-93.14193,45.32024],[-93.14176,45.3205],[-93.14177,45.32051],[-93.14278,45.32176],[-93.14278,45.32181],[-93.14332,45.3225],[-93.14327,45.32309],[-93.14282,45.32367],[-93.14315,45.33875],[-93.14546,45.33807],[-93.14695,45.33823],[-93.1476,45.33889],[-93.14763,45.33971],[-93.14695,45.34065],[-93.14536,45.34115],[-93.14319,45.34069],[-93.14382,45.36989],[-93.14216,45.38512],[-93.14225,45.41373],[-93.16295,45.41428],[-93.26539,45.41371],[-93.26538,45.41016],[-93.26085,45.41015],[-93.26028,45.39572],[-93.26548,45.39577],[-93.26532,45.38476],[-93.26592,45.33398]],[[-93.25351,45.40691],[-93.25293,45.40812],[-93.25172,45.40812],[-93.25075,45.40924],[-93.24955,45.40919],[-93.24923,45.40885],[-93.24949,45.40803],[-93.24836,45.40757],[-93.24795,45.40698],[-93.24371,45.40533],[-93.24287,45.40448],[-93.2434,45.40261],[-93.24522,45.40036],[-93.24572,45.39901],[-93.24629,45.39861],[-93.24728,45.39866],[-93.24907,45.39962],[-93.24954,45.40024],[-93.24919,45.4007],[-93.24947,45.40104],[-93.24895,45.40112],[-93.24893,45.40159],[-93.25105,45.40299],[-93.25147,45.40431],[-93.25055,45.40532],[-93.25028,45.40626],[-93.25246,45.40616],[-93.25249,45.40645],[-93.25351,45.40691]],[[-93.24523,45.39674],[-93.24495,45.39754],[-93.24406,45.39831],[-93.24137,45.39899],[-93.24006,45.39901],[-93.23984,45.39855],[-93.24048,45.39531],[-93.2396,45.39458],[-93.23968,45.39414],[-93.24239,45.39235],[-93.24321,45.39246],[-93.24347,45.39346],[-93.24344,45.39392],[-93.24302,45.39397],[-93.24347,45.39476],[-93.24324,45.39533],[-93.24523,45.39674]],[[-93.22616,45.35998],[-93.2253,45.36047],[-93.22296,45.35946],[-93.22131,45.35942],[-93.22074,45.35976],[-93.22067,45.36101],[-93.22008,45.36131],[-93.22013,45.36173],[-93.21934,45.3618],[-93.21742,45.3614],[-93.21542,45.36171],[-93.2126,45.36076],[-93.2123,45.35989],[-93.2126,45.35884],[-93.21187,45.35872],[-93.21112,45.3571],[-93.2103,45.35661],[-93.21097,45.35582],[-93.21067,45.35517],[-93.21109,45.35385],[-93.21095,45.35293],[-93.21155,45.35271],[-93.21189,45.35364],[-93.21364,45.35476],[-93.21517,45.35471],[-93.21684,45.35527],[-93.22088,45.3543],[-93.2228,45.35538],[-93.22353,45.35495],[-93.22474,45.35501],[-93.22432,45.3557],[-93.22332,45.35597],[-93.22516,45.35836],[-93.22603,45.35888],[-93.22616,45.35998]],[[-93.21963,45.3462],[-93.21951,45.34687],[-93.21869,45.34723],[-93.21943,45.34747],[-93.21927,45.34805],[-93.21813,45.34734],[-93.21505,45.34811],[-93.21482,45.34741],[-93.21419,45.34713],[-93.21353,45.3459],[-93.21668,45.34423],[-93.2174,45.34324],[-93.21854,45.34294],[-93.21926,45.34337],[-93.21834,45.34426],[-93.21881,45.3454],[-93.21963,45.3462]],[[-93.20781,45.34253],[-93.20691,45.34344],[-93.2064,45.34338],[-93.20635,45.34378],[-93.20533,45.34428],[-93.20357,45.34422],[-93.20281,45.34515],[-93.20313,45.34655],[-93.20283,45.34824],[-93.20232,45.34909],[-93.20138,45.34978],[-93.20164,45.35],[-93.20095,45.35049],[-93.20161,45.35196],[-93.20225,45.35247],[-93.20341,45.35271],[-93.20389,45.35335],[-93.20405,45.35446],[-93.20364,45.35452],[-93.20389,45.35439],[-93.20354,45.35416],[-93.20322,45.35478],[-93.20255,45.35492],[-93.20264,45.3547],[-93.20094,45.35375],[-93.19966,45.35362],[-93.19796,45.35296],[-93.1979,45.35256],[-93.19732,45.35238],[-93.19689,45.35175],[-93.19706,45.35156],[-93.19661,45.35033],[-93.19701,45.35002],[-93.19665,45.34935],[-93.19829,45.34627],[-93.19753,45.34418],[-93.19764,45.34335],[-93.19875,45.34247],[-93.19953,45.34135],[-93.19948,45.34094],[-93.20057,45.34026],[-93.20132,45.33924],[-93.20254,45.33961],[-93.20271,45.33938],[-93.20238,45.33909],[-93.20342,45.33903],[-93.20382,45.33958],[-93.20484,45.33927],[-93.20626,45.34083],[-93.20679,45.34088],[-93.20718,45.34142],[-93.20704,45.34168],[-93.20763,45.34201],[-93.20781,45.34253]],[[-93.17798,45.34109],[-93.17774,45.34192],[-93.17729,45.34222],[-93.17616,45.34171],[-93.17294,45.34119],[-93.17164,45.34056],[-93.17031,45.33924],[-93.16925,45.33655],[-93.16981,45.33608],[-93.17036,45.33609],[-93.17439,45.33676],[-93.17573,45.33756],[-93.17728,45.33922],[-93.17798,45.34109]],[[-93.1757,45.41408],[-93.17004,45.41422],[-93.17008,45.41388],[-93.1696,45.41371],[-93.16913,45.41371],[-93.16851,45.41423],[-93.16732,45.41424],[-93.16673,45.41389],[-93.16577,45.41416],[-93.16493,45.41399],[-93.16543,45.41426],[-93.16419,45.41402],[-93.16484,45.41346],[-93.16697,45.41351],[-93.16951,45.41277],[-93.16806,45.41173],[-93.16792,45.41102],[-93.16715,45.41048],[-93.16806,45.4101],[-93.16962,45.41078],[-93.16993,45.41145],[-93.171,45.4122],[-93.17301,45.41287],[-93.17391,45.41379],[-93.17468,45.41355],[-93.1757,45.41408]],[[-93.17442,45.39974],[-93.1725,45.40149],[-93.17281,45.40245],[-93.17346,45.40289],[-93.17283,45.4026],[-93.17272,45.40297],[-93.17362,45.40309],[-93.17357,45.40387],[-93.17268,45.40436],[-93.17268,45.40376],[-93.17311,45.40393],[-93.17326,45.4037],[-93.17265,45.40325],[-93.17169,45.40476],[-93.1718,45.40529],[-93.17269,45.4057],[-93.17226,45.4083],[-93.17239,45.4095],[-93.1716,45.41006],[-93.1696,45.41023],[-93.16556,45.40905],[-93.16134,45.4083],[-93.16043,45.40787],[-93.15982,45.40703],[-93.1594,45.40504],[-93.15877,45.40403],[-93.15921,45.4022],[-93.16057,45.39991],[-93.16345,45.39774],[-93.16663,45.39678],[-93.16985,45.3967],[-93.17259,45.3975],[-93.17438,45.39905],[-93.17442,45.39974]],[[-93.16113,45.32875],[-93.1608,45.33015],[-93.16024,45.33096],[-93.1583,45.33044],[-93.15781,45.33002],[-93.15726,45.32845],[-93.15574,45.3276],[-93.155,45.32676],[-93.15537,45.32473],[-93.15599,45.32343],[-93.15783,45.32291],[-93.15877,45.32307],[-93.15923,45.32353],[-93.15942,45.32411],[-93.15917,45.32481],[-93.16084,45.32728],[-93.16113,45.32875]]],[[[-93.16163,45.2975],[-93.14245,45.29734],[-93.14269,45.31345],[-93.14596,45.31344],[-93.15073,45.31213],[-93.15352,45.31082],[-93.15459,45.3107],[-93.15654,45.31106],[-93.15862,45.31034],[-93.16006,45.31027],[-93.16113,45.30859],[-93.1615,45.30733],[-93.16132,45.30657],[-93.15953,45.30487],[-93.15888,45.3037],[-93.15892,45.30297],[-93.1598,45.3012],[-93.16136,45.29986],[-93.16106,45.29842],[-93.16163,45.2975]]]]}},
{"type":"Feature","id":"2394614","properties":{"id":"2394614","name":"Eden Prairie","kind":"city","counties":["Hennepin"],"population":64023,"label":[-93.4596,44.84884]},"geometry":{"type":"MultiPolygon","coordinates":[[[[-93.52081,44.84775],[-93.5208,44.8394],[-93.51987,44.83844],[-93.51882,44.83829],[-93.51742,44.83907],[-93.51721,44.83952],[-93.51633,44.83965],[-93.51364,44.83872],[-93.51226,44.83669],[-93.51217,44.83507],[-93.51259,44.83376],[-93.51406,44.83267],[-93.5175,44.83153],[-93.52078,44.83164],[-93.52076,44.81934],[-93.52067,44.81586],[-93.5199,44.81623],[-93.51737,44.81662],[-93.51496,44.81548],[-93.51428,44.81552],[-93.51293,44.81648],[-93.51123,44.81694],[-93.50714,44.81652],[-93.50428,44.8181],[-93.5035,44.81821],[-93.50195,44.81771],[-93.50179,44.81665],[-93.50197,44.81599],[-93.50357,44.81506],[-93.50598,44.81515],[-93.50776,44.81412],[-93.51098,44.8139],[-93.51363,44.81239],[-93.51542,44.80914],[-93.51671,44.80855],[-93.51919,44.8082],[-93.52048,44.80847],[-93.52032,44.80248],[-93.51382,44.80475],[-93.50949,44.80529],[-93.50359,44.80492],[-93.50274,44.80615],[-93.50144,44.8092],[-93.49897,44.81053],[-93.49749,44.81034],[-93.49645,44.80979],[-93.49375,44.80684],[-93.49299,44.80513],[-93.49193,44.80475],[-93.49026,44.80504],[-93.48468,44.80796],[-93.48361,44.80814],[-93.48266,44.80769],[-93.48093,44.80503],[-93.48014,44.80465],[-93.47657,44.80477],[-93.46372,44.80708],[-93.46142,44.80684],[-93.45733,44.80372],[-93.45388,44.80365],[-93.44905,44.80416],[-93.44594,44.80496],[-93.44398,44.80616],[-93.44287,44.80744],[-93.44267,44.80795],[-93.44171,44.81163],[-93.44069,44.81285],[-93.43903,44.81333],[-93.43664,44.81294],[-93.43542,44.81206],[-93.43027,44.81019],[-93.42065,44.80725],[-93.41915,44.80719],[-93.41466,44.80788],[-93.41331,44.80773],[-93.40773,44.80595],[-93.40393,44.80399],[-93.40204,44.80252],[-93.39886,44.79914],[-93.39881,44.85124],[-93.40049,44.85126],[-93.40042,44.85061],[-93.40088,44.85034],[-93.40095,44.85146],[-93.40146,44.85246],[-93.40221,44.8533],[-93.40265,44.85336],[-93.4029,44.85188],[-93.40345,44.8513],[-93.40464,44.85171],[-93.40486,44.85223],[-93.40563,44.85196],[-93.40577,44.85153],[-93.40531,44.85135],[-93.4054,44.85049],[-93.40498,44.84978],[-93.40592,44.84952],[-93.4056,44.85014],[-93.40641,44.8503],[-93.40699,44.85001],[-93.40824,44.84919],[-93.40787,44.84869],[-93.4069,44.84849],[-93.4065,44.84783],[-93.40542,44.84774],[-93.40524,44.84774],[-93.40522,44.84773],[-93.40516,44.84772],[-93.40516,44.84766],[-93.405,44.84751],[-93.40468,44.84761],[-93.40491,44.84827],[-93.40482,44.84834],[-93.40485,44.84847],[-93.40471,44.84843],[-93.40456,44.84856],[-93.40427,44.84831],[-93.40425,44.8483],[-93.40424,44.84828],[-93.40413,44.84818],[-93.40398,44.84748],[-93.40459,44.84692],[-93.40446,44.84656],[-93.40423,44.84615],[-93.40262,44.84474],[-93.40049,44.8444],[-93.40044,44.84442],[-93.40032,44.84531],[-93.39959,44.84566],[-93.39914,44.84556],[-93.39898,44.84559],[-93.39897,44.84552],[-93.3989,44.8455],[-93.39896,44.84537],[-93.39893,44.84508],[-93.39943,44.84425],[-93.39948,44.84423],[-93.39951,44.84416],[-93.40139,44.84356],[-93.40306,44.84208],[-93.40515,44.8411],[-93.4046,44.84053],[-93.40461,44.84013],[-93.40556,44.83962],[-93.40694,44.83989],[-93.4073,44.84006],[-93.40752,44.84012],[-93.4087,44.84073],[-93.40985,44.84129],[-93.40986,44.84134],[-93.40993,44.84138],[-93.40988,44.84148],[-93.40993,44.84177],[-93.40935,44.84254],[-93.40903,44.84319],[-93.40867,44.84345],[-93.40786,44.84453],[-93.40811,44.84549],[-93.40899,44.846],[-93.40917,44.84662],[-93.40922,44.84748],[-93.40926,44.84775],[-93.40924,44.84782],[-93.40925,44.84803],[-93.4091,44.84823],[-93.40896,44.84863],[-93.40847,44.84904],[-93.40796,44.84972],[-93.40793,44.84982],[-93.40856,44.85061],[-93.40805,44.85067],[-93.40752,44.85027],[-93.40721,44.85076],[-93.41045,44.85134],[-93.41152,44.85282],[-93.41172,44.85386],[-93.41181,44.85401],[-93.41375,44.85415],[-93.41532,44.8561],[-93.41632,44.85581],[-93.41684,44.85649],[-93.41819,44.85676],[-93.41852,44.85603],[-93.41952,44.85598],[-93.41995,44.85673],[-93.41924,44.85784],[-93.41862,44.85779],[-93.41819,44.85713],[-93.41745,44.85813],[-93.41688,44.85831],[-93.41583,44.85811],[-93.41458,44.85714],[-93.41391,44.8567],[-93.41072,44.85638],[-93.40928,44.85584],[-93.40839,44.85599],[-93.40817,44.85631],[-93.40557,44.85535],[-93.4045,44.85587],[-93.40404,44.85545],[-93.40419,44.85437],[-93.4038,44.85397],[-93.40327,44.85516],[-93.40229,44.85586],[-93.40269,44.85604],[-93.40384,44.8558],[-93.40324,44.85621],[-93.4026,44.8562],[-93.40222,44.85696],[-93.40167,44.85659],[-93.40164,44.8561],[-93.3997,44.85629],[-93.39996,44.85661],[-93.3988,44.85728],[-93.3988,44.86204],[-93.39845,44.86885],[-93.39964,44.89162],[-93.41169,44.89229],[-93.41843,44.89202],[-93.41863,44.89227],[-93.42186,44.89183],[-93.48235,44.89157],[-93.49248,44.89208],[-93.52066,44.8915],[-93.5208,44.86364],[-93.51133,44.86755],[-93.51131,44.85858],[-93.52081,44.85857],[-93.52081,44.84775]],[[-93.50209,44.86176],[-93.50175,44.86228],[-93.50074,44.86229],[-93.50004,44.86157],[-93.49917,44.86135],[-93.49842,44.86071],[-93.49631,44.86093],[-93.49463,44.8616],[-93.4907,44.86149],[-93.48966,44.86091],[-93.48937,44.86002],[-93.48832,44.86],[-93.48733,44.85957],[-93.48771,44.85922],[-93.48907,44.85919],[-93.49358,44.86103],[-93.4958,44.86068],[-93.49532,44.85994],[-93.49497,44.85819],[-93.49659,44.85685],[-93.49415,44.85594],[-93.49357,44.85668],[-93.49121,44.85763],[-93.49063,44.85727],[-93.49077,44.85634],[-93.49181,44.85623],[-93.49377,44.85516],[-93.49476,44.85512],[-93.49603,44.85429],[-93.49631,44.85296],[-93.49747,44.85245],[-93.49843,44.85218],[-93.5003,44.85235],[-93.50046,44.85249],[-93.50004,44.85286],[-93.50081,44.85431],[-93.50039,44.85486],[-93.49942,44.85493],[-93.49812,44.85392],[-93.49714,44.85434],[-93.49803,44.85477],[-93.49835,44.85548],[-93.50053,44.8567],[-93.50071,44.85735],[-93.49902,44.85701],[-93.49807,44.85768],[-93.49927,44.85801],[-93.50094,44.85915],[-93.50125,44.86127],[-93.50209,44.86176]],[[-93.50106,44.81398],[-93.5009,44.81437],[-93.49749,44.81387],[-93.4935,44.81501],[-93.49283,44.81501],[-93.49203,44.81433],[-93.49167,44.81334],[-93.49193,44.81076],[-93.49273,44.80989],[-93.49343,44.80982],[-93.49433,44.81021],[-93.49507,44.81142],[-93.50061,44.81311],[-93.50106,44.81398]],[[-93.49738,44.87724],[-93.49693,44.87864],[-93.49583,44.87853],[-93.49579,44.87736],[-93.49602,44.87694],[-93.49738,44.87724]],[[-93.49558,44.87703],[-93.49557,44.87772],[-93.49422,44.87797],[-93.49265,44.88033],[-93.49028,44.88091],[-93.48929,44.88054],[-93.48915,44.87917],[-93.48841,44.8781],[-93.48682,44.87813],[-93.48626,44.87762],[-93.48817,44.87673],[-93.48993,44.87767],[-93.49103,44.87767],[-93.493,44.8769],[-93.4942,44.87722],[-93.49558,44.87703]],[[-93.49539,44.86849],[-93.49536,44.86933],[-93.49434,44.86996],[-93.49249,44.87022],[-93.49034,44.86964],[-93.49006,44.86809],[-93.4925,44.86689],[-93.49365,44.86696],[-93.4947,44.86747],[-93.49539,44.86849]],[[-93.48364,44.81054],[-93.48341,44.81099],[-93.48059,44.81147],[-93.47731,44.81253],[-93.47372,44.81575],[-93.47115,44.81667],[-93.46739,44.81697],[-93.46504,44.8166],[-93.46222,44.81672],[-93.46135,44.81507],[-93.45402,44.81548],[-93.45168,44.81528],[-93.45097,44.81493],[-93.45014,44.81356],[-93.44972,44.81107],[-93.45026,44.80965],[-93.45136,44.80954],[-93.45759,44.81292],[-93.45894,44.81324],[-93.46186,44.81324],[-93.46247,44.8137],[-93.46305,44.81493],[-93.46382,44.81498],[-93.46401,44.81409],[-93.46347,44.81333],[-93.4634,44.81249],[-93.46215,44.81102],[-93.46208,44.8096],[-93.46241,44.8094],[-93.46411,44.80958],[-93.46784,44.81077],[-93.47278,44.80885],[-93.47503,44.8086],[-93.47513,44.80908],[-93.47679,44.80875],[-93.47969,44.80919],[-93.48296,44.80994],[-93.48364,44.81054]],[[-93.48148,44.8503],[-93.48068,44.85017],[-93.4801,44.85051],[-93.48054,44.85159],[-93.48138,44.85226],[-93.48131,44.85257],[-93.48004,44.8522],[-93.47947,44.85234],[-93.47941,44.85267],[-93.47931,44.85208],[-93.478,44.85125],[-93.47867,44.8509],[-93.47896,44.85007],[-93.4772,44.85026],[-93.47516,44.85001],[-93.47427,44.84967],[-93.47358,44.84863],[-93.47326,44.84891],[-93.4713,44.84904],[-93.46969,44.84826],[-93.46958,44.84798],[-93.47058,44.84707],[-93.47125,44.84703],[-93.47181,44.84781],[-93.47266,44.84716],[-93.47405,44.84711],[-93.47454,44.84654],[-93.4743,44.84589],[-93.47363,44.84625],[-93.47277,44.84598],[-93.4715,44.8451],[-93.47118,44.84452],[-93.47028,44.8443],[-93.47031,44.84393],[-93.47181,44.84356],[-93.47408,44.84262],[-93.47434,44.84217],[-93.47524,44.842],[-93.47532,44.84247],[-93.47454,44.8429],[-93.47448,44.84333],[-93.47508,44.84349],[-93.47599,44.84463],[-93.47615,44.84582],[-93.47816,44.84668],[-93.479,44.84807],[-93.48021,44.84917],[-93.48025,44.84959],[-93.48148,44.8503]],[[-93.4619,44.83779],[-93.46181,44.8391],[-93.46054,44.84049],[-93.45922,44.8411],[-93.45681,44.84103],[-93.45247,44.84091],[-93.45191,44.84058],[-93.45138,44.83882],[-93.45043,44.83864],[-93.44959,44.83896],[-93.44882,44.83887],[-93.44834,44.83851],[-93.44788,44.83739],[-93.44865,44.83541],[-93.44995,44.83413],[-93.45134,44.83365],[-93.4552,44.83358],[-93.45882,44.83538],[-93.4619,44.83779]],[[-93.44625,44.85213],[-93.44618,44.85255],[-93.44515,44.85284],[-93.44416,44.85357],[-93.4447,44.8544],[-93.44449,44.85601],[-93.44363,44.85568],[-93.44209,44.85701],[-93.4407,44.8568],[-93.44086,44.85744],[-93.44025,44.8577],[-93.43893,44.85685],[-93.4384,44.85658],[-93.43819,44.8551],[-93.437,44.85472],[-93.43703,44.85422],[-93.43655,44.8539],[-93.43779,44.85276],[-93.43773,44.85235],[-93.43709,44.85199],[-93.43706,44.8512],[-93.43828,44.85106],[-93.4401,44.85023],[-93.44357,44.85031],[-93.44384,44.84976],[-93.44466,44.84961],[-93.44573,44.8489],[-93.44515,44.85068],[-93.44625,44.85213]],[[-93.43858,44.88594],[-93.43777,44.88628],[-93.43667,44.88584],[-93.43596,44.88568],[-93.43435,44.88402],[-93.43299,44.88397],[-93.43199,44.88343],[-93.4315,44.88277],[-93.4314,44.88166],[-93.4299,44.8816],[-93.42622,44.88],[-93.42502,44.88001],[-93.42447,44.87968],[-93.42369,44.87819],[-93.42442,44.87651],[-93.42406,44.87501],[-93.4235,44.87442],[-93.42231,44.87471],[-93.42132,44.87419],[-93.42061,44.87267],[-93.41995,44.87266],[-93.4203,44.87235],[-93.42012,44.87209],[-93.42179,44.87144],[-93.42331,44.87148],[-93.4241,44.87205],[-93.42499,44.87395],[-93.42726,44.87376],[-93.42837,44.87467],[-93.43013,44.87493],[-93.43144,44.87592],[-93.43254,44.87804],[-93.43265,44.87938],[-93.43221,44.88011],[-93.43318,44.88025],[-93.43423,44.87995],[-93.43451,44.88022],[-93.43398,44.8803],[-93.43413,44.88049],[-93.43717,44.88249],[-93.43691,44.88381],[-93.43728,44.88467],[-93.43794,44.88502],[-93.43858,44.88594]],[[-93.42593,44.83738],[-93.42484,44.8385],[-93.42353,44.84125],[-93.42176,44.84166],[-93.41961,44.8415],[-93.41948,44.84114],[-93.41932,44.84089],[-93.41831,44.84105],[-93.41825,44.84087],[-93.41814,44.84105],[-93.41824,44.84106],[-93.41762,44.84116],[-93.41633,44.84047],[-93.41614,44.83997],[-93.41736,44.84002],[-93.41677,44.83963],[-93.41603,44.83975],[-93.41635,44.83941],[-93.4156,44.83711],[-93.41662,44.83723],[-93.41784,44.83935],[-93.41974,44.84018],[-93.42312,44.83972],[-93.42456,44.83748],[-93.42524,44.83714],[-93.42593,44.83738]],[[-93.41755,44.86408],[-93.41623,44.86485],[-93.41504,44.86506],[-93.41235,44.86385],[-93.4119,44.86401],[-93.41199,44.86455],[-93.4097,44.86325],[-93.40821,44.86305],[-93.4076,44.8625],[-93.4076,44.86214],[-93.40893,44.86225],[-93.40965,44.86165],[-93.41092,44.86183],[-93.41184,44.8607],[-93.41296,44.86076],[-93.41665,44.8621],[-93.4175,44.8629],[-93.41755,44.86408]]],[[[-93.47202,44.84843],[-93.47193,44.84838],[-93.4719,44.8483],[-93.47186,44.84834],[-93.47179,44.8483],[-93.47172,44.84845],[-93.47196,44.84848],[-93.47194,44.84844],[-93.47202,44.84843]]],[[[-93.43834,44.8127],[-93.43654,44.81211],[-93.43705,44.81249],[-93.43821,44.81273],[-93.43834,44.8127]]],[[[-93.41633,44.86393],[-93.41603,44.86328],[-93.41582,44.86356],[-93.41603,44.86453],[-93.41633,44.86393]]],[[[-93.39938,44.85629],[-93.39881,44.85594],[-93.3988,44.85724],[-93.39923,44.85694],[-93.39938,44.85629]]]]}},
{"type":"Feature","id":"2394621","properties":{"id":"2394621","name":"Edina","kind":"city","counties":["Hennepin"],"population":54048,"label":[-93.3602,44.8914]},"geometry":{"type":"MultiPolygon","coordinates":[[[[-93.40163,44.89165],[-93.39964,44.89162],[-93.39845,44.86885],[-93.3988,44.86204],[-93.39536,44.86203],[-93.39247,44.86017],[-93.39031,44.85984],[-93.38657,44.86003],[-93.38655,44.862],[-93.35448,44.86206],[-93.35449,44.86325],[-93.35163,44.86326],[-93.35077,44.86282],[-93.35076,44.86208],[-93.3239,44.86193],[-93.32393,44.86085],[-93.31883,44.8619],[-93.3188,44.90536],[-93.329,44.90542],[-93.32896,44.93059],[-93.33922,44.9306],[-93.33919,44.92346],[-93.34028,44.92346],[-93.33905,44.92071],[-93.33899,44.92031],[-93.33952,44.92018],[-93.33933,44.9197],[-93.3496,44.91974],[-93.34961,44.9205],[-93.38585,44.92035],[-93.3961,44.92081],[-93.39613,44.92042],[-93.40129,44.92045],[-93.40163,44.89165]],[[-93.3829,44.8914],[-93.38276,44.89234],[-93.38161,44.89335],[-93.37899,44.89442],[-93.37802,44.89439],[-93.37692,44.894],[-93.3766,44.89335],[-93.37655,44.89235],[-93.37705,44.89239],[-93.37649,44.8921],[-93.37648,44.89148],[-93.37693,44.89128],[-93.37723,44.89064],[-93.37935,44.89],[-93.38073,44.89076],[-93.38206,44.89073],[-93.3829,44.8914]],[[-93.34341,44.88329],[-93.33955,44.88352],[-93.3381,44.8835],[-93.33762,44.88252],[-93.33661,44.88295],[-93.33477,44.88272],[-93.33461,44.88212],[-93.33502,44.88152],[-93.33478,44.88059],[-93.33584,44.87983],[-93.3368,44.8803],[-93.33669,44.88102],[-93.33874,44.88138],[-93.33826,44.88187],[-93.34039,44.88177],[-93.3418,44.88249],[-93.3428,44.88249],[-93.34341,44.88329]],[[-93.34304,44.88591],[-93.34198,44.88636],[-93.34103,44.88622],[-93.34076,44.88568],[-93.33958,44.88593],[-93.33886,44.88572],[-93.3383,44.88511],[-93.33773,44.88525],[-93.33788,44.88488],[-93.33725,44.88392],[-93.34281,44.88369],[-93.34163,44.88386],[-93.34119,44.88448],[-93.34193,44.88488],[-93.34174,44.88572],[-93.34214,44.88613],[-93.34304,44.88591]]]]}},
{"type":"Feature","id":"2394650","properties":{"id":"2394650","name":"Elk River","kind":"city","counties":["Sherburne"],"population":27001,"label":[-93.56698,45.33138]},"geometry":{"type":"MultiPolygon","coordinates":[[[[-93.63466,45.35712],[-93.63454,45.34831],[-93.63408,45.34276],[-93.63405,45.31257],[-93.63258,45.31199],[-93.63221,45.31161],[-93.63227,45.3108],[-93.63143,45.30982],[-93.63093,45.30857],[-93.63011,45.30808],[-93.62798,45.30743],[-93.62685,45.30757],[-93.62632,45.30847],[-93.62504,45.30906],[-93.62441,45.31017],[-93.62506,45.31066],[-93.62693,45.31008],[-93.628,45.31042],[-93.62801,45.31137],[-93.6276,45.31226],[-93.62673,45.31273],[-93.62525,45.31266],[-93.62485,45.31309],[-93.62511,45.31385],[-93.62286,45.31507],[-93.62054,45.31481],[-93.62133,45.31453],[-93.62066,45.31463],[-93.62054,45.31458],[-93.62022,45.3146],[-93.62066,45.31463],[-93.61922,45.31484],[-93.61707,45.31467],[-93.61687,45.31422],[-93.61717,45.31427],[-93.61787,45.31328],[-93.61694,45.31339],[-93.61585,45.31177],[-93.61465,45.31172],[-93.61504,45.312],[-93.61422,45.31225],[-93.61541,45.31202],[-93.61566,45.31227],[-93.61447,45.3137],[-93.61317,45.31385],[-93.6124,45.31361],[-93.61154,45.31218],[-93.61039,45.31217],[-93.60943,45.3117],[-93.60886,45.31236],[-93.60758,45.31239],[-93.60685,45.31294],[-93.60584,45.31283],[-93.60545,45.31339],[-93.60212,45.31428],[-93.59925,45.31476],[-93.59869,45.31445],[-93.59821,45.3148],[-93.59793,45.31475],[-93.59785,45.31478],[-93.59742,45.31466],[-93.59736,45.31465],[-93.59736,45.31464],[-93.59731,45.31463],[-93.59705,45.31402],[-93.5979,45.31283],[-93.59667,45.31274],[-93.59612,45.31245],[-93.59583,45.31239],[-93.59582,45.3123],[-93.59579,45.31228],[-93.59574,45.31145],[-93.59564,45.31045],[-93.59567,45.31044],[-93.59567,45.31037],[-93.59618,45.31032],[-93.59667,45.3102],[-93.59676,45.3099],[-93.59555,45.30984],[-93.59526,45.30932],[-93.59556,45.30864],[-93.59687,45.30753],[-93.59685,45.3075],[-93.594,45.30789],[-93.59307,45.30835],[-93.59304,45.30916],[-93.5929,45.30838],[-93.59236,45.30954],[-93.59139,45.30962],[-93.59137,45.3096],[-93.5913,45.3096],[-93.59065,45.30871],[-93.58892,45.30825],[-93.58814,45.30677],[-93.58645,45.30605],[-93.58571,45.30509],[-93.58573,45.3045],[-93.58581,45.30442],[-93.58583,45.30427],[-93.58649,45.30369],[-93.58724,45.3038],[-93.58739,45.30377],[-93.58905,45.30321],[-93.59012,45.30317],[-93.59021,45.30315],[-93.59025,45.30316],[-93.59064,45.30315],[-93.59137,45.30353],[-93.59354,45.30301],[-93.59483,45.30377],[-93.59488,45.30427],[-93.59464,45.30465],[-93.59336,45.30492],[-93.5932,45.30539],[-93.59517,45.30689],[-93.59656,45.30641],[-93.59571,45.3053],[-93.59574,45.30527],[-93.59572,45.30525],[-93.59612,45.30485],[-93.59685,45.30405],[-93.59691,45.30406],[-93.59698,45.30399],[-93.59843,45.30438],[-93.59977,45.30546],[-93.60127,45.30583],[-93.60127,45.30586],[-93.60134,45.30588],[-93.6013,45.30603],[-93.60133,45.30626],[-93.60062,45.30853],[-93.5991,45.30971],[-93.59745,45.30981],[-93.59732,45.31007],[-93.60098,45.31035],[-93.60189,45.31101],[-93.60284,45.31124],[-93.60387,45.31238],[-93.60459,45.31166],[-93.60384,45.31075],[-93.6041,45.30969],[-93.60643,45.30834],[-93.60729,45.30847],[-93.60752,45.3092],[-93.60914,45.30899],[-93.61011,45.30929],[-93.61115,45.31045],[-93.61309,45.31003],[-93.6125,45.31041],[-93.61322,45.31105],[-93.61343,45.31099],[-93.61322,45.31039],[-93.61389,45.3092],[-93.61546,45.30932],[-93.6158,45.30945],[-93.61601,45.30948],[-93.61604,45.30955],[-93.61623,45.30962],[-93.61615,45.30976],[-93.61635,45.31018],[-93.61645,45.31029],[-93.61638,45.31024],[-93.61641,45.31031],[-93.61542,45.30959],[-93.61557,45.30991],[-93.61525,45.31006],[-93.61481,45.30981],[-93.61569,45.31063],[-93.61506,45.31056],[-93.6144,45.30948],[-93.61434,45.31024],[-93.61463,45.31026],[-93.6149,45.3109],[-93.61625,45.31064],[-93.61658,45.31031],[-93.61663,45.31059],[-93.61924,45.3112],[-93.62029,45.31106],[-93.62093,45.31177],[-93.62116,45.31155],[-93.6214,45.31171],[-93.62147,45.3117],[-93.62146,45.31175],[-93.62154,45.3118],[-93.62112,45.31292],[-93.62172,45.3137],[-93.62094,45.3132],[-93.62119,45.31259],[-93.6207,45.3129],[-93.62061,45.31262],[-93.62012,45.31296],[-93.62091,45.31377],[-93.61978,45.31306],[-93.61811,45.31392],[-93.61939,45.31444],[-93.62093,45.31422],[-93.62133,45.31429],[-93.62133,45.31429],[-93.62294,45.31456],[-93.62462,45.31359],[-93.6245,45.31274],[-93.625,45.3123],[-93.62619,45.31256],[-93.62728,45.31206],[-93.62774,45.31094],[-93.62759,45.31042],[-93.62525,45.31102],[-93.62439,45.31084],[-93.62401,45.31027],[-93.62476,45.309],[-93.62604,45.30833],[-93.62686,45.3072],[-93.62819,45.30713],[-93.6298,45.30752],[-93.63142,45.30862],[-93.633,45.31168],[-93.63405,45.31213],[-93.63403,45.29669],[-93.63396,45.29669],[-93.62802,45.29819],[-93.62615,45.29774],[-93.62375,45.29623],[-93.61823,45.29523],[-93.61383,45.29379],[-93.609,45.2931],[-93.60418,45.29402],[-93.59678,45.2941],[-93.59553,45.29509],[-93.59255,45.29424],[-93.5906,45.29432],[-93.59017,45.29449],[-93.59025,45.29515],[-93.58934,45.29642],[-93.58701,45.29651],[-93.5848,45.29605],[-93.58058,45.29359],[-93.57861,45.29317],[-93.57688,45.29369],[-93.57394,45.29517],[-93.57258,45.29674],[-93.57248,45.29779],[-93.57371,45.2977],[-93.57526,45.29706],[-93.57651,45.29738],[-93.5767,45.2979],[-93.57603,45.29952],[-93.57607,45.30171],[-93.578,45.30279],[-93.57864,45.30376],[-93.58043,45.30349],[-93.58084,45.30295],[-93.58026,45.30238],[-93.58144,45.30265],[-93.58357,45.30256],[-93.58391,45.30264],[-93.58385,45.30302],[-93.585,45.30359],[-93.58522,45.30325],[-93.5858,45.30339],[-93.58594,45.30361],[-93.58549,45.30414],[-93.58314,45.30294],[-93.58165,45.30286],[-93.58067,45.30374],[-93.57846,45.30407],[-93.57761,45.30313],[-93.5762,45.30248],[-93.57575,45.30192],[-93.57552,45.29919],[-93.57623,45.29776],[-93.5758,45.29749],[-93.57288,45.29811],[-93.57285,45.29902],[-93.57213,45.30085],[-93.57094,45.30198],[-93.56724,45.30225],[-93.56461,45.30206],[-93.56205,45.30069],[-93.5607,45.29708],[-93.56018,45.29443],[-93.55854,45.29043],[-93.55426,45.28501],[-93.55435,45.2841],[-93.55294,45.27908],[-93.55323,45.27621],[-93.55265,45.27437],[-93.55214,45.26921],[-93.55158,45.26674],[-93.55062,45.26533],[-93.54733,45.26292],[-93.54396,45.25946],[-93.53969,45.2565],[-93.53755,45.25565],[-93.52973,45.25544],[-93.52695,45.25479],[-93.52596,45.25434],[-93.52452,45.25273],[-93.52395,45.25172],[-93.52358,45.2492],[-93.52251,45.24791],[-93.52166,45.24746],[-93.52079,45.24716],[-93.51735,45.24744],[-93.51233,45.24652],[-93.51251,45.25589],[-93.51109,45.29931],[-93.51043,45.33293],[-93.51111,45.33231],[-93.51311,45.3318],[-93.51406,45.33193],[-93.51513,45.33277],[-93.51535,45.33365],[-93.51496,45.3359],[-93.51104,45.33548],[-93.51039,45.33513],[-93.51024,45.34254],[-93.50992,45.38562],[-93.63408,45.38585],[-93.63394,45.37907],[-93.63466,45.35712]]],[[[-93.63057,45.2963],[-93.62843,45.29639],[-93.62912,45.29686],[-93.63057,45.2963]]],[[[-93.62834,45.29683],[-93.62607,45.2967],[-93.62691,45.2972],[-93.62824,45.29709],[-93.62834,45.29683]]],[[[-93.62099,45.31229],[-93.62067,45.31206],[-93.62068,45.31232],[-93.62099,45.31229]]],[[[-93.62056,45.31221],[-93.62055,45.3121],[-93.62047,45.31235],[-93.62056,45.31221]]],[[[-93.61986,45.31207],[-93.61965,45.31145],[-93.61879,45.31263],[-93.61882,45.31143],[-93.61847,45.31143],[-93.61855,45.31192],[-93.61836,45.31135],[-93.61796,45.31131],[-93.61657,45.31168],[-93.61798,45.31143],[-93.61763,45.31185],[-93.61668,45.31199],[-93.61616,45.31172],[-93.61705,45.31327],[-93.6186,45.31317],[-93.61986,45.31207]]],[[[-93.61924,45.31151],[-93.61896,45.31148],[-93.61901,45.31153],[-93.61924,45.31151]]],[[[-93.61924,45.31459],[-93.61793,45.31399],[-93.61754,45.31414],[-93.61924,45.31459]]],[[[-93.61639,45.31136],[-93.61496,45.31112],[-93.61585,45.3115],[-93.61639,45.31136]]],[[[-93.61468,45.30974],[-93.61463,45.30953],[-93.61461,45.30968],[-93.61468,45.30974]]],[[[-93.61451,45.31171],[-93.61401,45.31169],[-93.61421,45.31152],[-93.61297,45.31215],[-93.61355,45.31189],[-93.61378,45.31214],[-93.61451,45.31171]]],[[[-93.61439,45.3107],[-93.614,45.31074],[-93.61375,45.31094],[-93.61439,45.3107]]],[[[-93.61309,45.31133],[-93.61252,45.31075],[-93.61233,45.31088],[-93.61309,45.31133]]],[[[-93.61287,45.31128],[-93.61228,45.31105],[-93.61234,45.31119],[-93.61287,45.31128]]],[[[-93.61286,45.31219],[-93.61279,45.31203],[-93.6125,45.31227],[-93.61286,45.31219]]],[[[-93.61106,45.31131],[-93.61074,45.31096],[-93.61048,45.3113],[-93.61073,45.31136],[-93.61106,45.31131]]],[[[-93.61,45.31187],[-93.60995,45.31179],[-93.60993,45.31191],[-93.61,45.31187]]],[[[-93.60868,45.31179],[-93.60833,45.31178],[-93.60833,45.31178],[-93.60868,45.31179]]],[[[-93.60853,45.31202],[-93.60833,45.31178],[-93.60828,45.31178],[-93.60853,45.31202]]],[[[-93.60798,45.31194],[-93.60797,45.31182],[-93.60778,45.31189],[-93.60798,45.31194]]],[[[-93.6059,45.29303],[-93.60199,45.29271],[-93.60092,45.29349],[-93.60182,45.29386],[-93.6033,45.29387],[-93.60547,45.29347],[-93.6059,45.29303]]],[[[-93.60093,45.29268],[-93.59903,45.29271],[-93.59947,45.29287],[-93.60093,45.29268]]],[[[-93.60081,45.2931],[-93.60032,45.29309],[-93.60027,45.29313],[-93.60002,45.29314],[-93.59993,45.29336],[-93.60081,45.2931]]],[[[-93.60065,45.31421],[-93.60001,45.31377],[-93.59982,45.31412],[-93.60065,45.31421]]],[[[-93.59995,45.29368],[-93.5988,45.29313],[-93.59479,45.29341],[-93.59368,45.29379],[-93.59321,45.29396],[-93.59351,45.29438],[-93.59498,45.29476],[-93.59657,45.29369],[-93.59792,45.29391],[-93.59995,45.29368]]],[[[-93.59951,45.31405],[-93.59934,45.31384],[-93.5991,45.31392],[-93.59951,45.31405]]],[[[-93.59892,45.31319],[-93.59855,45.31275],[-93.59833,45.31291],[-93.59852,45.31326],[-93.59892,45.31319]]],[[[-93.59879,45.31201],[-93.59838,45.31216],[-93.59835,45.31232],[-93.59879,45.31201]]],[[[-93.59842,45.31332],[-93.59827,45.31338],[-93.5983,45.31343],[-93.59842,45.31332]]],[[[-93.59808,45.31433],[-93.59765,45.31449],[-93.59783,45.31452],[-93.59808,45.31433]]],[[[-93.59785,45.31393],[-93.59777,45.31366],[-93.5976,45.31409],[-93.59785,45.31393]]],[[[-93.59377,45.29347],[-93.59267,45.29369],[-93.5928,45.29377],[-93.59377,45.29347]]],[[[-93.59357,45.29305],[-93.5917,45.29309],[-93.59158,45.29314],[-93.59145,45.29315],[-93.59113,45.29334],[-93.59085,45.29347],[-93.59092,45.29348],[-93.59086,45.29351],[-93.59187,45.29357],[-93.59357,45.29305]]],[[[-93.59225,45.30903],[-93.59208,45.30874],[-93.59174,45.30876],[-93.59189,45.30909],[-93.59225,45.30903]]],[[[-93.58968,45.29543],[-93.58954,45.29484],[-93.58885,45.29575],[-93.58968,45.29543]]],[[[-93.5896,45.29445],[-93.58915,45.29452],[-93.58893,45.29478],[-93.5896,45.29445]]],[[[-93.589,45.29351],[-93.58871,45.29342],[-93.58866,45.29351],[-93.58852,45.29351],[-93.58863,45.29356],[-93.5886,45.29361],[-93.58869,45.29359],[-93.58878,45.29363],[-93.589,45.29351]]],[[[-93.58858,45.29415],[-93.58852,45.29393],[-93.5871,45.29395],[-93.5852,45.29349],[-93.58398,45.29261],[-93.58114,45.29218],[-93.58052,45.29252],[-93.58647,45.29582],[-93.58755,45.29586],[-93.58858,45.29415]]],[[[-93.58781,45.29363],[-93.58709,45.29361],[-93.58719,45.29374],[-93.58781,45.29363]]],[[[-93.58724,45.2927],[-93.58711,45.29268],[-93.58713,45.2926],[-93.58589,45.29248],[-93.58598,45.29262],[-93.58649,45.29265],[-93.58707,45.29282],[-93.58711,45.29269],[-93.58724,45.2927]]],[[[-93.5862,45.2933],[-93.58498,45.29267],[-93.58565,45.29325],[-93.5862,45.2933]]],[[[-93.57109,45.3014],[-93.57077,45.30139],[-93.57063,45.30168],[-93.57067,45.30166],[-93.57065,45.3017],[-93.57109,45.3014]]],[[[-93.56985,45.30157],[-93.56857,45.30182],[-93.56853,45.30183],[-93.56959,45.30181],[-93.56985,45.30157]]],[[[-93.5301,45.25483],[-93.52903,45.25482],[-93.52943,45.25508],[-93.5301,45.25483]]],[[[-93.52939,45.25422],[-93.52466,45.25019],[-93.52522,45.25181],[-93.52656,45.25369],[-93.5281,45.25438],[-93.52939,45.25422]]]]}},
{"type":"Feature","id":"2394658","properties":{"id":"2394658","name":"Elko New Market","kind":"city","counties":["Scott"],"population":5003,"label":[-93.33397,44.56547]},"geometry":{"type":"MultiPolygon","coordinates":[[[[-93.3789,44.58396],[-93.37874,44.58021],[-93.37379,44.58023],[-93.3738,44.57661],[-93.36384,44.57663],[-93.369,44.57679],[-93.36902,44.58025],[-93.35873,44.5803],[-93.35881,44.58393],[-93.3688,44.58392],[-93.36881,44.58759],[-93.36892,44.58392],[-93.3789,44.58396]]],[[[-93.36911,44.55871],[-93.36837,44.55871],[-93.36822,44.55978],[-93.36747,44.56063],[-93.36738,44.56214],[-93.36892,44.56213],[-93.36911,44.55871]]],[[[-93.36811,44.5587],[-93.35929,44.55863],[-93.35909,44.56449],[-93.36006,44.56449],[-93.36002,44.56567],[-93.36098,44.56567],[-93.36102,44.5645],[-93.36272,44.56322],[-93.36546,44.56239],[-93.36712,44.56243],[-93.3672,44.56063],[-93.36811,44.55933],[-93.36811,44.5587]]],[[[-93.36405,44.56586],[-93.35403,44.56582],[-93.35407,44.56403],[-93.3503,44.56401],[-93.35034,44.56223],[-93.3541,44.56224],[-93.35417,44.55866],[-93.34912,44.55867],[-93.34903,44.56217],[-93.34395,44.56215],[-93.34388,44.56581],[-93.33883,44.56581],[-93.33891,44.56148],[-93.33822,44.56003],[-93.33843,44.55911],[-93.33765,44.55913],[-93.33766,44.55847],[-93.33894,44.55843],[-93.33915,44.55376],[-93.3341,44.55391],[-93.33406,44.55499],[-93.32907,44.555],[-93.32919,44.55146],[-93.32976,44.55145],[-93.32988,44.54769],[-93.33055,44.54768],[-93.33063,44.54607],[-93.32838,44.54604],[-93.32846,44.54402],[-93.32577,44.54402],[-93.32577,44.54457],[-93.3241,44.54457],[-93.324,44.54402],[-93.32333,44.55141],[-93.32209,44.55197],[-93.32121,44.55371],[-93.31998,44.55341],[-93.31998,44.55145],[-93.31894,44.55146],[-93.31893,44.55518],[-93.3172,44.55516],[-93.31719,44.55702],[-93.31893,44.55704],[-93.31892,44.5589],[-93.30864,44.55874],[-93.30858,44.57321],[-93.31383,44.57338],[-93.33868,44.57293],[-93.33857,44.57663],[-93.34371,44.57661],[-93.34368,44.57843],[-93.35129,44.57847],[-93.35128,44.58029],[-93.35378,44.58029],[-93.35382,44.57721],[-93.35766,44.57722],[-93.35765,44.57793],[-93.35866,44.57793],[-93.35868,44.57666],[-93.36134,44.57665],[-93.36115,44.57406],[-93.36178,44.57406],[-93.36179,44.57302],[-93.36261,44.57302],[-93.3627,44.56943],[-93.36397,44.56943],[-93.36405,44.56586]],[[-93.33736,44.56964],[-93.33682,44.56996],[-93.33676,44.57122],[-93.33538,44.57211],[-93.33273,44.57237],[-93.33215,44.57036],[-93.33395,44.56836],[-93.33464,44.5682],[-93.33691,44.56867],[-93.33736,44.56964]]],[[[-93.33854,44.58036],[-93.3287,44.58038],[-93.32863,44.58757],[-93.33115,44.58754],[-93.33116,44.58044],[-93.33854,44.58036]]],[[[-93.30701,44.57364],[-93.30472,44.57381],[-93.30132,44.57354],[-93.30006,44.57366],[-93.29912,44.57533],[-93.299,44.57658],[-93.30697,44.57671],[-93.30701,44.57364]]],[[[-93.29792,44.56571],[-93.28722,44.56568],[-93.28717,44.56928],[-93.28591,44.56927],[-93.28842,44.56965],[-93.28843,44.56928],[-93.29121,44.56929],[-93.29118,44.57065],[-93.29313,44.57179],[-93.29347,44.57126],[-93.29711,44.57227],[-93.29792,44.57062],[-93.29792,44.56571]]]]}},
{"type":"Feature","id":"2831011","properties":{"id":"2831011","name":"Empire","kind":"city","counties":["Dakota"],"population":3152,"label":[-93.08863,44.67668]},"geometry":{"type":"MultiPolygon","coordinates":[[[[-93.15647,44.71734],[-93.15639,44.68857],[-93.14662,44.68854],[-93.14665,44.69215],[-93.13649,44.69212],[-93.13663,44.66929],[-93.14057,44.6693],[-93.14038,44.6686],[-93.14107,44.6686],[-93.14108,44.66802],[-93.14479,44.66803],[-93.14168,44.66245],[-93.14116,44.65993],[-93.14523,44.64522],[-93.14192,44.6452],[-93.14192,44.64561],[-93.14081,44.64575],[-93.13847,44.64573],[-93.13847,44.64519],[-93.13824,44.64518],[-93.13824,44.64592],[-93.13728,44.64591],[-93.1373,44.64518],[-93.1367,44.64518],[-93.1367,44.64927],[-93.13487,44.64942],[-93.13368,44.64986],[-93.13074,44.65237],[-93.13263,44.65238],[-93.13262,44.65279],[-93.13017,44.65278],[-93.1277,44.65397],[-93.12456,44.65464],[-93.1246,44.6552],[-93.12652,44.6549],[-93.12651,44.65649],[-93.12532,44.65711],[-93.12363,44.65711],[-93.12336,44.65332],[-93.12601,44.65333],[-93.12602,44.65252],[-93.12634,44.65235],[-93.11635,44.65232],[-93.11649,44.63059],[-93.03504,44.63035],[-93.0348,44.70273],[-93.03479,44.71001],[-93.04496,44.71005],[-93.045,44.71731],[-93.15647,44.71734]]]]}},
{"type":"Feature","id":"664113","properties":{"id":"664113","name":"Eureka","kind":"township","counties":["Dakota"],"population":1362,"label":[-93.21774,44.58585]},"geometry":{"type":"MultiPolygon","coordinates":[[[[-93.27852,44.55118],[-93.27838,44.54403],[-93.15696,44.54374],[-93.15726,44.57269],[-93.15702,44.62353],[-93.16717,44.62349],[-93.16709,44.63002],[-93.16559,44.63002],[-93.16558,44.63078],[-93.20002,44.63074],[-93.20007,44.62542],[-93.20129,44.62542],[-93.2013,44.62353],[-93.2077,44.6235],[-93.20767,44.62625],[-93.21777,44.62621],[-93.21781,44.62347],[-93.22798,44.62347],[-93.22797,44.62405],[-93.22966,44.62405],[-93.22966,44.62428],[-93.2323,44.62428],[-93.23231,44.62346],[-93.23528,44.62346],[-93.23796,44.63049],[-93.238,44.6283],[-93.24434,44.62832],[-93.2443,44.63076],[-93.25938,44.63077],[-93.26047,44.62891],[-93.26124,44.6262],[-93.26402,44.62621],[-93.26403,44.62484],[-93.26838,44.62486],[-93.26841,44.63076],[-93.27818,44.63076],[-93.27784,44.60896],[-93.27787,44.60608],[-93.27784,44.60605],[-93.27627,44.60536],[-93.27541,44.60431],[-93.27519,44.60351],[-93.27595,44.60236],[-93.27599,44.60147],[-93.2773,44.60074],[-93.27793,44.60094],[-93.27852,44.55118]],[[-93.22341,44.554],[-93.22054,44.5583],[-93.22069,44.55884],[-93.22041,44.55931],[-93.22095,44.5597],[-93.22047,44.56063],[-93.22003,44.56039],[-93.21968,44.56059],[-93.22035,44.56082],[-93.22072,44.56168],[-93.22029,44.56269],[-93.2206,44.56349],[-93.22028,44.56493],[-93.21928,44.56699],[-93.21916,44.56806],[-93.21965,44.56949],[-93.22072,44.57061],[-93.22081,44.57115],[-93.22142,44.57122],[-93.22055,44.57161],[-93.22147,44.57337],[-93.22267,44.57437],[-93.22176,44.57478],[-93.21987,44.57483],[-93.21701,44.57338],[-93.21391,44.57157],[-93.2133,44.5699],[-93.21342,44.56845],[-93.21459,44.56697],[-93.21497,44.56073],[-93.21604,44.5581],[-93.21737,44.55716],[-93.21884,44.55538],[-93.22042,44.5547],[-93.22203,44.55464],[-93.22341,44.554]]]]}},
{"type":"Feature","id":"2394717","properties":{"id":"2394717","name":"Excelsior","kind":"city","counties":["Hennepin"],"population":2335,"label":[-93.56656,44.90131]},"geometry":{"type":"MultiPolygon","coordinates":[[[[-93.57912,44.89721],[-93.5773,44.8972],[-93.57714,44.89774],[-93.57526,44.89757],[-93.57531,44.89699],[-93.57497,44.89699],[-93.57497,44.89648],[-93.57391,44.89647],[-93.57391,44.89698],[-93.57336,44.89697],[-93.57315,44.89601],[-93.57238,44.89601],[-93.57238,44.89521],[-93.57193,44.89521],[-93.57087,44.89829],[-93.57062,44.89823],[-93.57096,44.89708],[-93.57074,44.89707],[-93.56978,44.89765],[-93.56923,44.89757],[-93.56878,44.89843],[-93.5678,44.89841],[-93.56776,44.89779],[-93.56605,44.89855],[-93.56581,44.89828],[-93.56666,44.89769],[-93.5668,44.89715],[-93.56656,44.89674],[-93.56578,44.89695],[-93.56436,44.8982],[-93.56428,44.89929],[-93.56248,44.90007],[-93.56227,44.89978],[-93.56274,44.89916],[-93.56295,44.89791],[-93.56093,44.89684],[-93.56082,44.89669],[-93.5585,44.89672],[-93.55791,44.89644],[-93.55734,44.89748],[-93.55823,44.89749],[-93.5582,44.89843],[-93.55362,44.89835],[-93.55359,44.89928],[-93.55245,44.89928],[-93.55246,44.90011],[-93.55255,44.90088],[-93.55295,44.90084],[-93.55294,44.90177],[-93.55351,44.90166],[-93.55343,44.90263],[-93.55306,44.90265],[-93.55319,44.9033],[-93.55378,44.90341],[-93.55445,44.90289],[-93.55514,44.90287],[-93.5554,44.90301],[-93.5555,44.90303],[-93.55578,44.90304],[-93.5559,44.90311],[-93.55609,44.90315],[-93.55716,44.90388],[-93.55848,44.90364],[-93.55864,44.90378],[-93.55905,44.90373],[-93.55904,44.90377],[-93.55909,44.90377],[-93.55886,44.90542],[-93.55911,44.90553],[-93.56016,44.90334],[-93.56347,44.90364],[-93.56354,44.9037],[-93.56355,44.9037],[-93.56361,44.90374],[-93.56368,44.90375],[-93.56583,44.90544],[-93.566,44.9061],[-93.56619,44.90642],[-93.56618,44.9068],[-93.56656,44.90823],[-93.56849,44.90864],[-93.57008,44.90893],[-93.57027,44.90858],[-93.57029,44.90844],[-93.57042,44.90828],[-93.57093,44.90732],[-93.57324,44.90605],[-93.57329,44.90604],[-93.57347,44.90594],[-93.57411,44.90585],[-93.57463,44.90573],[-93.57572,44.90482],[-93.57592,44.90477],[-93.57599,44.90472],[-93.57636,44.90467],[-93.57695,44.90454],[-93.57678,44.90415],[-93.57672,44.90415],[-93.57677,44.90412],[-93.57669,44.90393],[-93.57709,44.90385],[-93.57664,44.90371],[-93.57641,44.9037],[-93.57639,44.90347],[-93.57667,44.90344],[-93.5767,44.90341],[-93.57652,44.90138],[-93.57763,44.90138],[-93.57763,44.89888],[-93.57911,44.89888],[-93.57912,44.89721]]]]}},
{"type":"Feature","id":"2394738","properties":{"id":"2394738","name":"Falcon Heights","kind":"city","counties":["Ramsey"],"population":5379,"label":[-93.17709,44.98995]},"geometry":{"type":"MultiPolygon","coordinates":[[[[-93.19746,44.9881],[-93.18727,44.98805],[-93.18738,44.97733],[-93.16702,44.97733],[-93.16696,44.98815],[-93.15672,44.98822],[-93.15675,44.9918],[-93.15665,44.99904],[-93.19733,44.99891],[-93.19746,44.9881]]]]}},
{"type":"Feature","id":"2394747","properties":{"id":"2394747","name":"Farmington","kind":"city","counties":["Dakota"],"population":23719,"label":[-93.16579,44.65562]},"geometry":{"type":"MultiPolygon","coordinates":[[[[-93.20763,44.63072],[-93.16558,44.63078],[-93.16559,44.63002],[-93.16709,44.63002],[-93.16717,44.62349],[-93.15153,44.62349],[-93.14968,44.63061],[-93.15084,44.62827],[-93.1523,44.62725],[-93.15225,44.63078],[-93.1407,44.63073],[-93.14359,44.63066],[-93.14359,44.63011],[-93.14199,44.6301],[-93.14193,44.62534],[-93.14454,44.62535],[-93.14453,44.62344],[-93.13856,44.6234],[-93.13856,44.62367],[-93.13764,44.62367],[-93.13764,44.62427],[-93.13875,44.62427],[-93.13875,44.62455],[-93.13687,44.62459],[-93.1367,44.62898],[-93.13696,44.62898],[-93.13718,44.63057],[-93.13818,44.63058],[-93.13776,44.62975],[-93.13833,44.62937],[-93.13882,44.62969],[-93.13841,44.63058],[-93.13973,44.63073],[-93.13514,44.6307],[-93.13514,44.6297],[-93.13422,44.6297],[-93.13426,44.62705],[-93.13671,44.62703],[-93.13669,44.62563],[-93.13563,44.62565],[-93.1356,44.6247],[-93.13511,44.62469],[-93.13512,44.62338],[-93.1303,44.62336],[-93.1303,44.62431],[-93.12788,44.6243],[-93.12788,44.62335],[-93.12763,44.62335],[-93.12763,44.62405],[-93.12665,44.62404],[-93.12665,44.62334],[-93.12579,44.62334],[-93.12579,44.62252],[-93.12762,44.62253],[-93.12762,44.6219],[-93.1292,44.6219],[-93.12918,44.61608],[-93.1176,44.61604],[-93.1176,44.61749],[-93.11646,44.61748],[-93.11647,44.62216],[-93.11694,44.62216],[-93.11695,44.62329],[-93.11647,44.62329],[-93.11635,44.65232],[-93.12634,44.65235],[-93.12602,44.65252],[-93.12601,44.65333],[-93.12336,44.65332],[-93.12363,44.65711],[-93.12532,44.65711],[-93.12651,44.65649],[-93.12652,44.6549],[-93.1246,44.6552],[-93.12456,44.65464],[-93.1277,44.65397],[-93.13017,44.65278],[-93.13262,44.65279],[-93.13263,44.65238],[-93.13074,44.65237],[-93.13368,44.64986],[-93.13487,44.64942],[-93.1367,44.64927],[-93.1367,44.64518],[-93.1373,44.64518],[-93.13728,44.64591],[-93.13824,44.64592],[-93.13824,44.64518],[-93.13847,44.64519],[-93.13847,44.64573],[-93.14081,44.64575],[-93.14192,44.64561],[-93.14192,44.6452],[-93.14523,44.64522],[-93.14116,44.65993],[-93.14168,44.66245],[-93.14479,44.66803],[-93.14108,44.66802],[-93.14107,44.6686],[-93.14038,44.6686],[-93.14057,44.6693],[-93.13663,44.66929],[-93.13649,44.69212],[-93.14665,44.69215],[-93.14662,44.68854],[-93.20728,44.68854],[-93.20734,44.65972],[-93.20763,44.63072]],[[-93.13172,44.62867],[-93.13171,44.62967],[-93.13117,44.62967],[-93.13116,44.63066],[-93.13024,44.63066],[-93.13026,44.62867],[-93.13172,44.62867]],[[-93.12804,44.62914],[-93.12803,44.63065],[-93.12665,44.63065],[-93.12665,44.62913],[-93.12804,44.62914]],[[-93.12802,44.62829],[-93.12665,44.62838],[-93.12665,44.62828],[-93.12802,44.62829]]],[[[-93.13861,44.62973],[-93.13828,44.62953],[-93.138,44.62974],[-93.13828,44.62997],[-93.13861,44.62973]]],[[[-93.13664,44.62412],[-93.13639,44.6242],[-93.13664,44.62421],[-93.13664,44.62412]]]]}},
{"type":"Feature","id":"2394789","properties":{"id":"2394789","name":"Forest Lake","kind":"city","counties":["Washington"],"population":20862,"label":[-92.95826,45.25355]},"geometry":{"type":"MultiPolygon","coordinates":[[[[-93.01971,45.26831],[-93.0197,45.26723],[-93.01754,45.26726],[-93.01367,45.26658],[-93.01245,45.26547],[-93.01238,45.26407],[-93.01339,45.26331],[-93.01341,45.26215],[-93.01499,45.26128],[-93.01666,45.26065],[-93.01952,45.26028],[-93.01961,45.26032],[-93.01936,45.2396],[-93.0197,45.21075],[-92.89709,45.21025],[-92.89694,45.24552],[-92.89725,45.24555],[-92.90031,45.24518],[-92.90135,45.24572],[-92.9028,45.24582],[-92.90285,45.24645],[-92.90107,45.24776],[-92.89923,45.2486],[-92.8998,45.24925],[-92.90166,45.25004],[-92.90415,45.25271],[-92.90411,45.25335],[-92.90351,45.25346],[-92.9022,45.25238],[-92.90094,45.25207],[-92.89941,45.25221],[-92.89714,45.2508],[-92.89707,45.25049],[-92.89803,45.25055],[-92.89726,45.24994],[-92.89692,45.2498],[-92.89673,45.29627],[-92.94088,45.29638],[-93.01718,45.29689],[-93.01821,45.29623],[-93.0196,45.2958],[-93.01971,45.26831]],[[-93.01472,45.2593],[-93.01429,45.25998],[-93.00936,45.2637],[-93.00726,45.26467],[-93.00332,45.26519],[-92.99639,45.26461],[-92.9946,45.26528],[-92.99501,45.26569],[-92.99488,45.26598],[-92.99118,45.26711],[-92.99055,45.26683],[-92.99054,45.26648],[-92.9898,45.2664],[-92.98897,45.26549],[-92.98941,45.26483],[-92.98965,45.265],[-92.98926,45.26534],[-92.99013,45.26482],[-92.9905,45.26279],[-92.99137,45.26106],[-92.99162,45.25966],[-92.99128,45.25913],[-92.99142,45.25795],[-92.99116,45.25728],[-92.99187,45.25621],[-92.99248,45.25592],[-92.99337,45.25588],[-92.99449,45.25699],[-92.99905,45.25887],[-93.00078,45.25798],[-92.9984,45.25718],[-92.99795,45.25672],[-92.99797,45.25637],[-92.99836,45.25631],[-92.99881,45.25565],[-93.0028,45.25507],[-93.00442,45.2545],[-93.00683,45.25449],[-93.00857,45.25491],[-93.01379,45.25763],[-93.01463,45.25876],[-93.01472,45.2593]],[[-92.98355,45.27613],[-92.98349,45.27759],[-92.98213,45.28221],[-92.98017,45.28442],[-92.97883,45.28537],[-92.9778,45.28705],[-92.97471,45.28975],[-92.97232,45.29369],[-92.96977,45.29472],[-92.9669,45.29497],[-92.95932,45.29411],[-92.95629,45.2928],[-92.95513,45.29167],[-92.95485,45.28953],[-92.95732,45.28711],[-92.95785,45.28543],[-92.95736,45.28185],[-92.95597,45.27981],[-92.9565,45.27681],[-92.9554,45.27529],[-92.95626,45.274],[-92.95597,45.27282],[-92.95613,45.27195],[-92.95567,45.27128],[-92.95449,45.27173],[-92.952,45.27434],[-92.9505,45.27488],[-92.94796,45.27518],[-92.94146,45.27406],[-92.93996,45.27317],[-92.93927,45.27153],[-92.93902,45.27228],[-92.93826,45.27267],[-92.93654,45.27224],[-92.93325,45.27226],[-92.92767,45.27292],[-92.92077,45.27223],[-92.9196,45.27111],[-92.9197,45.26889],[-92.91861,45.26717],[-92.91712,45.26825],[-92.91438,45.26848],[-92.91405,45.2689],[-92.91298,45.26878],[-92.91291,45.26829],[-92.9123,45.26825],[-92.91261,45.26788],[-92.91127,45.2643],[-92.91176,45.26152],[-92.91025,45.26008],[-92.90999,45.25794],[-92.90895,45.25708],[-92.90872,45.25609],[-92.91046,45.25433],[-92.91211,45.25353],[-92.91697,45.25419],[-92.91826,45.25361],[-92.92052,45.25347],[-92.92057,45.25287],[-92.92111,45.25288],[-92.92078,45.25349],[-92.92107,45.25382],[-92.92266,45.254],[-92.92444,45.25512],[-92.92435,45.25694],[-92.92583,45.2588],[-92.92992,45.25953],[-92.93224,45.26158],[-92.93612,45.26345],[-92.93657,45.26556],[-92.93769,45.26562],[-92.93671,45.26569],[-92.93684,45.26671],[-92.93808,45.2668],[-92.93712,45.26704],[-92.93663,45.26923],[-92.93842,45.26804],[-92.94208,45.2668],[-92.94585,45.2639],[-92.94773,45.26362],[-92.95284,45.26417],[-92.95496,45.26481],[-92.95661,45.26624],[-92.95899,45.2676],[-92.96041,45.26717],[-92.96267,45.2672],[-92.96263,45.26744],[-92.96015,45.26742],[-92.95949,45.26777],[-92.96014,45.26852],[-92.96017,45.26906],[-92.95919,45.27028],[-92.95901,45.27102],[-92.9601,45.27168],[-92.96397,45.27227],[-92.96583,45.27329],[-92.96757,45.27376],[-92.96777,45.27209],[-92.96643,45.2708],[-92.96368,45.27105],[-92.96393,45.2708],[-92.96613,45.27063],[-92.96642,45.26922],[-92.96585,45.26785],[-92.96598,45.26676],[-92.967,45.26611],[-92.96944,45.26598],[-92.96956,45.26664],[-92.9722,45.267],[-92.97177,45.2672],[-92.96889,45.26687],[-92.96756,45.26774],[-92.96741,45.26805],[-92.96836,45.27082],[-92.96827,45.27174],[-92.96868,45.27178],[-92.96884,45.27149],[-92.97025,45.27158],[-92.96905,45.27177],[-92.96919,45.27208],[-92.97,45.27197],[-92.96969,45.27241],[-92.96893,45.2723],[-92.96875,45.27369],[-92.96778,45.27428],[-92.9692,45.27479],[-92.96995,45.27466],[-92.97124,45.27325],[-92.97342,45.27281],[-92.97579,45.27269],[-92.97772,45.27298],[-92.9801,45.27362],[-92.98243,45.27478],[-92.98355,45.27613]]]]}},
{"type":"Feature","id":"664202","properties":{"id":"664202","name":"Fort Snelling","kind":"unorganized","counties":["Hennepin"],"population":0,"label":[-93.21616,44.88166]},"geometry":{"type":"MultiPolygon","coordinates":[[[[-93.25544,44.89556],[-93.25471,44.89556],[-93.2547,44.89434],[-93.25396,44.89434],[-93.254,44.89261],[-93.25272,44.89261],[-93.2528,44.8908],[-93.2478,44.89072],[-93.24786,44.88876],[-93.24647,44.88877],[-93.24651,44.88351],[-93.24574,44.88352],[-93.24484,44.88273],[-93.24501,44.88219],[-93.24573,44.8818],[-93.24646,44.88008],[-93.24656,44.87811],[-93.24794,44.87811],[-93.24794,44.86194],[-93.20348,44.86192],[-93.20325,44.86265],[-93.20433,44.86291],[-93.20312,44.86292],[-93.20225,44.86457],[-93.19915,44.86674],[-93.19955,44.86744],[-93.19869,44.867],[-93.19093,44.87133],[-93.18991,44.87237],[-93.18874,44.87464],[-93.18712,44.87622],[-93.1809,44.87866],[-93.17884,44.88118],[-93.17862,44.88124],[-93.17861,44.88127],[-93.1789,44.88191],[-93.17911,44.88207],[-93.17938,44.88197],[-93.18022,44.88291],[-93.18022,44.88291],[-93.18085,44.88294],[-93.18279,44.88421],[-93.18371,44.88537],[-93.18371,44.88632],[-93.1829,44.88736],[-93.18111,44.8885],[-93.17876,44.88896],[-93.17804,44.88949],[-93.17797,44.88997],[-93.17801,44.89058],[-93.17811,44.89062],[-93.17838,44.89116],[-93.17741,44.89291],[-93.17754,44.89321],[-93.18065,44.89389],[-93.18598,44.8941],[-93.18968,44.89522],[-93.19152,44.89624],[-93.19281,44.89749],[-93.19316,44.89844],[-93.19244,44.89952],[-93.19198,44.8997],[-93.19179,44.90054],[-93.19178,44.90265],[-93.19225,44.90376],[-93.19333,44.90473],[-93.19467,44.90542],[-93.20749,44.9054],[-93.20758,44.89625],[-93.21088,44.89625],[-93.21091,44.89341],[-93.21613,44.8934],[-93.21709,44.8938],[-93.21707,44.89599],[-93.21906,44.89599],[-93.21907,44.89497],[-93.22039,44.89497],[-93.22249,44.89602],[-93.22251,44.89688],[-93.21905,44.89688],[-93.21904,44.89789],[-93.22055,44.89711],[-93.23174,44.89691],[-93.23175,44.89548],[-93.2323,44.89548],[-93.23231,44.89511],[-93.23509,44.89509],[-93.23508,44.89619],[-93.23253,44.89621],[-93.23258,44.89704],[-93.2414,44.89713],[-93.24139,44.89738],[-93.24266,44.89709],[-93.24265,44.89764],[-93.24314,44.89764],[-93.24315,44.89736],[-93.24369,44.89736],[-93.2437,44.897],[-93.24497,44.89721],[-93.24511,44.89616],[-93.24765,44.89616],[-93.24761,44.8976],[-93.24825,44.8976],[-93.24825,44.89787],[-93.25464,44.89786],[-93.25466,44.89717],[-93.25539,44.89717],[-93.25544,44.89556]],[[-93.19157,44.87598],[-93.19136,44.87734],[-93.19046,44.8782],[-93.1902,44.87893],[-93.18949,44.87934],[-93.1894,44.87974],[-93.18974,44.87989],[-93.18854,44.88264],[-93.18784,44.8831],[-93.18785,44.88417],[-93.18624,44.886],[-93.18526,44.88582],[-93.18425,44.88516],[-93.18396,44.88087],[-93.18269,44.8794],[-93.18249,44.8785],[-93.1903,44.87569],[-93.19157,44.87598]]],[[[-93.20242,44.86192],[-93.19874,44.86192],[-93.20137,44.86426],[-93.20242,44.86192]]],[[[-93.19266,44.89818],[-93.19205,44.89729],[-93.1915,44.89696],[-93.19176,44.89717],[-93.19211,44.89841],[-93.19178,44.89947],[-93.19197,44.89959],[-93.19251,44.89926],[-93.19266,44.89818]]]]}},
{"type":"Feature","id":"664219","properties":{"id":"664219","name":"Franklin","kind":"township","counties":["Wright"],"population":2937,"label":[-93.83232,45.03378]},"geometry":{"type":"MultiPolygon","coordinates":[[[[-93.89087,45.07937],[-93.89079,45.06481],[-93.89018,45.04335],[-93.89018,45.04333],[-93.88959,45.04443],[-93.88802,45.046],[-93.88905,45.04775],[-93.88821,45.04822],[-93.88764,45.04931],[-93.88599,45.05046],[-93.8856,45.0512],[-93.8829,45.05171],[-93.87916,45.05026],[-93.8776,45.0486],[-93.87678,45.04836],[-93.87696,45.04844],[-93.87528,45.04827],[-93.87224,45.04882],[-93.87003,45.0485],[-93.86809,45.04782],[-93.86638,45.04656],[-93.86246,45.04592],[-93.86206,45.04538],[-93.86324,45.04586],[-93.86712,45.04542],[-93.86816,45.04575],[-93.86811,45.04629],[-93.86867,45.04648],[-93.86974,45.04597],[-93.86962,45.04519],[-93.87057,45.04475],[-93.87168,45.04473],[-93.87199,45.04531],[-93.87276,45.04542],[-93.87313,45.04597],[-93.8736,45.04575],[-93.87386,45.04476],[-93.87474,45.04571],[-93.87606,45.04628],[-93.87625,45.04736],[-93.87614,45.04755],[-93.87639,45.04726],[-93.87699,45.04635],[-93.87675,45.04594],[-93.87533,45.04537],[-93.8747,45.04418],[-93.8739,45.0438],[-93.87379,45.04323],[-93.87422,45.04275],[-93.87476,45.04242],[-93.87616,45.04252],[-93.8781,45.04204],[-93.88062,45.04305],[-93.88027,45.0439],[-93.88525,45.04029],[-93.88402,45.03917],[-93.88385,45.03832],[-93.8834,45.03791],[-93.88132,45.04029],[-93.87936,45.0394],[-93.87906,45.0357],[-93.87839,45.03516],[-93.87896,45.03345],[-93.87829,45.03269],[-93.8784,45.03231],[-93.88058,45.03243],[-93.88158,45.03325],[-93.88301,45.03333],[-93.88344,45.03447],[-93.88302,45.03466],[-93.88422,45.03488],[-93.88515,45.03476],[-93.88626,45.0335],[-93.88757,45.03317],[-93.89015,45.03334],[-93.89,44.97821],[-93.84919,44.9778],[-93.8253,44.97775],[-93.82513,44.97802],[-93.82356,44.97965],[-93.82251,44.98249],[-93.8215,44.98409],[-93.81972,44.98601],[-93.81818,44.98713],[-93.81682,44.98767],[-93.81467,44.98755],[-93.8144,44.98728],[-93.81457,44.98672],[-93.81559,44.98599],[-93.81574,44.98532],[-93.81395,44.98406],[-93.81318,44.98424],[-93.81085,44.98607],[-93.80981,44.98769],[-93.81032,44.98843],[-93.8102,44.9884],[-93.81061,44.98886],[-93.81084,44.9892],[-93.8107,44.99013],[-93.80711,44.99161],[-93.80524,44.99174],[-93.80504,44.99193],[-93.8055,44.9925],[-93.80537,44.99283],[-93.80346,44.99373],[-93.8015,44.9954],[-93.80117,44.99661],[-93.80145,44.99708],[-93.80242,44.99742],[-93.80223,44.99848],[-93.79749,44.9985],[-93.79618,44.9996],[-93.79755,45.00096],[-93.79918,45.00186],[-93.7993,45.00249],[-93.79571,45.00583],[-93.79858,45.00304],[-93.79878,45.00246],[-93.79852,45.00187],[-93.79729,45.00112],[-93.79551,44.99935],[-93.79612,44.99937],[-93.79619,44.99931],[-93.79627,44.99931],[-93.79684,44.99846],[-93.79753,44.99812],[-93.80184,44.99818],[-93.80191,44.99788],[-93.80185,44.99791],[-93.80186,44.99769],[-93.80076,44.99653],[-93.80102,44.99546],[-93.80295,44.99351],[-93.80502,44.99279],[-93.80458,44.9921],[-93.8047,44.99174],[-93.80667,44.99144],[-93.81002,44.99021],[-93.81033,44.98957],[-93.80953,44.98789],[-93.80969,44.98697],[-93.81046,44.98597],[-93.81298,44.98409],[-93.81437,44.98387],[-93.8159,44.98499],[-93.81611,44.98605],[-93.81508,44.98685],[-93.81508,44.98731],[-93.8162,44.9874],[-93.81634,44.98742],[-93.81633,44.98741],[-93.81665,44.98743],[-93.81795,44.987],[-93.81834,44.98634],[-93.81955,44.98578],[-93.82163,44.98327],[-93.82308,44.97973],[-93.82498,44.97779],[-93.825,44.97775],[-93.78229,44.97767],[-93.78276,44.97795],[-93.78483,44.97882],[-93.78516,44.97934],[-93.78618,44.97953],[-93.78924,44.98195],[-93.79257,44.98396],[-93.79291,44.98515],[-93.79372,44.98582],[-93.79527,44.98822],[-93.79563,44.99002],[-93.7953,44.98975],[-93.79487,44.98814],[-93.79314,44.98586],[-93.79136,44.98517],[-93.7893,44.9849],[-93.78531,44.98336],[-93.78379,44.98214],[-93.78336,44.9814],[-93.78164,44.98139],[-93.78023,44.97993],[-93.779,44.97941],[-93.77582,44.97947],[-93.77505,44.97817],[-93.77443,44.97765],[-93.7675,44.97764],[-93.76684,45.02833],[-93.77196,45.02835],[-93.77201,45.02113],[-93.78728,45.02122],[-93.78725,45.02483],[-93.77708,45.02477],[-93.77705,45.02838],[-93.78462,45.02842],[-93.7846,45.02942],[-93.78558,45.03206],[-93.7863,45.03206],[-93.78699,45.03043],[-93.78596,45.02994],[-93.78547,45.02923],[-93.78723,45.02671],[-93.78944,45.02512],[-93.78984,45.024],[-93.79259,45.0205],[-93.79222,45.01962],[-93.79238,45.01912],[-93.79237,45.01912],[-93.79239,45.0176],[-93.79318,45.0176],[-93.79439,45.01586],[-93.79426,45.01523],[-93.79347,45.01406],[-93.7934,45.01397],[-93.79246,45.01397],[-93.79252,45.01034],[-93.79258,45.01034],[-93.79256,45.00695],[-93.79282,45.00672],[-93.79296,45.01033],[-93.8028,45.01011],[-93.8027,45.01399],[-93.80782,45.01401],[-93.80721,45.02125],[-93.80697,45.02125],[-93.80728,45.02486],[-93.80219,45.02486],[-93.80222,45.02845],[-93.80566,45.02844],[-93.80567,45.02904],[-93.80723,45.02903],[-93.80727,45.03204],[-93.81238,45.03207],[-93.81232,45.02487],[-93.81746,45.02488],[-93.81749,45.03211],[-93.82005,45.03212],[-93.82006,45.03574],[-93.81241,45.03595],[-93.81247,45.04451],[-93.80738,45.0445],[-93.80738,45.04487],[-93.79973,45.04136],[-93.7973,45.04061],[-93.79727,45.0445],[-93.79821,45.0445],[-93.79822,45.044],[-93.79997,45.04402],[-93.80007,45.04297],[-93.80003,45.04652],[-93.79788,45.04706],[-93.79673,45.04604],[-93.79333,45.04624],[-93.79284,45.04671],[-93.79284,45.04786],[-93.79431,45.04882],[-93.7953,45.04887],[-93.79618,45.04797],[-93.7971,45.04826],[-93.79673,45.04918],[-93.79517,45.0502],[-93.79518,45.05076],[-93.79856,45.05078],[-93.79873,45.04911],[-93.7985,45.04818],[-93.8,45.05021],[-93.80033,45.05103],[-93.79855,45.05102],[-93.79862,45.05698],[-93.79727,45.05698],[-93.79727,45.05744],[-93.79475,45.05742],[-93.79472,45.05381],[-93.78716,45.05379],[-93.78689,45.05331],[-93.78636,45.05325],[-93.78563,45.05402],[-93.78597,45.0537],[-93.78588,45.05419],[-93.78468,45.05524],[-93.78193,45.0554],[-93.78014,45.05718],[-93.77409,45.05883],[-93.77411,45.06047],[-93.77279,45.06224],[-93.77171,45.06279],[-93.76982,45.06216],[-93.76793,45.06195],[-93.76709,45.06139],[-93.76615,45.06004],[-93.76559,45.0599],[-93.7652,45.0606],[-93.76529,45.0615],[-93.76554,45.06235],[-93.76594,45.06319],[-93.76595,45.06593],[-93.76558,45.06683],[-93.7646,45.06708],[-93.7646,45.06708],[-93.7646,45.06708],[-93.76456,45.06709],[-93.76458,45.06707],[-93.76356,45.06668],[-93.76305,45.06685],[-93.76168,45.06776],[-93.76081,45.06922],[-93.76155,45.06965],[-93.76221,45.06976],[-93.76425,45.06987],[-93.76485,45.07023],[-93.76476,45.07107],[-93.76225,45.0728],[-93.76007,45.07327],[-93.75914,45.0728],[-93.75877,45.07312],[-93.75905,45.07422],[-93.75956,45.0747],[-93.76006,45.07458],[-93.76024,45.07407],[-93.76025,45.07402],[-93.76026,45.07401],[-93.7604,45.0736],[-93.76144,45.07339],[-93.76175,45.07358],[-93.76145,45.07494],[-93.76075,45.0753],[-93.76006,45.07608],[-93.76042,45.07716],[-93.75897,45.07761],[-93.76157,45.07996],[-93.76241,45.08173],[-93.76237,45.08187],[-93.76241,45.08189],[-93.76229,45.08218],[-93.76203,45.0832],[-93.76236,45.08367],[-93.76369,45.0838],[-93.76488,45.08337],[-93.76591,45.08392],[-93.76552,45.08466],[-93.7628,45.0852],[-93.76264,45.0862],[-93.76569,45.09015],[-93.76739,45.09132],[-93.76962,45.09156],[-93.77044,45.09112],[-93.77143,45.08983],[-93.77291,45.08986],[-93.77374,45.09015],[-93.77747,45.09277],[-93.78103,45.09363],[-93.78722,45.09455],[-93.79048,45.09612],[-93.7913,45.09682],[-93.79172,45.09654],[-93.79165,45.09602],[-93.79085,45.09471],[-93.79078,45.09301],[-93.78926,45.09024],[-93.78931,45.08933],[-93.79131,45.0893],[-93.79342,45.09051],[-93.79419,45.08937],[-93.7932,45.0886],[-93.79294,45.08789],[-93.79398,45.08734],[-93.79694,45.08669],[-93.80115,45.08752],[-93.8055,45.08705],[-93.80712,45.08629],[-93.8074,45.08609],[-93.80779,45.08566],[-93.80782,45.08477],[-93.8069,45.08343],[-93.80739,45.08283],[-93.80848,45.08308],[-93.80885,45.08309],[-93.80891,45.08318],[-93.80915,45.08323],[-93.80951,45.08404],[-93.80969,45.0843],[-93.81013,45.08453],[-93.81443,45.08459],[-93.81519,45.08511],[-93.81623,45.08664],[-93.81698,45.08695],[-93.82135,45.08595],[-93.82,45.08584],[-93.81943,45.08549],[-93.81927,45.08492],[-93.81982,45.0843],[-93.82165,45.08442],[-93.82379,45.0853],[-93.82483,45.08418],[-93.82594,45.0848],[-93.8303,45.08517],[-93.83055,45.08544],[-93.83077,45.08556],[-93.8309,45.08548],[-93.83145,45.08577],[-93.8321,45.08534],[-93.83458,45.0851],[-93.8352,45.08408],[-93.83659,45.08339],[-93.83633,45.08177],[-93.83559,45.08098],[-93.8367,45.07942],[-93.83727,45.07779],[-93.838,45.07759],[-93.83914,45.07828],[-93.8399,45.07822],[-93.83892,45.07674],[-93.83898,45.07625],[-93.83948,45.07582],[-93.84009,45.07588],[-93.84056,45.07586],[-93.84079,45.07594],[-93.84122,45.07598],[-93.84336,45.0768],[-93.8472,45.07589],[-93.84855,45.07588],[-93.85046,45.0765],[-93.84993,45.07663],[-93.85,45.07709],[-93.85,45.07709],[-93.85045,45.0775],[-93.85127,45.07764],[-93.8522,45.07749],[-93.85412,45.07637],[-93.85467,45.07601],[-93.85476,45.076],[-93.85516,45.07577],[-93.8555,45.07605],[-93.8561,45.07834],[-93.85535,45.08005],[-93.85536,45.08078],[-93.85569,45.08088],[-93.85654,45.08004],[-93.8578,45.07988],[-93.85876,45.08007],[-93.85929,45.08077],[-93.85875,45.08207],[-93.85656,45.08435],[-93.85861,45.08418],[-93.86077,45.08534],[-93.86232,45.08571],[-93.8626,45.08671],[-93.86259,45.08682],[-93.86261,45.08692],[-93.86248,45.08937],[-93.86253,45.0897],[-93.86392,45.09144],[-93.86419,45.09162],[-93.8654,45.09203],[-93.86684,45.09045],[-93.86752,45.08955],[-93.86769,45.08951],[-93.86775,45.08945],[-93.86791,45.08947],[-93.86832,45.08938],[-93.86999,45.0897],[-93.87088,45.09082],[-93.87172,45.09289],[-93.87103,45.0973],[-93.87259,45.0977],[-93.87398,45.09971],[-93.87457,45.0998],[-93.87508,45.09969],[-93.87674,45.09834],[-93.87823,45.09874],[-93.87938,45.09802],[-93.87953,45.09801],[-93.87958,45.09798],[-93.87965,45.098],[-93.88087,45.09789],[-93.88143,45.0977],[-93.88189,45.09781],[-93.8822,45.09778],[-93.88231,45.0979],[-93.88242,45.09793],[-93.88245,45.09806],[-93.88262,45.09825],[-93.88265,45.09902],[-93.88143,45.09901],[-93.88065,45.09843],[-93.88001,45.09854],[-93.87983,45.09911],[-93.88059,45.09967],[-93.8824,45.09983],[-93.8828,45.1007],[-93.88497,45.10151],[-93.88545,45.10322],[-93.88482,45.10408],[-93.8844,45.10483],[-93.88439,45.1052],[-93.88514,45.10636],[-93.8854,45.10636],[-93.88598,45.10622],[-93.88645,45.10574],[-93.88635,45.10458],[-93.88662,45.104],[-93.88721,45.1041],[-93.88752,45.10407],[-93.88755,45.10416],[-93.88768,45.10418],[-93.88887,45.10688],[-93.88891,45.10692],[-93.8905,45.1082],[-93.89087,45.07937]],[[-93.79727,45.05744],[-93.80237,45.05748],[-93.8024,45.061],[-93.7973,45.06096],[-93.79727,45.05744]],[[-93.83423,45.03953],[-93.83371,45.04067],[-93.83178,45.0425],[-93.83101,45.04372],[-93.82985,45.04401],[-93.82759,45.0439],[-93.82527,45.04223],[-93.82546,45.04097],[-93.82749,45.03939],[-93.82759,45.03825],[-93.82768,45.038],[-93.82853,45.0381],[-93.82848,45.0368],[-93.83059,45.03651],[-93.83367,45.03781],[-93.83417,45.03832],[-93.83423,45.03953]],[[-93.81789,45.06466],[-93.81681,45.06465],[-93.81366,45.0643],[-93.81042,45.0632],[-93.80751,45.06123],[-93.80741,45.04536],[-93.81755,45.05011],[-93.81767,45.05746],[-93.81481,45.05748],[-93.81487,45.06077],[-93.81773,45.06075],[-93.81789,45.06466]],[[-93.81755,45.04731],[-93.81755,45.0497],[-93.8131,45.04753],[-93.81512,45.0472],[-93.81755,45.04731]],[[-93.81579,45.07936],[-93.8135,45.07998],[-93.81188,45.08179],[-93.81012,45.08239],[-93.81174,45.08111],[-93.81171,45.08075],[-93.81095,45.08046],[-93.81092,45.07978],[-93.81083,45.07913],[-93.81051,45.07897],[-93.80866,45.07948],[-93.80724,45.07949],[-93.80583,45.07933],[-93.80498,45.07856],[-93.80393,45.07952],[-93.80139,45.08005],[-93.80002,45.07868],[-93.79684,45.07863],[-93.79627,45.07787],[-93.79663,45.07721],[-93.79785,45.07671],[-93.79968,45.07537],[-93.79993,45.0756],[-93.79899,45.07727],[-93.79944,45.07765],[-93.80333,45.07748],[-93.80561,45.07795],[-93.80868,45.07793],[-93.80983,45.07821],[-93.81167,45.0776],[-93.8131,45.07926],[-93.81499,45.07844],[-93.81579,45.07936]],[[-93.80569,45.05105],[-93.8023,45.05103],[-93.80233,45.05317],[-93.79842,45.04713],[-93.80013,45.04659],[-93.80016,45.04894],[-93.80557,45.04896],[-93.80569,45.05105]],[[-93.78884,45.06378],[-93.78858,45.06483],[-93.78568,45.06668],[-93.78389,45.06653],[-93.78321,45.06729],[-93.78273,45.06716],[-93.78301,45.06678],[-93.78232,45.06622],[-93.78179,45.06318],[-93.78217,45.06203],[-93.7829,45.06121],[-93.78495,45.06021],[-93.78857,45.0617],[-93.78852,45.06255],[-93.78704,45.06336],[-93.78714,45.06378],[-93.78884,45.06378]]],[[[-93.88443,45.10153],[-93.88443,45.10151],[-93.88427,45.10147],[-93.88443,45.10153]]],[[[-93.88419,45.04704],[-93.88369,45.04676],[-93.88365,45.04687],[-93.88419,45.04704]]],[[[-93.88406,45.04712],[-93.884,45.04705],[-93.88383,45.04709],[-93.88406,45.04712]]],[[[-93.88375,45.04708],[-93.88367,45.04698],[-93.88367,45.04704],[-93.88375,45.04708]]],[[[-93.88223,45.09859],[-93.88222,45.09839],[-93.88172,45.09793],[-93.88122,45.09812],[-93.88122,45.09842],[-93.88186,45.09876],[-93.88207,45.09874],[-93.88223,45.09859]]],[[[-93.88174,45.0458],[-93.88172,45.04557],[-93.88151,45.04556],[-93.88174,45.0458]]],[[[-93.87963,45.09826],[-93.87839,45.09892],[-93.87962,45.09832],[-93.87963,45.09826]]],[[[-93.87595,45.048],[-93.87592,45.04792],[-93.87589,45.04798],[-93.87595,45.048]]],[[[-93.87213,45.09779],[-93.8721,45.09773],[-93.87187,45.09771],[-93.87213,45.09779]]],[[[-93.8572,45.08013],[-93.85714,45.08012],[-93.85705,45.08019],[-93.8572,45.08013]]],[[[-93.83751,45.07798],[-93.83745,45.07799],[-93.83734,45.07837],[-93.83751,45.07798]]],[[[-93.82153,45.08598],[-93.82152,45.08595],[-93.82149,45.086],[-93.82153,45.08598]]],[[[-93.82091,45.0864],[-93.81928,45.08674],[-93.82077,45.0865],[-93.82091,45.0864]]],[[[-93.81247,45.04841],[-93.81132,45.04842],[-93.81131,45.04928],[-93.81246,45.04928],[-93.81247,45.04841]]],[[[-93.80337,45.03562],[-93.80336,45.0351],[-93.80224,45.03511],[-93.80223,45.03562],[-93.80337,45.03562]]],[[[-93.80189,45.01913],[-93.79274,45.01912],[-93.79269,45.02077],[-93.79015,45.02403],[-93.78988,45.0253],[-93.78843,45.02603],[-93.78676,45.02843],[-93.78722,45.02843],[-93.78722,45.02955],[-93.79053,45.02956],[-93.7918,45.02844],[-93.7948,45.02844],[-93.79479,45.03206],[-93.79734,45.03206],[-93.79735,45.0293],[-93.79839,45.02931],[-93.79839,45.02845],[-93.79736,45.02845],[-93.79739,45.02124],[-93.8003,45.02125],[-93.80189,45.01913]],[[-93.79153,45.02844],[-93.791,45.02883],[-93.7906,45.02871],[-93.7906,45.02844],[-93.79153,45.02844]]],[[[-93.79812,45.05126],[-93.79785,45.05091],[-93.79779,45.05091],[-93.79812,45.05126]]],[[[-93.79051,45.03207],[-93.7904,45.03136],[-93.7872,45.03136],[-93.7872,45.03206],[-93.79051,45.03207]]],[[[-93.78723,45.09488],[-93.78702,45.09473],[-93.78682,45.09471],[-93.78723,45.09488]]],[[[-93.78657,45.02978],[-93.78622,45.02958],[-93.78628,45.02971],[-93.78657,45.02978]]],[[[-93.77971,45.03559],[-93.7797,45.035],[-93.77916,45.035],[-93.77916,45.03558],[-93.77971,45.03559]]],[[[-93.77953,45.05683],[-93.77894,45.05462],[-93.77694,45.0554],[-93.77702,45.05011],[-93.76684,45.05002],[-93.76676,45.06012],[-93.76772,45.06157],[-93.77054,45.06216],[-93.77118,45.0626],[-93.77179,45.06248],[-93.77232,45.06221],[-93.77382,45.06011],[-93.77368,45.05895],[-93.77417,45.05842],[-93.7792,45.05708],[-93.77953,45.05683]]],[[[-93.77693,45.03973],[-93.76682,45.03926],[-93.76682,45.03985],[-93.77692,45.04005],[-93.77693,45.03973]]],[[[-93.76805,45.0292],[-93.76683,45.0292],[-93.76683,45.03029],[-93.76805,45.02961],[-93.76805,45.0292]]],[[[-93.76555,45.08386],[-93.76528,45.0838],[-93.76551,45.0839],[-93.76555,45.08386]]],[[[-93.76513,45.06041],[-93.76503,45.06062],[-93.76503,45.06063],[-93.76513,45.06041]]],[[[-93.76456,45.07065],[-93.76447,45.07053],[-93.76454,45.07073],[-93.76456,45.07065]]],[[[-93.76451,45.07093],[-93.76405,45.07131],[-93.76449,45.07102],[-93.76451,45.07093]]],[[[-93.76378,45.0847],[-93.76346,45.08477],[-93.76332,45.08485],[-93.76378,45.0847]]],[[[-93.76341,45.08786],[-93.76244,45.08658],[-93.7626,45.08699],[-93.76341,45.08786]]],[[[-93.76219,45.08175],[-93.76216,45.08177],[-93.76218,45.08177],[-93.76219,45.08175]]]]}},
{"type":"Feature","id":"2394826","properties":{"id":"2394826","name":"Fridley","kind":"city","counties":["Anoka"],"population":29962,"label":[-93.25915,45.0839]},"geometry":{"type":"MultiPolygon","coordinates":[[[[-93.29459,45.11877],[-93.29431,45.11814],[-93.29124,45.11506],[-93.29082,45.11437],[-93.29178,45.1183],[-93.29286,45.11875],[-93.29459,45.11877]]],[[[-93.29099,45.1194],[-93.29042,45.11874],[-93.28926,45.11489],[-93.28826,45.11277],[-93.28632,45.11096],[-93.27829,45.10634],[-93.2769,45.10341],[-93.27648,45.10092],[-93.27784,45.0939],[-93.27865,45.09164],[-93.27885,45.0893],[-93.27752,45.08745],[-93.27756,45.08418],[-93.2772,45.08185],[-93.27775,45.0813],[-93.2785,45.07472],[-93.27966,45.07271],[-93.27973,45.07058],[-93.28228,45.06502],[-93.28305,45.06141],[-93.28306,45.05993],[-93.28225,45.05624],[-93.27996,45.05229],[-93.27806,45.05135],[-93.27803,45.05096],[-93.27871,45.04913],[-93.27938,45.04835],[-93.27884,45.04584],[-93.27886,45.04425],[-93.28181,45.03728],[-93.28174,45.03544],[-93.27204,45.03551],[-93.27209,45.04095],[-93.26778,45.04093],[-93.2681,45.05],[-93.26251,45.05001],[-93.26265,45.06445],[-93.24742,45.06449],[-93.24742,45.06164],[-93.22699,45.06163],[-93.22782,45.10709],[-93.22911,45.10709],[-93.23158,45.10772],[-93.26056,45.10793],[-93.26315,45.10742],[-93.26328,45.10791],[-93.26365,45.10792],[-93.26371,45.12456],[-93.27997,45.12451],[-93.27719,45.11879],[-93.2842,45.11878],[-93.28476,45.12021],[-93.28812,45.11946],[-93.29099,45.1194]],[[-93.25133,45.07591],[-93.25022,45.07731],[-93.24948,45.07911],[-93.24844,45.07993],[-93.24733,45.08029],[-93.24713,45.08028],[-93.24702,45.08031],[-93.24698,45.08027],[-93.24694,45.08027],[-93.2469,45.08021],[-93.24555,45.07905],[-93.2441,45.07903],[-93.24725,45.07268],[-93.2477,45.07199],[-93.24808,45.07197],[-93.24881,45.07316],[-93.24876,45.07419],[-93.25041,45.0744],[-93.25115,45.07518],[-93.25133,45.07591]],[[-93.24623,45.07277],[-93.24602,45.07413],[-93.24372,45.07849],[-93.24097,45.07869],[-93.24134,45.0776],[-93.24214,45.07673],[-93.24264,45.07664],[-93.24382,45.07479],[-93.2434,45.07444],[-93.24385,45.07452],[-93.2441,45.0738],[-93.24485,45.07317],[-93.24623,45.07277]]],[[[-93.28422,45.05796],[-93.28409,45.05734],[-93.28361,45.05695],[-93.28357,45.05814],[-93.28389,45.05876],[-93.28415,45.05874],[-93.28422,45.05796]]],[[[-93.28318,45.03549],[-93.28278,45.03626],[-93.28277,45.03682],[-93.28318,45.03549]]],[[[-93.27997,45.04358],[-93.27955,45.04358],[-93.27935,45.04515],[-93.27974,45.04515],[-93.27997,45.04358]]],[[[-93.27977,45.04975],[-93.27922,45.04968],[-93.27896,45.05053],[-93.27977,45.05028],[-93.27977,45.04975]]],[[[-93.27952,45.08622],[-93.27927,45.0835],[-93.27894,45.08242],[-93.27859,45.08245],[-93.27865,45.08478],[-93.27927,45.08633],[-93.27952,45.08622]]],[[[-93.24596,45.07792],[-93.24511,45.07796],[-93.24491,45.07832],[-93.2452,45.07847],[-93.24596,45.07792]]]]}},
{"type":"Feature","id":"2394871","properties":{"id":"2394871","name":"Gem Lake","kind":"city","counties":["Ramsey"],"population":530,"label":[-93.04039,45.05796]},"geometry":{"type":"MultiPolygon","coordinates":[[[[-93.05548,45.05774],[-93.0511,45.05281],[-93.0509,45.05202],[-93.05116,45.05033],[-93.03581,45.05032],[-93.03581,45.04849],[-93.03664,45.04849],[-93.03696,45.0476],[-93.03386,45.0476],[-93.02813,45.06746],[-93.02885,45.06756],[-93.02864,45.06813],[-93.02921,45.06846],[-93.0305,45.06787],[-93.03094,45.0688],[-93.036,45.06654],[-93.04586,45.06329],[-93.04586,45.06289],[-93.0484,45.06207],[-93.04841,45.06235],[-93.05548,45.05774]]]]}},
{"type":"Feature","id":"2394924","properties":{"id":"2394924","name":"Golden Valley","kind":"city","counties":["Hennepin"],"population":22034,"label":[-93.35908,44.99005]},"geometry":{"type":"MultiPolygon","coordinates":[[[[-93.40075,45.00743],[-93.40042,44.98581],[-93.40066,44.97133],[-93.39046,44.97115],[-93.39032,44.97126],[-93.39053,44.97136],[-93.39001,44.97145],[-93.39014,44.97164],[-93.38901,44.97151],[-93.38696,44.97196],[-93.38608,44.9716],[-93.38573,44.97107],[-93.37526,44.97089],[-93.3495,44.97112],[-93.34949,44.97033],[-93.34374,44.97038],[-93.34371,44.96663],[-93.3287,44.96649],[-93.32866,44.9772],[-93.31848,44.97718],[-93.31859,45.00607],[-93.33388,45.00612],[-93.3338,45.01697],[-93.34964,45.01696],[-93.34971,45.00724],[-93.35647,45.00727],[-93.35648,45.00689],[-93.35785,45.00689],[-93.35783,45.00727],[-93.40075,45.00743]],[[-93.34364,44.98865],[-93.3427,44.99132],[-93.33747,44.99512],[-93.33604,44.99809],[-93.33512,44.99858],[-93.33483,44.99852],[-93.33465,44.99858],[-93.33321,44.99818],[-93.33243,44.99848],[-93.33215,44.99841],[-93.33196,44.99845],[-93.3319,44.99834],[-93.33169,44.99829],[-93.33177,44.99813],[-93.3317,44.99801],[-93.33226,44.99723],[-93.33236,44.99703],[-93.3324,44.99702],[-93.33243,44.99698],[-93.33409,44.99675],[-93.33441,44.99611],[-93.33703,44.99402],[-93.33776,44.99233],[-93.33925,44.99157],[-93.339,44.99027],[-93.3395,44.98956],[-93.34092,44.98908],[-93.34248,44.98784],[-93.34302,44.98792],[-93.34331,44.98826],[-93.34354,44.98838],[-93.34351,44.98849],[-93.34364,44.98865]],[[-93.33801,44.98938],[-93.33776,44.99076],[-93.33653,44.99314],[-93.33492,44.99457],[-93.33438,44.99458],[-93.33385,44.99408],[-93.33398,44.99348],[-93.33664,44.9895],[-93.33708,44.98923],[-93.33801,44.98938]],[[-93.32681,44.98004],[-93.32497,44.9819],[-93.32501,44.98331],[-93.32452,44.98404],[-93.32016,44.98396],[-93.31986,44.98374],[-93.32127,44.98247],[-93.32166,44.98094],[-93.32274,44.98083],[-93.32357,44.97999],[-93.32574,44.97889],[-93.32672,44.97926],[-93.32681,44.98004]]]]}},
{"type":"Feature","id":"2394963","properties":{"id":"2394963","name":"Grant","kind":"city","counties":["Washington"],"population":3991,"label":[-92.90902,45.08249]},"geometry":{"type":"MultiPolygon","coordinates":[[[[-92.98455,45.11574],[-92.98422,45.11573],[-92.98358,45.11601],[-92.98206,45.11601],[-92.98019,45.1156],[-92.97807,45.11467],[-92.97751,45.11414],[-92.97783,45.11367],[-92.97989,45.11323],[-92.98063,45.11285],[-92.98061,45.11202],[-92.97552,45.11189],[-92.9755,45.11056],[-92.96529,45.11046],[-92.96521,45.11895],[-92.95998,45.11889],[-92.96003,45.11599],[-92.95514,45.11595],[-92.95506,45.10858],[-92.94765,45.10869],[-92.94766,45.10813],[-92.94623,45.10813],[-92.95057,45.10641],[-92.95493,45.10533],[-92.95493,45.10521],[-92.95023,45.10619],[-92.94912,45.10537],[-92.94871,45.10589],[-92.94897,45.10625],[-92.94955,45.10631],[-92.94944,45.10654],[-92.94826,45.1066],[-92.94722,45.10745],[-92.94711,45.10679],[-92.9469,45.10678],[-92.94722,45.10631],[-92.94825,45.10618],[-92.94821,45.10578],[-92.94871,45.10558],[-92.94897,45.10502],[-92.95204,45.1041],[-92.9516,45.10389],[-92.94704,45.10538],[-92.94729,45.10491],[-92.94658,45.10468],[-92.9461,45.1039],[-92.94641,45.10361],[-92.94711,45.10373],[-92.94849,45.10268],[-92.94849,45.10154],[-92.94933,45.10078],[-92.94899,45.1003],[-92.94941,45.09942],[-92.95034,45.09993],[-92.95012,45.10049],[-92.95048,45.10068],[-92.95094,45.10045],[-92.9506,45.09979],[-92.95096,45.09882],[-92.95324,45.09951],[-92.95299,45.09874],[-92.95335,45.09803],[-92.95327,45.09684],[-92.95361,45.09647],[-92.9551,45.09564],[-92.95712,45.09567],[-92.95985,45.09675],[-92.96033,45.09776],[-92.96018,45.09833],[-92.96077,45.09811],[-92.96162,45.09859],[-92.96234,45.09807],[-92.96191,45.09869],[-92.96137,45.09869],[-92.9613,45.09903],[-92.96023,45.09842],[-92.96028,45.09891],[-92.95952,45.09943],[-92.95922,45.09924],[-92.95924,45.09867],[-92.95836,45.09843],[-92.95673,45.09893],[-92.95808,45.10092],[-92.96509,45.10087],[-92.96497,45.09656],[-92.96359,45.09736],[-92.96337,45.09704],[-92.96435,45.09622],[-92.96379,45.09572],[-92.96489,45.09382],[-92.95976,45.09386],[-92.95971,45.09056],[-92.95507,45.08892],[-92.95326,45.08893],[-92.95336,45.0887],[-92.94722,45.08932],[-92.94487,45.08887],[-92.94453,45.08818],[-92.94456,45.07683],[-92.94335,45.07694],[-92.94204,45.07638],[-92.9416,45.07574],[-92.94217,45.07541],[-92.94406,45.07608],[-92.94457,45.07585],[-92.94469,45.03588],[-92.86302,45.03618],[-92.86301,45.06877],[-92.86374,45.12359],[-92.89767,45.12358],[-92.93279,45.1236],[-92.93404,45.12307],[-92.93362,45.12277],[-92.93398,45.12251],[-92.93612,45.12155],[-92.93414,45.12327],[-92.93414,45.12356],[-92.9342,45.1236],[-92.98441,45.12363],[-92.98455,45.11574]],[[-92.93763,45.11616],[-92.93701,45.11654],[-92.93591,45.11627],[-92.93472,45.1162],[-92.93449,45.11565],[-92.93026,45.11478],[-92.93003,45.11454],[-92.93026,45.11396],[-92.93132,45.11422],[-92.93152,45.11355],[-92.93046,45.11321],[-92.92878,45.11323],[-92.92884,45.11196],[-92.93043,45.1108],[-92.93147,45.11115],[-92.93117,45.11062],[-92.93141,45.11033],[-92.93265,45.11094],[-92.93278,45.11151],[-92.93346,45.11144],[-92.9334,45.11067],[-92.93385,45.11085],[-92.93456,45.1119],[-92.93466,45.11341],[-92.93433,45.11405],[-92.93469,45.11519],[-92.93528,45.11561],[-92.9374,45.11577],[-92.93763,45.11616]],[[-92.9343,45.1167],[-92.93394,45.1176],[-92.93104,45.11755],[-92.93097,45.11842],[-92.92994,45.11876],[-92.92968,45.11814],[-92.93036,45.11755],[-92.92975,45.11675],[-92.9313,45.116],[-92.9343,45.1167]],[[-92.90777,45.07598],[-92.90635,45.07608],[-92.90594,45.07659],[-92.90597,45.07737],[-92.9048,45.079],[-92.90477,45.0797],[-92.89777,45.07972],[-92.89864,45.0789],[-92.90103,45.07851],[-92.90342,45.07767],[-92.90293,45.07715],[-92.90395,45.07688],[-92.90435,45.0763],[-92.90687,45.07559],[-92.90768,45.07573],[-92.90777,45.07598]],[[-92.89486,45.11092],[-92.89442,45.11153],[-92.89029,45.11246],[-92.88896,45.11233],[-92.88777,45.11153],[-92.88777,45.11082],[-92.8883,45.11043],[-92.88913,45.11018],[-92.88927,45.11087],[-92.89002,45.11009],[-92.89177,45.11019],[-92.89332,45.10949],[-92.89458,45.1097],[-92.89436,45.11044],[-92.89486,45.11092]]]]}},
{"type":"Feature","id":"2394988","properties":{"id":"2394988","name":"Greenfield","kind":"city","counties":["Hennepin"],"population":2947,"label":[-93.68834,45.09973]},"geometry":{"type":"MultiPolygon","coordinates":[[[[-93.76561,45.06448],[-93.74672,45.06469],[-93.74792,45.06711],[-93.74831,45.0692],[-93.7489,45.06966],[-93.75004,45.06875],[-93.75088,45.06999],[-93.74973,45.07051],[-93.74895,45.06989],[-93.74817,45.07088],[-93.74557,45.0717],[-93.7442,45.07179],[-93.74248,45.07049],[-93.73944,45.06945],[-93.73658,45.06622],[-93.73677,45.06502],[-93.73657,45.06479],[-93.6898,45.0653],[-93.6904,45.06567],[-93.6942,45.06532],[-93.69847,45.06632],[-93.70193,45.06617],[-93.702,45.06622],[-93.7021,45.06622],[-93.70361,45.06746],[-93.70535,45.06831],[-93.70553,45.06906],[-93.70473,45.06966],[-93.70508,45.07024],[-93.70479,45.071],[-93.70537,45.07187],[-93.70602,45.07214],[-93.70505,45.07187],[-93.70393,45.07192],[-93.70436,45.07166],[-93.70394,45.07136],[-93.70227,45.07165],[-93.7014,45.07125],[-93.70101,45.07065],[-93.7002,45.07046],[-93.6983,45.07141],[-93.69443,45.07118],[-93.69223,45.0717],[-93.68898,45.07096],[-93.6864,45.07109],[-93.68185,45.07067],[-93.6824,45.06985],[-93.68384,45.06952],[-93.68229,45.06902],[-93.68169,45.06985],[-93.6802,45.07042],[-93.68001,45.07003],[-93.68075,45.06971],[-93.67948,45.0691],[-93.67835,45.06724],[-93.6762,45.06544],[-93.64569,45.06577],[-93.64601,45.14525],[-93.67642,45.14513],[-93.67629,45.15064],[-93.67753,45.15023],[-93.67863,45.14997],[-93.67996,45.15042],[-93.68082,45.15027],[-93.68243,45.14802],[-93.68328,45.14855],[-93.68195,45.15014],[-93.68336,45.14929],[-93.68344,45.14951],[-93.68099,45.15081],[-93.68143,45.15091],[-93.68304,45.15028],[-93.68454,45.14882],[-93.68645,45.14558],[-93.68926,45.14284],[-93.69125,45.14161],[-93.69183,45.14138],[-93.69112,45.1423],[-93.69416,45.14086],[-93.69722,45.1386],[-93.69806,45.13749],[-93.70046,45.13615],[-93.70194,45.13134],[-93.70455,45.12981],[-93.7073,45.12564],[-93.71194,45.12287],[-93.71699,45.1174],[-93.7203,45.11445],[-93.72105,45.11236],[-93.72316,45.10899],[-93.72513,45.10479],[-93.72615,45.10078],[-93.72632,45.09898],[-93.72718,45.09799],[-93.72892,45.09802],[-93.72934,45.09745],[-93.72762,45.09748],[-93.72743,45.08835],[-93.72237,45.0884],[-93.72231,45.09022],[-93.71736,45.09029],[-93.71731,45.08678],[-93.7275,45.08659],[-93.72743,45.08109],[-93.72911,45.08238],[-93.72938,45.08295],[-93.73031,45.08292],[-93.73107,45.08372],[-93.73288,45.08207],[-93.73402,45.08281],[-93.73534,45.08278],[-93.73664,45.08363],[-93.73724,45.08272],[-93.73754,45.08271],[-93.73817,45.08143],[-93.7385,45.0812],[-93.73854,45.08112],[-93.73874,45.08103],[-93.73944,45.08055],[-93.73971,45.0805],[-93.73992,45.08037],[-93.74141,45.08011],[-93.74194,45.08],[-93.74203,45.08001],[-93.74289,45.07986],[-93.74539,45.07998],[-93.74908,45.07868],[-93.75595,45.08],[-93.75699,45.08071],[-93.7575,45.08222],[-93.75802,45.08258],[-93.76156,45.08146],[-93.76163,45.08095],[-93.76087,45.07974],[-93.75829,45.07748],[-93.75985,45.07715],[-93.75985,45.07566],[-93.7608,45.07499],[-93.76139,45.07434],[-93.76148,45.07389],[-93.76075,45.0738],[-93.76037,45.07493],[-93.75918,45.07502],[-93.75855,45.07437],[-93.75823,45.07303],[-93.75917,45.07254],[-93.76063,45.07291],[-93.76213,45.07255],[-93.76405,45.07131],[-93.76451,45.07093],[-93.76454,45.07073],[-93.76447,45.07053],[-93.76417,45.07011],[-93.762,45.06975],[-93.76221,45.06976],[-93.76155,45.06965],[-93.76081,45.06922],[-93.76168,45.06776],[-93.76305,45.06685],[-93.76471,45.06691],[-93.7656,45.06586],[-93.76561,45.06448]],[[-93.68148,45.09436],[-93.68148,45.09509],[-93.68008,45.09602],[-93.67792,45.09627],[-93.67544,45.09551],[-93.67513,45.09512],[-93.67536,45.09389],[-93.67588,45.09342],[-93.67721,45.09303],[-93.68041,45.09304],[-93.68148,45.09436]],[[-93.67939,45.11928],[-93.67807,45.12003],[-93.67813,45.11938],[-93.67695,45.11902],[-93.67651,45.11842],[-93.67395,45.11927],[-93.67271,45.11916],[-93.67176,45.11848],[-93.67163,45.11775],[-93.67124,45.11757],[-93.67131,45.11718],[-93.6717,45.11765],[-93.67236,45.11737],[-93.67241,45.11677],[-93.67205,45.11625],[-93.67238,45.11568],[-93.67529,45.11407],[-93.67543,45.11489],[-93.67608,45.11524],[-93.67681,45.11536],[-93.6777,45.1149],[-93.67631,45.11338],[-93.67551,45.11301],[-93.67547,45.11233],[-93.67565,45.11288],[-93.67638,45.11269],[-93.6765,45.11332],[-93.67824,45.11403],[-93.67822,45.1145],[-93.6789,45.11477],[-93.67782,45.11527],[-93.67932,45.11614],[-93.67862,45.11642],[-93.67875,45.11694],[-93.67795,45.11704],[-93.67776,45.11663],[-93.67846,45.11594],[-93.67728,45.11534],[-93.67752,45.11651],[-93.67537,45.11695],[-93.67517,45.11762],[-93.67563,45.11792],[-93.67728,45.11793],[-93.67939,45.11928]],[[-93.6755,45.10292],[-93.67546,45.10399],[-93.67124,45.10225],[-93.67046,45.10099],[-93.67035,45.09965],[-93.67376,45.09805],[-93.67482,45.09996],[-93.67512,45.10234],[-93.6755,45.10292]]],[[[-93.76519,45.06693],[-93.76519,45.06693],[-93.76519,45.06693],[-93.76519,45.06693]]],[[[-93.76165,45.07405],[-93.76165,45.07404],[-93.76165,45.07406],[-93.76165,45.07405]]],[[[-93.76026,45.07401],[-93.76025,45.07402],[-93.76024,45.07407],[-93.76026,45.07401]]],[[[-93.76016,45.07583],[-93.76004,45.076],[-93.76012,45.07624],[-93.76016,45.07583]]],[[[-93.75934,45.07794],[-93.759,45.0776],[-93.75897,45.07761],[-93.75934,45.07794]]]]}},
{"type":"Feature","id":"664346","properties":{"id":"664346","name":"Greenvale","kind":"township","counties":["Dakota"],"population":784,"label":[-93.22217,44.50931]},"geometry":{"type":"MultiPolygon","coordinates":[[[[-93.28185,44.47205],[-93.22131,44.47133],[-93.22126,44.48239],[-93.21454,44.4824],[-93.21456,44.48603],[-93.21101,44.48603],[-93.21097,44.4824],[-93.20345,44.48238],[-93.20341,44.47694],[-93.19585,44.47688],[-93.19585,44.47643],[-93.19307,44.47641],[-93.19307,44.47559],[-93.18925,44.47555],[-93.18925,44.47501],[-93.18083,44.47492],[-93.18079,44.47853],[-93.17065,44.47853],[-93.17074,44.48204],[-93.17,44.48202],[-93.1661,44.47132],[-93.16058,44.47134],[-93.16052,44.47904],[-93.16251,44.47905],[-93.16251,44.47853],[-93.16805,44.47761],[-93.1691,44.48055],[-93.16249,44.48052],[-93.1625,44.47992],[-93.16051,44.47991],[-93.16014,44.52219],[-93.16042,44.54372],[-93.28144,44.54398],[-93.28185,44.47205]]]]}},
{"type":"Feature","id":"2394245","properties":{"id":"2394245","name":"Greenwood","kind":"city","counties":["Hennepin"],"population":720,"label":[-93.5517,44.91109]},"geometry":{"type":"MultiPolygon","coordinates":[[[[-93.56114,44.91064],[-93.56005,44.91005],[-93.55993,44.91001],[-93.55986,44.90994],[-93.55961,44.90981],[-93.55947,44.90959],[-93.55927,44.90941],[-93.55928,44.90936],[-93.55921,44.90929],[-93.55944,44.90857],[-93.55952,44.90814],[-93.55961,44.90805],[-93.55962,44.90801],[-93.55968,44.90797],[-93.55992,44.90773],[-93.55967,44.90776],[-93.55889,44.90577],[-93.55888,44.90578],[-93.5588,44.90585],[-93.55877,44.90608],[-93.55759,44.90695],[-93.55759,44.90695],[-93.55755,44.90703],[-93.55759,44.90704],[-93.5576,44.9075],[-93.5572,44.90772],[-93.5572,44.90772],[-93.55719,44.90772],[-93.5563,44.90821],[-93.55604,44.90887],[-93.55605,44.90888],[-93.55655,44.90945],[-93.55735,44.90931],[-93.55749,44.90926],[-93.55767,44.90948],[-93.55619,44.9109],[-93.55618,44.9109],[-93.55608,44.91099],[-93.55416,44.91087],[-93.55212,44.9113],[-93.55127,44.91089],[-93.54916,44.91095],[-93.54903,44.91093],[-93.54892,44.91093],[-93.54837,44.91081],[-93.54701,44.91056],[-93.54683,44.91046],[-93.54638,44.91036],[-93.54603,44.91006],[-93.54602,44.91005],[-93.54601,44.91004],[-93.54592,44.90995],[-93.54584,44.90991],[-93.54582,44.90987],[-93.54571,44.90977],[-93.5454,44.90883],[-93.54433,44.90868],[-93.54478,44.90867],[-93.54372,44.90844],[-93.54618,44.9082],[-93.54651,44.90751],[-93.54634,44.90725],[-93.54726,44.90716],[-93.54727,44.90715],[-93.54749,44.90591],[-93.54754,44.90587],[-93.54754,44.90583],[-93.54823,44.90529],[-93.54827,44.9053],[-93.54856,44.90508],[-93.54842,44.90504],[-93.54846,44.90461],[-93.54854,44.90454],[-93.5489,44.90403],[-93.54955,44.90382],[-93.54961,44.90378],[-93.55036,44.90355],[-93.55074,44.90343],[-93.55078,44.90343],[-93.55107,44.90334],[-93.55131,44.90341],[-93.5528,44.90335],[-93.55306,44.90265],[-93.55343,44.90263],[-93.55351,44.90166],[-93.54924,44.90262],[-93.54538,44.90494],[-93.54399,44.9054],[-93.54415,44.90724],[-93.54302,44.90812],[-93.5436,44.90956],[-93.54302,44.91004],[-93.5451,44.91094],[-93.54721,44.91313],[-93.54846,44.91331],[-93.54848,44.91645],[-93.54889,44.9185],[-93.54771,44.91913],[-93.5478,44.92034],[-93.54908,44.92038],[-93.54945,44.91896],[-93.5497,44.91871],[-93.54972,44.91867],[-93.54994,44.91848],[-93.55105,44.91741],[-93.55152,44.91716],[-93.55394,44.91512],[-93.55865,44.91374],[-93.55929,44.91228],[-93.56114,44.91064]]],[[[-93.55367,44.90369],[-93.5531,44.90348],[-93.5519,44.9037],[-93.55189,44.9037],[-93.55282,44.9041],[-93.5535,44.90382],[-93.55367,44.90369]]],[[[-93.55036,44.90603],[-93.54999,44.90568],[-93.54976,44.90547],[-93.54872,44.9053],[-93.54905,44.90558],[-93.55032,44.90603],[-93.55036,44.90603]]]]}},
{"type":"Feature","id":"664354","properties":{"id":"664354","name":"Grey Cloud Island","kind":"township","counties":["Washington"],"population":285,"label":[-93.00026,44.79992]},"geometry":{"type":"MultiPolygon","coordinates":[[[[-93.0222,44.79239],[-93.02208,44.79084],[-93.02154,44.79271],[-93.02167,44.79389],[-93.02217,44.79265],[-93.0222,44.79239]]],[[[-93.01999,44.79008],[-93.01473,44.7901],[-93.01486,44.79106],[-93.01573,44.79132],[-93.01524,44.79195],[-93.01346,44.79245],[-93.01262,44.79321],[-93.01135,44.79327],[-93.0116,44.794],[-93.011,44.79432],[-93.0089,44.79387],[-93.0089,44.79388],[-93.00778,44.79387],[-93.00584,44.79418],[-93.00481,44.79485],[-93.00421,44.79558],[-93.00596,44.796],[-93.00486,44.79642],[-93.00472,44.79716],[-93.00398,44.79703],[-92.98825,44.79597],[-92.98383,44.7951],[-92.98383,44.79519],[-92.98343,44.79502],[-92.98334,44.795],[-92.98243,44.79467],[-92.9824,44.79431],[-92.98261,44.7939],[-92.98261,44.79385],[-92.98231,44.79357],[-92.98229,44.79357],[-92.98218,44.7938],[-92.98213,44.79467],[-92.98132,44.79549],[-92.98116,44.7958],[-92.98051,44.79811],[-92.98012,44.80032],[-92.97978,44.80032],[-92.97944,44.79927],[-92.97889,44.79984],[-92.97998,44.8009],[-92.98386,44.80086],[-92.98386,44.80139],[-92.98457,44.80144],[-92.9852,44.80178],[-92.98516,44.80254],[-92.98589,44.80278],[-92.98602,44.80249],[-92.98571,44.80218],[-92.98658,44.80176],[-92.98887,44.80253],[-92.99127,44.8064],[-92.99141,44.80824],[-92.99105,44.81059],[-92.99077,44.81173],[-92.99038,44.81137],[-92.99031,44.81236],[-92.99098,44.8135],[-92.99196,44.81421],[-92.99141,44.81439],[-92.98999,44.8126],[-92.99017,44.81076],[-92.99108,44.80808],[-92.99095,44.80744],[-92.99057,44.80767],[-92.98981,44.81126],[-92.98978,44.81326],[-92.99076,44.81434],[-92.99228,44.81504],[-92.99797,44.81486],[-92.9985,44.81647],[-92.99787,44.8164],[-92.99725,44.81525],[-92.99311,44.81573],[-92.99081,44.81491],[-92.98952,44.81362],[-92.98926,44.81218],[-92.98974,44.81025],[-92.98972,44.80846],[-92.98997,44.8073],[-92.99086,44.80626],[-92.98944,44.80425],[-92.98909,44.80461],[-92.98954,44.80513],[-92.98949,44.8057],[-92.98711,44.80322],[-92.9842,44.80285],[-92.98386,44.80289],[-92.98385,44.81392],[-92.9873,44.81485],[-92.99544,44.81879],[-92.99616,44.82258],[-92.99901,44.82259],[-92.99896,44.81782],[-92.99816,44.81773],[-92.99752,44.81709],[-92.99789,44.81674],[-92.99861,44.81692],[-92.99895,44.81686],[-92.99895,44.81682],[-92.99917,44.8167],[-93.00005,44.81662],[-93.00202,44.81564],[-93.00222,44.81565],[-93.00223,44.81565],[-93.00226,44.81566],[-93.00342,44.81574],[-93.00387,44.81552],[-93.0054,44.81226],[-93.00672,44.81031],[-93.01378,44.80217],[-93.01422,44.80105],[-93.01937,44.7936],[-93.01933,44.79201],[-93.0197,44.79198],[-93.01999,44.79008]]],[[[-93.01982,44.78704],[-93.01982,44.78702],[-93.01981,44.787],[-93.01982,44.78704]]],[[[-93.0186,44.78366],[-93.01719,44.77979],[-93.01566,44.77783],[-93.01347,44.77579],[-93.01151,44.77458],[-93.00772,44.77338],[-93.0066,44.77431],[-93.00531,44.77459],[-93.00508,44.77444],[-93.00559,44.77328],[-93.0072,44.77329],[-93.00256,44.77238],[-93.00055,44.77286],[-93.00049,44.77343],[-92.99968,44.77399],[-93.00138,44.77475],[-93.00253,44.77406],[-93.00382,44.77414],[-93.00542,44.77489],[-93.0084,44.77426],[-93.00961,44.77452],[-93.01022,44.77607],[-93.01294,44.77711],[-93.01449,44.77843],[-93.01411,44.77873],[-93.01468,44.77934],[-93.01582,44.77947],[-93.01518,44.77958],[-93.01591,44.78065],[-93.01785,44.78216],[-93.0186,44.78366]]],[[[-93.01477,44.77977],[-93.01477,44.77976],[-93.01474,44.77974],[-93.01477,44.77977]]],[[[-93.01435,44.7901],[-93.01229,44.79011],[-93.01333,44.79021],[-93.01435,44.7901]]],[[[-93.00889,44.77637],[-93.00769,44.77585],[-93.0072,44.77574],[-93.00841,44.77617],[-93.00889,44.77637]]],[[[-93.00861,44.77457],[-93.0083,44.77447],[-93.00793,44.77491],[-93.0079,44.77525],[-93.00829,44.77517],[-93.00861,44.77457]]],[[[-93.00422,44.79383],[-92.99382,44.79373],[-92.99513,44.79413],[-92.99714,44.79399],[-92.99829,44.79456],[-93.0018,44.79397],[-93.00353,44.79405],[-93.00422,44.79383]]],[[[-93.0026,44.77514],[-93.00193,44.7751],[-93.00213,44.77517],[-93.0026,44.77514]]],[[[-93.00182,44.7751],[-93.0011,44.77506],[-92.99895,44.77536],[-92.99869,44.77542],[-93.00156,44.77521],[-93.00182,44.7751]]],[[[-92.99909,44.77461],[-92.9984,44.77467],[-92.9986,44.77496],[-92.99909,44.77461]]],[[[-92.99561,44.7755],[-92.99508,44.77532],[-92.9943,44.77552],[-92.99561,44.7755]]],[[[-92.99386,44.7901],[-92.9838,44.79013],[-92.98382,44.79309],[-92.98968,44.79425],[-92.99247,44.79332],[-92.99379,44.79372],[-92.99386,44.7901]]],[[[-92.98902,44.80368],[-92.98836,44.80257],[-92.98748,44.80216],[-92.98679,44.80221],[-92.98786,44.80261],[-92.98902,44.80368]]],[[[-92.98051,44.79811],[-92.98008,44.79813],[-92.98008,44.79817],[-92.98051,44.79811]]],[[[-92.98021,44.79678],[-92.97973,44.79691],[-92.97908,44.79646],[-92.97889,44.79673],[-92.97977,44.79711],[-92.98004,44.79711],[-92.98004,44.79723],[-92.98012,44.79726],[-92.98021,44.79678]]],[[[-92.97971,44.8009],[-92.97898,44.80055],[-92.97896,44.80091],[-92.97971,44.8009]]],[[[-92.97816,44.79709],[-92.97816,44.79709],[-92.97816,44.79709],[-92.97816,44.79709]]]]}},
{"type":"Feature","id":"2394273","properties":{"id":"2394273","name":"Ham Lake","kind":"city","counties":["Anoka"],"population":16524,"label":[-93.20388,45.25449]},"geometry":{"type":"MultiPolygon","coordinates":[[[[-93.26587,45.21153],[-93.14235,45.21096],[-93.14218,45.26876],[-93.14245,45.29734],[-93.16163,45.2975],[-93.1617,45.29739],[-93.16144,45.29677],[-93.16225,45.29514],[-93.16213,45.29476],[-93.16348,45.29298],[-93.16339,45.29249],[-93.16433,45.29204],[-93.16433,45.29163],[-93.16618,45.29098],[-93.16938,45.2915],[-93.17031,45.29116],[-93.17046,45.29024],[-93.17123,45.29035],[-93.17378,45.28965],[-93.1782,45.28946],[-93.18033,45.29002],[-93.18394,45.28949],[-93.1851,45.28974],[-93.18905,45.29185],[-93.19115,45.29371],[-93.19144,45.29432],[-93.19129,45.29501],[-93.19201,45.29527],[-93.19189,45.29548],[-93.19066,45.2957],[-93.19089,45.29507],[-93.19069,45.29467],[-93.1898,45.29451],[-93.18874,45.29541],[-93.18817,45.29773],[-93.22409,45.29803],[-93.26538,45.29807],[-93.26515,45.26926],[-93.26587,45.21153]],[[-93.22971,45.25538],[-93.22837,45.25624],[-93.22903,45.25727],[-93.2292,45.25849],[-93.22726,45.25904],[-93.2255,45.26007],[-93.22349,45.26067],[-93.22235,45.26068],[-93.22045,45.26027],[-93.2201,45.25961],[-93.21984,45.25987],[-93.22,45.25947],[-93.21909,45.25932],[-93.21887,45.26023],[-93.2172,45.26106],[-93.21529,45.26133],[-93.21465,45.26239],[-93.21394,45.26216],[-93.21404,45.2613],[-93.21441,45.26116],[-93.21478,45.26107],[-93.21528,45.26026],[-93.21639,45.25997],[-93.21567,45.2599],[-93.21575,45.259],[-93.21677,45.25791],[-93.21844,45.25506],[-93.22026,45.25395],[-93.22278,45.25354],[-93.22399,45.25288],[-93.22552,45.25274],[-93.22604,45.25221],[-93.22626,45.25243],[-93.22589,45.25302],[-93.22591,45.25375],[-93.22757,45.25404],[-93.22768,45.25483],[-93.22454,45.25503],[-93.22411,45.25583],[-93.22428,45.25635],[-93.22479,45.25662],[-93.22563,45.25653],[-93.22778,45.2549],[-93.22894,45.25554],[-93.22949,45.25544],[-93.22929,45.25516],[-93.22971,45.25538]],[[-93.20377,45.26997],[-93.20376,45.27079],[-93.20302,45.27073],[-93.20323,45.27123],[-93.20219,45.27179],[-93.2017,45.27507],[-93.19912,45.27588],[-93.19795,45.27767],[-93.19706,45.27831],[-93.19541,45.27836],[-93.1946,45.27883],[-93.1949,45.27999],[-93.19462,45.2802],[-93.19405,45.28021],[-93.19436,45.27888],[-93.19321,45.27841],[-93.1896,45.27684],[-93.18923,45.27542],[-93.19046,45.27359],[-93.19261,45.2729],[-93.19456,45.2735],[-93.19526,45.27404],[-93.1948,45.27422],[-93.1948,45.27531],[-93.19571,45.2758],[-93.19652,45.2752],[-93.19691,45.27358],[-93.19954,45.27215],[-93.20131,45.27205],[-93.20114,45.27163],[-93.20153,45.27098],[-93.20163,45.26946],[-93.20285,45.26905],[-93.20377,45.26997]],[[-93.18932,45.28427],[-93.18811,45.28612],[-93.18834,45.28818],[-93.18637,45.28878],[-93.18346,45.28807],[-93.18322,45.28775],[-93.18353,45.2864],[-93.18327,45.28476],[-93.18482,45.28346],[-93.18536,45.28367],[-93.18547,45.28422],[-93.18633,45.28457],[-93.18757,45.28462],[-93.1892,45.284],[-93.18932,45.28427]]]]}},
{"type":"Feature","id":"2394282","properties":{"id":"2394282","name":"Hampton","kind":"city","counties":["Dakota"],"population":743,"label":[-93.00237,44.60864]},"geometry":{"type":"MultiPolygon","coordinates":[[[[-93.01493,44.60857],[-93.01505,44.60133],[-92.98972,44.60124],[-92.98975,44.61572],[-92.99355,44.61576],[-92.99376,44.6163],[-92.99159,44.61827],[-92.99264,44.61789],[-92.99295,44.61727],[-92.99435,44.6165],[-92.99441,44.61577],[-93.00409,44.61578],[-93.01036,44.61837],[-93.00717,44.61578],[-93.01501,44.61579],[-93.01493,44.60857]]]]}},
{"type":"Feature","id":"664386","properties":{"id":"664386","name":"Hampton","kind":"township","counties":["Dakota"],"population":826,"label":[-92.97458,44.58681]},"geometry":{"type":"MultiPolygon","coordinates":[[[[-93.03541,44.5435],[-92.91396,44.5433],[-92.91403,44.58679],[-92.91366,44.63011],[-93.01505,44.63031],[-93.03504,44.63035],[-93.03541,44.5435]],[[-93.01505,44.60133],[-93.01501,44.61579],[-93.00717,44.61578],[-93.01036,44.61837],[-93.00409,44.61578],[-92.99441,44.61577],[-92.99435,44.6165],[-92.99295,44.61727],[-92.99264,44.61789],[-92.99159,44.61827],[-92.99376,44.6163],[-92.99355,44.61576],[-92.98975,44.61572],[-92.98972,44.60124],[-93.01505,44.60133]],[[-92.9382,44.60123],[-92.9382,44.60258],[-92.93718,44.60258],[-92.93716,44.60485],[-92.93412,44.60485],[-92.9341,44.60846],[-92.92903,44.60845],[-92.92907,44.60123],[-92.9326,44.60123],[-92.93231,44.59844],[-92.93416,44.59844],[-92.93415,44.59958],[-92.93485,44.59958],[-92.93485,44.60015],[-92.93566,44.60015],[-92.93565,44.60123],[-92.9382,44.60123]]]]}},
{"type":"Feature","id":"2394288","properties":{"id":"2394288","name":"Hanover","kind":"city","counties":["Wright","Hennepin"],"population":3874,"label":[-93.66771,45.16245]},"geometry":{"type":"MultiPolygon","coordinates":[[[[-93.70716,45.13886],[-93.70535,45.13888],[-93.70542,45.1376],[-93.69952,45.13768],[-93.69688,45.13991],[-93.69679,45.14188],[-93.69506,45.14386],[-93.69544,45.14481],[-93.69666,45.14483],[-93.69629,45.15211],[-93.70648,45.152],[-93.70716,45.13886]]],[[[-93.69638,45.16656],[-93.69629,45.15211],[-93.68631,45.15228],[-93.68386,45.1507],[-93.68135,45.15207],[-93.68133,45.15163],[-93.68113,45.15171],[-93.67971,45.15189],[-93.67952,45.15112],[-93.67775,45.15087],[-93.67256,45.15255],[-93.67035,45.1543],[-93.66737,45.1548],[-93.66487,45.15455],[-93.66306,45.15366],[-93.66096,45.15371],[-93.65735,45.15558],[-93.65153,45.15711],[-93.64792,45.15882],[-93.64507,45.16209],[-93.64312,45.16342],[-93.64057,45.16438],[-93.63891,45.16572],[-93.63884,45.1683],[-93.63962,45.16944],[-93.63878,45.1733],[-93.63921,45.17416],[-93.66574,45.17399],[-93.66599,45.16681],[-93.69638,45.16656]]],[[[-93.67642,45.14513],[-93.63563,45.14529],[-93.6355,45.15259],[-93.63038,45.1526],[-93.63039,45.16656],[-93.62994,45.17418],[-93.63832,45.17416],[-93.63812,45.17382],[-93.63881,45.17077],[-93.63794,45.16684],[-93.6384,45.16544],[-93.64019,45.1639],[-93.64257,45.16302],[-93.64419,45.16198],[-93.64546,45.16076],[-93.64622,45.15938],[-93.64828,45.15793],[-93.65191,45.15643],[-93.65611,45.15549],[-93.66023,45.15332],[-93.66206,45.15287],[-93.66398,45.15329],[-93.66554,45.15413],[-93.66853,45.15393],[-93.67183,45.15213],[-93.67629,45.15064],[-93.67642,45.14513]]],[[[-93.63934,45.16937],[-93.63924,45.16939],[-93.63926,45.16937],[-93.63925,45.16931],[-93.63919,45.16932],[-93.63903,45.16941],[-93.63904,45.16943],[-93.63904,45.16945],[-93.63905,45.16947],[-93.63904,45.16943],[-93.63896,45.16945],[-93.63905,45.1695],[-93.63921,45.16958],[-93.63934,45.16937]]]]}},
{"type":"Feature","id":"2394320","properties":{"id":"2394320","name":"Hastings","kind":"city","counties":["Dakota","Washington"],"population":22155,"label":[-92.85382,44.73093]},"geometry":{"type":"MultiPolygon","coordinates":[[[[-92.90033,44.73489],[-92.89902,44.73489],[-92.89885,44.73135],[-92.89737,44.73134],[-92.89726,44.72856],[-92.89385,44.72857],[-92.89382,44.72764],[-92.8989,44.72764],[-92.89879,44.72403],[-92.89371,44.72401],[-92.89344,44.71683],[-92.88848,44.71684],[-92.88848,44.71861],[-92.88633,44.71957],[-92.88356,44.71947],[-92.88347,44.71683],[-92.8734,44.71685],[-92.87341,44.70952],[-92.84307,44.70959],[-92.84313,44.70235],[-92.83299,44.70229],[-92.83298,44.70514],[-92.82666,44.70061],[-92.82665,44.70228],[-92.82287,44.70227],[-92.82279,44.70954],[-92.83296,44.70958],[-92.83286,44.7168],[-92.81261,44.7167],[-92.81265,44.74488],[-92.81276,44.74494],[-92.81265,44.74493],[-92.81265,44.74642],[-92.82294,44.74877],[-92.8247,44.74792],[-92.82591,44.74777],[-92.82611,44.74787],[-92.82389,44.74895],[-92.82635,44.74957],[-92.8316,44.74841],[-92.8344,44.7468],[-92.83671,44.74637],[-92.83707,44.74572],[-92.83687,44.74504],[-92.83762,44.7455],[-92.83706,44.74464],[-92.83722,44.74452],[-92.83786,44.74475],[-92.83842,44.74548],[-92.83758,44.74628],[-92.83909,44.74596],[-92.84496,44.7462],[-92.85344,44.74551],[-92.85571,44.74569],[-92.85648,44.74611],[-92.86135,44.75098],[-92.86333,44.75323],[-92.86433,44.75511],[-92.86596,44.75645],[-92.86641,44.757],[-92.86611,44.75713],[-92.86837,44.75933],[-92.87489,44.75569],[-92.87457,44.75526],[-92.87327,44.75432],[-92.87243,44.75322],[-92.87222,44.75343],[-92.8731,44.75446],[-92.87152,44.75383],[-92.87016,44.75259],[-92.86991,44.75188],[-92.86958,44.7522],[-92.86815,44.7507],[-92.8678,44.75056],[-92.86806,44.75075],[-92.86769,44.75079],[-92.8667,44.74982],[-92.86602,44.7497],[-92.86619,44.74954],[-92.86575,44.74921],[-92.8663,44.74899],[-92.86763,44.75008],[-92.86695,44.7491],[-92.86342,44.74689],[-92.86205,44.74644],[-92.86132,44.74555],[-92.86026,44.7454],[-92.85969,44.74598],[-92.85974,44.74638],[-92.85901,44.74623],[-92.85808,44.7465],[-92.85772,44.74631],[-92.8579,44.74565],[-92.85924,44.74526],[-92.85963,44.74484],[-92.86139,44.74475],[-92.86309,44.74516],[-92.86405,44.74607],[-92.86822,44.74871],[-92.87038,44.74962],[-92.8726,44.7512],[-92.87519,44.75212],[-92.87665,44.75377],[-92.87654,44.7543],[-92.87692,44.75451],[-92.87667,44.75469],[-92.87714,44.75443],[-92.87797,44.75492],[-92.87809,44.75489],[-92.87889,44.75547],[-92.87926,44.75569],[-92.87935,44.7558],[-92.88232,44.75796],[-92.88369,44.75922],[-92.88394,44.74669],[-92.88477,44.74661],[-92.88476,44.74737],[-92.88583,44.74738],[-92.88583,44.74673],[-92.8851,44.74673],[-92.88511,44.74576],[-92.89396,44.74576],[-92.89396,44.74179],[-92.89579,44.74165],[-92.8958,44.73864],[-92.89397,44.73857],[-92.89414,44.73648],[-92.89931,44.73651],[-92.89932,44.73587],[-92.90032,44.73587],[-92.90033,44.73489]],[[-92.84628,44.74181],[-92.8455,44.74267],[-92.84344,44.74349],[-92.83976,44.74237],[-92.83759,44.74251],[-92.83711,44.74214],[-92.83663,44.74227],[-92.83568,44.74173],[-92.83456,44.74161],[-92.83592,44.74155],[-92.83621,44.74029],[-92.83594,44.73944],[-92.83494,44.73836],[-92.83565,44.73773],[-92.83738,44.73835],[-92.83926,44.7373],[-92.84144,44.73846],[-92.84208,44.73827],[-92.84336,44.7386],[-92.84406,44.73906],[-92.8442,44.74003],[-92.84586,44.74087],[-92.84628,44.74181]]],[[[-92.87592,44.75511],[-92.87526,44.75501],[-92.87565,44.75526],[-92.87592,44.75511]]],[[[-92.86806,44.7595],[-92.86688,44.75837],[-92.86618,44.75847],[-92.8676,44.75976],[-92.86806,44.7595]]],[[[-92.86729,44.75993],[-92.86661,44.75929],[-92.86697,44.76011],[-92.86729,44.75993]]],[[[-92.8632,44.74591],[-92.86218,44.74524],[-92.86137,44.7454],[-92.8632,44.74591]]],[[[-92.86037,44.75778],[-92.86023,44.75766],[-92.85984,44.75652],[-92.86,44.75618],[-92.85933,44.75523],[-92.85886,44.75306],[-92.85862,44.75263],[-92.85809,44.75164],[-92.85788,44.75156],[-92.85833,44.7524],[-92.85785,44.75155],[-92.85653,44.75107],[-92.85658,44.7533],[-92.85913,44.75579],[-92.856,44.75378],[-92.85615,44.7531],[-92.85471,44.75108],[-92.85404,44.74906],[-92.85302,44.74875],[-92.85328,44.74847],[-92.85282,44.74798],[-92.85238,44.74811],[-92.85091,44.74734],[-92.84917,44.74734],[-92.84739,44.74749],[-92.84736,44.74893],[-92.84767,44.74883],[-92.84853,44.74905],[-92.84905,44.7498],[-92.84798,44.74954],[-92.84734,44.74964],[-92.84729,44.75237],[-92.84819,44.75233],[-92.84996,44.753],[-92.84968,44.75363],[-92.84986,44.75416],[-92.85198,44.75528],[-92.85201,44.75602],[-92.8509,44.75599],[-92.84723,44.75556],[-92.84718,44.75788],[-92.86037,44.75778]]]]}},
{"type":"Feature","id":"664443","properties":{"id":"664443","name":"Helena","kind":"township","counties":["Scott"],"population":1817,"label":[-93.58364,44.58955]},"geometry":{"type":"MultiPolygon","coordinates":[[[[-93.64588,44.54397],[-93.60545,44.54372],[-93.60518,44.5511],[-93.60404,44.55108],[-93.60396,44.55327],[-93.60497,44.55328],[-93.60406,44.5533],[-93.60402,44.55447],[-93.60493,44.55455],[-93.59982,44.55452],[-93.59974,44.55681],[-93.59779,44.55679],[-93.59668,44.55805],[-93.59458,44.55804],[-93.5948,44.55153],[-93.59212,44.55152],[-93.59182,44.55087],[-93.58463,44.55083],[-93.58436,44.56],[-93.58343,44.558],[-93.58305,44.558],[-93.58556,44.56398],[-93.58402,44.56374],[-93.58418,44.56284],[-93.5807,44.56279],[-93.58067,44.56424],[-93.57859,44.56424],[-93.5741,44.56302],[-93.57408,44.56162],[-93.56272,44.56186],[-93.56259,44.55835],[-93.56356,44.55107],[-93.55539,44.55097],[-93.5552,44.55455],[-93.55395,44.55456],[-93.55285,44.55241],[-93.55289,44.55005],[-93.55541,44.54995],[-93.55558,44.54539],[-93.55433,44.5454],[-93.55433,44.54465],[-93.55383,44.54465],[-93.55382,44.54363],[-93.52251,44.54363],[-93.52212,44.57272],[-93.52211,44.57495],[-93.52307,44.57441],[-93.52549,44.57398],[-93.52812,44.57405],[-93.52951,44.57527],[-93.53105,44.57836],[-93.53109,44.57983],[-93.52944,44.58116],[-93.53091,44.58123],[-93.53165,44.58171],[-93.53065,44.58346],[-93.53093,44.58381],[-93.53162,44.58396],[-93.53251,44.58353],[-93.53311,44.58399],[-93.5328,44.58511],[-93.53182,44.58513],[-93.53011,44.58698],[-93.52902,44.58895],[-93.52971,44.58923],[-93.53117,44.5914],[-93.5318,44.59377],[-93.53138,44.59455],[-93.53153,44.59569],[-93.52922,44.59945],[-93.52945,44.60071],[-93.52894,44.60132],[-93.52799,44.60196],[-93.52205,44.60349],[-93.52204,44.61061],[-93.52308,44.61151],[-93.52276,44.6127],[-93.52203,44.61332],[-93.52199,44.63077],[-93.58296,44.6308],[-93.64386,44.63053],[-93.64446,44.58742],[-93.64588,44.54397]],[[-93.57293,44.60641],[-93.57082,44.60762],[-93.56812,44.60812],[-93.56681,44.60958],[-93.56335,44.61137],[-93.56162,44.61144],[-93.55865,44.61084],[-93.55626,44.60972],[-93.55513,44.60851],[-93.5541,44.60796],[-93.55384,44.60724],[-93.55401,44.60648],[-93.5548,44.60542],[-93.55574,44.60503],[-93.55886,44.60255],[-93.56161,44.60197],[-93.56501,44.60213],[-93.56733,44.60133],[-93.56782,44.60028],[-93.5683,44.60028],[-93.57091,44.60111],[-93.57194,44.60191],[-93.57172,44.60283],[-93.57216,44.60512],[-93.57293,44.60641]]],[[[-93.60523,44.54372],[-93.59505,44.54368],[-93.59505,44.54392],[-93.6023,44.54396],[-93.60225,44.54523],[-93.60517,44.54524],[-93.60523,44.54372]]],[[[-93.56997,44.60738],[-93.56958,44.60737],[-93.56946,44.60756],[-93.56997,44.60738]]],[[[-93.56322,44.5438],[-93.56321,44.54359],[-93.55937,44.54378],[-93.56322,44.5438]]],[[[-93.52252,44.58424],[-93.5221,44.5837],[-93.52209,44.58434],[-93.52252,44.58424]]],[[[-93.52231,44.57936],[-93.52211,44.57927],[-93.5221,44.58043],[-93.52231,44.57936]]]]}},
{"type":"Feature","id":"2394389","properties":{"id":"2394389","name":"Hilltop","kind":"city","counties":["Anoka"],"population":967,"label":[-93.25,45.0536]},"geometry":{"type":"MultiPolygon","coordinates":[[[[-93.24743,45.05719],[-93.25266,45.05724],[-93.25259,45.05003],[-93.24735,45.04994],[-93.24743,45.05719]]]]}},
{"type":"Feature","id":"2394417","properties":{"id":"2394417","name":"Hopkins","kind":"city","counties":["Hennepin"],"population":18608,"label":[-93.40558,44.926]},"geometry":{"type":"MultiPolygon","coordinates":[[[[-93.42941,44.92976],[-93.42908,44.92878],[-93.42728,44.92614],[-93.42667,44.92616],[-93.42679,44.92459],[-93.42788,44.92465],[-93.42794,44.92196],[-93.42701,44.92184],[-93.42707,44.92098],[-93.42314,44.92088],[-93.42337,44.91724],[-93.42194,44.91758],[-93.42178,44.90614],[-93.40139,44.90614],[-93.40129,44.92045],[-93.39613,44.92042],[-93.3961,44.92081],[-93.38585,44.92035],[-93.37064,44.92051],[-93.37069,44.92738],[-93.37475,44.9263],[-93.37914,44.92603],[-93.37922,44.92912],[-93.38035,44.9294],[-93.37937,44.93007],[-93.38082,44.92961],[-93.38084,44.93503],[-93.38493,44.9351],[-93.38502,44.93538],[-93.38543,44.93523],[-93.38542,44.93565],[-93.3956,44.93449],[-93.3956,44.93515],[-93.40061,44.93509],[-93.40062,44.93876],[-93.40579,44.93871],[-93.40578,44.94048],[-93.41097,44.94049],[-93.41089,44.94956],[-93.42098,44.94889],[-93.42101,44.9485],[-93.42556,44.94761],[-93.42559,44.94599],[-93.42536,44.94599],[-93.425,44.9447],[-93.42363,44.94487],[-93.42362,44.94547],[-93.42107,44.94568],[-93.42106,44.94244],[-93.41642,44.94242],[-93.41634,44.93918],[-93.41958,44.93914],[-93.41959,44.93691],[-93.42099,44.93691],[-93.42106,44.93266],[-93.42402,44.93229],[-93.42264,44.93158],[-93.42624,44.93154],[-93.42679,44.93119],[-93.42683,44.92974],[-93.42941,44.92976]]]]}},
{"type":"Feature","id":"2394440","properties":{"id":"2394440","name":"Hugo","kind":"city","counties":["Washington"],"population":16354,"label":[-92.95874,45.16709]},"geometry":{"type":"MultiPolygon","coordinates":[[[[-93.02037,45.12381],[-93.02011,45.12381],[-93.01947,45.1244],[-93.01848,45.12629],[-93.01988,45.12636],[-93.02035,45.12677],[-93.02037,45.12381]]],[[[-93.02029,45.13449],[-93.01903,45.13499],[-93.01912,45.13558],[-93.01868,45.13617],[-93.01987,45.13575],[-93.01936,45.13616],[-93.01472,45.13715],[-93.01522,45.13638],[-93.01571,45.1343],[-93.01511,45.13425],[-93.01486,45.13297],[-93.01548,45.13302],[-93.01589,45.13262],[-93.0134,45.13144],[-93.01255,45.12802],[-93.01076,45.12613],[-93.01024,45.125],[-93.01229,45.12385],[-93.01285,45.1238],[-92.93427,45.12365],[-92.93628,45.12507],[-92.93681,45.12471],[-92.93568,45.12743],[-92.93436,45.12775],[-92.93394,45.12734],[-92.93152,45.12734],[-92.93136,45.12832],[-92.93078,45.12866],[-92.92997,45.12793],[-92.93036,45.12738],[-92.9304,45.1263],[-92.93139,45.1256],[-92.93275,45.12365],[-92.89767,45.12358],[-92.89759,45.1353],[-92.89846,45.13581],[-92.89872,45.13555],[-92.89878,45.13619],[-92.8982,45.13653],[-92.89759,45.13604],[-92.89727,45.18367],[-92.89864,45.1837],[-92.89938,45.18321],[-92.90109,45.18328],[-92.90157,45.18223],[-92.90391,45.18241],[-92.90402,45.18179],[-92.90461,45.18162],[-92.90485,45.18273],[-92.90453,45.18294],[-92.90157,45.18271],[-92.90138,45.18434],[-92.90101,45.18409],[-92.90068,45.18434],[-92.90112,45.18555],[-92.89856,45.18624],[-92.89853,45.18589],[-92.89726,45.18474],[-92.89709,45.21025],[-93.0197,45.21075],[-93.02014,45.15322],[-93.01944,45.1533],[-93.01822,45.15297],[-93.01643,45.1526],[-93.01588,45.1523],[-93.01577,45.15187],[-93.0178,45.15003],[-93.01877,45.15013],[-93.02008,45.14931],[-93.02017,45.14932],[-93.02029,45.13449]],[[-92.99184,45.15936],[-92.99134,45.16113],[-92.99063,45.16167],[-92.98859,45.16206],[-92.98733,45.16188],[-92.98678,45.1615],[-92.98701,45.16015],[-92.98781,45.15903],[-92.98771,45.15823],[-92.98616,45.15814],[-92.98577,45.15702],[-92.98458,45.15688],[-92.98387,45.15594],[-92.98332,45.15486],[-92.98329,45.15355],[-92.98409,45.15289],[-92.98571,45.15266],[-92.98791,45.15307],[-92.98842,45.15376],[-92.98955,45.15406],[-92.98975,45.15504],[-92.99136,45.1566],[-92.99178,45.15758],[-92.99184,45.15936]],[[-92.97652,45.17463],[-92.97578,45.17859],[-92.97474,45.18102],[-92.97196,45.18481],[-92.97057,45.18591],[-92.96647,45.18625],[-92.96398,45.18598],[-92.96129,45.18449],[-92.96039,45.18301],[-92.96036,45.18217],[-92.96136,45.18093],[-92.96145,45.17992],[-92.96213,45.17853],[-92.9631,45.1775],[-92.96294,45.17688],[-92.96646,45.17361],[-92.97118,45.17155],[-92.97238,45.17139],[-92.97425,45.17168],[-92.97509,45.17221],[-92.97551,45.17351],[-92.97652,45.17463]],[[-92.96806,45.16111],[-92.96739,45.16365],[-92.96771,45.1654],[-92.96646,45.16538],[-92.96612,45.16577],[-92.96491,45.16608],[-92.96367,45.16752],[-92.96328,45.16755],[-92.96279,45.16549],[-92.96333,45.16434],[-92.9615,45.16063],[-92.95985,45.15953],[-92.95983,45.15871],[-92.96106,45.15584],[-92.96246,45.15539],[-92.96632,45.15778],[-92.96722,45.15903],[-92.96762,45.15909],[-92.96806,45.16111]],[[-92.96596,45.19929],[-92.96589,45.20166],[-92.96525,45.20263],[-92.96535,45.20342],[-92.96486,45.20418],[-92.96402,45.20464],[-92.96156,45.20489],[-92.96075,45.2045],[-92.96104,45.20404],[-92.96237,45.20338],[-92.96217,45.20315],[-92.96078,45.20336],[-92.96114,45.20274],[-92.96356,45.201],[-92.96356,45.20054],[-92.96221,45.19952],[-92.96127,45.19924],[-92.9601,45.19936],[-92.95971,45.19968],[-92.95868,45.20185],[-92.95755,45.2032],[-92.95694,45.2032],[-92.95664,45.20288],[-92.95664,45.20256],[-92.95787,45.20157],[-92.95823,45.20052],[-92.95929,45.19904],[-92.95952,45.19785],[-92.9611,45.19645],[-92.96227,45.19689],[-92.9635,45.19657],[-92.96434,45.19684],[-92.96473,45.1975],[-92.9646,45.19803],[-92.96563,45.19869],[-92.96596,45.19929]],[[-92.94732,45.134],[-92.94684,45.1347],[-92.94698,45.13515],[-92.94599,45.13583],[-92.94609,45.13646],[-92.94335,45.13774],[-92.94266,45.1377],[-92.94196,45.13687],[-92.94126,45.13699],[-92.94196,45.13819],[-92.94225,45.13773],[-92.94294,45.13806],[-92.94171,45.13912],[-92.94112,45.13883],[-92.94112,45.13832],[-92.94051,45.13819],[-92.93919,45.13726],[-92.9394,45.13606],[-92.93853,45.13571],[-92.93833,45.13446],[-92.93911,45.13376],[-92.93858,45.1329],[-92.93871,45.13226],[-92.93835,45.13107],[-92.9389,45.13],[-92.93967,45.12937],[-92.94255,45.12843],[-92.94384,45.12847],[-92.94521,45.13075],[-92.94462,45.13165],[-92.9447,45.13202],[-92.94624,45.13261],[-92.94725,45.13345],[-92.94732,45.134]],[[-92.91591,45.14582],[-92.91542,45.14637],[-92.91428,45.14693],[-92.91296,45.14698],[-92.91024,45.1458],[-92.9073,45.14576],[-92.9072,45.14609],[-92.90787,45.14637],[-92.90763,45.14699],[-92.90681,45.14584],[-92.90671,45.14458],[-92.90723,45.14365],[-92.90879,45.14401],[-92.90956,45.14283],[-92.91035,45.14287],[-92.91086,45.14216],[-92.91152,45.142],[-92.91304,45.14394],[-92.91376,45.14379],[-92.9141,45.1431],[-92.91456,45.14297],[-92.91517,45.14312],[-92.9158,45.1438],[-92.91572,45.14458],[-92.91485,45.1444],[-92.91433,45.14496],[-92.91478,45.14567],[-92.91506,45.14518],[-92.91586,45.14544],[-92.91591,45.14582]],[[-92.91405,45.15109],[-92.91353,45.15205],[-92.91285,45.15251],[-92.91146,45.15254],[-92.90759,45.15152],[-92.9095,45.15214],[-92.90926,45.15234],[-92.90723,45.15212],[-92.90695,45.15079],[-92.90896,45.15057],[-92.90993,45.14935],[-92.91007,45.14852],[-92.91084,45.14825],[-92.91106,45.14884],[-92.91205,45.14827],[-92.91238,45.14845],[-92.91204,45.14884],[-92.91315,45.1498],[-92.91297,45.15078],[-92.91405,45.15109]],[[-92.90989,45.14176],[-92.90935,45.14267],[-92.90749,45.14335],[-92.90517,45.14269],[-92.90361,45.14125],[-92.903,45.14019],[-92.90094,45.14022],[-92.9002,45.13913],[-92.89983,45.13609],[-92.90184,45.13498],[-92.90243,45.135],[-92.90434,45.13653],[-92.90519,45.13796],[-92.90492,45.13874],[-92.9088,45.13915],[-92.90986,45.14037],[-92.90989,45.14176]]],[[[-92.94438,45.13595],[-92.94392,45.13506],[-92.94367,45.13502],[-92.94329,45.13574],[-92.94438,45.13595]]]]}},
{"type":"Feature","id":"2395420","properties":{"id":"2395420","name":"Independence","kind":"city","counties":["Hennepin"],"population":3771,"label":[-93.70767,45.02191]},"geometry":{"type":"MultiPolygon","coordinates":[[[[-93.7675,44.97764],[-93.64544,44.9786],[-93.64564,45.00292],[-93.6473,45.0034],[-93.65072,45.00336],[-93.65067,45.00162],[-93.65583,45.00164],[-93.65587,45.00397],[-93.67624,45.00409],[-93.67631,45.01492],[-93.66881,45.01491],[-93.66877,45.01858],[-93.66615,45.01857],[-93.66613,45.01491],[-93.66105,45.01489],[-93.66102,45.01282],[-93.65588,45.01281],[-93.65587,45.0111],[-93.65072,45.0111],[-93.65075,45.01252],[-93.64568,45.01252],[-93.64573,45.01925],[-93.64679,45.01942],[-93.64791,45.02036],[-93.65017,45.02118],[-93.65308,45.02189],[-93.65357,45.0225],[-93.65335,45.02277],[-93.65387,45.02299],[-93.65749,45.02118],[-93.65884,45.02081],[-93.65984,45.02104],[-93.66001,45.02159],[-93.65945,45.02207],[-93.65922,45.02354],[-93.66197,45.02658],[-93.66243,45.02869],[-93.6619,45.02917],[-93.66043,45.02957],[-93.65966,45.02841],[-93.65837,45.02854],[-93.65777,45.02913],[-93.65754,45.0301],[-93.65628,45.03147],[-93.65535,45.03358],[-93.65577,45.03556],[-93.65663,45.03549],[-93.65843,45.03599],[-93.65966,45.03702],[-93.65974,45.03781],[-93.66089,45.04002],[-93.65968,45.04186],[-93.66005,45.0427],[-93.65934,45.04443],[-93.65878,45.0445],[-93.65851,45.04389],[-93.65735,45.04358],[-93.65433,45.04403],[-93.65364,45.04371],[-93.65325,45.04259],[-93.65214,45.04176],[-93.65006,45.04143],[-93.64767,45.03875],[-93.64585,45.03788],[-93.64599,45.05846],[-93.64569,45.06577],[-93.6762,45.06544],[-93.67584,45.06514],[-93.67583,45.06506],[-93.67574,45.06498],[-93.67579,45.06462],[-93.67574,45.06405],[-93.67597,45.06337],[-93.67422,45.06308],[-93.6721,45.06382],[-93.67203,45.06383],[-93.67199,45.06384],[-93.67186,45.06384],[-93.67035,45.06396],[-93.66986,45.06383],[-93.66939,45.06383],[-93.66827,45.06341],[-93.66732,45.06316],[-93.66716,45.063],[-93.66704,45.06295],[-93.66691,45.06274],[-93.66672,45.06254],[-93.66661,45.06224],[-93.66599,45.06122],[-93.66506,45.06076],[-93.66485,45.06068],[-93.66296,45.06103],[-93.6618,45.06071],[-93.66126,45.05871],[-93.6607,45.05791],[-93.65925,45.05733],[-93.65794,45.05723],[-93.65664,45.05565],[-93.65639,45.05467],[-93.65519,45.053],[-93.65526,45.05189],[-93.6558,45.05171],[-93.659,45.05263],[-93.65992,45.05341],[-93.66009,45.05426],[-93.66119,45.05484],[-93.66282,45.05518],[-93.66441,45.05653],[-93.6649,45.05744],[-93.66591,45.05778],[-93.66793,45.05716],[-93.66923,45.05717],[-93.67031,45.05783],[-93.67072,45.05882],[-93.67449,45.05959],[-93.67493,45.0598],[-93.67501,45.05982],[-93.67509,45.05988],[-93.67592,45.06028],[-93.67607,45.0606],[-93.67624,45.06073],[-93.6771,45.06287],[-93.678,45.06313],[-93.67772,45.06368],[-93.67909,45.06372],[-93.68089,45.06339],[-93.68168,45.06309],[-93.68266,45.06308],[-93.68813,45.06426],[-93.6898,45.0653],[-93.73657,45.06479],[-93.73612,45.06429],[-93.73544,45.0622],[-93.73554,45.06161],[-93.73655,45.06055],[-93.73577,45.0606],[-93.73568,45.06027],[-93.73641,45.0601],[-93.73634,45.05944],[-93.73794,45.05855],[-93.73968,45.05805],[-93.74086,45.05817],[-93.74632,45.06027],[-93.74544,45.06094],[-93.74465,45.06095],[-93.74633,45.06328],[-93.74648,45.0642],[-93.74672,45.06469],[-93.76561,45.06448],[-93.76561,45.06325],[-93.76558,45.06312],[-93.76476,45.06121],[-93.76503,45.06063],[-93.76503,45.06062],[-93.76513,45.06041],[-93.76546,45.05971],[-93.76598,45.0596],[-93.76667,45.05998],[-93.76676,45.06012],[-93.76687,45.02109],[-93.7675,44.97764]],[[-93.75118,45.04141],[-93.75011,45.04283],[-93.75052,45.04377],[-93.75028,45.04502],[-93.75049,45.04537],[-93.74926,45.04653],[-93.74869,45.04664],[-93.74752,45.04598],[-93.74822,45.04386],[-93.74796,45.04373],[-93.74635,45.04343],[-93.74594,45.04239],[-93.74467,45.04167],[-93.74505,45.04099],[-93.746,45.04056],[-93.74583,45.03998],[-93.74666,45.03909],[-93.7484,45.03984],[-93.74924,45.04061],[-93.74989,45.04031],[-93.75118,45.04141]],[[-93.73705,45.03719],[-93.73612,45.03749],[-93.73554,45.03836],[-93.73489,45.03824],[-93.73435,45.0371],[-93.73389,45.0368],[-93.73428,45.03633],[-93.73651,45.03637],[-93.73689,45.03653],[-93.73705,45.03719]],[[-93.7358,45.04151],[-93.73464,45.04185],[-93.73293,45.04151],[-93.73274,45.04176],[-93.73309,45.04266],[-93.73232,45.04302],[-93.72784,45.04195],[-93.72416,45.04154],[-93.72213,45.04056],[-93.72193,45.03902],[-93.72243,45.03785],[-93.72229,45.03733],[-93.71806,45.03422],[-93.71606,45.03228],[-93.71577,45.03164],[-93.71612,45.03072],[-93.71741,45.03017],[-93.71961,45.03032],[-93.72138,45.02924],[-93.72244,45.02917],[-93.72509,45.03129],[-93.72741,45.03267],[-93.72767,45.03438],[-93.72677,45.03603],[-93.72674,45.03676],[-93.72793,45.03927],[-93.72861,45.03936],[-93.72903,45.03884],[-93.72754,45.03758],[-93.72806,45.03738],[-93.72883,45.03806],[-93.73077,45.03877],[-93.73041,45.03962],[-93.73138,45.04044],[-93.73225,45.04007],[-93.73257,45.0408],[-93.73432,45.04083],[-93.73503,45.04119],[-93.73564,45.04112],[-93.7358,45.04151]],[[-93.66192,45.03411],[-93.66029,45.0357],[-93.66005,45.03558],[-93.6586,45.03529],[-93.65803,45.03461],[-93.65812,45.03372],[-93.65886,45.03315],[-93.65966,45.03305],[-93.66159,45.03363],[-93.66192,45.03411]]],[[[-93.74942,45.04083],[-93.74923,45.04091],[-93.74942,45.04099],[-93.74942,45.04083]]],[[[-93.65642,45.03667],[-93.65505,45.0362],[-93.65405,45.03629],[-93.65389,45.03677],[-93.65329,45.03658],[-93.65312,45.03601],[-93.65366,45.03533],[-93.65264,45.03525],[-93.65235,45.03892],[-93.65241,45.03889],[-93.6524,45.03899],[-93.65312,45.03857],[-93.65447,45.03912],[-93.65521,45.03918],[-93.65533,45.03829],[-93.65638,45.03723],[-93.65642,45.03667]]]]}},
{"type":"Feature","id":"2395429","properties":{"id":"2395429","name":"Inver Grove Heights","kind":"city","counties":["Dakota"],"population":35652,"label":[-93.05965,44.82473]},"geometry":{"type":"MultiPolygon","coordinates":[[[[-93.10649,44.8062],[-93.10594,44.80232],[-93.10618,44.80129],[-93.10614,44.7757],[-93.01849,44.77557],[-93.02036,44.77798],[-93.02107,44.78071],[-93.02236,44.78254],[-93.02239,44.78378],[-93.0234,44.78429],[-93.02437,44.78638],[-93.02572,44.79217],[-93.02573,44.79216],[-93.02617,44.79427],[-93.02613,44.79582],[-93.02557,44.79691],[-93.02567,44.79856],[-93.02488,44.79953],[-93.02487,44.80026],[-93.02436,44.80107],[-93.02449,44.80166],[-93.02394,44.80155],[-93.02449,44.80203],[-93.02369,44.80417],[-93.02252,44.80544],[-93.02181,44.80717],[-93.02172,44.80792],[-93.02219,44.80852],[-93.02,44.80935],[-93.01996,44.81012],[-93.01875,44.8107],[-93.01776,44.81282],[-93.01655,44.81261],[-93.01522,44.81316],[-93.01421,44.81282],[-93.01279,44.8139],[-93.01236,44.81283],[-93.01284,44.81187],[-93.01241,44.81094],[-93.01292,44.80994],[-93.01335,44.80978],[-93.01324,44.80934],[-93.01458,44.80832],[-93.0156,44.8064],[-93.01498,44.80655],[-93.01523,44.80592],[-93.01559,44.80619],[-93.01657,44.80567],[-93.01798,44.80428],[-93.01779,44.80386],[-93.01877,44.80329],[-93.01895,44.80261],[-93.01966,44.80204],[-93.02096,44.8013],[-93.02062,44.80111],[-93.02074,44.80103],[-93.02033,44.80124],[-93.02007,44.80105],[-93.01738,44.80319],[-93.01162,44.80916],[-93.01012,44.81013],[-93.00906,44.81144],[-93.00863,44.81285],[-93.01015,44.81207],[-93.00889,44.81305],[-93.00865,44.8142],[-93.00971,44.82098],[-93.01045,44.82274],[-93.01161,44.81868],[-93.014,44.81721],[-93.01468,44.81614],[-93.01502,44.81644],[-93.01461,44.81732],[-93.01318,44.81823],[-93.0134,44.81852],[-93.01222,44.81905],[-93.01211,44.82002],[-93.01064,44.82323],[-93.01054,44.82556],[-93.01176,44.83037],[-93.01389,44.83531],[-93.01409,44.83693],[-93.01374,44.83736],[-93.01403,44.83754],[-93.01368,44.83764],[-93.01447,44.83874],[-93.01548,44.84584],[-93.01496,44.84962],[-93.01503,44.85047],[-93.01555,44.85074],[-93.01489,44.85082],[-93.0147,44.85273],[-93.01441,44.85232],[-93.01439,44.85136],[-93.01478,44.85034],[-93.01451,44.84934],[-93.01416,44.84948],[-93.01441,44.84967],[-93.01366,44.85037],[-93.01302,44.85198],[-93.01334,44.85021],[-93.01389,44.84969],[-93.01253,44.84994],[-93.01184,44.85279],[-93.01194,44.85312],[-93.01249,44.85325],[-93.01216,44.85362],[-93.01274,44.85402],[-93.01217,44.85423],[-93.01253,44.85497],[-93.01496,44.85757],[-93.01483,44.85789],[-93.01579,44.86039],[-93.01653,44.86159],[-93.01695,44.86411],[-93.01695,44.86411],[-93.02977,44.86414],[-93.02979,44.86194],[-93.02485,44.86195],[-93.02517,44.86174],[-93.02446,44.86151],[-93.02444,44.86032],[-93.02972,44.86031],[-93.02962,44.85528],[-93.02931,44.85528],[-93.0297,44.85171],[-93.02886,44.85169],[-93.0288,44.85008],[-93.02777,44.85006],[-93.02777,44.84843],[-93.03148,44.8484],[-93.0315,44.85012],[-93.03192,44.85012],[-93.032,44.85341],[-93.03411,44.85342],[-93.03415,44.85531],[-93.0376,44.85533],[-93.03758,44.85676],[-93.03611,44.85678],[-93.03598,44.86382],[-93.03991,44.86385],[-93.03993,44.86549],[-93.04489,44.8655],[-93.04491,44.8673],[-93.0454,44.8673],[-93.04547,44.87281],[-93.04501,44.87281],[-93.04501,44.87389],[-93.04549,44.8739],[-93.0455,44.87436],[-93.04501,44.87435],[-93.04502,44.87493],[-93.04554,44.87494],[-93.04556,44.87616],[-93.04504,44.87615],[-93.04504,44.87643],[-93.04551,44.87645],[-93.0455,44.87766],[-93.04502,44.87777],[-93.0455,44.87777],[-93.04549,44.87804],[-93.04502,44.87803],[-93.04501,44.87832],[-93.04549,44.87833],[-93.04547,44.87972],[-93.045,44.87972],[-93.04496,44.88206],[-93.04994,44.88216],[-93.04996,44.8817],[-93.05236,44.88167],[-93.05242,44.88347],[-93.0653,44.88356],[-93.0653,44.88454],[-93.0693,44.88355],[-93.10595,44.8836],[-93.09586,44.88345],[-93.09245,44.88304],[-93.08058,44.87798],[-93.08055,44.87532],[-93.08069,44.86847],[-93.08512,44.86192],[-93.10613,44.86192],[-93.10614,44.84188],[-93.10581,44.84179],[-93.10614,44.84064],[-93.10614,44.80727],[-93.10649,44.8062]],[[-93.07814,44.87321],[-93.07792,44.87385],[-93.0758,44.87418],[-93.07187,44.87298],[-93.0724,44.87217],[-93.07343,44.87198],[-93.07366,44.87153],[-93.07295,44.8713],[-93.07182,44.87183],[-93.07074,44.86996],[-93.07125,44.86975],[-93.07192,44.87034],[-93.07263,44.87037],[-93.07241,44.87004],[-93.07271,44.86927],[-93.07041,44.86913],[-93.06896,44.86827],[-93.0696,44.86784],[-93.07052,44.86849],[-93.07125,44.86789],[-93.07244,44.86881],[-93.07346,44.86858],[-93.07557,44.8701],[-93.07565,44.87066],[-93.07671,44.87125],[-93.07683,44.87248],[-93.0777,44.87262],[-93.07814,44.87321]]],[[[-93.02542,44.79396],[-93.02514,44.79279],[-93.02512,44.79281],[-93.02492,44.79375],[-93.02315,44.79686],[-93.02321,44.79731],[-93.02285,44.79738],[-93.02111,44.79957],[-93.02102,44.80085],[-93.02107,44.80082],[-93.02244,44.80122],[-93.02365,44.80068],[-93.02427,44.79865],[-93.02485,44.79808],[-93.02485,44.79722],[-93.02414,44.79766],[-93.02419,44.79854],[-93.02369,44.7991],[-93.02316,44.79925],[-93.02318,44.79879],[-93.02527,44.79612],[-93.02542,44.79396]]],[[[-93.02344,44.78967],[-93.02273,44.78815],[-93.02243,44.78813],[-93.02239,44.78911],[-93.02297,44.79048],[-93.02344,44.78967]]],[[[-93.02221,44.79255],[-93.0222,44.79239],[-93.02217,44.79265],[-93.02221,44.79255]]],[[[-93.01631,44.86411],[-93.01622,44.8637],[-93.01593,44.86411],[-93.01631,44.86411]]],[[[-93.01548,44.86246],[-93.01504,44.86056],[-93.01234,44.85728],[-93.01185,44.86181],[-93.01139,44.86097],[-93.01121,44.86107],[-93.01106,44.85896],[-93.01147,44.85733],[-93.01194,44.85687],[-93.01145,44.85594],[-93.0107,44.85558],[-93.00991,44.85993],[-93.01053,44.86256],[-93.01171,44.86486],[-93.01225,44.86515],[-93.01224,44.86565],[-93.01367,44.86668],[-93.01475,44.86569],[-93.01492,44.86382],[-93.01548,44.86246]]],[[[-93.01497,44.84429],[-93.01413,44.84056],[-93.01385,44.84063],[-93.01382,44.84122],[-93.01431,44.84396],[-93.01392,44.84321],[-93.01375,44.84512],[-93.0137,44.84308],[-93.01394,44.84299],[-93.0131,44.8408],[-93.01273,44.84461],[-93.01183,44.84799],[-93.01264,44.84924],[-93.01366,44.84942],[-93.01454,44.84875],[-93.01493,44.84751],[-93.01497,44.84429]]],[[[-93.01137,44.8497],[-93.01109,44.84957],[-93.01079,44.85049],[-93.01097,44.85088],[-93.01137,44.8497]]],[[[-93.0109,44.8515],[-93.01066,44.85235],[-93.01066,44.85258],[-93.0109,44.8515]]],[[[-93.00795,44.81866],[-93.00754,44.81655],[-93.00688,44.81548],[-93.00679,44.81722],[-93.00771,44.81947],[-93.00795,44.81866]]]]}},
{"type":"Feature","id":"664569","properties":{"id":"664569","name":"Jackson","kind":"township","counties":["Scott"],"population":1513,"label":[-93.57208,44.78284]},"geometry":{"type":"MultiPolygon","coordinates":[[[[-93.59938,44.78183],[-93.59898,44.78069],[-93.59514,44.77813],[-93.59393,44.77659],[-93.59384,44.77623],[-93.58161,44.77619],[-93.58181,44.76192],[-93.57145,44.76185],[-93.57148,44.7655],[-93.57288,44.76552],[-93.5742,44.76659],[-93.57461,44.76633],[-93.57622,44.76746],[-93.57395,44.76919],[-93.57186,44.76915],[-93.57185,44.77076],[-93.57024,44.772],[-93.56985,44.77176],[-93.56643,44.77211],[-93.56645,44.77451],[-93.56481,44.77455],[-93.5648,44.77317],[-93.56132,44.7731],[-93.56135,44.77534],[-93.56003,44.77538],[-93.56005,44.77626],[-93.56136,44.77622],[-93.56133,44.78026],[-93.55919,44.78335],[-93.55629,44.78594],[-93.55628,44.7865],[-93.55556,44.78659],[-93.54982,44.79164],[-93.55241,44.79162],[-93.55141,44.79217],[-93.5519,44.7928],[-93.55138,44.79306],[-93.55121,44.79713],[-93.55371,44.79916],[-93.55522,44.79936],[-93.55835,44.79856],[-93.56344,44.79667],[-93.56599,44.79617],[-93.57349,44.79554],[-93.57785,44.79435],[-93.57991,44.79312],[-93.58102,44.79119],[-93.58129,44.78937],[-93.5809,44.78816],[-93.58095,44.78423],[-93.58152,44.78203],[-93.5819,44.78164],[-93.58227,44.78142],[-93.5839,44.78159],[-93.58874,44.78338],[-93.59144,44.78333],[-93.599,44.78241],[-93.59938,44.78183]],[[-93.57346,44.78439],[-93.57234,44.78499],[-93.57334,44.78427],[-93.57346,44.78439]],[[-93.57334,44.78427],[-93.57284,44.78454],[-93.57262,44.78455],[-93.57118,44.78493],[-93.57281,44.78456],[-93.56905,44.78662],[-93.5679,44.78665],[-93.56806,44.78695],[-93.56781,44.78699],[-93.56733,44.78647],[-93.56727,44.78606],[-93.56756,44.78587],[-93.57334,44.78427]],[[-93.57085,44.78581],[-93.56938,44.78655],[-93.5698,44.78629],[-93.57085,44.78581]],[[-93.56902,44.7867],[-93.56893,44.78673],[-93.56845,44.78687],[-93.56902,44.7867]],[[-93.56737,44.79218],[-93.56711,44.79287],[-93.56489,44.79465],[-93.56431,44.7947],[-93.56268,44.79381],[-93.56191,44.79266],[-93.5621,44.79179],[-93.56409,44.79083],[-93.5648,44.79074],[-93.56647,44.79129],[-93.56737,44.79218]]],[[[-93.56639,44.76828],[-93.56632,44.76176],[-93.56119,44.76167],[-93.56123,44.76531],[-93.55613,44.7654],[-93.55616,44.76906],[-93.5586,44.76901],[-93.55861,44.76957],[-93.55942,44.76954],[-93.55942,44.76899],[-93.56025,44.76897],[-93.56026,44.76952],[-93.56128,44.76951],[-93.56127,44.7683],[-93.56639,44.76828]]],[[[-93.56177,44.74729],[-93.54118,44.74742],[-93.52031,44.74714],[-93.52037,44.76832],[-93.52542,44.76859],[-93.52543,44.76713],[-93.52895,44.76723],[-93.53058,44.76739],[-93.53058,44.76815],[-93.53573,44.76903],[-93.53573,44.76553],[-93.54087,44.76577],[-93.54089,44.76213],[-93.55099,44.76183],[-93.55111,44.75769],[-93.54606,44.75782],[-93.54617,44.75467],[-93.54248,44.75472],[-93.54248,44.75439],[-93.5411,44.75441],[-93.54111,44.75289],[-93.54365,44.75286],[-93.54368,44.75105],[-93.5491,44.75099],[-93.54905,44.75255],[-93.55125,44.75253],[-93.55135,44.74909],[-93.55648,44.74905],[-93.55611,44.76175],[-93.56119,44.76167],[-93.56164,44.74998],[-93.56177,44.74729]]],[[[-93.54167,44.76995],[-93.54165,44.76938],[-93.54108,44.76939],[-93.54086,44.76941],[-93.54087,44.77015],[-93.54167,44.76995]]],[[[-93.54102,44.77099],[-93.54088,44.77056],[-93.54089,44.771],[-93.54102,44.77099]]]]}},
{"type":"Feature","id":"2395483","properties":{"id":"2395483","name":"Jordan","kind":"city","counties":["Scott"],"population":6836,"label":[-93.63684,44.66408]},"geometry":{"type":"MultiPolygon","coordinates":[[[[-93.67384,44.65598],[-93.66486,44.65595],[-93.66502,44.65958],[-93.66794,44.65958],[-93.66954,44.65898],[-93.67089,44.65816],[-93.67224,44.65652],[-93.67384,44.65598]]],[[[-93.65483,44.6595],[-93.65422,44.64504],[-93.64918,44.64504],[-93.64916,44.64413],[-93.6443,44.64411],[-93.64418,44.64684],[-93.63345,44.64695],[-93.63348,44.64875],[-93.62842,44.6488],[-93.62844,44.64949],[-93.62981,44.65107],[-93.63016,44.65236],[-93.62992,44.65236],[-93.62966,44.65128],[-93.62852,44.64991],[-93.62901,44.65218],[-93.62781,44.65238],[-93.62751,44.65057],[-93.62778,44.65054],[-93.62719,44.64882],[-93.61636,44.64892],[-93.6203,44.65262],[-93.62011,44.65296],[-93.62343,44.65479],[-93.62341,44.66327],[-93.62249,44.66317],[-93.6225,44.66278],[-93.61919,44.66271],[-93.61696,44.66295],[-93.61687,44.66339],[-93.61725,44.66355],[-93.61332,44.66359],[-93.6133,44.6644],[-93.60812,44.66443],[-93.60809,44.6672],[-93.62319,44.6671],[-93.62308,44.67434],[-93.62779,44.67433],[-93.62738,44.67577],[-93.6266,44.6769],[-93.62307,44.6794],[-93.62306,44.68044],[-93.62184,44.68044],[-93.62194,44.68511],[-93.62689,44.68516],[-93.63341,44.6796],[-93.63339,44.68305],[-93.63526,44.68296],[-93.63527,44.68152],[-93.63981,44.68154],[-93.63982,44.68307],[-93.64412,44.68306],[-93.64415,44.68168],[-93.65446,44.68164],[-93.65478,44.67067],[-93.65095,44.67066],[-93.65093,44.67211],[-93.65129,44.67211],[-93.65126,44.67399],[-93.6445,44.67402],[-93.64471,44.66302],[-93.65479,44.66313],[-93.65483,44.6595]],[[-93.64599,44.65293],[-93.64443,44.65292],[-93.64439,44.65236],[-93.64595,44.65236],[-93.64599,44.65293]],[[-93.63861,44.6523],[-93.63685,44.65281],[-93.63361,44.65465],[-93.63356,44.65234],[-93.63861,44.6523]]],[[[-93.65481,44.66575],[-93.6522,44.66673],[-93.6548,44.66676],[-93.65481,44.66575]]]]}},
{"type":"Feature","id":"2395589","properties":{"id":"2395589","name":"Lake Elmo","kind":"city","counties":["Washington"],"population":13514,"label":[-92.9031,44.99425]},"geometry":{"type":"MultiPolygon","coordinates":[[[[-92.95422,45.02883],[-92.95414,45.02112],[-92.94977,45.02123],[-92.949,45.01958],[-92.94884,45.01805],[-92.94728,45.01511],[-92.94489,45.01403],[-92.94428,45.01337],[-92.94428,45.00679],[-92.94397,45.00679],[-92.94404,44.96339],[-92.93398,44.96342],[-92.93385,44.95442],[-92.93419,44.94906],[-92.92553,44.94916],[-92.92012,44.94883],[-92.86252,44.94895],[-92.86275,44.94921],[-92.86282,44.96567],[-92.86309,44.9655],[-92.86473,44.96564],[-92.86589,44.96701],[-92.86766,44.96658],[-92.8678,44.96678],[-92.86728,44.96736],[-92.86859,44.96905],[-92.86891,44.97037],[-92.86848,44.97051],[-92.8675,44.96995],[-92.86902,44.97243],[-92.86758,44.97279],[-92.86658,44.97163],[-92.86568,44.97161],[-92.86597,44.97098],[-92.86551,44.97108],[-92.86502,44.97049],[-92.86406,44.97029],[-92.86367,44.96981],[-92.86284,44.97026],[-92.86288,44.98031],[-92.86256,44.98164],[-92.86093,44.98165],[-92.86168,44.98274],[-92.86289,44.98273],[-92.86279,45.01459],[-92.86106,45.01461],[-92.85677,45.0254],[-92.85399,45.02887],[-92.85857,45.02882],[-92.85864,45.03127],[-92.8626,45.03144],[-92.86225,45.0323],[-92.86298,45.03244],[-92.86301,45.03539],[-92.85876,45.03514],[-92.8588,45.03614],[-92.94584,45.03588],[-92.94839,45.03421],[-92.95076,45.03059],[-92.95422,45.02883]],[[-92.9486,45.02661],[-92.94844,45.02816],[-92.9468,45.02894],[-92.94569,45.02886],[-92.94409,45.02819],[-92.94237,45.02603],[-92.94001,45.02625],[-92.93803,45.02578],[-92.93749,45.02467],[-92.93602,45.02302],[-92.93725,45.02114],[-92.93876,45.01988],[-92.93702,45.01991],[-92.9357,45.01864],[-92.93526,45.01763],[-92.93428,45.01685],[-92.93456,45.01618],[-92.93524,45.01578],[-92.93649,45.01607],[-92.93902,45.01576],[-92.93986,45.01619],[-92.94012,45.01566],[-92.94046,45.01585],[-92.94057,45.01613],[-92.93964,45.01694],[-92.94031,45.01786],[-92.93977,45.01857],[-92.94112,45.02044],[-92.94123,45.02126],[-92.94192,45.02177],[-92.94205,45.02354],[-92.94185,45.02433],[-92.94144,45.02463],[-92.94563,45.02485],[-92.94623,45.02437],[-92.94628,45.02297],[-92.94688,45.02286],[-92.94807,45.02327],[-92.94837,45.02377],[-92.9486,45.02661]],[[-92.94794,45.01993],[-92.94749,45.02052],[-92.94585,45.02116],[-92.94492,45.02122],[-92.94454,45.02054],[-92.94264,45.01982],[-92.94349,45.01859],[-92.94242,45.01847],[-92.94149,45.01904],[-92.94088,45.01847],[-92.94132,45.01671],[-92.93967,45.01469],[-92.94014,45.01382],[-92.93943,45.01276],[-92.93981,45.01241],[-92.9403,45.01221],[-92.94064,45.01253],[-92.94166,45.01255],[-92.94194,45.01296],[-92.94104,45.01342],[-92.94282,45.01364],[-92.94652,45.0156],[-92.94762,45.01771],[-92.9474,45.01852],[-92.94794,45.01993]],[[-92.93259,45.01303],[-92.93111,45.01401],[-92.93037,45.01605],[-92.92954,45.01705],[-92.92787,45.0174],[-92.9256,45.01858],[-92.92338,45.01886],[-92.91897,45.01816],[-92.91758,45.01737],[-92.91649,45.01602],[-92.9163,45.01498],[-92.91682,45.01402],[-92.91933,45.0131],[-92.92409,45.01267],[-92.92741,45.0131],[-92.92927,45.0126],[-92.93259,45.01303]],[[-92.91971,44.98537],[-92.91781,44.98507],[-92.91649,44.98388],[-92.91617,44.98306],[-92.91627,44.98197],[-92.9153,44.98052],[-92.91453,44.98043],[-92.91244,44.98101],[-92.91059,44.97997],[-92.91031,44.97931],[-92.91079,44.97862],[-92.91043,44.97791],[-92.90779,44.97718],[-92.90625,44.97595],[-92.90625,44.97553],[-92.90663,44.97533],[-92.90936,44.97604],[-92.91247,44.97567],[-92.91163,44.97531],[-92.91134,44.97441],[-92.91044,44.97393],[-92.90912,44.9746],[-92.90802,44.97437],[-92.9078,44.97217],[-92.90863,44.97133],[-92.90789,44.97064],[-92.90983,44.97105],[-92.91044,44.973],[-92.91092,44.97288],[-92.91156,44.97192],[-92.91214,44.97179],[-92.91295,44.97227],[-92.91385,44.97385],[-92.91382,44.97513],[-92.91437,44.97547],[-92.91426,44.97695],[-92.91502,44.97898],[-92.91641,44.98021],[-92.91833,44.98098],[-92.91678,44.98217],[-92.91688,44.98349],[-92.91771,44.9842],[-92.91961,44.98496],[-92.91971,44.98537]],[[-92.91317,44.96434],[-92.91274,44.96453],[-92.91301,44.9652],[-92.91199,44.96531],[-92.91127,44.96473],[-92.91148,44.96425],[-92.91048,44.96417],[-92.91012,44.96364],[-92.9123,44.96362],[-92.91283,44.96387],[-92.91317,44.96434]],[[-92.9117,44.96323],[-92.90976,44.96338],[-92.90946,44.96284],[-92.90828,44.96273],[-92.90652,44.96338],[-92.90451,44.96278],[-92.90409,44.96317],[-92.90343,44.96255],[-92.90342,44.96131],[-92.90438,44.96035],[-92.90574,44.95988],[-92.90581,44.95917],[-92.90589,44.95985],[-92.90647,44.96064],[-92.90643,44.96119],[-92.90947,44.96179],[-92.9117,44.96323]],[[-92.89314,44.97505],[-92.89302,44.97537],[-92.89229,44.97555],[-92.89071,44.97505],[-92.8923,44.97712],[-92.88982,44.9779],[-92.88993,44.97951],[-92.88806,44.98159],[-92.8865,44.98572],[-92.88544,44.98684],[-92.88569,44.98745],[-92.88543,44.98955],[-92.88562,44.99059],[-92.88603,44.99101],[-92.88536,44.99113],[-92.88628,44.99146],[-92.88517,44.99271],[-92.88564,44.99352],[-92.88629,44.99371],[-92.88608,44.99376],[-92.8863,44.99397],[-92.88569,44.99379],[-92.88553,44.99428],[-92.88612,44.99461],[-92.88544,44.99434],[-92.8853,44.99458],[-92.88224,44.99466],[-92.88149,44.99438],[-92.88121,44.99268],[-92.88054,44.99148],[-92.88101,44.98484],[-92.88134,44.98378],[-92.88124,44.98186],[-92.88321,44.97899],[-92.88389,44.97663],[-92.88538,44.97526],[-92.88717,44.97434],[-92.8903,44.97483],[-92.89105,44.97438],[-92.89037,44.97351],[-92.89153,44.97362],[-92.89243,44.9741],[-92.89314,44.97505]]],[[[-92.90544,44.96216],[-92.90517,44.9617],[-92.90498,44.96198],[-92.90544,44.96216]]],[[[-92.90474,44.96162],[-92.90465,44.96124],[-92.90367,44.96135],[-92.90367,44.9617],[-92.90415,44.9617],[-92.90474,44.96162]]],[[[-92.8668,44.96832],[-92.86638,44.96804],[-92.86282,44.96685],[-92.86283,44.96889],[-92.86299,44.96891],[-92.86351,44.96827],[-92.86494,44.96789],[-92.86585,44.96889],[-92.8668,44.96894],[-92.8668,44.96832]]]]}},
{"type":"Feature","id":"2395599","properties":{"id":"2395599","name":"Lake Saint Croix Beach","kind":"city","counties":["Washington"],"population":1023,"label":[-92.76583,44.92455]},"geometry":{"type":"MultiPolygon","coordinates":[[[[-92.77669,44.9159],[-92.77209,44.91589],[-92.77208,44.91721],[-92.77273,44.91723],[-92.77274,44.9176],[-92.77209,44.9176],[-92.77207,44.91869],[-92.76881,44.91875],[-92.76883,44.91807],[-92.76528,44.91807],[-92.76527,44.91852],[-92.76385,44.91854],[-92.764,44.91976],[-92.76329,44.92106],[-92.76535,44.92728],[-92.76505,44.93089],[-92.77657,44.931],[-92.77669,44.9159]]]]}},
{"type":"Feature","id":"2395609","properties":{"id":"2395609","name":"Lakeland","kind":"city","counties":["Washington"],"population":1680,"label":[-92.78101,44.95011]},"geometry":{"type":"MultiPolygon","coordinates":[[[[-92.78178,44.93097],[-92.76505,44.93086],[-92.765,44.93149],[-92.76544,44.93233],[-92.76563,44.93414],[-92.76629,44.93492],[-92.76677,44.93901],[-92.76543,44.94238],[-92.77089,44.9424],[-92.77075,44.95248],[-92.76357,44.95247],[-92.76375,44.95282],[-92.76312,44.95298],[-92.76339,44.95349],[-92.7626,44.9538],[-92.76115,44.95418],[-92.76119,44.95425],[-92.76102,44.95422],[-92.76016,44.95444],[-92.76008,44.95493],[-92.76173,44.95513],[-92.76261,44.95593],[-92.76477,44.95884],[-92.76517,44.96014],[-92.76593,44.96087],[-92.7659,44.96214],[-92.76647,44.96408],[-92.76785,44.96594],[-92.76945,44.96938],[-92.77038,44.97285],[-92.77044,44.97442],[-92.78143,44.97434],[-92.78178,44.93097]]]]}},
{"type":"Feature","id":"2395610","properties":{"id":"2395610","name":"Lakeland Shores","kind":"city","counties":["Washington"],"population":334,"label":[-92.76132,44.94791]},"geometry":{"type":"MultiPolygon","coordinates":[[[[-92.77089,44.9424],[-92.76543,44.94238],[-92.76434,44.94512],[-92.7637,44.94608],[-92.76167,44.94752],[-92.75991,44.95181],[-92.76004,44.95286],[-92.76074,44.95306],[-92.76032,44.95332],[-92.76033,44.95371],[-92.76075,44.95348],[-92.76115,44.95418],[-92.7626,44.9538],[-92.76339,44.95349],[-92.76312,44.95298],[-92.76375,44.95282],[-92.76357,44.95247],[-92.77075,44.95248],[-92.77089,44.9424]]],[[[-92.76102,44.95422],[-92.76023,44.95405],[-92.76016,44.95444],[-92.76102,44.95422]]]]}},
{"type":"Feature","id":"664705","properties":{"id":"664705","name":"Laketown","kind":"township","counties":["Carver"],"population":1986,"label":[-93.71833,44.83801]},"geometry":{"type":"MultiPolygon","coordinates":[[[[-93.76807,44.84665],[-93.76805,44.84592],[-93.76739,44.84593],[-93.76741,44.84648],[-93.76807,44.84665]]],[[[-93.76799,44.88553],[-93.76714,44.88536],[-93.7652,44.88437],[-93.76413,44.88239],[-93.765,44.88025],[-93.76479,44.87844],[-93.76298,44.87561],[-93.76232,44.87402],[-93.76148,44.87321],[-93.75969,44.87242],[-93.75693,44.86833],[-93.75719,44.86679],[-93.75783,44.86653],[-93.75699,44.86623],[-93.75727,44.86497],[-93.75857,44.86209],[-93.75847,44.86223],[-93.75667,44.86203],[-93.75577,44.86025],[-93.75564,44.85878],[-93.75518,44.85877],[-93.75517,44.85948],[-93.75366,44.8598],[-93.75247,44.86052],[-93.75006,44.86054],[-93.75062,44.8514],[-93.75156,44.85138],[-93.75185,44.85],[-93.75255,44.84878],[-93.75686,44.84421],[-93.75672,44.84389],[-93.75792,44.8431],[-93.75547,44.84099],[-93.75548,44.84098],[-93.75498,44.84081],[-93.75377,44.8409],[-93.75082,44.84006],[-93.74862,44.84067],[-93.74234,44.84062],[-93.741,44.84017],[-93.74099,44.83913],[-93.74035,44.83813],[-93.74117,44.83666],[-93.74295,44.83587],[-93.74401,44.8359],[-93.74553,44.83656],[-93.74658,44.83661],[-93.74756,44.83726],[-93.74891,44.83885],[-93.75269,44.8395],[-93.75396,44.83919],[-93.75442,44.83838],[-93.75471,44.83905],[-93.75558,44.83946],[-93.7554,44.83937],[-93.75538,44.83887],[-93.76038,44.83875],[-93.76025,44.83401],[-93.76064,44.834],[-93.76061,44.83298],[-93.76023,44.83299],[-93.76021,44.8302],[-93.75982,44.83037],[-93.75999,44.82707],[-93.75508,44.82718],[-93.75507,44.82572],[-93.76003,44.82566],[-93.76,44.81868],[-93.76779,44.81853],[-93.76779,44.81823],[-93.76771,44.80378],[-93.74431,44.80438],[-93.64213,44.80567],[-93.64208,44.81288],[-93.64721,44.81283],[-93.64719,44.8165],[-93.65046,44.81648],[-93.64209,44.8197],[-93.64209,44.82001],[-93.65139,44.81647],[-93.64683,44.81827],[-93.64337,44.82018],[-93.64209,44.82018],[-93.64212,44.82435],[-93.64574,44.82489],[-93.64577,44.82608],[-93.64702,44.8288],[-93.64709,44.83096],[-93.64531,44.831],[-93.64208,44.82897],[-93.64179,44.83627],[-93.64192,44.83639],[-93.64467,44.8365],[-93.64692,44.83603],[-93.64754,44.83653],[-93.64737,44.83629],[-93.6485,44.83461],[-93.65207,44.83454],[-93.65208,44.83363],[-93.65294,44.83362],[-93.65309,44.83133],[-93.65235,44.82784],[-93.65227,44.82533],[-93.65657,44.82615],[-93.66679,44.8293],[-93.66858,44.83056],[-93.67316,44.83191],[-93.67315,44.83088],[-93.674,44.83048],[-93.6773,44.83225],[-93.67848,44.83176],[-93.67899,44.83116],[-93.683,44.83237],[-93.68297,44.83403],[-93.68341,44.83411],[-93.68294,44.83519],[-93.68294,44.83927],[-93.68352,44.84016],[-93.68355,44.84116],[-93.69267,44.84119],[-93.69252,44.86098],[-93.6896,44.85976],[-93.68704,44.8594],[-93.68486,44.8595],[-93.68198,44.86017],[-93.68577,44.85961],[-93.68845,44.85978],[-93.69059,44.86039],[-93.69476,44.86239],[-93.69694,44.86294],[-93.72324,44.86263],[-93.72402,44.87833],[-93.72482,44.87656],[-93.72477,44.87601],[-93.72396,44.87594],[-93.72413,44.87523],[-93.72482,44.87584],[-93.72546,44.87545],[-93.72677,44.87597],[-93.72696,44.87668],[-93.72783,44.87695],[-93.72843,44.87678],[-93.72897,44.87611],[-93.72973,44.87598],[-93.73016,44.8767],[-93.73276,44.87729],[-93.73699,44.87933],[-93.73692,44.88044],[-93.73597,44.88189],[-93.73686,44.88356],[-93.73455,44.88519],[-93.73557,44.88499],[-93.73548,44.8857],[-93.73797,44.8872],[-93.73653,44.88796],[-93.73603,44.88872],[-93.7359,44.88973],[-93.73484,44.88994],[-93.7346,44.88988],[-93.73472,44.88994],[-93.73474,44.89092],[-93.76799,44.89085],[-93.76799,44.88553]],[[-93.71994,44.85089],[-93.71931,44.85153],[-93.71681,44.8521],[-93.71579,44.85192],[-93.71467,44.85097],[-93.71417,44.84977],[-93.71451,44.84889],[-93.71527,44.8483],[-93.71727,44.84747],[-93.71895,44.84834],[-93.7191,44.84977],[-93.71994,44.85089]],[[-93.70874,44.83839],[-93.70664,44.83845],[-93.704,44.839],[-93.70037,44.83823],[-93.70023,44.83778],[-93.70077,44.83727],[-93.70042,44.83695],[-93.69456,44.83666],[-93.6916,44.8354],[-93.6913,44.83433],[-93.69149,44.83164],[-93.69107,44.83093],[-93.69017,44.83035],[-93.68975,44.8294],[-93.69169,44.82729],[-93.69192,44.8276],[-93.69226,44.82751],[-93.69205,44.8266],[-93.6954,44.82593],[-93.69596,44.82614],[-93.6954,44.82628],[-93.69521,44.82695],[-93.69544,44.82736],[-93.69612,44.82773],[-93.69649,44.82749],[-93.69672,44.82819],[-93.69848,44.82869],[-93.69937,44.82839],[-93.69904,44.82803],[-93.69965,44.82765],[-93.69955,44.82854],[-93.69849,44.82893],[-93.69914,44.82923],[-93.69891,44.82956],[-93.69801,44.82983],[-93.6957,44.82968],[-93.69555,44.82989],[-93.69814,44.83044],[-93.70063,44.83014],[-93.70344,44.83228],[-93.7042,44.83344],[-93.70413,44.83406],[-93.70477,44.83421],[-93.70541,44.83523],[-93.70724,44.83576],[-93.7087,44.8372],[-93.70874,44.83839]],[[-93.66754,44.81263],[-93.66751,44.81991],[-93.66234,44.81998],[-93.66232,44.82354],[-93.65222,44.82371],[-93.65231,44.81608],[-93.66583,44.81088],[-93.66683,44.81114],[-93.66672,44.81264],[-93.66754,44.81263]],[[-93.66533,44.81076],[-93.66232,44.81192],[-93.66239,44.81083],[-93.66313,44.81085],[-93.66344,44.81027],[-93.66418,44.81046],[-93.66533,44.81076]],[[-93.66199,44.81199],[-93.65231,44.81577],[-93.65239,44.80772],[-93.65735,44.80824],[-93.65718,44.81274],[-93.66024,44.81266],[-93.66199,44.81199]]],[[[-93.76786,44.83513],[-93.76528,44.8335],[-93.76499,44.83375],[-93.76781,44.83536],[-93.76659,44.83536],[-93.76659,44.83647],[-93.76786,44.8363],[-93.76786,44.83513]]],[[[-93.76643,44.85444],[-93.76538,44.85492],[-93.76378,44.85613],[-93.76643,44.85444]]],[[[-93.76523,44.83347],[-93.76425,44.8329],[-93.76191,44.83296],[-93.76354,44.83292],[-93.76462,44.83327],[-93.76523,44.83347]]],[[[-93.76238,44.84487],[-93.76234,44.84375],[-93.76056,44.84376],[-93.76061,44.84491],[-93.76238,44.84487]]],[[[-93.76165,44.85802],[-93.76082,44.8588],[-93.75948,44.86076],[-93.76074,44.85893],[-93.76165,44.85802]]],[[[-93.75626,44.84033],[-93.75618,44.84007],[-93.75557,44.8409],[-93.75626,44.84033]]],[[[-93.75615,44.83998],[-93.75607,44.83971],[-93.75601,44.83968],[-93.75615,44.83998]]],[[[-93.75528,44.85671],[-93.75329,44.85698],[-93.75325,44.8578],[-93.75524,44.85754],[-93.75528,44.85671]]],[[[-93.73371,44.88965],[-93.73225,44.88928],[-93.73199,44.88929],[-93.73371,44.88965]]],[[[-93.7326,44.88525],[-93.73249,44.88518],[-93.73258,44.88525],[-93.7326,44.88525]]],[[[-93.73249,44.88522],[-93.73182,44.88501],[-93.73163,44.88539],[-93.73191,44.88509],[-93.73249,44.88522]]],[[[-93.73147,44.88557],[-93.73105,44.88548],[-93.73144,44.8856],[-93.73147,44.88557]]],[[[-93.73127,44.88432],[-93.73052,44.88379],[-93.72845,44.88299],[-93.72507,44.88227],[-93.72513,44.88234],[-93.72869,44.88311],[-93.73127,44.88432]]],[[[-93.73093,44.88933],[-93.72944,44.88938],[-93.72818,44.88882],[-93.72819,44.88889],[-93.72954,44.88953],[-93.73093,44.88933]]],[[[-93.72809,44.8878],[-93.72803,44.88635],[-93.72797,44.88637],[-93.72809,44.8878]]],[[[-93.72447,44.88158],[-93.72421,44.88115],[-93.72416,44.88112],[-93.72416,44.88121],[-93.72447,44.88158]]],[[[-93.69903,44.89101],[-93.69898,44.89032],[-93.69798,44.89033],[-93.69802,44.89102],[-93.69903,44.89101]]],[[[-93.69735,44.87095],[-93.69617,44.87125],[-93.6959,44.87137],[-93.69605,44.87155],[-93.69735,44.87095]]],[[[-93.68222,44.86271],[-93.68189,44.86252],[-93.6819,44.86292],[-93.68195,44.86295],[-93.68222,44.86271]]],[[[-93.67964,44.84457],[-93.67956,44.8447],[-93.67959,44.8447],[-93.67964,44.84457]]],[[[-93.67952,44.83882],[-93.67901,44.83804],[-93.67851,44.83785],[-93.67875,44.83802],[-93.6792,44.8388],[-93.67893,44.83958],[-93.67912,44.84006],[-93.67952,44.83882]]],[[[-93.67901,44.84036],[-93.67839,44.8407],[-93.67835,44.84133],[-93.67867,44.84162],[-93.6784,44.84103],[-93.67901,44.84036]]],[[[-93.67774,44.83755],[-93.67758,44.83749],[-93.67743,44.8375],[-93.67774,44.83755]]],[[[-93.66911,44.84105],[-93.66884,44.84115],[-93.66898,44.84118],[-93.66911,44.84105]]],[[[-93.65016,44.83821],[-93.65014,44.8382],[-93.64985,44.83975],[-93.65016,44.83821]]],[[[-93.64884,44.84033],[-93.64839,44.84032],[-93.64862,44.84045],[-93.64884,44.84033]]],[[[-93.6448,44.83989],[-93.64392,44.84017],[-93.64233,44.83994],[-93.64381,44.84027],[-93.6448,44.83989]]]]}},
{"type":"Feature","id":"2395614","properties":{"id":"2395614","name":"Lakeville","kind":"city","counties":["Dakota"],"population":73828,"label":[-93.25163,44.67663]},"geometry":{"type":"MultiPolygon","coordinates":[[[[-93.31874,44.63058],[-93.26841,44.63076],[-93.26838,44.62486],[-93.26403,44.62484],[-93.26402,44.62621],[-93.26124,44.6262],[-93.26047,44.62891],[-93.25938,44.63077],[-93.2443,44.63076],[-93.24434,44.62832],[-93.238,44.6283],[-93.23796,44.63049],[-93.23528,44.62346],[-93.23231,44.62346],[-93.2323,44.62428],[-93.22966,44.62428],[-93.22966,44.62405],[-93.22797,44.62405],[-93.22798,44.62347],[-93.21781,44.62347],[-93.21777,44.62621],[-93.20767,44.62625],[-93.2077,44.6235],[-93.2013,44.62353],[-93.20129,44.62542],[-93.20007,44.62542],[-93.20002,44.63074],[-93.20763,44.63072],[-93.20728,44.68854],[-93.15639,44.68857],[-93.15647,44.71734],[-93.26328,44.71747],[-93.26349,44.71727],[-93.26478,44.71685],[-93.26696,44.71748],[-93.26713,44.71748],[-93.26866,44.71641],[-93.26999,44.71647],[-93.27109,44.71742],[-93.27137,44.71748],[-93.31835,44.71754],[-93.31841,44.69967],[-93.31707,44.70019],[-93.31645,44.69981],[-93.31646,44.69922],[-93.31726,44.69906],[-93.3174,44.69826],[-93.3181,44.69745],[-93.31802,44.69712],[-93.31842,44.6967],[-93.31843,44.69297],[-93.31805,44.69272],[-93.31841,44.69112],[-93.31844,44.69109],[-93.3186,44.64516],[-93.31874,44.63058]],[[-93.31693,44.70186],[-93.31679,44.70279],[-93.31602,44.70407],[-93.31451,44.70473],[-93.31146,44.70436],[-93.30963,44.705],[-93.30876,44.7049],[-93.3083,44.7053],[-93.30746,44.70515],[-93.30674,44.70572],[-93.30434,44.70571],[-93.30331,44.70579],[-93.30192,44.70513],[-93.30129,44.70424],[-93.30107,44.70292],[-93.30268,44.70173],[-93.30421,44.70222],[-93.3032,44.70173],[-93.30301,44.70106],[-93.30398,44.70109],[-93.3049,44.70034],[-93.30466,44.69955],[-93.305,44.69856],[-93.30613,44.69701],[-93.30957,44.69524],[-93.31165,44.69576],[-93.31182,44.69602],[-93.31117,44.69604],[-93.31205,44.69636],[-93.31378,44.69622],[-93.31467,44.69648],[-93.31481,44.69628],[-93.31494,44.69661],[-93.31538,44.69596],[-93.31594,44.69601],[-93.31597,44.69654],[-93.31513,44.69681],[-93.3153,44.69775],[-93.31478,44.69889],[-93.31693,44.70186]],[[-93.30911,44.68018],[-93.30885,44.68073],[-93.30815,44.68058],[-93.30614,44.68118],[-93.30574,44.68093],[-93.30536,44.67969],[-93.30451,44.68079],[-93.3045,44.68084],[-93.30445,44.68086],[-93.30421,44.68117],[-93.30377,44.68109],[-93.30359,44.68115],[-93.30329,44.681],[-93.30286,44.68092],[-93.30249,44.68093],[-93.30285,44.68026],[-93.30269,44.68017],[-93.30066,44.6794],[-93.3003,44.679],[-93.30095,44.67885],[-93.30163,44.67934],[-93.30216,44.67811],[-93.30142,44.67744],[-93.30127,44.6767],[-93.30068,44.67674],[-93.29956,44.67575],[-93.29935,44.6753],[-93.29992,44.67431],[-93.2992,44.67456],[-93.29893,44.675],[-93.29774,44.67524],[-93.29624,44.67369],[-93.29652,44.67298],[-93.29564,44.67287],[-93.29552,44.67371],[-93.29622,44.67441],[-93.29543,44.67425],[-93.2943,44.67495],[-93.29433,44.67354],[-93.29427,44.67311],[-93.29337,44.67304],[-93.2933,44.67331],[-93.29327,44.67397],[-93.29206,44.67421],[-93.29111,44.67329],[-93.2911,44.67331],[-93.29104,44.67372],[-93.29009,44.67347],[-93.29073,44.67464],[-93.28943,44.67486],[-93.28913,44.67583],[-93.28849,44.6765],[-93.2887,44.67679],[-93.28959,44.67691],[-93.28817,44.67723],[-93.28781,44.67712],[-93.28703,44.67536],[-93.28599,44.67507],[-93.28509,44.67551],[-93.2853,44.67482],[-93.28488,44.67433],[-93.28475,44.67305],[-93.28397,44.67289],[-93.28384,44.6729],[-93.28374,44.67285],[-93.28339,44.67278],[-93.28219,44.67212],[-93.28183,44.67247],[-93.28182,44.67247],[-93.2818,44.6725],[-93.28092,44.67254],[-93.28071,44.67215],[-93.28055,44.67198],[-93.27992,44.67277],[-93.27984,44.67272],[-93.27978,44.67279],[-93.27965,44.67261],[-93.27956,44.67256],[-93.2789,44.67159],[-93.27828,44.67074],[-93.27826,44.67065],[-93.27819,44.67054],[-93.27818,44.67015],[-93.27862,44.67004],[-93.27852,44.66906],[-93.27706,44.66623],[-93.27746,44.66535],[-93.27815,44.66479],[-93.27864,44.66489],[-93.27815,44.66474],[-93.277,44.6649],[-93.27724,44.66462],[-93.2771,44.66464],[-93.27725,44.6646],[-93.27748,44.66432],[-93.27689,44.66374],[-93.27588,44.66115],[-93.27449,44.66126],[-93.27295,44.66143],[-93.27174,44.66073],[-93.27147,44.66074],[-93.26952,44.66092],[-93.26901,44.6608],[-93.26876,44.66081],[-93.26689,44.6604],[-93.26673,44.66028],[-93.2667,44.66027],[-93.26661,44.66019],[-93.26537,44.65924],[-93.26501,44.66048],[-93.26538,44.66093],[-93.26543,44.66195],[-93.26483,44.66198],[-93.26437,44.66143],[-93.26457,44.65984],[-93.26409,44.65933],[-93.26437,44.65944],[-93.26487,44.65895],[-93.26472,44.65843],[-93.26429,44.65803],[-93.26398,44.65787],[-93.2645,44.65743],[-93.26474,44.65698],[-93.26498,44.65634],[-93.26459,44.65557],[-93.26726,44.65415],[-93.26822,44.65465],[-93.26791,44.65503],[-93.27183,44.65487],[-93.27194,44.65489],[-93.27195,44.65489],[-93.27407,44.65526],[-93.27451,44.65521],[-93.27726,44.65433],[-93.27824,44.655],[-93.27777,44.65584],[-93.27784,44.65632],[-93.27926,44.65703],[-93.27973,44.65723],[-93.27977,44.65728],[-93.27995,44.65737],[-93.28018,44.65779],[-93.28031,44.65795],[-93.28182,44.65818],[-93.28264,44.65778],[-93.28279,44.65768],[-93.28285,44.65768],[-93.28296,44.65763],[-93.28391,44.65773],[-93.28413,44.65824],[-93.28402,44.65846],[-93.28403,44.65851],[-93.28371,44.65908],[-93.28337,44.65974],[-93.28352,44.65997],[-93.28442,44.6614],[-93.28456,44.66226],[-93.28453,44.66235],[-93.28453,44.66236],[-93.28452,44.66239],[-93.28381,44.66453],[-93.28339,44.66512],[-93.28434,44.66518],[-93.28495,44.66579],[-93.28499,44.66657],[-93.2852,44.66931],[-93.28512,44.66948],[-93.28513,44.66961],[-93.28561,44.66944],[-93.28763,44.67004],[-93.28865,44.67003],[-93.28871,44.67005],[-93.28876,44.67005],[-93.28951,44.67033],[-93.293,44.67153],[-93.29303,44.67162],[-93.29337,44.67175],[-93.29333,44.67256],[-93.29344,44.67289],[-93.29414,44.67288],[-93.29432,44.67285],[-93.29437,44.67272],[-93.2946,44.67089],[-93.2967,44.67066],[-93.29798,44.67091],[-93.29834,44.67139],[-93.29796,44.67213],[-93.29915,44.67244],[-93.29954,44.67361],[-93.30118,44.67341],[-93.30169,44.67471],[-93.30305,44.67487],[-93.30283,44.67463],[-93.30336,44.67418],[-93.30371,44.6744],[-93.30317,44.67475],[-93.30333,44.67494],[-93.30507,44.67478],[-93.30569,44.67506],[-93.30641,44.67603],[-93.3061,44.67635],[-93.30769,44.67726],[-93.30829,44.6787],[-93.30765,44.67889],[-93.30627,44.67807],[-93.30634,44.67838],[-93.30702,44.67893],[-93.30714,44.67902],[-93.30722,44.67904],[-93.30858,44.67918],[-93.30856,44.67985],[-93.30911,44.68018]],[[-93.30665,44.68209],[-93.30595,44.68193],[-93.30594,44.68147],[-93.30646,44.68164],[-93.30665,44.68209]],[[-93.30483,44.68255],[-93.30448,44.68262],[-93.30419,44.68206],[-93.30324,44.68151],[-93.30437,44.68152],[-93.30483,44.68255]],[[-93.30337,44.70711],[-93.30305,44.70738],[-93.30178,44.70739],[-93.3011,44.7081],[-93.30118,44.70863],[-93.30176,44.70889],[-93.30172,44.70925],[-93.30234,44.70951],[-93.29923,44.70962],[-93.2967,44.70853],[-93.29714,44.70775],[-93.29632,44.70676],[-93.29545,44.70686],[-93.29545,44.70658],[-93.29657,44.70631],[-93.2966,44.70603],[-93.29494,44.705],[-93.29497,44.70471],[-93.29561,44.70478],[-93.29699,44.70567],[-93.29773,44.70544],[-93.29906,44.70595],[-93.3025,44.70638],[-93.30277,44.70712],[-93.30293,44.70691],[-93.30337,44.70711]],[[-93.2901,44.6582],[-93.28815,44.65844],[-93.28587,44.65944],[-93.28392,44.65903],[-93.28423,44.65827],[-93.28436,44.65785],[-93.28594,44.65824],[-93.28737,44.65775],[-93.28988,44.65796],[-93.2901,44.6582]],[[-93.28071,44.6556],[-93.28008,44.65582],[-93.27836,44.65526],[-93.27807,44.6545],[-93.27867,44.65444],[-93.28071,44.6556]],[[-93.17388,44.70643],[-93.17334,44.70628],[-93.17362,44.70701],[-93.17329,44.70906],[-93.17112,44.70967],[-93.16938,44.71107],[-93.16829,44.7111],[-93.16716,44.71088],[-93.16703,44.71054],[-93.16768,44.71031],[-93.16866,44.70928],[-93.17062,44.70942],[-93.1718,44.70886],[-93.17148,44.70835],[-93.17054,44.70809],[-93.17067,44.70732],[-93.17174,44.70753],[-93.17014,44.70386],[-93.1704,44.70341],[-93.17152,44.70324],[-93.16939,44.70312],[-93.17382,44.70312],[-93.17287,44.70322],[-93.17277,44.70515],[-93.17334,44.70612],[-93.17388,44.70643]],[[-93.17019,44.70545],[-93.16992,44.70534],[-93.17009,44.70528],[-93.17019,44.70545]]],[[[-93.30032,44.7088],[-93.30002,44.7077],[-93.29962,44.70788],[-93.29975,44.70875],[-93.30032,44.7088]]],[[[-93.29339,44.67303],[-93.29337,44.67303],[-93.29337,44.67304],[-93.29339,44.67303]]],[[[-93.2925,44.6728],[-93.2922,44.67267],[-93.29162,44.67286],[-93.29226,44.67332],[-93.2925,44.6728]]],[[[-93.28956,44.67337],[-93.2892,44.6732],[-93.28862,44.67392],[-93.28828,44.67255],[-93.28803,44.67258],[-93.28822,44.6731],[-93.28808,44.67332],[-93.28811,44.67342],[-93.28799,44.67347],[-93.28792,44.67359],[-93.28777,44.67357],[-93.28773,44.67359],[-93.28766,44.67355],[-93.28661,44.67341],[-93.28659,44.67345],[-93.28664,44.67369],[-93.28768,44.67389],[-93.28803,44.67491],[-93.28917,44.67478],[-93.28956,44.67337]]],[[[-93.28591,44.67198],[-93.28533,44.67191],[-93.2846,44.67242],[-93.2846,44.67278],[-93.28591,44.67198]]]]}},
{"type":"Feature","id":"2395626","properties":{"id":"2395626","name":"Landfall","kind":"city","counties":["Washington"],"population":813,"label":[-92.97719,44.95056]},"geometry":{"type":"MultiPolygon","coordinates":[[[[-92.98023,44.94899],[-92.97344,44.94902],[-92.97345,44.9524],[-92.97937,44.95246],[-92.97957,44.95215],[-92.97842,44.9513],[-92.97836,44.95063],[-92.97899,44.94977],[-92.98023,44.94899]]]]}},
{"type":"Feature","id":"2395642","properties":{"id":"2395642","name":"Lauderdale","kind":"city","counties":["Ramsey"],"population":2221,"label":[-93.2027,44.99421]},"geometry":{"type":"MultiPolygon","coordinates":[[[[-93.19733,44.99891],[-93.19996,44.9989],[-93.19995,45.00072],[-93.20775,45.00067],[-93.20771,44.98809],[-93.19746,44.9881],[-93.19733,44.99891]]]]}},
{"type":"Feature","id":"2395696","properties":{"id":"2395696","name":"Lexington","kind":"city","counties":["Anoka"],"population":2738,"label":[-93.17108,45.13774]},"geometry":{"type":"MultiPolygon","coordinates":[[[[-93.17381,45.14606],[-93.1739,45.13892],[-93.18103,45.13893],[-93.18062,45.1377],[-93.17389,45.13766],[-93.17391,45.13539],[-93.17429,45.13516],[-93.18418,45.13519],[-93.18417,45.13157],[-93.16371,45.13153],[-93.16347,45.146],[-93.17381,45.14606]]],[[[-93.17383,45.1479],[-93.17868,45.14793],[-93.17892,45.14611],[-93.17381,45.14606],[-93.17383,45.1479]]]]}},
{"type":"Feature","id":"2395708","properties":{"id":"2395708","name":"Lilydale","kind":"city","counties":["Dakota"],"population":790,"label":[-93.13063,44.90944]},"geometry":{"type":"MultiPolygon","coordinates":[[[[-93.15268,44.8934],[-93.15188,44.89293],[-93.15148,44.89322],[-93.15032,44.89254],[-93.14712,44.89285],[-93.14696,44.89396],[-93.14865,44.89348],[-93.14887,44.89368],[-93.14736,44.89486],[-93.14806,44.8955],[-93.14513,44.8967],[-93.14474,44.89609],[-93.14646,44.89478],[-93.14651,44.8944],[-93.14394,44.89442],[-93.14397,44.8971],[-93.13986,44.89913],[-93.13903,44.89819],[-93.1384,44.89849],[-93.13921,44.89943],[-93.13833,44.89979],[-93.13772,44.899],[-93.13748,44.89911],[-93.13751,44.89795],[-93.13677,44.89794],[-93.13677,44.90076],[-93.13491,44.90316],[-93.13316,44.90466],[-93.13064,44.90651],[-93.12383,44.91046],[-93.12412,44.91069],[-93.12124,44.91263],[-93.12128,44.91181],[-93.11746,44.91327],[-93.11622,44.9144],[-93.11724,44.91497],[-93.11591,44.91619],[-93.11513,44.91618],[-93.11334,44.91698],[-93.11067,44.91934],[-93.11119,44.91967],[-93.11576,44.91963],[-93.1157,44.9185],[-93.11652,44.91734],[-93.12203,44.91265],[-93.12289,44.9124],[-93.12747,44.91264],[-93.12606,44.91397],[-93.12554,44.91492],[-93.1237,44.91653],[-93.12346,44.91754],[-93.12053,44.91958],[-93.1273,44.91952],[-93.12792,44.9192],[-93.13035,44.9164],[-93.13101,44.91489],[-93.13085,44.91458],[-93.13132,44.91345],[-93.13139,44.91179],[-93.13547,44.90574],[-93.13682,44.90452],[-93.1397,44.90303],[-93.14681,44.89777],[-93.14937,44.89621],[-93.14998,44.89651],[-93.15001,44.89648],[-93.1494,44.89622],[-93.15268,44.8934]],[[-93.15136,44.8933],[-93.14849,44.89524],[-93.14794,44.89471],[-93.14912,44.89407],[-93.14889,44.89388],[-93.14914,44.89369],[-93.14942,44.89389],[-93.15075,44.89294],[-93.15136,44.8933]]]]}},
{"type":"Feature","id":"2395725","properties":{"id":"2395725","name":"Lino Lakes","kind":"city","counties":["Anoka"],"population":21658,"label":[-93.08096,45.16758]},"geometry":{"type":"MultiPolygon","coordinates":[[[[-93.14317,45.1242],[-93.04754,45.1239],[-93.0475,45.12542],[-93.04727,45.12611],[-93.04631,45.12634],[-93.04675,45.12665],[-93.04644,45.12711],[-93.04515,45.1277],[-93.04354,45.1276],[-93.0441,45.1293],[-93.04246,45.1299],[-93.04261,45.13004],[-93.04116,45.13124],[-93.04028,45.13153],[-93.03961,45.13138],[-93.0395,45.13161],[-93.03944,45.13134],[-93.03757,45.13148],[-93.03767,45.1308],[-93.03674,45.13019],[-93.03661,45.13051],[-93.03707,45.13101],[-93.0368,45.13119],[-93.03651,45.13099],[-93.03659,45.13013],[-93.03557,45.12964],[-93.03486,45.12882],[-93.0331,45.12865],[-93.03269,45.12824],[-93.03268,45.12797],[-93.03327,45.12782],[-93.03401,45.12552],[-93.03548,45.12538],[-93.03618,45.12474],[-93.03639,45.12386],[-93.02037,45.12381],[-93.02035,45.12677],[-93.0217,45.12794],[-93.02196,45.12926],[-93.02095,45.1308],[-93.02167,45.13225],[-93.02166,45.13335],[-93.02119,45.13412],[-93.0204,45.13447],[-93.02084,45.13516],[-93.02033,45.13447],[-93.02029,45.13449],[-93.02017,45.14932],[-93.02192,45.14952],[-93.02295,45.15023],[-93.0239,45.14991],[-93.02415,45.15124],[-93.02499,45.15134],[-93.02497,45.15188],[-93.02403,45.15199],[-93.02374,45.15268],[-93.0229,45.15293],[-93.02014,45.15322],[-93.0197,45.21075],[-93.06225,45.21082],[-93.0614,45.20985],[-93.06169,45.20933],[-93.06144,45.20889],[-93.06198,45.20796],[-93.06183,45.20763],[-93.06251,45.20738],[-93.06283,45.2066],[-93.06466,45.20501],[-93.06339,45.20357],[-93.06316,45.20445],[-93.0623,45.20408],[-93.06277,45.20369],[-93.0627,45.20325],[-93.064,45.20229],[-93.06403,45.2017],[-93.06449,45.20118],[-93.06429,45.20059],[-93.06449,45.19992],[-93.06558,45.19909],[-93.0653,45.19901],[-93.06604,45.1987],[-93.06584,45.19828],[-93.06655,45.19845],[-93.06714,45.19799],[-93.0668,45.19791],[-93.06683,45.1976],[-93.06773,45.19741],[-93.06746,45.19782],[-93.06803,45.19801],[-93.06726,45.19853],[-93.06739,45.19908],[-93.06801,45.19851],[-93.06768,45.19832],[-93.06848,45.19825],[-93.06809,45.19754],[-93.06902,45.19729],[-93.06925,45.19742],[-93.069,45.19767],[-93.07044,45.19756],[-93.07156,45.19798],[-93.07115,45.19756],[-93.07232,45.19738],[-93.07329,45.19601],[-93.07318,45.19568],[-93.07181,45.1955],[-93.07339,45.19562],[-93.07353,45.19625],[-93.07395,45.19634],[-93.07455,45.1972],[-93.07456,45.19793],[-93.0751,45.19822],[-93.07485,45.19857],[-93.07531,45.19863],[-93.07459,45.1996],[-93.07514,45.19989],[-93.07439,45.20009],[-93.0745,45.20044],[-93.07528,45.20073],[-93.07421,45.20145],[-93.07316,45.20107],[-93.07384,45.20082],[-93.07327,45.19976],[-93.07241,45.20048],[-93.07291,45.20096],[-93.07272,45.20124],[-93.07319,45.20151],[-93.07298,45.20179],[-93.07326,45.20266],[-93.07295,45.20328],[-93.0703,45.20589],[-93.07042,45.2071],[-93.06979,45.20856],[-93.06797,45.20931],[-93.06938,45.21068],[-93.06934,45.21083],[-93.14235,45.21096],[-93.14296,45.15304],[-93.1377,45.15305],[-93.13773,45.14358],[-93.13647,45.14312],[-93.13292,45.14263],[-93.1305,45.1426],[-93.13048,45.14362],[-93.12895,45.14388],[-93.12823,45.14476],[-93.12794,45.14373],[-93.12831,45.14339],[-93.12803,45.1431],[-93.1302,45.14317],[-93.13035,45.14258],[-93.12944,45.14199],[-93.12899,45.14116],[-93.13064,45.1387],[-93.13125,45.13828],[-93.13227,45.13836],[-93.13304,45.13762],[-93.13305,45.13693],[-93.13214,45.13699],[-93.13203,45.13652],[-93.13502,45.1338],[-93.1369,45.13327],[-93.13847,45.13348],[-93.13963,45.13494],[-93.14048,45.13548],[-93.14135,45.13679],[-93.14164,45.13751],[-93.14148,45.13858],[-93.14165,45.13858],[-93.1417,45.13855],[-93.14175,45.13857],[-93.14302,45.13857],[-93.14313,45.12833],[-93.14275,45.12803],[-93.14299,45.1278],[-93.14313,45.12786],[-93.14317,45.1242]],[[-93.13485,45.15107],[-93.13455,45.15199],[-93.13303,45.15295],[-93.13227,45.1528],[-93.13121,45.15364],[-93.12759,45.15522],[-93.12808,45.15553],[-93.12726,45.15604],[-93.1266,45.1558],[-93.12538,45.15644],[-93.12536,45.15679],[-93.1243,45.15679],[-93.12249,45.15903],[-93.12306,45.15927],[-93.12294,45.15948],[-93.12226,45.15937],[-93.1202,45.16098],[-93.11858,45.16109],[-93.11785,45.16083],[-93.11767,45.16124],[-93.11448,45.16196],[-93.11381,45.16176],[-93.1132,45.16112],[-93.11215,45.15853],[-93.11243,45.15601],[-93.11356,45.15464],[-93.11541,45.1536],[-93.1158,45.15278],[-93.1149,45.15278],[-93.11516,45.15144],[-93.11496,45.15038],[-93.11436,45.14942],[-93.11425,45.14776],[-93.11476,45.14653],[-93.11687,45.14662],[-93.11663,45.14786],[-93.11796,45.1499],[-93.1178,45.15037],[-93.1168,45.15099],[-93.11657,45.15224],[-93.11614,45.15265],[-93.11647,45.15303],[-93.1181,45.15193],[-93.11904,45.15201],[-93.11998,45.15063],[-93.12149,45.15003],[-93.12454,45.1501],[-93.12716,45.15098],[-93.12853,45.15104],[-93.12878,45.15072],[-93.12828,45.14961],[-93.12674,45.14786],[-93.12647,45.14689],[-93.12659,45.14595],[-93.12795,45.1448],[-93.12807,45.14534],[-93.12708,45.14574],[-93.12753,45.14638],[-93.13074,45.14781],[-93.13113,45.14824],[-93.13082,45.14887],[-93.13122,45.14924],[-93.13294,45.14981],[-93.13369,45.15063],[-93.13485,45.15107]],[[-93.13347,45.15303],[-93.13296,45.15299],[-93.13303,45.15295],[-93.13347,45.15303]],[[-93.11721,45.16558],[-93.11701,45.16603],[-93.11613,45.16603],[-93.11607,45.16718],[-93.11484,45.16798],[-93.11299,45.17072],[-93.11429,45.17209],[-93.11448,45.17313],[-93.1138,45.17382],[-93.11219,45.17355],[-93.11203,45.17398],[-93.11084,45.1741],[-93.10544,45.17382],[-93.10379,45.1721],[-93.10259,45.17144],[-93.10221,45.16952],[-93.1027,45.16874],[-93.10523,45.16672],[-93.10559,45.16678],[-93.10547,45.16642],[-93.10622,45.16625],[-93.10626,45.16596],[-93.10917,45.16585],[-93.11322,45.16455],[-93.11522,45.16453],[-93.1155,45.1637],[-93.11578,45.16369],[-93.11595,45.16396],[-93.11561,45.16458],[-93.11701,45.16481],[-93.11721,45.16558]],[[-93.10885,45.14874],[-93.10835,45.14892],[-93.10779,45.14805],[-93.10671,45.14749],[-93.10591,45.14936],[-93.10616,45.14985],[-93.10524,45.15075],[-93.10424,45.15328],[-93.10268,45.15483],[-93.10089,45.15738],[-93.10036,45.15924],[-93.10041,45.16104],[-93.09916,45.16136],[-93.09789,45.16124],[-93.09552,45.15997],[-93.0953,45.15947],[-93.09533,45.15888],[-93.09465,45.15774],[-93.09173,45.15648],[-93.09074,45.15531],[-93.09086,45.15369],[-93.09357,45.14894],[-93.0956,45.14711],[-93.09641,45.14731],[-93.09749,45.14688],[-93.09784,45.14706],[-93.09999,45.14671],[-93.10214,45.14536],[-93.10408,45.14457],[-93.1064,45.14518],[-93.10603,45.14561],[-93.10696,45.14656],[-93.10695,45.14703],[-93.10851,45.14789],[-93.10885,45.14874]],[[-93.10038,45.17833],[-93.0985,45.17981],[-93.09488,45.18022],[-93.09351,45.18393],[-93.0917,45.18564],[-93.09048,45.18616],[-93.08724,45.18539],[-93.08714,45.18418],[-93.08787,45.1828],[-93.08736,45.18027],[-93.08669,45.179],[-93.08548,45.17845],[-93.08423,45.17841],[-93.08199,45.18028],[-93.08112,45.18186],[-93.0812,45.18262],[-93.08028,45.18293],[-93.078,45.18205],[-93.07773,45.18121],[-93.07474,45.17728],[-93.07216,45.17732],[-93.07168,45.17703],[-93.07283,45.17703],[-93.07291,45.17668],[-93.07372,45.17645],[-93.07527,45.17657],[-93.0766,45.17736],[-93.07797,45.1797],[-93.07901,45.17984],[-93.07974,45.17955],[-93.08039,45.17809],[-93.08088,45.17559],[-93.08186,45.17461],[-93.08257,45.17412],[-93.0834,45.17435],[-93.08633,45.17413],[-93.08713,45.17381],[-93.08775,45.17306],[-93.08821,45.17021],[-93.08619,45.16779],[-93.08572,45.1664],[-93.08625,45.16515],[-93.08705,45.16494],[-93.08809,45.16407],[-93.08935,45.16397],[-93.0915,45.16479],[-93.09129,45.16504],[-93.09019,45.16488],[-93.08978,45.16517],[-93.08964,45.16598],[-93.08995,45.16668],[-93.09519,45.16957],[-93.09687,45.17156],[-93.09702,45.17238],[-93.09868,45.17469],[-93.10038,45.17833]],[[-93.08161,45.1608],[-93.08127,45.16281],[-93.08052,45.16491],[-93.07834,45.16756],[-93.07829,45.16759],[-93.0816,45.16759],[-93.08156,45.17484],[-93.06897,45.17478],[-93.06894,45.17553],[-93.06842,45.17599],[-93.06762,45.17605],[-93.06527,45.17562],[-93.06485,45.17543],[-93.06475,45.17498],[-93.06424,45.177],[-93.06264,45.17974],[-93.0627,45.18191],[-93.06374,45.18279],[-93.06347,45.18407],[-93.06447,45.1852],[-93.06431,45.18603],[-93.06373,45.18679],[-93.06479,45.18709],[-93.06424,45.18746],[-93.06432,45.18791],[-93.06385,45.18794],[-93.06479,45.18868],[-93.0643,45.18906],[-93.06395,45.18865],[-93.06345,45.18885],[-93.06476,45.19082],[-93.0644,45.19103],[-93.06446,45.19177],[-93.06303,45.19347],[-93.06253,45.19327],[-93.06177,45.19357],[-93.06034,45.19355],[-93.06061,45.19388],[-93.05906,45.19348],[-93.05929,45.19305],[-93.05853,45.19316],[-93.05789,45.19273],[-93.05782,45.19358],[-93.05876,45.19366],[-93.0576,45.19404],[-93.05856,45.19443],[-93.05823,45.19527],[-93.05577,45.19654],[-93.0538,45.19632],[-93.05188,45.19667],[-93.04949,45.1975],[-93.04924,45.19805],[-93.04981,45.19891],[-93.04976,45.19961],[-93.04904,45.20019],[-93.04794,45.20201],[-93.0464,45.20266],[-93.04688,45.20315],[-93.04794,45.20286],[-93.04831,45.20312],[-93.04703,45.20342],[-93.04637,45.20323],[-93.04615,45.2025],[-93.04524,45.20267],[-93.0448,45.20202],[-93.04533,45.20195],[-93.04605,45.20239],[-93.04619,45.20194],[-93.04695,45.20182],[-93.04802,45.20073],[-93.04753,45.2002],[-93.04811,45.19879],[-93.04846,45.19863],[-93.04891,45.19706],[-93.0504,45.19611],[-93.05039,45.19611],[-93.0508,45.19564],[-93.0507,45.195],[-93.05195,45.19375],[-93.05273,45.19186],[-93.05241,45.19082],[-93.05317,45.18956],[-93.05266,45.18932],[-93.05297,45.18827],[-93.05356,45.18794],[-93.05319,45.18739],[-93.0546,45.18674],[-93.0531,45.1858],[-93.05183,45.18264],[-93.05184,45.18145],[-93.05329,45.17574],[-93.05399,45.17472],[-93.04074,45.17466],[-93.0407,45.16755],[-93.03572,45.16759],[-93.03569,45.15308],[-93.04581,45.15302],[-93.04578,45.14937],[-93.06113,45.14948],[-93.06119,45.16085],[-93.06234,45.15965],[-93.06516,45.15872],[-93.06533,45.15761],[-93.06583,45.15694],[-93.06668,45.15718],[-93.06766,45.15699],[-93.06717,45.15763],[-93.06752,45.15831],[-93.0672,45.15925],[-93.06734,45.15987],[-93.06972,45.15887],[-93.07071,45.1593],[-93.07167,45.15873],[-93.07111,45.1578],[-93.07154,45.15735],[-93.07413,45.15685],[-93.07628,45.15689],[-93.07884,45.15754],[-93.08076,45.15914],[-93.08161,45.1608]],[[-93.05804,45.12928],[-93.05678,45.13111],[-93.05734,45.13228],[-93.05697,45.1324],[-93.05456,45.13569],[-93.05454,45.13613],[-93.05387,45.13665],[-93.0513,45.13727],[-93.04965,45.13599],[-93.04889,45.13595],[-93.0478,45.13509],[-93.04794,45.13296],[-93.04844,45.13227],[-93.04937,45.13195],[-93.04965,45.13136],[-93.0497,45.13073],[-93.04922,45.13073],[-93.04911,45.13006],[-93.04988,45.13013],[-93.04992,45.13049],[-93.05052,45.12964],[-93.04994,45.12747],[-93.05026,45.12755],[-93.05022,45.12718],[-93.05215,45.12618],[-93.05327,45.12602],[-93.0554,45.12764],[-93.05753,45.12809],[-93.05803,45.12847],[-93.05804,45.12928]],[[-93.02421,45.15009],[-93.02413,45.15006],[-93.02414,45.15002],[-93.02421,45.15009]],[[-93.02027,45.14747],[-93.02025,45.14748],[-93.02025,45.14747],[-93.02027,45.14747]]],[[[-93.13904,45.13706],[-93.13889,45.13705],[-93.13871,45.13694],[-93.13839,45.13701],[-93.13819,45.13699],[-93.13807,45.13707],[-93.13795,45.1371],[-93.13787,45.13722],[-93.1377,45.13734],[-93.13777,45.13736],[-93.13771,45.13746],[-93.13805,45.13745],[-93.13834,45.13755],[-93.13849,45.13744],[-93.13872,45.13744],[-93.13904,45.13714],[-93.13898,45.1371],[-93.13904,45.13706]]],[[[-93.13779,45.13859],[-93.1376,45.13831],[-93.13725,45.13842],[-93.13725,45.13853],[-93.13712,45.13861],[-93.13728,45.13912],[-93.13729,45.1393],[-93.13734,45.13929],[-93.13735,45.13933],[-93.1374,45.13928],[-93.13765,45.13924],[-93.13758,45.13912],[-93.13775,45.13896],[-93.13775,45.13881],[-93.13775,45.13863],[-93.13775,45.13859],[-93.13779,45.13859]]],[[[-93.13347,45.13966],[-93.13317,45.13907],[-93.13245,45.13886],[-93.13109,45.13987],[-93.13113,45.13992],[-93.13107,45.13997],[-93.13135,45.14021],[-93.13148,45.14037],[-93.13153,45.14036],[-93.13156,45.14038],[-93.13326,45.14002],[-93.13327,45.14001],[-93.13331,45.14],[-93.13347,45.13966]]],[[[-93.09603,45.15906],[-93.09569,45.15877],[-93.09576,45.15935],[-93.09603,45.15906]]],[[[-93.09598,45.14757],[-93.09528,45.148],[-93.09554,45.14807],[-93.09598,45.14757]]],[[[-93.09515,45.14839],[-93.09398,45.14938],[-93.09421,45.14927],[-93.09515,45.14839]]],[[[-93.09389,45.14974],[-93.09311,45.15096],[-93.09341,45.15061],[-93.09389,45.14974]]],[[[-93.07014,45.20456],[-93.06989,45.2038],[-93.06916,45.20283],[-93.06762,45.2024],[-93.06789,45.20295],[-93.06605,45.20377],[-93.06525,45.20454],[-93.06483,45.20646],[-93.06679,45.20815],[-93.06756,45.20808],[-93.06894,45.20738],[-93.06847,45.20577],[-93.06917,45.20503],[-93.07014,45.20456]]],[[[-93.06719,45.19947],[-93.06603,45.19922],[-93.06544,45.19961],[-93.06548,45.19999],[-93.06614,45.20021],[-93.06719,45.19947]]],[[[-93.06663,45.20056],[-93.0662,45.20041],[-93.0656,45.20069],[-93.06649,45.20084],[-93.06663,45.20056]]],[[[-93.0666,45.1597],[-93.06644,45.15934],[-93.06627,45.1595],[-93.0666,45.1597]]],[[[-93.06484,45.15938],[-93.06476,45.15936],[-93.06474,45.15943],[-93.06484,45.15938]]],[[[-93.0639,45.18493],[-93.06389,45.18478],[-93.06362,45.18496],[-93.0639,45.18493]]],[[[-93.06352,45.16044],[-93.06328,45.1605],[-93.0634,45.16052],[-93.06352,45.16044]]],[[[-93.063,45.15998],[-93.06286,45.15997],[-93.06284,45.16004],[-93.063,45.15998]]],[[[-93.06271,45.18607],[-93.06254,45.18514],[-93.06218,45.18505],[-93.0622,45.1857],[-93.06271,45.18607]]],[[[-93.06229,45.18593],[-93.0615,45.18561],[-93.06131,45.18321],[-93.05742,45.18343],[-93.05768,45.1842],[-93.05752,45.18472],[-93.05632,45.18579],[-93.05681,45.18693],[-93.05642,45.18786],[-93.05864,45.18964],[-93.05956,45.18964],[-93.06006,45.18866],[-93.06003,45.18774],[-93.06055,45.18745],[-93.0608,45.18683],[-93.06112,45.18677],[-93.06094,45.18705],[-93.06124,45.18728],[-93.062,45.18728],[-93.06135,45.18658],[-93.06229,45.18593]]],[[[-93.05702,45.19422],[-93.05696,45.19372],[-93.0561,45.19447],[-93.05657,45.19481],[-93.05702,45.19422]]],[[[-93.056,45.13195],[-93.05553,45.13135],[-93.05495,45.13105],[-93.05513,45.13157],[-93.056,45.13195]]],[[[-93.0546,45.18843],[-93.05437,45.18864],[-93.05453,45.18878],[-93.0546,45.18843]]],[[[-93.05386,45.18937],[-93.05377,45.18906],[-93.05356,45.18935],[-93.05386,45.18937]]],[[[-93.05367,45.18995],[-93.0535,45.18979],[-93.05348,45.18998],[-93.05367,45.18995]]]]}},
{"type":"Feature","id":"664793","properties":{"id":"664793","name":"Linwood","kind":"township","counties":["Anoka"],"population":5279,"label":[-93.08129,45.36947]},"geometry":{"type":"MultiPolygon","coordinates":[[[[-93.14382,45.36989],[-93.14313,45.34068],[-93.1429,45.34063],[-93.14183,45.34111],[-93.14147,45.34168],[-93.14089,45.34156],[-93.14108,45.34056],[-93.14231,45.33946],[-93.14244,45.33896],[-93.14309,45.33877],[-93.14279,45.32627],[-93.09352,45.32606],[-93.09398,45.32609],[-93.09398,45.32655],[-93.09246,45.32705],[-93.09246,45.32744],[-93.09187,45.32735],[-93.09158,45.32685],[-93.09278,45.32606],[-93.08705,45.32603],[-93.0874,45.32612],[-93.08584,45.32749],[-93.08646,45.32813],[-93.08536,45.32879],[-93.08428,45.32895],[-93.08347,45.32788],[-93.08305,45.32721],[-93.08324,45.32602],[-93.07947,45.326],[-93.07809,45.32701],[-93.07696,45.32731],[-93.07618,45.32655],[-93.07446,45.32625],[-93.0738,45.32598],[-93.01987,45.32575],[-93.0194,45.35441],[-93.01853,45.38268],[-93.01958,45.41174],[-93.08332,45.41284],[-93.08359,45.41287],[-93.08578,45.41085],[-93.0871,45.41044],[-93.0882,45.40767],[-93.09033,45.4058],[-93.09183,45.40555],[-93.09409,45.40612],[-93.09563,45.40928],[-93.09645,45.40987],[-93.09653,45.41051],[-93.09589,45.41101],[-93.09394,45.41188],[-93.09169,45.41237],[-93.09262,45.41318],[-93.09272,45.41386],[-93.09277,45.41387],[-93.14225,45.41373],[-93.14216,45.38512],[-93.14382,45.36989]],[[-93.14075,45.3497],[-93.13991,45.3511],[-93.1389,45.35192],[-93.13725,45.35258],[-93.1353,45.35244],[-93.13494,45.3521],[-93.13478,45.35064],[-93.13686,45.34899],[-93.14039,45.34931],[-93.14075,45.3497]],[[-93.13459,45.33793],[-93.13314,45.34236],[-93.13177,45.34383],[-93.13093,45.34396],[-93.12993,45.34333],[-93.12666,45.34253],[-93.12141,45.34233],[-93.12051,45.34187],[-93.11947,45.34194],[-93.11921,45.34161],[-93.11674,45.34173],[-93.11791,45.34121],[-93.11823,45.34145],[-93.11903,45.34115],[-93.1199,45.34154],[-93.12312,45.34156],[-93.12392,45.33965],[-93.12496,45.33958],[-93.12592,45.3402],[-93.12665,45.34016],[-93.12949,45.33887],[-93.1325,45.33836],[-93.13306,45.33765],[-93.13411,45.33738],[-93.13459,45.33793]],[[-93.12426,45.34972],[-93.12404,45.35202],[-93.12338,45.35319],[-93.12077,45.35518],[-93.1184,45.35519],[-93.11648,45.35587],[-93.11387,45.35627],[-93.10627,45.35655],[-93.10431,45.35738],[-93.10297,45.35906],[-93.101,45.3592],[-93.09881,45.35863],[-93.09743,45.35784],[-93.09723,45.35734],[-93.0976,45.35695],[-93.0971,45.35729],[-93.09679,45.35706],[-93.09725,45.35679],[-93.09664,45.35684],[-93.09576,45.35436],[-93.09586,45.35314],[-93.09629,45.35233],[-93.09618,45.35155],[-93.09774,45.34936],[-93.09762,45.34899],[-93.09854,45.34727],[-93.10109,45.34527],[-93.10368,45.34451],[-93.10872,45.34448],[-93.11066,45.34501],[-93.11278,45.34625],[-93.11334,45.34623],[-93.11279,45.34643],[-93.11281,45.34694],[-93.11176,45.34737],[-93.11144,45.34791],[-93.11175,45.34845],[-93.11391,45.34983],[-93.11506,45.34979],[-93.12188,45.34779],[-93.12266,45.34788],[-93.1235,45.34842],[-93.12426,45.34972]],[[-93.10688,45.3943],[-93.10632,45.39437],[-93.10605,45.39481],[-93.10668,45.39564],[-93.10566,45.39575],[-93.1062,45.39651],[-93.10519,45.39677],[-93.10527,45.3971],[-93.1043,45.3976],[-93.10427,45.39809],[-93.1037,45.39824],[-93.10355,45.39863],[-93.10272,45.39858],[-93.10251,45.39843],[-93.10314,45.39832],[-93.10484,45.39656],[-93.10563,45.39648],[-93.10535,45.39565],[-93.10608,45.39544],[-93.1056,45.39454],[-93.10617,45.3938],[-93.10479,45.39368],[-93.10457,45.39258],[-93.10514,45.39265],[-93.10532,45.39334],[-93.10671,45.39344],[-93.10688,45.3943]],[[-93.1004,45.39339],[-93.09839,45.39269],[-93.09762,45.3928],[-93.09686,45.39336],[-93.09635,45.39323],[-93.09588,45.39249],[-93.09399,45.39314],[-93.09317,45.39213],[-93.09194,45.39169],[-93.09138,45.3918],[-93.09094,45.39136],[-93.09122,45.39113],[-93.09386,45.39132],[-93.09418,45.39202],[-93.09647,45.39222],[-93.09671,45.39288],[-93.09877,45.39238],[-93.1004,45.39339]],[[-93.10011,45.3677],[-93.09938,45.36906],[-93.09817,45.36972],[-93.09858,45.37037],[-93.09768,45.37052],[-93.09641,45.37025],[-93.09296,45.36847],[-93.09201,45.36826],[-93.0919,45.36687],[-93.09341,45.36541],[-93.09627,45.36456],[-93.09628,45.36502],[-93.09818,45.36481],[-93.09924,45.36517],[-93.1001,45.36686],[-93.10011,45.3677]],[[-93.09128,45.38044],[-93.08993,45.38209],[-93.08933,45.38378],[-93.08762,45.38488],[-93.08936,45.38703],[-93.08904,45.38953],[-93.09015,45.39055],[-93.0912,45.391],[-93.09022,45.39172],[-93.08672,45.3924],[-93.08608,45.39224],[-93.08538,45.39086],[-93.0836,45.3895],[-93.0796,45.38845],[-93.07882,45.38799],[-93.0776,45.38676],[-93.07742,45.38556],[-93.07898,45.38353],[-93.08202,45.38193],[-93.08379,45.38128],[-93.08707,45.38069],[-93.08747,45.37956],[-93.08686,45.37843],[-93.08757,45.37731],[-93.08806,45.37726],[-93.08847,45.37675],[-93.08869,45.37762],[-93.09104,45.37906],[-93.09128,45.38044]],[[-93.09067,45.32819],[-93.08905,45.32913],[-93.08753,45.32906],[-93.0874,45.32886],[-93.08821,45.32829],[-93.08912,45.32783],[-93.09058,45.32792],[-93.09067,45.32819]],[[-93.09016,45.33096],[-93.08967,45.33105],[-93.0884,45.33041],[-93.08844,45.3298],[-93.08898,45.32954],[-93.08983,45.3297],[-93.09016,45.33096]],[[-93.08521,45.37178],[-93.0852,45.37226],[-93.08449,45.37296],[-93.08375,45.37374],[-93.08408,45.37661],[-93.08352,45.37712],[-93.08294,45.37712],[-93.08216,45.37682],[-93.08042,45.37501],[-93.08044,45.37456],[-93.08126,45.37376],[-93.07955,45.37329],[-93.07902,45.3728],[-93.07666,45.37265],[-93.07623,45.37225],[-93.07655,45.37189],[-93.076,45.37106],[-93.07744,45.37002],[-93.07946,45.3696],[-93.08406,45.36992],[-93.08521,45.37178]],[[-93.07733,45.38203],[-93.07692,45.38237],[-93.07404,45.38125],[-93.0704,45.38218],[-93.06962,45.38149],[-93.06839,45.38258],[-93.0671,45.38253],[-93.06583,45.38294],[-93.06218,45.38524],[-93.06227,45.38568],[-93.06347,45.38551],[-93.06396,45.38592],[-93.06374,45.38717],[-93.06297,45.38782],[-93.06174,45.38779],[-93.06069,45.38727],[-93.06033,45.38624],[-93.05642,45.38606],[-93.05604,45.38579],[-93.05611,45.3847],[-93.05506,45.38446],[-93.0532,45.38491],[-93.05284,45.38522],[-93.05315,45.38593],[-93.05176,45.38664],[-93.05091,45.38791],[-93.05001,45.38771],[-93.05096,45.38764],[-93.05155,45.38639],[-93.05285,45.38595],[-93.05245,45.38534],[-93.05273,45.38487],[-93.05477,45.38427],[-93.0563,45.38442],[-93.05659,45.38479],[-93.05648,45.38578],[-93.05763,45.3856],[-93.05847,45.38595],[-93.06056,45.38594],[-93.0612,45.38723],[-93.0631,45.38749],[-93.06361,45.38601],[-93.06233,45.38593],[-93.06183,45.38564],[-93.06193,45.38526],[-93.06523,45.38254],[-93.06953,45.38111],[-93.07076,45.38176],[-93.07408,45.38085],[-93.07564,45.38172],[-93.07733,45.38203]],[[-93.07646,45.34301],[-93.07605,45.34432],[-93.07549,45.34496],[-93.07145,45.34556],[-93.06964,45.34432],[-93.07069,45.34362],[-93.07178,45.34112],[-93.07401,45.34232],[-93.07498,45.34224],[-93.07526,45.34184],[-93.07597,45.34223],[-93.07646,45.34301]],[[-93.05905,45.40709],[-93.05884,45.4073],[-93.05796,45.40708],[-93.05655,45.40778],[-93.05579,45.40781],[-93.05543,45.40855],[-93.05725,45.40849],[-93.05799,45.40776],[-93.05874,45.40764],[-93.05732,45.40864],[-93.05572,45.40873],[-93.05597,45.40936],[-93.05548,45.40993],[-93.05437,45.40954],[-93.05262,45.40994],[-93.05134,45.40987],[-93.0501,45.4094],[-93.04959,45.40887],[-93.04953,45.40827],[-93.05169,45.40582],[-93.05501,45.40452],[-93.05578,45.40456],[-93.05572,45.40535],[-93.05438,45.40626],[-93.05527,45.40652],[-93.05711,45.40598],[-93.05905,45.40709]],[[-93.05206,45.33115],[-93.05206,45.33142],[-93.05061,45.33176],[-93.04989,45.33231],[-93.05135,45.3333],[-93.0496,45.33412],[-93.04882,45.33638],[-93.04665,45.33661],[-93.04529,45.33572],[-93.04471,45.33597],[-93.04471,45.33636],[-93.04555,45.33682],[-93.04513,45.33759],[-93.04438,45.3375],[-93.04406,45.33704],[-93.04377,45.33684],[-93.04137,45.33723],[-93.04081,45.337],[-93.04081,45.33622],[-93.0414,45.33557],[-93.04286,45.33532],[-93.04617,45.33163],[-93.04798,45.33133],[-93.04851,45.33174],[-93.04848,45.33129],[-93.04877,45.33116],[-93.05206,45.33115]],[[-93.04016,45.34177],[-93.03911,45.34197],[-93.03825,45.34309],[-93.03748,45.34218],[-93.03777,45.34187],[-93.03755,45.34176],[-93.03594,45.34206],[-93.036,45.34329],[-93.0352,45.34325],[-93.03508,45.34267],[-93.03399,45.34261],[-93.03451,45.34382],[-93.03512,45.34403],[-93.0349,45.34432],[-93.03373,45.34392],[-93.0334,45.34414],[-93.03402,45.34522],[-93.03381,45.34556],[-93.03427,45.34578],[-93.03381,45.3463],[-93.03494,45.34681],[-93.03493,45.34823],[-93.03374,45.34796],[-93.03387,45.34839],[-93.0332,45.34935],[-93.0324,45.34877],[-93.0332,45.34792],[-93.03389,45.34694],[-93.03288,45.34679],[-93.03294,45.34634],[-93.0317,45.34581],[-93.03168,45.34548],[-93.03211,45.34536],[-93.03197,45.34515],[-93.03074,45.34554],[-93.03101,45.34474],[-93.03047,45.34357],[-93.02902,45.34255],[-93.02979,45.34275],[-93.03096,45.34197],[-93.03254,45.342],[-93.03347,45.34052],[-93.03957,45.34065],[-93.03947,45.3409],[-93.0399,45.34104],[-93.04016,45.34177]]],[[[-93.08634,45.32603],[-93.08577,45.32603],[-93.08516,45.32646],[-93.08634,45.32603]]],[[[-93.05887,45.40701],[-93.05705,45.40611],[-93.05656,45.40617],[-93.05709,45.40725],[-93.05739,45.40709],[-93.05887,45.40701]]],[[[-93.0356,45.34176],[-93.03442,45.34135],[-93.0351,45.34188],[-93.0356,45.34176]]],[[[-93.03227,45.34423],[-93.03187,45.34332],[-93.03093,45.34303],[-93.03065,45.34347],[-93.03107,45.34445],[-93.03148,45.34463],[-93.03219,45.34453],[-93.03227,45.34423]]]]}},
{"type":"Feature","id":"2395733","properties":{"id":"2395733","name":"Little Canada","kind":"city","counties":["Ramsey"],"population":10632,"label":[-93.08628,45.02442]},"geometry":{"type":"MultiPolygon","coordinates":[[[[-93.10625,45.04321],[-93.10597,45.00635],[-93.08649,45.00631],[-93.08653,45.01009],[-93.08618,45.01037],[-93.0801,45.0095],[-93.07753,45.00943],[-93.07634,45.0078],[-93.07635,45.00974],[-93.06925,45.00976],[-93.06619,45.01056],[-93.06622,45.01446],[-93.06623,45.01446],[-93.067,45.01492],[-93.06744,45.01613],[-93.0687,45.01591],[-93.07182,45.01394],[-93.07192,45.01249],[-93.07314,45.01225],[-93.07468,45.01243],[-93.07517,45.01407],[-93.07624,45.01587],[-93.07631,45.01691],[-93.07591,45.01812],[-93.07483,45.01914],[-93.07565,45.02025],[-93.07521,45.02142],[-93.0753,45.02217],[-93.07367,45.02254],[-93.07323,45.023],[-93.07344,45.02344],[-93.07316,45.02395],[-93.07374,45.02423],[-93.07361,45.02474],[-93.07178,45.02657],[-93.07057,45.02693],[-93.06683,45.02624],[-93.06629,45.02563],[-93.06631,45.02812],[-93.05597,45.02807],[-93.05605,45.03585],[-93.08684,45.03593],[-93.08681,45.03904],[-93.0872,45.0385],[-93.08839,45.03852],[-93.09139,45.03943],[-93.09231,45.04074],[-93.09357,45.04171],[-93.0935,45.04215],[-93.09289,45.04243],[-93.09008,45.04246],[-93.08912,45.04087],[-93.08681,45.03964],[-93.08679,45.04233],[-93.08843,45.04316],[-93.10625,45.04321]],[[-93.10535,45.03881],[-93.10499,45.03958],[-93.10532,45.04027],[-93.10521,45.04134],[-93.10297,45.04209],[-93.1009,45.04095],[-93.10128,45.03968],[-93.10275,45.03746],[-93.105,45.0375],[-93.10454,45.03771],[-93.10452,45.03817],[-93.10535,45.03881]]],[[[-93.06954,45.01835],[-93.06873,45.01774],[-93.06658,45.01801],[-93.06623,45.0168],[-93.06626,45.0209],[-93.06701,45.01984],[-93.06954,45.01835]]]]}},
{"type":"Feature","id":"2395756","properties":{"id":"2395756","name":"Long Lake","kind":"city","counties":["Hennepin"],"population":1700,"label":[-93.56905,44.98405]},"geometry":{"type":"MultiPolygon","coordinates":[[[[-93.58824,44.98554],[-93.58392,44.98546],[-93.58392,44.98508],[-93.58118,44.98508],[-93.58123,44.98281],[-93.58162,44.98283],[-93.58158,44.97832],[-93.57841,44.97904],[-93.57713,44.97831],[-93.57516,44.97831],[-93.5751,44.97997],[-93.57365,44.98026],[-93.57367,44.97797],[-93.56833,44.97826],[-93.5683,44.97871],[-93.5675,44.97964],[-93.56599,44.98017],[-93.56322,44.98061],[-93.56226,44.97987],[-93.55836,44.98086],[-93.55839,44.98247],[-93.5604,44.98281],[-93.56053,44.98242],[-93.56118,44.9825],[-93.56095,44.9829],[-93.56181,44.98305],[-93.56181,44.98352],[-93.55517,44.98236],[-93.55095,44.98037],[-93.54581,44.98086],[-93.54831,44.98382],[-93.54997,44.98485],[-93.55006,44.9868],[-93.55021,44.98678],[-93.55204,44.98741],[-93.55301,44.98692],[-93.55344,44.98613],[-93.55656,44.98561],[-93.5573,44.98602],[-93.55731,44.98467],[-93.56053,44.98447],[-93.56052,44.98524],[-93.56161,44.98475],[-93.56427,44.98451],[-93.56639,44.98483],[-93.56801,44.98658],[-93.56894,44.98682],[-93.56963,44.98785],[-93.56895,44.98911],[-93.56948,44.98935],[-93.57374,44.98936],[-93.57376,44.98823],[-93.57768,44.98842],[-93.57881,44.98872],[-93.57883,44.98911],[-93.5882,44.98924],[-93.58824,44.98554]]]]}},
{"type":"Feature","id":"2395764","properties":{"id":"2395764","name":"Loretto","kind":"city","counties":["Hennepin"],"population":637,"label":[-93.63534,45.05479]},"geometry":{"type":"MultiPolygon","coordinates":[[[[-93.63012,45.05847],[-93.64062,45.05846],[-93.64052,45.05115],[-93.63014,45.05105],[-93.63012,45.05847]]]]}},
{"type":"Feature","id":"664829","properties":{"id":"664829","name":"Louisville","kind":"township","counties":["Scott"],"population":1318,"label":[-93.57887,44.73965]},"geometry":{"type":"MultiPolygon","coordinates":[[[[-93.63216,44.72414],[-93.63102,44.72363],[-93.62934,44.72366],[-93.62524,44.72473],[-93.62433,44.72409],[-93.62403,44.72361],[-93.62408,44.72289],[-93.62522,44.72144],[-93.62624,44.71856],[-93.6262,44.7183],[-93.59723,44.71843],[-93.59712,44.7196],[-93.59578,44.7201],[-93.59602,44.7191],[-93.59662,44.71843],[-93.582,44.71849],[-93.54134,44.71817],[-93.52075,44.7177],[-93.5205,44.73418],[-93.5208,44.73382],[-93.52273,44.7324],[-93.52383,44.73241],[-93.52295,44.73373],[-93.52143,44.73454],[-93.52132,44.73518],[-93.52262,44.73547],[-93.52366,44.73498],[-93.52436,44.73526],[-93.52475,44.73582],[-93.52697,44.73579],[-93.52725,44.73607],[-93.52632,44.73606],[-93.52636,44.73676],[-93.52497,44.73678],[-93.52428,44.73739],[-93.52306,44.73708],[-93.52289,44.73747],[-93.52243,44.73752],[-93.52289,44.73705],[-93.5212,44.73784],[-93.52122,44.73882],[-93.52083,44.73909],[-93.52107,44.73965],[-93.52264,44.7406],[-93.5221,44.74171],[-93.52116,44.74172],[-93.52058,44.74218],[-93.52203,44.74231],[-93.52282,44.74187],[-93.52384,44.74184],[-93.52476,44.74114],[-93.52489,44.74021],[-93.52578,44.73908],[-93.52563,44.73826],[-93.52618,44.73805],[-93.52682,44.73836],[-93.5264,44.73875],[-93.52642,44.73971],[-93.52606,44.74001],[-93.52655,44.74107],[-93.52638,44.74142],[-93.52519,44.74242],[-93.52395,44.74272],[-93.5236,44.74322],[-93.52374,44.74347],[-93.52171,44.74494],[-93.52093,44.74674],[-93.5205,44.74706],[-93.52031,44.74707],[-93.52031,44.74714],[-93.54118,44.74742],[-93.56177,44.74729],[-93.56119,44.76167],[-93.57145,44.76185],[-93.58181,44.76192],[-93.58161,44.77619],[-93.59384,44.77623],[-93.59378,44.776],[-93.59411,44.77501],[-93.59546,44.7732],[-93.60077,44.7692],[-93.60376,44.76811],[-93.60795,44.76717],[-93.61468,44.76657],[-93.61837,44.76443],[-93.62007,44.76273],[-93.62162,44.76241],[-93.62142,44.76053],[-93.6164,44.75906],[-93.61067,44.75669],[-93.60892,44.75541],[-93.60824,44.7539],[-93.61033,44.75079],[-93.61587,44.74627],[-93.61665,44.74366],[-93.61781,44.74298],[-93.61774,44.74195],[-93.61934,44.74011],[-93.61748,44.73901],[-93.61718,44.73846],[-93.61874,44.73823],[-93.62019,44.73885],[-93.62179,44.73882],[-93.62264,44.73955],[-93.62316,44.73961],[-93.62334,44.73944],[-93.62301,44.73863],[-93.62435,44.73741],[-93.62433,44.73709],[-93.62302,44.73685],[-93.62223,44.73608],[-93.62144,44.73648],[-93.61893,44.73544],[-93.61391,44.73478],[-93.61567,44.7346],[-93.61876,44.73507],[-93.62118,44.73601],[-93.6222,44.73575],[-93.62319,44.73651],[-93.62448,44.73649],[-93.62494,44.73686],[-93.62454,44.73799],[-93.6235,44.73875],[-93.62367,44.7395],[-93.62334,44.73987],[-93.62233,44.73996],[-93.62184,44.73927],[-93.61992,44.73915],[-93.61867,44.73844],[-93.61748,44.73858],[-93.61967,44.73999],[-93.61977,44.74033],[-93.61806,44.74217],[-93.6182,44.74299],[-93.61713,44.74371],[-93.61616,44.74632],[-93.61401,44.74834],[-93.61553,44.74918],[-93.61673,44.75086],[-93.61826,44.75226],[-93.62031,44.75326],[-93.62131,44.75304],[-93.62081,44.75071],[-93.62088,44.74915],[-93.62234,44.74596],[-93.62387,44.7443],[-93.63018,44.73926],[-93.63068,44.73851],[-93.63071,44.73689],[-93.62874,44.73402],[-93.62779,44.73142],[-93.62825,44.73046],[-93.63176,44.72668],[-93.63193,44.72573],[-93.63153,44.72528],[-93.63216,44.72414]],[[-93.60559,44.76376],[-93.6048,44.76442],[-93.60275,44.7653],[-93.60243,44.76678],[-93.60078,44.76659],[-93.60003,44.76594],[-93.59897,44.76609],[-93.59424,44.77044],[-93.59371,44.77054],[-93.59276,44.76997],[-93.59447,44.76805],[-93.5963,44.76677],[-93.6006,44.76038],[-93.60305,44.75985],[-93.60528,44.7607],[-93.60559,44.76376]],[[-93.59364,44.77068],[-93.59345,44.77151],[-93.59263,44.77246],[-93.59045,44.77397],[-93.58834,44.77602],[-93.58827,44.77554],[-93.58741,44.77585],[-93.58854,44.77479],[-93.58851,44.77438],[-93.5894,44.7742],[-93.58918,44.77352],[-93.59206,44.7707],[-93.59268,44.77034],[-93.59364,44.77068]],[[-93.54156,44.74241],[-93.54144,44.74297],[-93.54016,44.74296],[-93.54047,44.74348],[-93.54016,44.74405],[-93.53972,44.74317],[-93.539,44.74325],[-93.53939,44.74369],[-93.53915,44.74478],[-93.53985,44.74534],[-93.53888,44.74539],[-93.53868,44.74534],[-93.5385,44.74534],[-93.53845,44.74529],[-93.53835,44.74526],[-93.53758,44.74427],[-93.53532,44.74341],[-93.53547,44.74228],[-93.53466,44.74163],[-93.5348,44.74118],[-93.53218,44.74245],[-93.53122,44.74259],[-93.53106,44.74237],[-93.53143,44.74204],[-93.53089,44.74125],[-93.53148,44.74023],[-93.53096,44.73948],[-93.5295,44.74038],[-93.52845,44.74054],[-93.52837,44.74029],[-93.5291,44.74002],[-93.52895,44.73964],[-93.52704,44.7393],[-93.52738,44.73615],[-93.52832,44.73555],[-93.52807,44.73532],[-93.52975,44.73525],[-93.52869,44.73506],[-93.52848,44.73391],[-93.52768,44.73361],[-93.52778,44.73256],[-93.52947,44.73257],[-93.52906,44.73336],[-93.52996,44.73358],[-93.52992,44.73418],[-93.53184,44.73632],[-93.53176,44.73737],[-93.53291,44.73766],[-93.53406,44.73713],[-93.53702,44.73743],[-93.53479,44.73889],[-93.53454,44.73852],[-93.53335,44.73853],[-93.53226,44.73917],[-93.53225,44.73947],[-93.53185,44.73888],[-93.53103,44.73937],[-93.53305,44.73968],[-93.53341,44.74029],[-93.53526,44.73962],[-93.53675,44.73948],[-93.53751,44.73886],[-93.53943,44.73821],[-93.54021,44.73825],[-93.53991,44.73874],[-93.53874,44.739],[-93.53889,44.73945],[-93.53817,44.73969],[-93.53775,44.74044],[-93.53589,44.742],[-93.53626,44.74254],[-93.53801,44.74275],[-93.53755,44.74343],[-93.54066,44.74219],[-93.54156,44.74241]],[[-93.5322,44.72837],[-93.53014,44.72887],[-93.53033,44.72945],[-93.52864,44.73123],[-93.52942,44.73239],[-93.52701,44.73226],[-93.52742,44.73127],[-93.52721,44.72885],[-93.52739,44.72614],[-93.52871,44.72559],[-93.52976,44.7261],[-93.52975,44.72699],[-93.53036,44.72789],[-93.53127,44.72759],[-93.53168,44.72819],[-93.5322,44.72837]]],[[[-93.53305,44.73825],[-93.53293,44.73821],[-93.5329,44.73816],[-93.53286,44.73819],[-93.53282,44.73818],[-93.53281,44.73824],[-93.53273,44.73831],[-93.5328,44.73832],[-93.5328,44.73834],[-93.53285,44.73832],[-93.53299,44.73834],[-93.53296,44.73828],[-93.53305,44.73825]]],[[[-93.53233,44.73839],[-93.53207,44.73824],[-93.53199,44.73837],[-93.53189,44.73836],[-93.53191,44.7385],[-93.53233,44.73839]]],[[[-93.5206,44.74286],[-93.52039,44.74251],[-93.52038,44.74251],[-93.52036,44.74352],[-93.5206,44.74286]]]]}},
{"type":"Feature","id":"2395818","properties":{"id":"2395818","name":"Mahtomedi","kind":"city","counties":["Washington"],"population":8055,"label":[-92.96583,45.0617]},"geometry":{"type":"MultiPolygon","coordinates":[[[[-92.98478,45.03542],[-92.97799,45.03397],[-92.96872,45.03322],[-92.96476,45.03211],[-92.96483,45.03583],[-92.96318,45.03583],[-92.96316,45.03779],[-92.9626,45.03869],[-92.96112,45.03891],[-92.96037,45.03681],[-92.96043,45.03612],[-92.95985,45.03584],[-92.95981,45.03584],[-92.9599,45.04313],[-92.95478,45.04316],[-92.95478,45.0469],[-92.94459,45.04684],[-92.94447,45.0759],[-92.94525,45.07555],[-92.94648,45.07547],[-92.94778,45.07624],[-92.94973,45.07668],[-92.95088,45.07767],[-92.95238,45.08029],[-92.95152,45.08124],[-92.95455,45.08128],[-92.95473,45.08326],[-92.9608,45.08331],[-92.96081,45.08222],[-92.96328,45.08068],[-92.95912,45.07745],[-92.96198,45.07744],[-92.96201,45.07785],[-92.96436,45.07767],[-92.9643,45.07753],[-92.96204,45.07504],[-92.96151,45.07341],[-92.96156,45.07149],[-92.96078,45.07067],[-92.96113,45.06905],[-92.96261,45.06607],[-92.96304,45.06433],[-92.963,45.06358],[-92.96239,45.06239],[-92.96153,45.06174],[-92.96202,45.0608],[-92.96173,45.05918],[-92.96217,45.05698],[-92.96302,45.05621],[-92.96577,45.05535],[-92.9677,45.05543],[-92.9685,45.05597],[-92.96835,45.05665],[-92.96786,45.05612],[-92.96756,45.05633],[-92.96799,45.05704],[-92.96959,45.05796],[-92.96966,45.05382],[-92.97523,45.05386],[-92.97526,45.05752],[-92.98003,45.05756],[-92.98011,45.05392],[-92.9847,45.05392],[-92.98476,45.05234],[-92.98207,45.05234],[-92.98209,45.05035],[-92.98477,45.05035],[-92.98478,45.03542]],[[-92.96,45.0562],[-92.95859,45.05627],[-92.95832,45.05757],[-92.95275,45.05787],[-92.95276,45.05754],[-92.95214,45.05755],[-92.95215,45.05701],[-92.95477,45.05673],[-92.95477,45.05564],[-92.95412,45.05565],[-92.95412,45.0552],[-92.95477,45.05518],[-92.95477,45.05417],[-92.95381,45.05401],[-92.95477,45.05391],[-92.95477,45.05321],[-92.95412,45.05307],[-92.95412,45.05253],[-92.95478,45.05254],[-92.95478,45.05232],[-92.95412,45.05231],[-92.95412,45.05206],[-92.95478,45.05215],[-92.95478,45.0503],[-92.95998,45.0503],[-92.96,45.0562]]],[[[-92.98453,45.09668],[-92.98438,45.0966],[-92.98453,45.09675],[-92.98453,45.09668]]],[[[-92.98445,45.09465],[-92.98431,45.0942],[-92.98168,45.09368],[-92.98183,45.09381],[-92.98418,45.09431],[-92.98346,45.09565],[-92.98374,45.09594],[-92.98361,45.09563],[-92.98445,45.09465]]],[[[-92.98161,45.09362],[-92.97991,45.0919],[-92.97619,45.09013],[-92.97667,45.09048],[-92.97935,45.09166],[-92.98161,45.09362]]],[[[-92.9778,45.07828],[-92.97765,45.07728],[-92.97747,45.07732],[-92.97736,45.07873],[-92.97678,45.08002],[-92.97583,45.08108],[-92.9758,45.0812],[-92.97667,45.08029],[-92.9778,45.07828]]],[[[-92.97745,45.07733],[-92.97628,45.0776],[-92.97607,45.07776],[-92.97745,45.07733]]],[[[-92.97596,45.08194],[-92.97576,45.08133],[-92.97557,45.08208],[-92.97166,45.08307],[-92.97491,45.08246],[-92.97596,45.08194]]],[[[-92.97578,45.08983],[-92.97552,45.08943],[-92.97524,45.08944],[-92.97578,45.08983]]],[[[-92.97523,45.06148],[-92.97523,45.06148],[-92.97518,45.06147],[-92.97523,45.06148]]],[[[-92.97376,45.08934],[-92.97349,45.08921],[-92.97374,45.08934],[-92.97376,45.08934]]],[[[-92.97322,45.08907],[-92.97318,45.08902],[-92.97322,45.08907],[-92.97322,45.08907]]],[[[-92.97263,45.08841],[-92.97209,45.08597],[-92.97188,45.08587],[-92.97249,45.08825],[-92.97263,45.08841]]],[[[-92.97026,45.08362],[-92.96987,45.08395],[-92.96971,45.08484],[-92.96975,45.08486],[-92.97026,45.08362]]],[[[-92.96769,45.08219],[-92.96737,45.08217],[-92.96746,45.08219],[-92.96769,45.08219]]],[[[-92.96516,45.08154],[-92.96498,45.0814],[-92.96508,45.08152],[-92.96516,45.08154]]],[[[-92.96478,45.07874],[-92.96443,45.07785],[-92.96476,45.07892],[-92.96478,45.07874]]],[[[-92.96469,45.07968],[-92.96447,45.08074],[-92.96457,45.08086],[-92.96469,45.07968]]],[[[-92.95462,45.05718],[-92.95355,45.05718],[-92.95355,45.0574],[-92.95462,45.0574],[-92.95462,45.05718]]],[[[-92.94944,45.08227],[-92.94932,45.08134],[-92.94868,45.08008],[-92.94871,45.07938],[-92.94928,45.07865],[-92.949,45.07787],[-92.94853,45.07783],[-92.94822,45.07726],[-92.94748,45.07743],[-92.94597,45.0767],[-92.94447,45.07684],[-92.94444,45.0829],[-92.94943,45.08294],[-92.94944,45.08227]]]]}},
{"type":"Feature","id":"2395838","properties":{"id":"2395838","name":"Maple Grove","kind":"city","counties":["Hennepin"],"population":71230,"label":[-93.46257,45.1089]},"geometry":{"type":"MultiPolygon","coordinates":[[[[-93.52846,45.10484],[-93.52565,45.10397],[-93.52565,45.10329],[-93.52425,45.10356],[-93.52226,45.10347],[-93.52228,45.10111],[-93.52337,45.10113],[-93.5237,45.10041],[-93.52228,45.10041],[-93.52224,45.09399],[-93.52122,45.09438],[-93.52165,45.09479],[-93.52053,45.09475],[-93.52066,45.09442],[-93.51835,45.09417],[-93.51789,45.09381],[-93.51821,45.09344],[-93.51814,45.0927],[-93.51869,45.091],[-93.51933,45.09077],[-93.52118,45.08878],[-93.522,45.08963],[-93.52221,45.0897],[-93.52204,45.06563],[-93.519,45.06544],[-93.51736,45.06488],[-93.51736,45.06562],[-93.44725,45.06568],[-93.44666,45.06642],[-93.4412,45.06469],[-93.44053,45.06529],[-93.4405,45.06587],[-93.43959,45.06587],[-93.43959,45.06565],[-93.42382,45.06569],[-93.42241,45.06627],[-93.42072,45.06651],[-93.4208,45.06718],[-93.42072,45.06725],[-93.42072,45.06729],[-93.42046,45.06748],[-93.41967,45.06818],[-93.41948,45.0682],[-93.41926,45.06836],[-93.41731,45.06845],[-93.41608,45.06913],[-93.41572,45.06678],[-93.4151,45.06639],[-93.4151,45.06633],[-93.41506,45.0663],[-93.41505,45.06571],[-93.40069,45.06574],[-93.40196,45.08022],[-93.40236,45.11069],[-93.40349,45.1107],[-93.40346,45.11553],[-93.40506,45.11554],[-93.40506,45.11612],[-93.40726,45.11617],[-93.40722,45.11947],[-93.41054,45.11954],[-93.41359,45.12044],[-93.41362,45.12342],[-93.40957,45.12336],[-93.4096,45.12194],[-93.40873,45.12193],[-93.40871,45.1224],[-93.40721,45.12237],[-93.4072,45.12333],[-93.40217,45.12325],[-93.40162,45.15205],[-93.42567,45.15216],[-93.42624,45.15164],[-93.42692,45.15159],[-93.42741,45.15217],[-93.48213,45.15241],[-93.52184,45.15291],[-93.52222,45.10924],[-93.52352,45.10431],[-93.52406,45.10441],[-93.52303,45.10859],[-93.52646,45.10615],[-93.52553,45.10487],[-93.52764,45.10541],[-93.52818,45.10503],[-93.52846,45.10484]],[[-93.51087,45.10873],[-93.51076,45.10909],[-93.51061,45.10862],[-93.50881,45.10919],[-93.5068,45.10918],[-93.5069,45.11005],[-93.50878,45.11037],[-93.50971,45.11066],[-93.50964,45.11089],[-93.50788,45.11083],[-93.50535,45.11155],[-93.50429,45.11275],[-93.50277,45.11358],[-93.50148,45.11395],[-93.49964,45.11395],[-93.498,45.11356],[-93.49659,45.1127],[-93.49582,45.1116],[-93.49562,45.1103],[-93.49572,45.10968],[-93.49689,45.1081],[-93.49984,45.1061],[-93.50169,45.1058],[-93.50382,45.10644],[-93.50636,45.1078],[-93.50765,45.10906],[-93.50906,45.10901],[-93.51051,45.10852],[-93.51087,45.10873]],[[-93.50961,45.14711],[-93.5082,45.14933],[-93.50764,45.15095],[-93.50935,45.15179],[-93.50785,45.15169],[-93.50747,45.15143],[-93.50757,45.15107],[-93.50533,45.15084],[-93.50457,45.15007],[-93.50232,45.14965],[-93.50084,45.14738],[-93.50188,45.14599],[-93.50158,45.14538],[-93.50222,45.14589],[-93.50309,45.14526],[-93.50419,45.14531],[-93.50459,45.14475],[-93.505,45.1447],[-93.50531,45.14513],[-93.50742,45.14428],[-93.50752,45.14503],[-93.50834,45.14529],[-93.50961,45.14711]],[[-93.48695,45.11413],[-93.48626,45.11465],[-93.48503,45.11494],[-93.4861,45.11462],[-93.48491,45.11465],[-93.48429,45.11428],[-93.48226,45.11406],[-93.48165,45.11447],[-93.4815,45.11443],[-93.48044,45.11481],[-93.47996,45.11617],[-93.4805,45.117],[-93.4802,45.11669],[-93.47985,45.11652],[-93.47929,45.11431],[-93.47844,45.11437],[-93.47845,45.11541],[-93.4779,45.11582],[-93.47802,45.11555],[-93.47691,45.11451],[-93.47685,45.11272],[-93.47587,45.11183],[-93.47485,45.11237],[-93.475,45.11275],[-93.47472,45.11292],[-93.47449,45.1125],[-93.47497,45.11217],[-93.47463,45.11226],[-93.47467,45.11203],[-93.47572,45.11181],[-93.47591,45.1115],[-93.47691,45.11249],[-93.47749,45.11192],[-93.47877,45.11193],[-93.47863,45.11139],[-93.47978,45.1127],[-93.47916,45.1127],[-93.47974,45.11277],[-93.47999,45.11333],[-93.48013,45.11295],[-93.48125,45.11322],[-93.48195,45.11293],[-93.48206,45.11369],[-93.48418,45.11395],[-93.48472,45.11378],[-93.48445,45.11379],[-93.48499,45.11326],[-93.48485,45.11386],[-93.48516,45.11417],[-93.48695,45.11413]],[[-93.48308,45.11485],[-93.48164,45.11448],[-93.48165,45.11447],[-93.48308,45.11485]],[[-93.47862,45.11784],[-93.47818,45.11879],[-93.47643,45.11977],[-93.47283,45.12005],[-93.4695,45.11922],[-93.46579,45.11954],[-93.46447,45.12032],[-93.46428,45.12056],[-93.46418,45.12049],[-93.46413,45.12052],[-93.46416,45.12048],[-93.46405,45.12041],[-93.46442,45.1201],[-93.45991,45.12016],[-93.45944,45.12062],[-93.4619,45.12111],[-93.46164,45.12152],[-93.4599,45.12224],[-93.46008,45.12167],[-93.46088,45.12128],[-93.46035,45.12096],[-93.4592,45.12148],[-93.4589,45.12105],[-93.45955,45.11812],[-93.46,45.11766],[-93.45995,45.11685],[-93.46003,45.11676],[-93.46003,45.11664],[-93.4601,45.11667],[-93.46013,45.11663],[-93.46051,45.11681],[-93.4605,45.11688],[-93.46059,45.11692],[-93.46043,45.11747],[-93.46148,45.11691],[-93.46177,45.11665],[-93.46195,45.11636],[-93.46197,45.11603],[-93.46195,45.11563],[-93.46101,45.11533],[-93.45967,45.11509],[-93.45955,45.11486],[-93.45948,45.11484],[-93.45953,45.11482],[-93.45951,45.11478],[-93.4609,45.11443],[-93.46176,45.11523],[-93.46214,45.11516],[-93.46394,45.11168],[-93.46349,45.11081],[-93.46229,45.11235],[-93.46186,45.11387],[-93.46106,45.11409],[-93.46009,45.11373],[-93.45951,45.11249],[-93.45961,45.1115],[-93.45905,45.11042],[-93.45903,45.10927],[-93.45848,45.10847],[-93.45892,45.10749],[-93.46,45.10712],[-93.45963,45.10682],[-93.4598,45.10605],[-93.46086,45.10635],[-93.46106,45.1068],[-93.46013,45.10726],[-93.46094,45.10759],[-93.46259,45.10787],[-93.46319,45.10764],[-93.46396,45.10806],[-93.46445,45.10786],[-93.46645,45.10834],[-93.46965,45.11118],[-93.47004,45.11218],[-93.46994,45.11309],[-93.46859,45.11399],[-93.47227,45.11513],[-93.47367,45.1148],[-93.47449,45.1156],[-93.4759,45.11531],[-93.47746,45.11613],[-93.47721,45.11668],[-93.47784,45.11693],[-93.47842,45.1176],[-93.47861,45.11775],[-93.47859,45.1178],[-93.47862,45.11784]],[[-93.4779,45.11582],[-93.47739,45.11608],[-93.47781,45.11577],[-93.4779,45.11582]],[[-93.47095,45.08804],[-93.4697,45.08734],[-93.46835,45.08746],[-93.46836,45.08812],[-93.46894,45.08826],[-93.46867,45.08933],[-93.4659,45.09142],[-93.46699,45.09253],[-93.46696,45.09357],[-93.46688,45.09267],[-93.46574,45.0917],[-93.46435,45.09235],[-93.46557,45.09376],[-93.46562,45.09504],[-93.46287,45.09777],[-93.46438,45.09856],[-93.46472,45.10075],[-93.46537,45.10195],[-93.46435,45.10266],[-93.46396,45.10348],[-93.46217,45.10372],[-93.46066,45.10267],[-93.4598,45.10049],[-93.46008,45.09981],[-93.46128,45.09903],[-93.46124,45.09827],[-93.45926,45.0966],[-93.45903,45.09576],[-93.45943,45.09479],[-93.4614,45.09337],[-93.46204,45.09141],[-93.46314,45.09052],[-93.4626,45.08935],[-93.45814,45.08741],[-93.45735,45.08661],[-93.45672,45.08648],[-93.45731,45.0863],[-93.45674,45.08619],[-93.45688,45.08619],[-93.45679,45.08612],[-93.45882,45.08574],[-93.45993,45.08507],[-93.46014,45.0847],[-93.45991,45.08459],[-93.46267,45.08341],[-93.46393,45.08376],[-93.46443,45.08423],[-93.46385,45.08418],[-93.46338,45.08456],[-93.4633,45.08668],[-93.46404,45.087],[-93.46519,45.08687],[-93.46595,45.08622],[-93.46579,45.08492],[-93.46793,45.08329],[-93.46815,45.08274],[-93.46824,45.0833],[-93.46967,45.08377],[-93.46916,45.0852],[-93.46971,45.0865],[-93.47022,45.0868],[-93.47016,45.08741],[-93.47044,45.08759],[-93.47085,45.08728],[-93.47095,45.08804]],[[-93.46731,45.10694],[-93.46718,45.1081],[-93.46647,45.10755],[-93.46639,45.1068],[-93.46511,45.10632],[-93.46479,45.10612],[-93.46391,45.10636],[-93.46315,45.10522],[-93.46467,45.10467],[-93.46492,45.10433],[-93.46452,45.10379],[-93.46505,45.10362],[-93.46565,45.10394],[-93.46528,45.10477],[-93.46578,45.10557],[-93.46731,45.10694]],[[-93.46111,45.12519],[-93.46059,45.12799],[-93.45856,45.12812],[-93.45788,45.12904],[-93.45815,45.12968],[-93.45725,45.12949],[-93.45682,45.12901],[-93.45699,45.12868],[-93.4575,45.12784],[-93.46007,45.12726],[-93.46038,45.12626],[-93.46029,45.12445],[-93.45973,45.12341],[-93.45857,45.1231],[-93.46027,45.12229],[-93.45896,45.12309],[-93.46004,45.12331],[-93.46111,45.12519]],[[-93.45679,45.08612],[-93.45674,45.08619],[-93.45659,45.08616],[-93.45679,45.08612]],[[-93.45125,45.14517],[-93.45124,45.14646],[-93.45084,45.14723],[-93.45025,45.14714],[-93.4497,45.14568],[-93.44869,45.14526],[-93.44701,45.14356],[-93.44447,45.14343],[-93.44358,45.1423],[-93.44225,45.14216],[-93.44222,45.14111],[-93.44336,45.14082],[-93.44416,45.14121],[-93.4463,45.14027],[-93.44708,45.1411],[-93.44855,45.14126],[-93.44924,45.14215],[-93.44897,45.1429],[-93.44916,45.14353],[-93.45125,45.14517]],[[-93.44579,45.08621],[-93.4427,45.08729],[-93.44252,45.08638],[-93.44138,45.08586],[-93.44108,45.08586],[-93.4406,45.08669],[-93.4387,45.08686],[-93.43851,45.08625],[-93.43975,45.08592],[-93.43953,45.08519],[-93.44008,45.0844],[-93.43973,45.08305],[-93.43935,45.0836],[-93.43885,45.0832],[-93.43849,45.0834],[-93.43891,45.0838],[-93.4385,45.08574],[-93.43766,45.08502],[-93.43659,45.08553],[-93.43606,45.08546],[-93.43588,45.08397],[-93.43468,45.08351],[-93.43448,45.08311],[-93.43602,45.08371],[-93.43674,45.08294],[-93.43827,45.08245],[-93.43913,45.08075],[-93.44027,45.0804],[-93.4449,45.082],[-93.44499,45.08266],[-93.44375,45.08438],[-93.44512,45.0848],[-93.44579,45.08621]],[[-93.43813,45.14336],[-93.43806,45.14377],[-93.4369,45.14501],[-93.43519,45.14617],[-93.43335,45.14684],[-93.43134,45.14709],[-93.43066,45.14665],[-93.43011,45.14569],[-93.42995,45.14393],[-93.43028,45.14341],[-93.43309,45.14194],[-93.4358,45.14178],[-93.43813,45.14336]],[[-93.42524,45.06958],[-93.42416,45.07061],[-93.42057,45.07265],[-93.42078,45.07415],[-93.42007,45.07642],[-93.41937,45.07782],[-93.41818,45.07846],[-93.41851,45.07937],[-93.42045,45.07885],[-93.41991,45.0793],[-93.4168,45.0796],[-93.4182,45.07939],[-93.41791,45.07854],[-93.41553,45.07913],[-93.41336,45.07926],[-93.41202,45.08097],[-93.40985,45.08152],[-93.40935,45.08209],[-93.40842,45.08173],[-93.40822,45.08196],[-93.40873,45.08233],[-93.40856,45.0825],[-93.40752,45.0819],[-93.40731,45.08165],[-93.4076,45.0809],[-93.4071,45.07954],[-93.40613,45.07924],[-93.4055,45.07938],[-93.40629,45.07899],[-93.4065,45.0766],[-93.4081,45.07584],[-93.40897,45.0746],[-93.40896,45.06986],[-93.40851,45.06934],[-93.40867,45.0692],[-93.40743,45.06836],[-93.40765,45.06783],[-93.40882,45.06691],[-93.41024,45.06634],[-93.41298,45.06609],[-93.41117,45.06644],[-93.41292,45.06726],[-93.41331,45.0682],[-93.41409,45.06888],[-93.41432,45.06985],[-93.41524,45.0696],[-93.41428,45.06999],[-93.41415,45.07041],[-93.41574,45.07079],[-93.41864,45.07057],[-93.41981,45.07136],[-93.42049,45.07239],[-93.42243,45.07138],[-93.42331,45.06956],[-93.42524,45.06958]]],[[[-93.47916,45.1127],[-93.47902,45.1127],[-93.47859,45.11321],[-93.47916,45.1127]]],[[[-93.47765,45.11467],[-93.47737,45.11453],[-93.4775,45.11477],[-93.47765,45.11467]]],[[[-93.46874,45.08835],[-93.46845,45.0883],[-93.46864,45.08849],[-93.46874,45.08835]]],[[[-93.42433,45.07023],[-93.42422,45.06985],[-93.42361,45.06983],[-93.42354,45.0699],[-93.42347,45.06991],[-93.42336,45.07011],[-93.42284,45.07069],[-93.42283,45.07108],[-93.42433,45.07023]]]]}},
{"type":"Feature","id":"2395841","properties":{"id":"2395841","name":"Maple Plain","kind":"city","counties":["Hennepin"],"population":1950,"label":[-93.66176,45.00884]},"geometry":{"type":"MultiPolygon","coordinates":[[[[-93.64568,45.01252],[-93.65075,45.01252],[-93.65072,45.0111],[-93.65587,45.0111],[-93.65588,45.01281],[-93.66102,45.01282],[-93.66105,45.01489],[-93.66613,45.01491],[-93.66615,45.01857],[-93.66877,45.01858],[-93.66881,45.01491],[-93.67631,45.01492],[-93.67624,45.00409],[-93.65587,45.00397],[-93.65583,45.00164],[-93.65067,45.00162],[-93.65072,45.00336],[-93.6473,45.0034],[-93.64564,45.00292],[-93.64568,45.01252]]]]}},
{"type":"Feature","id":"2395846","properties":{"id":"2395846","name":"Maplewood","kind":"city","counties":["Ramsey"],"population":41581,"label":[-93.00242,44.98393]},"geometry":{"type":"MultiPolygon","coordinates":[[[[-93.10598,44.99189],[-93.059,44.99192],[-93.05934,44.99231],[-93.05921,44.99371],[-93.05961,44.99541],[-93.05812,44.99596],[-93.0552,44.99515],[-93.05281,44.99319],[-93.05255,44.99199],[-93.05251,44.99193],[-93.00506,44.99196],[-93.00506,44.97548],[-93.00436,44.97535],[-93.00362,44.97618],[-93.00252,44.97629],[-93.00327,44.97658],[-93.00224,44.97699],[-93.00111,44.97687],[-93.0004,44.97615],[-93.00049,44.97503],[-93.00116,44.97459],[-93.00046,44.97313],[-93.00094,44.97177],[-93.0048,44.97154],[-93.00506,44.97125],[-93.00507,44.9486],[-93.00447,44.8908],[-92.98415,44.89099],[-92.98426,44.90474],[-92.98445,44.90481],[-92.98489,44.90577],[-92.98427,44.90584],[-92.98428,44.90733],[-92.98429,44.90737],[-92.98428,44.90738],[-92.98474,44.96332],[-92.98472,44.99949],[-92.99483,44.99933],[-92.99483,44.9957],[-92.99752,44.99575],[-92.99747,44.99931],[-93.0151,44.9991],[-93.01506,45.00365],[-93.0162,45.00366],[-93.01618,45.00479],[-93.01505,45.00521],[-93.01508,45.0102],[-93.01548,45.0102],[-93.01548,45.01069],[-93.01508,45.01085],[-93.01516,45.02624],[-93.00504,45.02637],[-93.00506,45.02817],[-92.99489,45.02831],[-92.99491,45.03188],[-92.99166,45.03191],[-92.9913,45.03081],[-92.99038,45.03102],[-92.99036,45.02981],[-92.99031,45.02983],[-92.98772,45.02978],[-92.98768,45.0298],[-92.98772,45.03],[-92.98782,45.03006],[-92.98774,45.0301],[-92.98777,45.03022],[-92.98761,45.03017],[-92.98753,45.03022],[-92.98701,45.02999],[-92.98649,45.02984],[-92.98651,45.02926],[-92.9854,45.02947],[-92.98471,45.02919],[-92.98469,45.02915],[-92.98469,45.03308],[-92.98922,45.03457],[-92.99474,45.03527],[-92.99501,45.03472],[-92.99623,45.03514],[-93.00453,45.03624],[-93.00454,45.03577],[-93.00574,45.03577],[-93.00573,45.03631],[-93.00996,45.03673],[-93.01366,45.03678],[-93.01722,45.0364],[-93.01716,45.03575],[-93.01801,45.03575],[-93.01804,45.03639],[-93.02138,45.03676],[-93.03226,45.03652],[-93.03591,45.03682],[-93.03618,45.03577],[-93.05605,45.03585],[-93.05597,45.02807],[-93.06631,45.02812],[-93.06629,45.02563],[-93.0657,45.02496],[-93.064,45.02408],[-93.06412,45.02281],[-93.0654,45.02212],[-93.06626,45.0209],[-93.06623,45.0168],[-93.06558,45.01454],[-93.06622,45.01446],[-93.06619,45.01056],[-93.06925,45.00976],[-93.07635,45.00974],[-93.07634,45.0078],[-93.07753,45.00943],[-93.0801,45.0095],[-93.08618,45.01037],[-93.08653,45.01009],[-93.08649,45.00631],[-93.10597,45.00635],[-93.10598,44.99189]],[[-93.06551,45.01444],[-93.06497,45.01425],[-93.06444,45.01331],[-93.06284,45.01234],[-93.06267,45.01164],[-93.06494,45.01213],[-93.06551,45.01444]],[[-93.06488,45.01034],[-93.06252,45.01138],[-93.05832,45.01065],[-93.0577,45.01094],[-93.05812,45.01058],[-93.05763,45.01026],[-93.05755,45.01033],[-93.05769,45.00929],[-93.05845,45.00766],[-93.06178,45.00416],[-93.06137,45.00347],[-93.06224,45.00265],[-93.06418,45.00198],[-93.06449,45.00141],[-93.0644,45.00037],[-93.06478,45.0016],[-93.06372,45.00279],[-93.0634,45.00525],[-93.0626,45.00702],[-93.06488,45.01034]],[[-93.06403,45.02268],[-93.06294,45.02256],[-93.06217,45.02283],[-93.06038,45.02545],[-93.05741,45.0273],[-93.0539,45.02767],[-93.05373,45.0281],[-93.05361,45.02784],[-93.05323,45.02599],[-93.05391,45.02497],[-93.0547,45.02453],[-93.05403,45.02187],[-93.0543,45.02206],[-93.05525,45.0217],[-93.05922,45.02149],[-93.06039,45.02227],[-93.06403,45.02268]],[[-93.05755,45.01033],[-93.05753,45.01051],[-93.05713,45.01074],[-93.05755,45.01033]]],[[[-93.06011,45.00743],[-93.06,45.00731],[-93.05982,45.00725],[-93.05891,45.00756],[-93.05842,45.00856],[-93.05861,45.00862],[-93.05966,45.00819],[-93.06011,45.00743]]]]}},
{"type":"Feature","id":"2395007","properties":{"id":"2395007","name":"Marine on Saint Croix","kind":"city","counties":["Washington"],"population":669,"label":[-92.77997,45.19791]},"geometry":{"type":"MultiPolygon","coordinates":[[[[-92.79465,45.17771],[-92.76071,45.17763],[-92.76256,45.17986],[-92.7677,45.18396],[-92.76863,45.18533],[-92.76873,45.18564],[-92.76877,45.18569],[-92.76886,45.18601],[-92.76937,45.18752],[-92.76938,45.18787],[-92.76947,45.18819],[-92.76941,45.18878],[-92.76947,45.1908],[-92.76948,45.19085],[-92.76929,45.19147],[-92.76802,45.19604],[-92.76779,45.1987],[-92.7678,45.19873],[-92.76778,45.19878],[-92.76775,45.19918],[-92.76755,45.19952],[-92.76732,45.20026],[-92.76553,45.20297],[-92.76532,45.20333],[-92.7649,45.20504],[-92.76425,45.20816],[-92.76391,45.20906],[-92.76387,45.20924],[-92.76384,45.20926],[-92.76375,45.2095],[-92.76304,45.2098],[-92.76228,45.21131],[-92.76154,45.2146],[-92.76149,45.21464],[-92.76144,45.2149],[-92.76046,45.21574],[-92.76019,45.21545],[-92.76061,45.21479],[-92.75958,45.2147],[-92.75954,45.21501],[-92.75963,45.21539],[-92.75942,45.21586],[-92.7594,45.216],[-92.76019,45.21696],[-92.79451,45.21706],[-92.79465,45.17771]]]]}},
{"type":"Feature","id":"664919","properties":{"id":"664919","name":"Marshan","kind":"township","counties":["Dakota"],"population":1139,"label":[-92.85335,44.67173]},"geometry":{"type":"MultiPolygon","coordinates":[[[[-92.91366,44.63011],[-92.79267,44.62975],[-92.79252,44.71666],[-92.81261,44.7167],[-92.83286,44.7168],[-92.83296,44.70958],[-92.82279,44.70954],[-92.82287,44.70227],[-92.82665,44.70228],[-92.82666,44.70061],[-92.83298,44.70514],[-92.83299,44.70229],[-92.84313,44.70235],[-92.84307,44.70959],[-92.87341,44.70952],[-92.8734,44.71685],[-92.91347,44.71687],[-92.91366,44.63011]]]]}},
{"type":"Feature","id":"664932","properties":{"id":"664932","name":"May","kind":"township","counties":["Washington"],"population":2664,"label":[-92.82996,45.16326]},"geometry":{"type":"MultiPolygon","coordinates":[[[[-92.89767,45.12358],[-92.84958,45.12347],[-92.84888,45.12367],[-92.8457,45.12378],[-92.84518,45.12346],[-92.74614,45.12324],[-92.74723,45.1248],[-92.74803,45.12737],[-92.74802,45.12867],[-92.74878,45.12995],[-92.74889,45.1324],[-92.7486,45.13323],[-92.75165,45.14018],[-92.7542,45.1437],[-92.7549,45.14552],[-92.75463,45.14639],[-92.75566,45.14723],[-92.75579,45.14802],[-92.75549,45.1483],[-92.75608,45.14882],[-92.75621,45.14981],[-92.75823,45.15252],[-92.75847,45.15382],[-92.75905,45.1542],[-92.75826,45.15457],[-92.75876,45.15673],[-92.75858,45.15725],[-92.75894,45.15765],[-92.75839,45.15827],[-92.75878,45.16039],[-92.75756,45.16274],[-92.75834,45.16483],[-92.75742,45.16701],[-92.75678,45.16749],[-92.757,45.16892],[-92.75572,45.16931],[-92.75567,45.17029],[-92.75537,45.17038],[-92.75504,45.16987],[-92.75467,45.17044],[-92.75491,45.17214],[-92.75551,45.17355],[-92.75735,45.17476],[-92.75629,45.17463],[-92.75492,45.17354],[-92.75415,45.17084],[-92.75381,45.17177],[-92.75423,45.17301],[-92.75379,45.1734],[-92.75558,45.17532],[-92.75499,45.17514],[-92.75343,45.17351],[-92.75358,45.17148],[-92.7531,45.1714],[-92.75313,45.1709],[-92.75441,45.16962],[-92.75427,45.16879],[-92.75358,45.16918],[-92.75381,45.16942],[-92.75332,45.16972],[-92.75274,45.1709],[-92.75304,45.17338],[-92.75373,45.17442],[-92.75641,45.17642],[-92.76027,45.17803],[-92.76009,45.17756],[-92.75881,45.17659],[-92.75698,45.17587],[-92.7569,45.17521],[-92.75744,45.17508],[-92.75706,45.17544],[-92.75718,45.1757],[-92.75878,45.17617],[-92.76048,45.17739],[-92.76226,45.17989],[-92.76783,45.18432],[-92.76549,45.18198],[-92.76248,45.17979],[-92.76071,45.17763],[-92.79465,45.17771],[-92.79451,45.20978],[-92.85929,45.21008],[-92.85949,45.2098],[-92.85989,45.20784],[-92.85989,45.20784],[-92.85979,45.20741],[-92.86026,45.20691],[-92.86014,45.20568],[-92.86013,45.20596],[-92.8598,45.20597],[-92.85929,45.20699],[-92.85924,45.20627],[-92.85898,45.2062],[-92.85749,45.20686],[-92.85792,45.2073],[-92.85577,45.20734],[-92.8544,45.20695],[-92.8542,45.20566],[-92.85438,45.20526],[-92.85591,45.20488],[-92.8565,45.20396],[-92.85674,45.20336],[-92.85596,45.20127],[-92.85687,45.20139],[-92.85676,45.20106],[-92.85717,45.20101],[-92.85655,45.20063],[-92.85767,45.20058],[-92.85784,45.20025],[-92.85757,45.1996],[-92.85829,45.19916],[-92.85817,45.19866],[-92.85719,45.19835],[-92.85722,45.19813],[-92.8579,45.19797],[-92.85816,45.19851],[-92.85884,45.19858],[-92.85914,45.19774],[-92.86055,45.19769],[-92.86069,45.19777],[-92.86082,45.19777],[-92.86109,45.198],[-92.86192,45.19847],[-92.86359,45.19793],[-92.86376,45.19763],[-92.86347,45.19724],[-92.86403,45.19714],[-92.86427,45.19638],[-92.86402,45.1959],[-92.86437,45.1959],[-92.86437,45.1959],[-92.86627,45.1958],[-92.86639,45.19593],[-92.86989,45.19597],[-92.86895,45.19699],[-92.86801,45.19675],[-92.86844,45.19781],[-92.86789,45.19865],[-92.86825,45.20031],[-92.86736,45.20132],[-92.86567,45.20095],[-92.86598,45.20139],[-92.86934,45.20327],[-92.86953,45.20368],[-92.86901,45.20373],[-92.86924,45.20397],[-92.87169,45.20459],[-92.87169,45.2046],[-92.8719,45.20464],[-92.87226,45.20506],[-92.87232,45.20548],[-92.87317,45.20827],[-92.87501,45.20966],[-92.87501,45.20945],[-92.87552,45.21012],[-92.8756,45.21015],[-92.89709,45.21025],[-92.89726,45.18474],[-92.89723,45.18471],[-92.89244,45.1852],[-92.89212,45.1849],[-92.89282,45.18489],[-92.89123,45.18448],[-92.89053,45.18365],[-92.89055,45.18313],[-92.88996,45.18276],[-92.88935,45.18283],[-92.88914,45.18248],[-92.89011,45.18211],[-92.89188,45.18279],[-92.89253,45.18339],[-92.89518,45.18399],[-92.89594,45.18364],[-92.89727,45.18367],[-92.89759,45.13604],[-92.89731,45.13582],[-92.89573,45.13589],[-92.89506,45.13482],[-92.89537,45.13455],[-92.89726,45.13511],[-92.89759,45.1353],[-92.89767,45.12358]],[[-92.89551,45.13275],[-92.8955,45.13388],[-92.89517,45.13448],[-92.89164,45.13448],[-92.89046,45.13294],[-92.89215,45.13167],[-92.89303,45.13147],[-92.89339,45.13096],[-92.89454,45.13147],[-92.89551,45.13275]],[[-92.88919,45.17555],[-92.88909,45.17675],[-92.88871,45.17713],[-92.88694,45.17742],[-92.88584,45.17723],[-92.88548,45.17684],[-92.8857,45.17518],[-92.8849,45.1752],[-92.88506,45.17468],[-92.88458,45.17385],[-92.88499,45.17326],[-92.88524,45.17375],[-92.88614,45.17265],[-92.88614,45.17181],[-92.88686,45.17167],[-92.88827,45.17231],[-92.88855,45.17297],[-92.88805,45.17461],[-92.88801,45.1763],[-92.8884,45.17524],[-92.88886,45.17519],[-92.88919,45.17555]],[[-92.87805,45.18238],[-92.87799,45.18297],[-92.8766,45.18468],[-92.87392,45.18617],[-92.87426,45.18574],[-92.87461,45.18539],[-92.87394,45.18431],[-92.87182,45.18343],[-92.8703,45.1832],[-92.86993,45.1823],[-92.86912,45.18167],[-92.86925,45.18131],[-92.87093,45.18001],[-92.8713,45.18033],[-92.87169,45.17982],[-92.87233,45.17992],[-92.87289,45.17934],[-92.87357,45.17938],[-92.87532,45.18029],[-92.87694,45.18226],[-92.87805,45.18238]],[[-92.87143,45.17865],[-92.86981,45.17934],[-92.86891,45.17941],[-92.86755,45.17893],[-92.86732,45.18],[-92.86655,45.18025],[-92.86532,45.17971],[-92.86493,45.17895],[-92.86564,45.17877],[-92.86587,45.17831],[-92.86383,45.17701],[-92.86392,45.17657],[-92.86573,45.17657],[-92.86758,45.17577],[-92.86975,45.17858],[-92.87059,45.17815],[-92.87136,45.17845],[-92.87143,45.17865]],[[-92.8451,45.19553],[-92.8411,45.19459],[-92.83858,45.19264],[-92.83815,45.19187],[-92.83845,45.19062],[-92.83825,45.19006],[-92.83784,45.19004],[-92.83741,45.19077],[-92.83686,45.19082],[-92.83619,45.19055],[-92.83548,45.18969],[-92.83623,45.18939],[-92.8357,45.18816],[-92.83649,45.18744],[-92.83535,45.18723],[-92.83548,45.18645],[-92.83833,45.18721],[-92.83886,45.18805],[-92.84125,45.18927],[-92.84097,45.19031],[-92.84189,45.19106],[-92.84244,45.19206],[-92.84331,45.19246],[-92.84398,45.19338],[-92.8439,45.19435],[-92.84459,45.19451],[-92.8451,45.19553]],[[-92.84189,45.1634],[-92.8399,45.16382],[-92.8392,45.16472],[-92.83728,45.16535],[-92.8364,45.16626],[-92.83571,45.16628],[-92.83533,45.16618],[-92.83481,45.16455],[-92.83526,45.16334],[-92.83856,45.16007],[-92.83991,45.15973],[-92.83976,45.16134],[-92.84123,45.16206],[-92.84189,45.1634]],[[-92.8349,45.16626],[-92.83457,45.16708],[-92.83393,45.16764],[-92.83313,45.16757],[-92.83305,45.1672],[-92.83034,45.16574],[-92.82945,45.16473],[-92.82822,45.16405],[-92.82741,45.16324],[-92.82754,45.16286],[-92.82851,45.16223],[-92.8301,45.16245],[-92.8304,45.16265],[-92.83032,45.16311],[-92.83069,45.16317],[-92.83167,45.16153],[-92.83216,45.16185],[-92.83161,45.16236],[-92.8317,45.16279],[-92.83355,45.16278],[-92.8333,45.16348],[-92.83367,45.16455],[-92.83408,45.16481],[-92.83459,45.16465],[-92.83479,45.16534],[-92.83417,45.16584],[-92.8349,45.16626]],[[-92.83011,45.1806],[-92.82917,45.18021],[-92.82818,45.18057],[-92.82587,45.18009],[-92.82449,45.18086],[-92.82483,45.18248],[-92.82562,45.18247],[-92.82487,45.18294],[-92.82485,45.18333],[-92.82605,45.18392],[-92.82532,45.18458],[-92.82389,45.18477],[-92.82417,45.18445],[-92.82317,45.18371],[-92.82373,45.18335],[-92.82307,45.18271],[-92.82231,45.1829],[-92.82197,45.18358],[-92.81974,45.18326],[-92.81738,45.18343],[-92.81608,45.18261],[-92.81512,45.18239],[-92.81495,45.18161],[-92.81424,45.18075],[-92.81489,45.18011],[-92.81626,45.18003],[-92.8168,45.18033],[-92.81887,45.17993],[-92.8196,45.18022],[-92.82114,45.17984],[-92.82149,45.17997],[-92.82077,45.18006],[-92.82075,45.18041],[-92.82136,45.18122],[-92.82205,45.18099],[-92.82153,45.18036],[-92.82178,45.17999],[-92.82251,45.18057],[-92.82269,45.18126],[-92.82345,45.18101],[-92.82217,45.18001],[-92.82206,45.17925],[-92.82113,45.17841],[-92.8213,45.17793],[-92.82105,45.17732],[-92.82049,45.17779],[-92.82011,45.17703],[-92.82243,45.17579],[-92.82153,45.17425],[-92.82173,45.17288],[-92.82226,45.17239],[-92.82309,45.17267],[-92.82294,45.1733],[-92.82357,45.17363],[-92.82298,45.17458],[-92.82319,45.17462],[-92.82393,45.17404],[-92.82406,45.17321],[-92.8236,45.17248],[-92.82459,45.17222],[-92.82485,45.17238],[-92.82455,45.17344],[-92.82527,45.17403],[-92.8249,45.17472],[-92.8251,45.17525],[-92.82342,45.17611],[-92.82299,45.17692],[-92.82295,45.17791],[-92.82344,45.17849],[-92.82496,45.17851],[-92.82655,45.17929],[-92.82981,45.18019],[-92.83011,45.1806]],[[-92.82755,45.16642],[-92.82561,45.16652],[-92.82269,45.16725],[-92.82183,45.1672],[-92.82137,45.16658],[-92.82016,45.16498],[-92.82015,45.16349],[-92.81956,45.16304],[-92.81929,45.16202],[-92.82015,45.16181],[-92.8217,45.16209],[-92.82217,45.16236],[-92.82351,45.1646],[-92.82489,45.16534],[-92.82635,45.16559],[-92.82755,45.16642]],[[-92.82638,45.16944],[-92.82631,45.16988],[-92.82574,45.17018],[-92.82462,45.17057],[-92.82388,45.17034],[-92.8233,45.17071],[-92.82255,45.1713],[-92.82075,45.17073],[-92.82011,45.16893],[-92.81926,45.16833],[-92.81875,45.16749],[-92.81859,45.16642],[-92.81886,45.16597],[-92.81807,45.16585],[-92.81756,45.16466],[-92.81827,45.16437],[-92.81886,45.16452],[-92.82067,45.16619],[-92.82066,45.16675],[-92.8212,45.16711],[-92.8215,45.16782],[-92.82161,45.16903],[-92.82237,45.17003],[-92.82293,45.17009],[-92.82255,45.1699],[-92.82274,45.16969],[-92.8237,45.17],[-92.82317,45.16905],[-92.82371,45.16869],[-92.82496,45.16869],[-92.82638,45.16944]],[[-92.81808,45.13129],[-92.81784,45.13229],[-92.81742,45.13285],[-92.81633,45.13297],[-92.81594,45.13276],[-92.81599,45.13214],[-92.81555,45.13204],[-92.81527,45.13288],[-92.81544,45.13366],[-92.81388,45.1337],[-92.81336,45.1342],[-92.81238,45.13672],[-92.81224,45.13789],[-92.81126,45.13914],[-92.81119,45.13993],[-92.81178,45.13918],[-92.81212,45.1398],[-92.8113,45.141],[-92.8116,45.14182],[-92.81103,45.14292],[-92.80974,45.14417],[-92.80964,45.14483],[-92.8063,45.14581],[-92.80581,45.14643],[-92.80599,45.14693],[-92.80574,45.14715],[-92.80357,45.1468],[-92.80288,45.14634],[-92.80278,45.14505],[-92.80149,45.14326],[-92.80055,45.14261],[-92.79957,45.1406],[-92.80037,45.13978],[-92.8014,45.13959],[-92.8041,45.14052],[-92.80478,45.14233],[-92.80524,45.1418],[-92.80657,45.14158],[-92.80603,45.1407],[-92.80388,45.13919],[-92.80303,45.13798],[-92.80309,45.13719],[-92.8036,45.13681],[-92.80303,45.13671],[-92.80277,45.13603],[-92.8033,45.13575],[-92.80251,45.13492],[-92.80266,45.13145],[-92.80385,45.12977],[-92.80712,45.1284],[-92.80635,45.12734],[-92.80719,45.12621],[-92.81153,45.12476],[-92.81376,45.125],[-92.81499,45.12619],[-92.81652,45.12894],[-92.81714,45.12952],[-92.81704,45.13003],[-92.81758,45.13007],[-92.81789,45.1305],[-92.81808,45.13129]],[[-92.81253,45.1567],[-92.81232,45.15818],[-92.81158,45.15941],[-92.8103,45.16052],[-92.80873,45.16128],[-92.80663,45.16154],[-92.80527,45.16133],[-92.80363,45.16059],[-92.80345,45.16017],[-92.80178,45.15917],[-92.80023,45.15713],[-92.7979,45.15624],[-92.79637,45.15625],[-92.79526,45.15561],[-92.79512,45.1545],[-92.79629,45.15268],[-92.79759,45.15176],[-92.79814,45.15179],[-92.80045,45.15308],[-92.80387,45.154],[-92.80708,45.15414],[-92.81144,45.15524],[-92.81253,45.1567]]],[[[-92.87476,45.18136],[-92.87448,45.18061],[-92.87388,45.18048],[-92.87326,45.18096],[-92.87306,45.18143],[-92.87374,45.18157],[-92.87476,45.18136]]],[[[-92.86738,45.19822],[-92.86682,45.1968],[-92.8665,45.19688],[-92.86685,45.1976],[-92.86655,45.19807],[-92.86738,45.19822]]],[[[-92.86456,45.19833],[-92.86395,45.19866],[-92.86431,45.1987],[-92.86436,45.1987],[-92.86456,45.19833]]],[[[-92.86315,45.20243],[-92.86311,45.20244],[-92.86143,45.20198],[-92.86112,45.20218],[-92.86148,45.20152],[-92.86027,45.20184],[-92.85893,45.20135],[-92.85892,45.20237],[-92.8584,45.20352],[-92.85909,45.2043],[-92.85885,45.20475],[-92.86014,45.20568],[-92.86035,45.20564],[-92.85946,45.20486],[-92.86005,45.20403],[-92.86315,45.20243]]],[[[-92.86101,45.19872],[-92.86086,45.19881],[-92.86082,45.1989],[-92.86072,45.1989],[-92.86041,45.19909],[-92.85971,45.1989],[-92.85963,45.1989],[-92.8608,45.19995],[-92.86101,45.19872]]],[[[-92.83973,45.18935],[-92.83891,45.1897],[-92.83943,45.18966],[-92.83973,45.18935]]],[[[-92.81996,45.18118],[-92.81913,45.18083],[-92.81886,45.18099],[-92.81899,45.18131],[-92.8196,45.18131],[-92.81996,45.18118]]],[[[-92.76948,45.19075],[-92.7694,45.18885],[-92.76928,45.18999],[-92.76947,45.1908],[-92.76948,45.19075]]],[[[-92.76936,45.18778],[-92.76933,45.18716],[-92.76889,45.18614],[-92.76936,45.18778]]],[[[-92.76913,45.19203],[-92.76792,45.19606],[-92.76758,45.19811],[-92.76778,45.19868],[-92.76802,45.19604],[-92.76913,45.19203]]],[[[-92.7686,45.18544],[-92.76834,45.18483],[-92.76783,45.18432],[-92.7686,45.18544]]],[[[-92.76857,45.18763],[-92.7674,45.18493],[-92.76721,45.18484],[-92.76728,45.18619],[-92.76765,45.18726],[-92.76814,45.18771],[-92.76772,45.18821],[-92.7672,45.18778],[-92.7682,45.18962],[-92.76857,45.18763]]],[[[-92.76777,45.19883],[-92.76752,45.19963],[-92.76773,45.19927],[-92.76777,45.19883]]],[[[-92.76735,45.19867],[-92.76687,45.19927],[-92.76689,45.19985],[-92.76735,45.19867]]],[[[-92.76571,45.20271],[-92.76524,45.20341],[-92.76494,45.20483],[-92.76529,45.20341],[-92.76571,45.20271]]],[[[-92.76391,45.20906],[-92.76384,45.20926],[-92.76387,45.20924],[-92.76391,45.20906]]],[[[-92.76342,45.20788],[-92.76322,45.20758],[-92.7625,45.2077],[-92.7619,45.20841],[-92.76249,45.20842],[-92.76342,45.20788]]],[[[-92.76263,45.20934],[-92.76202,45.20967],[-92.76246,45.20967],[-92.76263,45.20934]]],[[[-92.76151,45.20886],[-92.76135,45.20853],[-92.75978,45.20932],[-92.75942,45.20965],[-92.76034,45.20966],[-92.76054,45.20949],[-92.76067,45.20966],[-92.76126,45.20967],[-92.76117,45.20948],[-92.76151,45.20886]]],[[[-92.75796,45.15929],[-92.75734,45.15646],[-92.75612,45.15616],[-92.75574,45.15561],[-92.75586,45.15391],[-92.75525,45.15176],[-92.75501,45.15377],[-92.75406,45.15362],[-92.75526,45.15413],[-92.75526,45.15443],[-92.75349,45.15505],[-92.75259,45.15438],[-92.75355,45.15562],[-92.75453,45.1552],[-92.75427,45.15591],[-92.75486,45.15613],[-92.75435,45.15657],[-92.75514,45.15715],[-92.75538,45.15688],[-92.75573,45.15703],[-92.75521,45.15888],[-92.75409,45.15873],[-92.75411,45.15901],[-92.75518,45.15923],[-92.75521,45.16099],[-92.75495,45.16104],[-92.7549,45.16167],[-92.75547,45.16238],[-92.75681,45.16149],[-92.75787,45.1602],[-92.75796,45.15929]],[[-92.75722,45.15734],[-92.75684,45.15759],[-92.75701,45.15788],[-92.7563,45.16003],[-92.75638,45.15901],[-92.7559,45.15874],[-92.75572,45.1586],[-92.75622,45.15855],[-92.75644,45.15701],[-92.75586,45.15661],[-92.75643,45.15657],[-92.7568,45.15736],[-92.75722,45.15734]]],[[[-92.75765,45.15534],[-92.75708,45.15225],[-92.75674,45.15172],[-92.75643,45.1519],[-92.75573,45.15161],[-92.75652,45.15278],[-92.75589,45.15298],[-92.75649,45.15435],[-92.75633,45.1546],[-92.75599,45.15439],[-92.75605,45.1556],[-92.75685,45.15609],[-92.75746,45.15579],[-92.75765,45.15534]]],[[[-92.75694,45.16377],[-92.75642,45.16395],[-92.75605,45.16529],[-92.75523,45.16566],[-92.75502,45.16544],[-92.75556,45.16499],[-92.75653,45.16302],[-92.75561,45.16317],[-92.75512,45.16361],[-92.75474,45.16329],[-92.75423,45.1635],[-92.75446,45.16558],[-92.75404,45.16513],[-92.75392,45.16421],[-92.75317,45.16402],[-92.75299,45.16451],[-92.75266,45.16449],[-92.75165,45.16345],[-92.7521,45.16284],[-92.75229,45.16376],[-92.75349,45.16382],[-92.75455,45.16302],[-92.75478,45.16256],[-92.75449,45.16153],[-92.75457,45.15972],[-92.75374,45.15907],[-92.7541,45.15973],[-92.75316,45.15923],[-92.75316,45.15975],[-92.75412,45.16085],[-92.75365,45.16126],[-92.75424,45.16145],[-92.75345,45.16144],[-92.75285,45.16206],[-92.75176,45.16228],[-92.75147,45.16207],[-92.75282,45.16174],[-92.75328,45.16078],[-92.75295,45.16031],[-92.75286,45.16114],[-92.7526,45.16118],[-92.75221,45.16035],[-92.75274,45.16001],[-92.75167,45.1595],[-92.75212,45.15744],[-92.75152,45.15723],[-92.75141,45.15688],[-92.75182,45.15642],[-92.75228,45.15708],[-92.75235,45.15591],[-92.7519,45.1554],[-92.75169,45.15598],[-92.75108,45.15546],[-92.75052,45.15308],[-92.75257,45.15143],[-92.75289,45.15083],[-92.75254,45.15057],[-92.75196,45.15118],[-92.75065,45.15111],[-92.75205,45.14985],[-92.75068,45.14971],[-92.75002,45.14916],[-92.75026,45.1479],[-92.74974,45.14842],[-92.74956,45.14977],[-92.75039,45.15583],[-92.74998,45.15478],[-92.75002,45.15668],[-92.74925,45.15554],[-92.74878,45.15565],[-92.74923,45.15448],[-92.74868,45.15525],[-92.7486,45.15587],[-92.74939,45.15738],[-92.75071,45.15862],[-92.75107,45.15831],[-92.7507,45.16119],[-92.75013,45.16271],[-92.75023,45.16355],[-92.75117,45.16489],[-92.75315,45.16675],[-92.75338,45.16797],[-92.75394,45.16802],[-92.75506,45.16736],[-92.75616,45.16601],[-92.75694,45.16377]]],[[[-92.75686,45.16889],[-92.75673,45.16845],[-92.75627,45.16832],[-92.75624,45.16776],[-92.75551,45.16817],[-92.75554,45.16912],[-92.75686,45.16889]]],[[[-92.75534,45.14781],[-92.75437,45.14671],[-92.7549,45.14801],[-92.75526,45.14809],[-92.75534,45.14781]]],[[[-92.75514,45.15066],[-92.75468,45.15009],[-92.75448,45.15005],[-92.75512,45.15131],[-92.75514,45.15066]]],[[[-92.75457,45.14919],[-92.75325,45.14868],[-92.75323,45.14804],[-92.75256,45.14824],[-92.75262,45.14854],[-92.75385,45.14916],[-92.75457,45.14919]]],[[[-92.754,45.14654],[-92.75392,45.14497],[-92.75353,45.14498],[-92.7534,45.14534],[-92.754,45.14654]]],[[[-92.75393,45.15647],[-92.75373,45.15609],[-92.75323,45.1565],[-92.75333,45.15734],[-92.75255,45.15773],[-92.7532,45.15844],[-92.75344,45.15855],[-92.75363,45.15824],[-92.75345,45.15662],[-92.75393,45.15647]]],[[[-92.75328,45.14461],[-92.75289,45.14385],[-92.75286,45.14485],[-92.75314,45.14493],[-92.75328,45.14461]]],[[[-92.75299,45.16809],[-92.75289,45.16768],[-92.75288,45.16782],[-92.75299,45.16809]]],[[[-92.75284,45.16749],[-92.75269,45.1669],[-92.75247,45.16668],[-92.75284,45.16749]]],[[[-92.75273,45.14935],[-92.75114,45.14841],[-92.75194,45.14919],[-92.75273,45.14935]]],[[[-92.75271,45.15873],[-92.75232,45.15858],[-92.75254,45.15897],[-92.75271,45.15873]]],[[[-92.75205,45.15366],[-92.75188,45.15344],[-92.75184,45.15369],[-92.75205,45.15366]]],[[[-92.75202,45.15439],[-92.75172,45.1539],[-92.75163,45.15463],[-92.75202,45.15439]]],[[[-92.75028,45.15882],[-92.74997,45.15856],[-92.74969,45.15914],[-92.74947,45.15907],[-92.74935,45.15977],[-92.74989,45.16098],[-92.74991,45.16112],[-92.75028,45.15882]]],[[[-92.74967,45.15813],[-92.74963,45.15806],[-92.74963,45.1581],[-92.74964,45.15813],[-92.74961,45.15831],[-92.74967,45.15813]]],[[[-92.74945,45.1539],[-92.74944,45.15384],[-92.74943,45.15395],[-92.74945,45.1539]]]]}},
{"type":"Feature","id":"2395049","properties":{"id":"2395049","name":"Mayer","kind":"city","counties":["Carver"],"population":2542,"label":[-93.89021,44.88685]},"geometry":{"type":"MultiPolygon","coordinates":[[[[-93.91477,44.88483],[-93.90883,44.88488],[-93.90882,44.88447],[-93.90366,44.88451],[-93.90362,44.88007],[-93.89849,44.88008],[-93.89849,44.87723],[-93.88483,44.87736],[-93.88483,44.88467],[-93.87978,44.88469],[-93.87978,44.88683],[-93.8778,44.88682],[-93.8764,44.88835],[-93.87644,44.88918],[-93.87592,44.88918],[-93.87591,44.89112],[-93.85907,44.89124],[-93.86419,44.89126],[-93.86423,44.89533],[-93.87446,44.89537],[-93.87446,44.89482],[-93.87789,44.89483],[-93.87788,44.89442],[-93.87958,44.89443],[-93.8796,44.89494],[-93.88533,44.89121],[-93.88589,44.8912],[-93.88447,44.8921],[-93.88552,44.89237],[-93.88649,44.89178],[-93.8873,44.89178],[-93.88731,44.89203],[-93.88963,44.8919],[-93.88962,44.89132],[-93.88882,44.89123],[-93.90898,44.89131],[-93.90887,44.88653],[-93.91409,44.88648],[-93.91477,44.88483]],[[-93.8895,44.88602],[-93.8895,44.88607],[-93.88944,44.88607],[-93.8895,44.88602]],[[-93.88942,44.88897],[-93.88942,44.8894],[-93.88929,44.88897],[-93.88942,44.88897]],[[-93.88827,44.88247],[-93.88813,44.88327],[-93.88814,44.88247],[-93.88827,44.88247]],[[-93.88813,44.88897],[-93.88813,44.88939],[-93.888,44.88939],[-93.88813,44.88897]]]]}},
{"type":"Feature","id":"2395082","properties":{"id":"2395082","name":"Medicine Lake","kind":"city","counties":["Hennepin"],"population":327,"label":[-93.41978,44.99789]},"geometry":{"type":"MultiPolygon","coordinates":[[[[-93.42666,45.00225],[-93.42606,45.00195],[-93.42462,45.00156],[-93.42339,45.00095],[-93.42215,45.00069],[-93.42127,45.0006],[-93.42113,45.00047],[-93.42098,45.00044],[-93.42063,45],[-93.41956,44.999],[-93.41941,44.99726],[-93.42141,44.99542],[-93.42141,44.99307],[-93.41923,44.99306],[-93.4192,44.99277],[-93.42089,44.99274],[-93.42092,44.99206],[-93.41779,44.99209],[-93.41754,44.99282],[-93.4158,44.9929],[-93.41695,44.9932],[-93.41696,44.99366],[-93.4158,44.99372],[-93.41577,44.99461],[-93.41506,44.99434],[-93.41457,44.9949],[-93.41576,44.99532],[-93.41542,44.99558],[-93.4159,44.99587],[-93.41532,44.99625],[-93.41583,44.99663],[-93.41658,44.99688],[-93.41705,44.99781],[-93.41684,44.99833],[-93.41655,44.99848],[-93.4164,44.99919],[-93.41673,44.99946],[-93.41877,45.00079],[-93.41962,45.00178],[-93.42192,45.00362],[-93.4252,45.00356],[-93.42615,45.00302],[-93.42666,45.00225]]]]}},
{"type":"Feature","id":"2395084","properties":{"id":"2395084","name":"Medina","kind":"city","counties":["Hennepin"],"population":7250,"label":[-93.5839,45.0329]},"geometry":{"type":"MultiPolygon","coordinates":[[[[-93.64599,45.05846],[-93.64586,45.03789],[-93.64463,45.0373],[-93.64445,45.03527],[-93.64274,45.03424],[-93.6416,45.033],[-93.64161,45.0308],[-93.6375,45.03003],[-93.63611,45.02927],[-93.63571,45.02883],[-93.63545,45.02678],[-93.63574,45.02557],[-93.63668,45.02395],[-93.64034,45.02093],[-93.64282,45.0198],[-93.64544,45.0192],[-93.64574,45.01925],[-93.64564,45.00292],[-93.64562,45.00046],[-93.61458,45.00057],[-93.61182,45.00053],[-93.61336,45.00123],[-93.61151,45.00254],[-93.60975,45.00223],[-93.60817,45.00243],[-93.60682,45.00358],[-93.60607,45.00301],[-93.60615,45.00257],[-93.60561,45.00164],[-93.60393,45.00144],[-93.60483,45.00097],[-93.60601,45.0011],[-93.60632,45.0008],[-93.60611,45.00049],[-93.60663,45.00045],[-93.57606,44.99998],[-93.5636,44.99945],[-93.52443,44.99976],[-93.52448,45.00072],[-93.52475,45.00137],[-93.52574,45.00142],[-93.52609,45.00274],[-93.5249,45.0035],[-93.52476,45.00425],[-93.5242,45.00466],[-93.52245,45.00507],[-93.52237,45.00503],[-93.52226,45.02163],[-93.52266,45.03627],[-93.52239,45.04161],[-93.5215,45.04157],[-93.52237,45.04212],[-93.52204,45.06563],[-93.64569,45.06577],[-93.64599,45.05846]],[[-93.64062,45.05846],[-93.63012,45.05847],[-93.63014,45.05105],[-93.64052,45.05115],[-93.64062,45.05846]],[[-93.63269,45.01156],[-93.63149,45.01176],[-93.63174,45.01202],[-93.63066,45.01235],[-93.63075,45.0135],[-93.62979,45.0137],[-93.62934,45.01413],[-93.62927,45.01481],[-93.62784,45.01468],[-93.62755,45.0142],[-93.62356,45.01279],[-93.62025,45.01226],[-93.61953,45.01173],[-93.61862,45.01168],[-93.61819,45.01223],[-93.61727,45.01227],[-93.61629,45.01134],[-93.61603,45.01048],[-93.61666,45.00989],[-93.61663,45.00961],[-93.61624,45.00958],[-93.61653,45.00805],[-93.61697,45.00759],[-93.61869,45.00752],[-93.62285,45.00596],[-93.62566,45.00414],[-93.62608,45.00267],[-93.62817,45.00216],[-93.62811,45.00241],[-93.6295,45.00345],[-93.62984,45.00405],[-93.62977,45.00524],[-93.63039,45.00571],[-93.62973,45.00819],[-93.63163,45.00984],[-93.63263,45.01101],[-93.63269,45.01156]],[[-93.62989,45.03016],[-93.62967,45.03083],[-93.62905,45.03134],[-93.6279,45.03117],[-93.62748,45.03002],[-93.62706,45.02977],[-93.62639,45.03002],[-93.62564,45.03136],[-93.62472,45.03151],[-93.62424,45.03115],[-93.62456,45.02994],[-93.62377,45.02867],[-93.62403,45.02808],[-93.62479,45.02757],[-93.62653,45.02726],[-93.62594,45.02779],[-93.6261,45.02813],[-93.62798,45.02833],[-93.62907,45.02889],[-93.62989,45.03016]],[[-93.62422,45.03551],[-93.62419,45.03669],[-93.6234,45.03792],[-93.62386,45.03848],[-93.62304,45.03887],[-93.6197,45.03806],[-93.61812,45.0373],[-93.61569,45.0377],[-93.61373,45.03734],[-93.61306,45.03645],[-93.61325,45.03543],[-93.614,45.03442],[-93.61721,45.03315],[-93.6164,45.03407],[-93.61686,45.03383],[-93.61779,45.03489],[-93.61968,45.03424],[-93.62266,45.03456],[-93.6238,45.03502],[-93.62422,45.03551]],[[-93.60795,45.05993],[-93.60786,45.06046],[-93.60666,45.06145],[-93.60666,45.06145],[-93.60659,45.0622],[-93.60602,45.06237],[-93.60627,45.06277],[-93.60708,45.06285],[-93.60738,45.06344],[-93.60677,45.06327],[-93.60595,45.06275],[-93.60447,45.06332],[-93.60337,45.06311],[-93.60311,45.06263],[-93.60343,45.06169],[-93.60424,45.06093],[-93.60372,45.06073],[-93.60269,45.06154],[-93.60236,45.06154],[-93.60228,45.06159],[-93.60227,45.06154],[-93.60221,45.06154],[-93.60227,45.0615],[-93.60225,45.06132],[-93.60338,45.0607],[-93.60193,45.05999],[-93.60104,45.05961],[-93.60107,45.05957],[-93.60103,45.05955],[-93.60155,45.05881],[-93.60331,45.05778],[-93.60393,45.05638],[-93.60562,45.05691],[-93.60608,45.05809],[-93.60795,45.05993]],[[-93.59938,45.03067],[-93.59919,45.03134],[-93.59707,45.03247],[-93.59559,45.03446],[-93.59473,45.03467],[-93.59226,45.03421],[-93.59,45.03483],[-93.58932,45.03404],[-93.58984,45.03347],[-93.59167,45.03271],[-93.59185,45.0323],[-93.59152,45.03092],[-93.59237,45.02964],[-93.59317,45.0292],[-93.59641,45.0297],[-93.59801,45.03054],[-93.59938,45.03067]],[[-93.5772,45.00712],[-93.57682,45.00796],[-93.57551,45.00827],[-93.57399,45.00751],[-93.57352,45.00694],[-93.57165,45.00686],[-93.57052,45.00531],[-93.56891,45.00417],[-93.56857,45.00427],[-93.56841,45.00317],[-93.56885,45.00196],[-93.56963,45.00215],[-93.57006,45.00309],[-93.5722,45.00399],[-93.57417,45.00586],[-93.5772,45.00712]],[[-93.53713,45.01534],[-93.53696,45.01591],[-93.53551,45.01706],[-93.53422,45.01708],[-93.53307,45.01834],[-93.5322,45.01853],[-93.53046,45.01797],[-93.52817,45.01706],[-93.52803,45.01638],[-93.527,45.0154],[-93.52758,45.01428],[-93.52938,45.01319],[-93.53109,45.01316],[-93.53287,45.01432],[-93.5345,45.01411],[-93.53713,45.01534]]],[[[-93.61114,45.00052],[-93.60905,45.00049],[-93.60914,45.00054],[-93.61114,45.00052]]],[[[-93.60759,45.00116],[-93.60738,45.00126],[-93.60743,45.0014],[-93.60759,45.00116]]],[[[-93.5314,45.01796],[-93.53058,45.01711],[-93.52972,45.01671],[-93.52921,45.01569],[-93.52875,45.0155],[-93.52967,45.01708],[-93.5314,45.01796]]]]}},
{"type":"Feature","id":"2395096","properties":{"id":"2395096","name":"Mendota","kind":"city","counties":["Dakota"],"population":195,"label":[-93.1603,44.88723]},"geometry":{"type":"MultiPolygon","coordinates":[[[[-93.16764,44.88748],[-93.16666,44.88493],[-93.16609,44.88472],[-93.16679,44.88364],[-93.16105,44.88368],[-93.15924,44.88429],[-93.15932,44.88189],[-93.15916,44.88188],[-93.15812,44.88161],[-93.158,44.88456],[-93.15704,44.88489],[-93.15688,44.89003],[-93.15439,44.89018],[-93.15135,44.89257],[-93.15188,44.89293],[-93.15268,44.8934],[-93.15366,44.89255],[-93.15684,44.89141],[-93.15688,44.89022],[-93.1619,44.88872],[-93.16576,44.88833],[-93.16764,44.88748]]]]}},
{"type":"Feature","id":"2395097","properties":{"id":"2395097","name":"Mendota Heights","kind":"city","counties":["Dakota"],"population":11658,"label":[-93.14034,44.88149]},"geometry":{"type":"MultiPolygon","coordinates":[[[[-93.20012,44.86459],[-93.19748,44.86192],[-93.18719,44.86193],[-93.18732,44.86238],[-93.18679,44.86267],[-93.18664,44.86342],[-93.18738,44.86386],[-93.18673,44.8651],[-93.18709,44.86551],[-93.18702,44.86594],[-93.18791,44.86598],[-93.18756,44.8666],[-93.18778,44.86695],[-93.18725,44.8673],[-93.18714,44.8681],[-93.18594,44.86887],[-93.18587,44.86926],[-93.186,44.86985],[-93.18702,44.87022],[-93.1868,44.87078],[-93.18747,44.87138],[-93.18701,44.87187],[-93.18654,44.87187],[-93.18645,44.87157],[-93.18578,44.87188],[-93.18643,44.87267],[-93.18578,44.87268],[-93.18513,44.8736],[-93.18385,44.87359],[-93.1831,44.87396],[-93.18262,44.87385],[-93.18211,44.87253],[-93.18018,44.87266],[-93.17911,44.87392],[-93.17851,44.87398],[-93.17852,44.87282],[-93.17657,44.87334],[-93.17633,44.87124],[-93.17651,44.87025],[-93.17697,44.86947],[-93.17775,44.86907],[-93.17836,44.86914],[-93.17825,44.86955],[-93.179,44.86931],[-93.17942,44.86962],[-93.18,44.86951],[-93.18133,44.86846],[-93.18131,44.86781],[-93.18178,44.86691],[-93.18138,44.86661],[-93.18144,44.86621],[-93.18635,44.86439],[-93.18659,44.86392],[-93.18606,44.86348],[-93.18256,44.86477],[-93.18183,44.86551],[-93.18145,44.86547],[-93.18167,44.86476],[-93.18239,44.86428],[-93.18368,44.86238],[-93.18467,44.86193],[-93.16272,44.86195],[-93.15978,44.86172],[-93.10613,44.86192],[-93.10596,44.91969],[-93.11119,44.91967],[-93.11067,44.91934],[-93.11334,44.91698],[-93.11513,44.91618],[-93.11591,44.91619],[-93.11724,44.91497],[-93.11622,44.9144],[-93.11746,44.91327],[-93.12128,44.91181],[-93.12124,44.91263],[-93.12412,44.91069],[-93.12383,44.91046],[-93.13152,44.90591],[-93.13491,44.90316],[-93.13677,44.90076],[-93.13677,44.89794],[-93.13751,44.89795],[-93.13748,44.89911],[-93.13772,44.899],[-93.13833,44.89979],[-93.13921,44.89943],[-93.1384,44.89849],[-93.13903,44.89819],[-93.13986,44.89913],[-93.14397,44.8971],[-93.14394,44.89442],[-93.14651,44.8944],[-93.14646,44.89478],[-93.14474,44.89609],[-93.14513,44.8967],[-93.14806,44.8955],[-93.14736,44.89486],[-93.14887,44.89368],[-93.14865,44.89348],[-93.14696,44.89396],[-93.14712,44.89285],[-93.15032,44.89254],[-93.15148,44.89322],[-93.15188,44.89293],[-93.15135,44.89257],[-93.15439,44.89018],[-93.15688,44.89003],[-93.15704,44.88489],[-93.158,44.88456],[-93.15812,44.88161],[-93.15803,44.88159],[-93.15775,44.88086],[-93.1561,44.88003],[-93.15555,44.87915],[-93.15484,44.87691],[-93.15489,44.87435],[-93.15599,44.87454],[-93.15818,44.87657],[-93.15877,44.87888],[-93.16006,44.88056],[-93.16004,44.88195],[-93.15932,44.88189],[-93.15924,44.88429],[-93.16105,44.88368],[-93.16679,44.88364],[-93.16609,44.88472],[-93.16666,44.88493],[-93.16764,44.88748],[-93.16576,44.88833],[-93.1619,44.88872],[-93.15688,44.89022],[-93.15684,44.89141],[-93.15719,44.89128],[-93.16341,44.89008],[-93.16876,44.88804],[-93.17409,44.88399],[-93.17946,44.87848],[-93.18153,44.87716],[-93.18636,44.87561],[-93.18861,44.87388],[-93.18917,44.87217],[-93.19059,44.87045],[-93.19919,44.86601],[-93.20012,44.86459]],[[-93.14367,44.86811],[-93.14302,44.87113],[-93.1419,44.87301],[-93.14068,44.87322],[-93.13888,44.87276],[-93.13805,44.8729],[-93.13812,44.87342],[-93.13655,44.87401],[-93.13394,44.87399],[-93.13376,44.87334],[-93.13501,44.87309],[-93.13485,44.87155],[-93.1352,44.87075],[-93.13603,44.87003],[-93.13825,44.86955],[-93.1393,44.86886],[-93.14206,44.8685],[-93.14174,44.86828],[-93.14258,44.86746],[-93.14367,44.86811]],[[-93.13772,44.88061],[-93.13743,44.88111],[-93.13713,44.88109],[-93.13661,44.88094],[-93.13664,44.88005],[-93.13738,44.87995],[-93.13772,44.88061]],[[-93.13767,44.87849],[-93.13762,44.8797],[-93.13699,44.87989],[-93.13613,44.87971],[-93.13473,44.87701],[-93.13307,44.87583],[-93.13342,44.8744],[-93.13516,44.8743],[-93.13597,44.87474],[-93.13541,44.8756],[-93.13553,44.87608],[-93.13628,44.87737],[-93.13706,44.8776],[-93.13767,44.87849]]],[[[-93.18274,44.8861],[-93.18247,44.88531],[-93.17865,44.88223],[-93.17911,44.88207],[-93.17861,44.88127],[-93.17862,44.88124],[-93.17805,44.8814],[-93.17302,44.88604],[-93.17127,44.88719],[-93.17506,44.88713],[-93.17783,44.88804],[-93.18207,44.88701],[-93.18274,44.8861]]],[[[-93.17818,44.88851],[-93.17799,44.88834],[-93.17652,44.88775],[-93.17426,44.88749],[-93.17185,44.88774],[-93.17155,44.88787],[-93.17535,44.88762],[-93.17665,44.88782],[-93.17815,44.8886],[-93.17818,44.88851]]],[[[-93.15136,44.8933],[-93.15075,44.89294],[-93.14942,44.89389],[-93.14914,44.89369],[-93.14889,44.89388],[-93.14912,44.89407],[-93.14794,44.89471],[-93.14849,44.89524],[-93.15136,44.8933]]]]}},
{"type":"Feature","id":"2395345","properties":{"id":"2395345","name":"Minneapolis","kind":"city","counties":["Hennepin"],"population":436934,"label":[-93.26777,44.96362]},"geometry":{"type":"MultiPolygon","coordinates":[[[[-93.329,44.90542],[-93.3188,44.90536],[-93.31884,44.8908],[-93.2509,44.89072],[-93.2528,44.8908],[-93.25272,44.89261],[-93.254,44.89261],[-93.25396,44.89434],[-93.2547,44.89434],[-93.25471,44.89556],[-93.25544,44.89556],[-93.25539,44.89717],[-93.25466,44.89717],[-93.25464,44.89786],[-93.24825,44.89787],[-93.24825,44.8976],[-93.24761,44.8976],[-93.24765,44.89616],[-93.24511,44.89616],[-93.24497,44.89721],[-93.2437,44.897],[-93.24369,44.89736],[-93.24315,44.89736],[-93.24314,44.89764],[-93.24265,44.89764],[-93.24266,44.89709],[-93.24139,44.89738],[-93.2414,44.89713],[-93.23252,44.89697],[-93.23253,44.89621],[-93.23508,44.89619],[-93.23509,44.89509],[-93.23231,44.89511],[-93.2323,44.89548],[-93.23175,44.89548],[-93.23174,44.89691],[-93.22055,44.89711],[-93.21904,44.89789],[-93.21905,44.89688],[-93.22251,44.89688],[-93.22249,44.89602],[-93.22039,44.89497],[-93.21907,44.89497],[-93.21906,44.89599],[-93.21707,44.89599],[-93.21709,44.8938],[-93.21613,44.8934],[-93.21091,44.89341],[-93.21088,44.89625],[-93.20758,44.89625],[-93.20749,44.9054],[-93.19467,44.90542],[-93.20061,44.90846],[-93.20242,44.91269],[-93.20287,44.91525],[-93.20231,44.9137],[-93.20233,44.91529],[-93.20188,44.91327],[-93.20164,44.91355],[-93.20193,44.91407],[-93.20146,44.91451],[-93.20206,44.91487],[-93.20214,44.91538],[-93.20089,44.91539],[-93.20089,44.91558],[-93.20291,44.91533],[-93.20325,44.91731],[-93.20298,44.91738],[-93.20328,44.91872],[-93.20287,44.92429],[-93.20203,44.92612],[-93.20173,44.92769],[-93.20252,44.93514],[-93.20214,44.93707],[-93.20273,44.93789],[-93.20247,44.93901],[-93.20186,44.93956],[-93.20165,44.94131],[-93.20188,44.94275],[-93.20264,44.9433],[-93.20267,44.94478],[-93.20206,44.94406],[-93.20278,44.94661],[-93.20471,44.9499],[-93.20584,44.95103],[-93.20794,44.95195],[-93.21772,44.95801],[-93.2233,44.96306],[-93.22797,44.9668],[-93.23234,44.96812],[-93.23684,44.96898],[-93.23898,44.96992],[-93.23993,44.97154],[-93.2406,44.97621],[-93.24164,44.97728],[-93.2439,44.97795],[-93.24395,44.97823],[-93.24782,44.97858],[-93.24784,44.97844],[-93.25296,44.97883],[-93.25532,44.97981],[-93.25574,44.98034],[-93.2585,44.98131],[-93.2538,44.97989],[-93.25771,44.9815],[-93.25697,44.98252],[-93.25531,44.9817],[-93.25466,44.98199],[-93.25432,44.98125],[-93.25399,44.98131],[-93.25419,44.982],[-93.25394,44.98205],[-93.25321,44.98111],[-93.2523,44.98106],[-93.25279,44.9823],[-93.25342,44.98259],[-93.25252,44.98244],[-93.25284,44.98332],[-93.25213,44.98248],[-93.25061,44.98057],[-93.24928,44.98046],[-93.24877,44.97991],[-93.24765,44.97957],[-93.24705,44.97976],[-93.24224,44.97911],[-93.23949,44.9775],[-93.23862,44.97568],[-93.23838,44.97209],[-93.23804,44.97131],[-93.23704,44.97048],[-93.23487,44.9697],[-93.22972,44.96906],[-93.22709,44.96814],[-93.22115,44.96391],[-93.22007,44.96239],[-93.21805,44.9608],[-93.21445,44.95876],[-93.21341,44.95862],[-93.21322,44.95841],[-93.21349,44.95821],[-93.21139,44.95645],[-93.20766,44.95414],[-93.20787,44.96281],[-93.20772,45.00617],[-93.21768,45.00605],[-93.21788,45.01338],[-93.2269,45.01327],[-93.22692,45.03564],[-93.28174,45.03544],[-93.28163,45.03275],[-93.28418,45.03202],[-93.28449,45.03258],[-93.28423,45.03352],[-93.28445,45.03528],[-93.28384,45.03816],[-93.28244,45.04079],[-93.28179,45.04337],[-93.282,45.04513],[-93.28258,45.04652],[-93.28316,45.05117],[-93.31954,45.05131],[-93.31944,45.04191],[-93.32261,45.04265],[-93.32324,45.04046],[-93.31943,45.04043],[-93.3193,45.03546],[-93.31888,45.03546],[-93.31846,45.02052],[-93.31848,44.97718],[-93.32866,44.9772],[-93.329,44.90542]],[[-93.25535,44.98322],[-93.25388,44.98246],[-93.25417,44.98236],[-93.25565,44.98298],[-93.25535,44.98322]],[[-93.28418,45.03202],[-93.28201,45.03255],[-93.28136,45.03088],[-93.27739,45.02445],[-93.27649,45.02167],[-93.27581,45.02095],[-93.27384,45.01631],[-93.27275,45.01228],[-93.27297,45.00914],[-93.27261,45.00653],[-93.27304,45.0018],[-93.27396,44.99966],[-93.27362,44.99674],[-93.27278,44.99445],[-93.27179,44.99297],[-93.27016,44.99362],[-93.27101,44.99306],[-93.27068,44.99235],[-93.26746,44.99059],[-93.2667,44.99038],[-93.26484,44.99112],[-93.26161,44.98984],[-93.25875,44.98562],[-93.25681,44.98447],[-93.25471,44.98402],[-93.25535,44.98322],[-93.25597,44.98296],[-93.26097,44.98379],[-93.26113,44.98353],[-93.25999,44.98257],[-93.25819,44.98165],[-93.25871,44.98109],[-93.25947,44.98122],[-93.26148,44.98231],[-93.26548,44.98546],[-93.26812,44.98908],[-93.2721,44.99095],[-93.27351,44.99034],[-93.27271,44.99084],[-93.27265,44.99134],[-93.27441,44.99257],[-93.27537,44.99417],[-93.27648,44.99866],[-93.27639,45.00026],[-93.27513,45.00417],[-93.27575,45.01292],[-93.27668,45.01482],[-93.27664,45.01571],[-93.27706,45.01659],[-93.27742,45.01666],[-93.27973,45.0246],[-93.28291,45.02918],[-93.28418,45.03202]],[[-93.32686,44.95561],[-93.32629,44.95639],[-93.32523,44.9563],[-93.32502,44.9569],[-93.32522,44.95763],[-93.32349,44.95847],[-93.32523,44.95835],[-93.32651,44.95894],[-93.32656,44.96006],[-93.32564,44.96049],[-93.32292,44.96014],[-93.32223,44.96057],[-93.32446,44.96149],[-93.32449,44.96237],[-93.32372,44.96341],[-93.32363,44.96574],[-93.31997,44.96554],[-93.31902,44.96483],[-93.31751,44.96502],[-93.31683,44.9646],[-93.31659,44.96373],[-93.31608,44.96404],[-93.31592,44.96365],[-93.31684,44.96185],[-93.31865,44.96163],[-93.31734,44.95976],[-93.31822,44.9585],[-93.31938,44.95778],[-93.31935,44.95728],[-93.32002,44.95711],[-93.32015,44.95584],[-93.32058,44.95516],[-93.31999,44.9543],[-93.32071,44.95369],[-93.32396,44.95391],[-93.32686,44.95561]],[[-93.32014,44.9414],[-93.31967,44.94402],[-93.31877,44.9457],[-93.31637,44.948],[-93.31183,44.94986],[-93.30901,44.94981],[-93.30778,44.9493],[-93.30731,44.9493],[-93.30673,44.94858],[-93.30601,44.9462],[-93.30427,44.94344],[-93.30396,44.94244],[-93.30427,44.93873],[-93.30491,44.93686],[-93.30739,44.93514],[-93.30895,44.93456],[-93.31088,44.93433],[-93.3122,44.93442],[-93.31483,44.93568],[-93.31522,44.93614],[-93.3174,44.93575],[-93.31914,44.93627],[-93.3192,44.93858],[-93.32005,44.94035],[-93.32014,44.9414]],[[-93.31382,44.91858],[-93.31303,44.92064],[-93.31092,44.92303],[-93.31028,44.92499],[-93.30876,44.92735],[-93.30579,44.9284],[-93.30212,44.92811],[-93.29874,44.92688],[-93.29711,44.92512],[-93.29689,44.92396],[-93.29728,44.92214],[-93.30013,44.91746],[-93.30193,44.91646],[-93.30505,44.9156],[-93.30708,44.9156],[-93.30955,44.91595],[-93.31184,44.91676],[-93.31288,44.91743],[-93.31382,44.91858]],[[-93.31203,44.95476],[-93.31165,44.95722],[-93.30974,44.9579],[-93.30977,44.95875],[-93.30908,44.95917],[-93.30812,44.95852],[-93.30871,44.95768],[-93.30856,44.95748],[-93.30752,44.95749],[-93.30661,44.95658],[-93.30564,44.95674],[-93.30482,44.9575],[-93.30401,44.95939],[-93.30391,44.96072],[-93.30444,44.96233],[-93.30402,44.96278],[-93.30218,44.96112],[-93.30206,44.96042],[-93.30379,44.95765],[-93.30394,44.95654],[-93.30197,44.95557],[-93.30169,44.95514],[-93.30195,44.95452],[-93.30276,44.95391],[-93.30306,44.95286],[-93.30482,44.95169],[-93.30603,44.9512],[-93.30814,44.95188],[-93.31113,44.95224],[-93.31165,44.95264],[-93.31149,44.95356],[-93.31203,44.95476]],[[-93.27169,44.89853],[-93.27144,44.89893],[-93.27156,44.90153],[-93.271,44.90249],[-93.27022,44.90272],[-93.27007,44.90322],[-93.26807,44.90353],[-93.26692,44.90264],[-93.26686,44.90065],[-93.2672,44.89979],[-93.26772,44.89967],[-93.26775,44.89897],[-93.26903,44.89805],[-93.26917,44.89688],[-93.27052,44.89661],[-93.2711,44.89722],[-93.27099,44.8979],[-93.27169,44.89853]],[[-93.24969,44.90446],[-93.24903,44.90667],[-93.24819,44.90702],[-93.24737,44.90665],[-93.24601,44.90837],[-93.24624,44.90919],[-93.24569,44.91001],[-93.24235,44.9117],[-93.24197,44.91264],[-93.2426,44.91368],[-93.2417,44.91477],[-93.24177,44.91512],[-93.23984,44.91526],[-93.23736,44.91467],[-93.2357,44.91365],[-93.23514,44.91286],[-93.23547,44.91176],[-93.2373,44.90997],[-93.2379,44.90808],[-93.23964,44.90731],[-93.23948,44.90652],[-93.24073,44.90549],[-93.2418,44.90346],[-93.24397,44.90228],[-93.24495,44.9021],[-93.24602,44.90248],[-93.247,44.90327],[-93.2473,44.90436],[-93.24859,44.90332],[-93.24969,44.90446]],[[-93.23917,44.92192],[-93.23849,44.92294],[-93.23674,44.92347],[-93.23546,44.92347],[-93.23433,44.92318],[-93.23294,44.9218],[-93.23393,44.91908],[-93.23455,44.91895],[-93.23578,44.91795],[-93.23563,44.91821],[-93.23593,44.9185],[-93.23695,44.91844],[-93.23852,44.91947],[-93.23917,44.92192]]],[[[-93.30825,44.95509],[-93.30711,44.95551],[-93.30653,44.95632],[-93.30683,44.95652],[-93.30755,44.95633],[-93.30825,44.95509]]],[[[-93.30793,44.95428],[-93.30585,44.95376],[-93.30426,44.9546],[-93.30416,44.95483],[-93.30452,44.95496],[-93.30625,44.95491],[-93.30793,44.95428]]],[[[-93.28378,45.03544],[-93.28371,45.03509],[-93.28339,45.03509],[-93.28318,45.03549],[-93.28277,45.03682],[-93.28274,45.03804],[-93.28352,45.03724],[-93.28378,45.03544]]],[[[-93.282,45.04957],[-93.28174,45.04852],[-93.28164,45.04961],[-93.282,45.04957]]],[[[-93.28174,45.0476],[-93.28161,45.04689],[-93.28113,45.04662],[-93.28135,45.04758],[-93.28174,45.0476]]],[[[-93.27622,45.01973],[-93.2757,45.0188],[-93.27584,45.01988],[-93.27622,45.01973]]],[[[-93.2757,45.01832],[-93.27508,45.01746],[-93.27544,45.01834],[-93.2757,45.01832]]],[[[-93.26661,44.98989],[-93.26576,44.98806],[-93.26271,44.98538],[-93.2601,44.98437],[-93.25872,44.9844],[-93.25863,44.98472],[-93.25977,44.98566],[-93.26151,44.98861],[-93.26284,44.98986],[-93.26514,44.9906],[-93.26661,44.98989]]],[[[-93.25246,44.9825],[-93.25183,44.98175],[-93.25199,44.98225],[-93.25246,44.9825]]],[[[-93.20122,44.91333],[-93.2009,44.91219],[-93.20077,44.91235],[-93.20081,44.91349],[-93.20122,44.91333]]]]}},
{"type":"Feature","id":"2395350","properties":{"id":"2395350","name":"Minnetonka","kind":"city","counties":["Hennepin"],"population":54474,"label":[-93.4618,44.93324]},"geometry":{"type":"MultiPolygon","coordinates":[[[[-93.5234,44.91678],[-93.52333,44.90592],[-93.52336,44.89148],[-93.49248,44.89208],[-93.48235,44.89157],[-93.42186,44.89183],[-93.41863,44.89227],[-93.41843,44.89202],[-93.41169,44.89229],[-93.40163,44.89165],[-93.40139,44.90614],[-93.42178,44.90614],[-93.42194,44.91758],[-93.42337,44.91724],[-93.42314,44.92088],[-93.42707,44.92098],[-93.42701,44.92184],[-93.42794,44.92196],[-93.42788,44.92465],[-93.42679,44.92459],[-93.42667,44.92616],[-93.42728,44.92614],[-93.42908,44.92878],[-93.42941,44.92976],[-93.42683,44.92974],[-93.42679,44.93119],[-93.42624,44.93154],[-93.42264,44.93158],[-93.42402,44.93229],[-93.42106,44.93266],[-93.42099,44.93691],[-93.41959,44.93691],[-93.41958,44.93914],[-93.41634,44.93918],[-93.41642,44.94242],[-93.42106,44.94244],[-93.42107,44.94568],[-93.42362,44.94547],[-93.42363,44.94487],[-93.425,44.9447],[-93.42536,44.94599],[-93.42559,44.94599],[-93.42556,44.94761],[-93.42101,44.9485],[-93.42098,44.94889],[-93.41089,44.94956],[-93.41097,44.94049],[-93.40578,44.94048],[-93.40579,44.93871],[-93.40062,44.93876],[-93.40063,44.94052],[-93.39873,44.94051],[-93.39885,44.94144],[-93.3994,44.94232],[-93.40063,44.94231],[-93.40069,44.96405],[-93.40566,44.96409],[-93.40564,44.96712],[-93.40471,44.96712],[-93.4047,44.96773],[-93.40564,44.96773],[-93.40562,44.97013],[-93.40475,44.97013],[-93.40477,44.97137],[-93.40432,44.97137],[-93.4043,44.97325],[-93.41052,44.97308],[-93.41047,44.97856],[-93.43098,44.97876],[-93.4911,44.97849],[-93.49111,44.97845],[-93.49028,44.977],[-93.48994,44.97671],[-93.48993,44.97672],[-93.48773,44.97818],[-93.48518,44.97625],[-93.48747,44.97466],[-93.48643,44.97274],[-93.48525,44.97275],[-93.48529,44.97129],[-93.48319,44.97131],[-93.48348,44.97144],[-93.4834,44.9741],[-93.4817,44.97411],[-93.48178,44.97132],[-93.47672,44.97132],[-93.47677,44.96579],[-93.48674,44.96585],[-93.48675,44.96739],[-93.48877,44.9674],[-93.48878,44.96575],[-93.48919,44.96574],[-93.48921,44.9641],[-93.49199,44.96411],[-93.492,44.95855],[-93.49097,44.95853],[-93.48947,44.95802],[-93.48995,44.95688],[-93.48815,44.95662],[-93.48745,44.95735],[-93.48585,44.95812],[-93.48546,44.95873],[-93.48508,44.95861],[-93.48534,44.95815],[-93.48642,44.95749],[-93.48695,44.95709],[-93.48684,44.95698],[-93.48646,44.95673],[-93.48556,44.95667],[-93.48584,44.95625],[-93.48645,44.95615],[-93.48729,44.95695],[-93.48789,44.95657],[-93.48614,44.95514],[-93.48677,44.95389],[-93.48739,44.9533],[-93.48805,44.95335],[-93.48821,44.95381],[-93.48881,44.95357],[-93.49076,44.95033],[-93.49256,44.94964],[-93.49313,44.94845],[-93.49368,44.94822],[-93.49377,44.94822],[-93.49392,44.94817],[-93.49448,44.94824],[-93.49502,44.94904],[-93.49571,44.94936],[-93.49584,44.94992],[-93.49542,44.9501],[-93.49589,44.95049],[-93.49812,44.95038],[-93.49827,44.9502],[-93.49947,44.94972],[-93.49955,44.94975],[-93.49963,44.94971],[-93.49999,44.94988],[-93.50043,44.95002],[-93.50054,44.95015],[-93.50067,44.95021],[-93.50089,44.95055],[-93.50208,44.95193],[-93.50221,44.94553],[-93.50728,44.94562],[-93.50746,44.93922],[-93.50235,44.9392],[-93.5024,44.93633],[-93.50514,44.93588],[-93.50502,44.9357],[-93.50613,44.93551],[-93.50762,44.9345],[-93.50782,44.92881],[-93.51179,44.92766],[-93.51303,44.92766],[-93.51307,44.92729],[-93.51833,44.92588],[-93.51831,44.9204],[-93.52067,44.92037],[-93.52083,44.9167],[-93.5234,44.91678]],[[-93.46101,44.90192],[-93.46089,44.90229],[-93.4597,44.90251],[-93.45977,44.90303],[-93.45902,44.90285],[-93.45924,44.90311],[-93.45863,44.90342],[-93.4587,44.90381],[-93.45946,44.90345],[-93.45952,44.90369],[-93.45908,44.90387],[-93.45908,44.90438],[-93.45752,44.90444],[-93.45654,44.90383],[-93.45476,44.9036],[-93.45498,44.9034],[-93.45408,44.90313],[-93.45349,44.90325],[-93.45386,44.90287],[-93.45331,44.90238],[-93.45362,44.90217],[-93.45331,44.90172],[-93.45379,44.90176],[-93.45382,44.90128],[-93.45347,44.90119],[-93.4536,44.90058],[-93.45469,44.89967],[-93.45714,44.9002],[-93.45761,44.89982],[-93.45806,44.89852],[-93.45881,44.89823],[-93.45988,44.89931],[-93.46044,44.9006],[-93.46034,44.9013],[-93.46101,44.90192]],[[-93.45121,44.95409],[-93.44809,44.95638],[-93.44654,44.95681],[-93.44564,44.9564],[-93.44564,44.95508],[-93.44631,44.95427],[-93.44597,44.95344],[-93.44575,44.95253],[-93.44818,44.95285],[-93.44867,44.95258],[-93.44861,44.95203],[-93.44994,44.95103],[-93.45113,44.951],[-93.45113,44.95159],[-93.45017,44.95139],[-93.45014,44.95203],[-93.44907,44.95285],[-93.44966,44.95317],[-93.45005,44.95278],[-93.45119,44.95249],[-93.45121,44.95409]],[[-93.43677,44.90983],[-93.43568,44.91039],[-93.43579,44.9112],[-93.43553,44.91153],[-93.43115,44.91426],[-93.43023,44.91446],[-93.42929,44.91413],[-93.42827,44.91248],[-93.42824,44.91149],[-93.42861,44.91071],[-93.43219,44.9095],[-93.43582,44.90872],[-93.43677,44.90983]],[[-93.43561,44.9085],[-93.43219,44.90946],[-93.43099,44.90968],[-93.43063,44.90948],[-93.43029,44.90843],[-93.43324,44.90696],[-93.43454,44.90718],[-93.43561,44.9085]],[[-93.43332,44.90646],[-93.43001,44.90817],[-93.42973,44.90797],[-93.42999,44.90768],[-93.42964,44.9066],[-93.4296,44.90612],[-93.43091,44.90546],[-93.43187,44.90632],[-93.43332,44.90646]],[[-93.4301,44.96836],[-93.42984,44.9687],[-93.42871,44.969],[-93.42748,44.97013],[-93.42614,44.97016],[-93.42313,44.96944],[-93.42196,44.96707],[-93.42211,44.96677],[-93.42349,44.96664],[-93.42785,44.96817],[-93.42893,44.96779],[-93.4279,44.96769],[-93.42842,44.9666],[-93.42879,44.96658],[-93.42967,44.96724],[-93.4301,44.96836]]],[[[-93.52265,44.95745],[-93.52222,44.95717],[-93.5199,44.9564],[-93.51764,44.95615],[-93.51648,44.95662],[-93.51737,44.95631],[-93.51961,44.9564],[-93.52265,44.95756],[-93.52265,44.95745]]],[[[-93.52179,44.95401],[-93.52152,44.95422],[-93.5211,44.9549],[-93.52179,44.95401]]],[[[-93.52132,44.96738],[-93.52082,44.96782],[-93.52072,44.96797],[-93.52132,44.96738]]],[[[-93.51995,44.96846],[-93.51872,44.96875],[-93.51937,44.96873],[-93.51995,44.96846]]],[[[-93.51815,44.96892],[-93.51807,44.9689],[-93.51795,44.96893],[-93.51815,44.96892]]],[[[-93.51545,44.95704],[-93.51531,44.9571],[-93.51523,44.95725],[-93.51545,44.95704]]],[[[-93.51443,44.95895],[-93.51441,44.95882],[-93.51439,44.95886],[-93.51408,44.958],[-93.51401,44.95807],[-93.51423,44.95886],[-93.51443,44.95895]]],[[[-93.51399,44.95502],[-93.51376,44.95479],[-93.5122,44.95398],[-93.5122,44.95398],[-93.51399,44.95502]]],[[[-93.51178,44.95401],[-93.51176,44.95384],[-93.51035,44.95373],[-93.50731,44.95193],[-93.50712,44.95195],[-93.51029,44.95378],[-93.51178,44.95401]]],[[[-93.50613,44.93551],[-93.50538,44.93574],[-93.50558,44.93575],[-93.50613,44.93551]]],[[[-93.50333,44.96593],[-93.50325,44.96592],[-93.50331,44.96603],[-93.50333,44.96593]]],[[[-93.50295,44.95228],[-93.50218,44.95204],[-93.50242,44.95232],[-93.50295,44.95228]]],[[[-93.50149,44.95695],[-93.50133,44.95673],[-93.49931,44.95873],[-93.49859,44.96022],[-93.49827,44.96193],[-93.49844,44.96195],[-93.49921,44.95917],[-93.49974,44.95837],[-93.50149,44.95695]]],[[[-93.50033,44.96535],[-93.49971,44.96505],[-93.50022,44.96533],[-93.50033,44.96535]]],[[[-93.49867,44.96424],[-93.49866,44.96417],[-93.4985,44.96387],[-93.49844,44.96217],[-93.49823,44.96216],[-93.49816,44.96253],[-93.49855,44.96409],[-93.49867,44.96424]]],[[[-93.49812,44.95038],[-93.49812,44.95038],[-93.49812,44.95039],[-93.49812,44.95038]]],[[[-93.49592,44.95069],[-93.4959,44.95068],[-93.49591,44.95067],[-93.49583,44.95064],[-93.49583,44.95081],[-93.49586,44.95076],[-93.49587,44.95082],[-93.49592,44.95069]]],[[[-93.49146,44.9582],[-93.49114,44.95786],[-93.4902,44.95739],[-93.49004,44.95794],[-93.49121,44.95827],[-93.49132,44.95824],[-93.49144,44.95827],[-93.49137,44.95822],[-93.49146,44.9582]]]]}},
{"type":"Feature","id":"2395351","properties":{"id":"2395351","name":"Minnetonka Beach","kind":"city","counties":["Hennepin"],"population":547,"label":[-93.58921,44.93943]},"geometry":{"type":"MultiPolygon","coordinates":[[[[-93.60442,44.93467],[-93.60048,44.93467],[-93.60061,44.93532],[-93.6018,44.93679],[-93.60188,44.93689],[-93.60111,44.93798],[-93.6002,44.93841],[-93.59223,44.93961],[-93.59191,44.93966],[-93.58823,44.93938],[-93.58716,44.9391],[-93.58573,44.93874],[-93.5843,44.93837],[-93.58419,44.93829],[-93.58394,44.93824],[-93.58382,44.93802],[-93.58375,44.93797],[-93.58373,44.93784],[-93.58336,44.93717],[-93.58339,44.93609],[-93.58333,44.93582],[-93.58292,44.93508],[-93.57974,44.93302],[-93.57928,44.93274],[-93.57906,44.93173],[-93.57872,44.93138],[-93.57911,44.93537],[-93.57801,44.9362],[-93.57606,44.93775],[-93.57602,44.93787],[-93.57573,44.9381],[-93.5758,44.93905],[-93.57717,44.94154],[-93.57783,44.94225],[-93.5798,44.9431],[-93.57986,44.94338],[-93.58018,44.94354],[-93.58027,44.94358],[-93.58058,44.94327],[-93.58066,44.94316],[-93.58077,44.94308],[-93.58177,44.94208],[-93.58274,44.94162],[-93.58322,44.94153],[-93.58419,44.94124],[-93.58488,44.94103],[-93.58552,44.94101],[-93.58558,44.941],[-93.58638,44.94097],[-93.58639,44.94097],[-93.58669,44.94092],[-93.58681,44.94096],[-93.58688,44.94098],[-93.58717,44.94097],[-93.58815,44.94116],[-93.59057,44.94301],[-93.59115,44.9437],[-93.5916,44.94444],[-93.59195,44.94464],[-93.59226,44.94482],[-93.59249,44.94491],[-93.59265,44.94497],[-93.5928,44.94495],[-93.59309,44.94493],[-93.59364,44.9448],[-93.59532,44.94331],[-93.59589,44.94281],[-93.59634,44.94241],[-93.60064,44.94127],[-93.60436,44.94078],[-93.60438,44.94077],[-93.60441,44.93544],[-93.60442,44.93467]]]]}},
{"type":"Feature","id":"2395352","properties":{"id":"2395352","name":"Minnetrista","kind":"city","counties":["Hennepin"],"population":8827,"label":[-93.71044,44.93458]},"geometry":{"type":"MultiPolygon","coordinates":[[[[-93.76799,44.89085],[-93.68213,44.8912],[-93.68122,44.89186],[-93.6794,44.89218],[-93.67722,44.89201],[-93.67639,44.89122],[-93.66408,44.89127],[-93.66333,44.89135],[-93.66305,44.89128],[-93.65349,44.89132],[-93.65567,44.89322],[-93.656,44.89319],[-93.65605,44.89235],[-93.65647,44.89217],[-93.65772,44.89205],[-93.65882,44.89241],[-93.65975,44.89326],[-93.65995,44.89389],[-93.65899,44.89482],[-93.65898,44.89577],[-93.66124,44.89577],[-93.66309,44.89509],[-93.66436,44.89498],[-93.66706,44.8962],[-93.67221,44.90073],[-93.67249,44.90123],[-93.67224,44.9023],[-93.67319,44.90495],[-93.67372,44.90532],[-93.6746,44.9053],[-93.67514,44.90608],[-93.67687,44.90659],[-93.67737,44.90706],[-93.67769,44.90785],[-93.6775,44.90917],[-93.67648,44.91091],[-93.67569,44.91156],[-93.67465,44.91157],[-93.67353,44.91208],[-93.67119,44.91434],[-93.67096,44.91564],[-93.67232,44.91691],[-93.67224,44.91732],[-93.67003,44.91861],[-93.6667,44.91941],[-93.67269,44.9182],[-93.67465,44.91872],[-93.67363,44.91685],[-93.67437,44.91643],[-93.67665,44.91605],[-93.67837,44.91631],[-93.67956,44.91726],[-93.68014,44.91733],[-93.67928,44.91569],[-93.6806,44.91575],[-93.67978,44.91626],[-93.68025,44.91671],[-93.68221,44.91704],[-93.68272,44.91731],[-93.68282,44.91733],[-93.68288,44.91739],[-93.68311,44.91751],[-93.68361,44.91811],[-93.68428,44.91876],[-93.68442,44.91884],[-93.68492,44.91912],[-93.68493,44.91916],[-93.68496,44.91918],[-93.68515,44.91986],[-93.68687,44.91989],[-93.68724,44.92028],[-93.68787,44.91987],[-93.68806,44.91928],[-93.68799,44.91911],[-93.68526,44.91636],[-93.68258,44.91499],[-93.68006,44.91435],[-93.67945,44.91357],[-93.67928,44.91107],[-93.67842,44.90922],[-93.67963,44.90732],[-93.67929,44.90642],[-93.67954,44.90521],[-93.67958,44.90516],[-93.6796,44.90508],[-93.68045,44.90395],[-93.68067,44.90384],[-93.68074,44.90375],[-93.68102,44.90365],[-93.68146,44.90343],[-93.68183,44.90338],[-93.68258,44.90313],[-93.68309,44.90322],[-93.6836,44.90316],[-93.68438,44.90346],[-93.68865,44.90424],[-93.69357,44.90703],[-93.69512,44.9066],[-93.69678,44.90748],[-93.69679,44.90753],[-93.69685,44.90756],[-93.6971,44.90885],[-93.69661,44.90969],[-93.69564,44.90972],[-93.69515,44.91013],[-93.69333,44.9097],[-93.69282,44.91056],[-93.69047,44.91151],[-93.69123,44.9122],[-93.69272,44.91256],[-93.69315,44.91237],[-93.69291,44.9119],[-93.69314,44.91151],[-93.69476,44.91108],[-93.69504,44.91199],[-93.69602,44.9127],[-93.69667,44.91393],[-93.6973,44.91368],[-93.69776,44.91427],[-93.69639,44.91459],[-93.69613,44.91411],[-93.69541,44.91501],[-93.69401,44.91475],[-93.69267,44.91541],[-93.6924,44.91616],[-93.69576,44.91608],[-93.69774,44.91508],[-93.69969,44.91479],[-93.70006,44.91425],[-93.70088,44.91453],[-93.70154,44.91387],[-93.70237,44.91371],[-93.70315,44.91407],[-93.70376,44.91392],[-93.70437,44.91437],[-93.70377,44.91551],[-93.70413,44.91633],[-93.7028,44.91704],[-93.70237,44.91687],[-93.70126,44.91731],[-93.70046,44.91829],[-93.70072,44.91848],[-93.70041,44.91904],[-93.70088,44.9203],[-93.70062,44.9203],[-93.70008,44.91897],[-93.69814,44.9191],[-93.6978,44.91992],[-93.69667,44.91993],[-93.6961,44.91928],[-93.69677,44.91904],[-93.6966,44.91868],[-93.69263,44.9213],[-93.69321,44.92208],[-93.69275,44.92234],[-93.6931,44.92339],[-93.68838,44.92483],[-93.68675,44.92492],[-93.68675,44.92556],[-93.68595,44.92555],[-93.68595,44.92664],[-93.68683,44.92674],[-93.68723,44.92752],[-93.68604,44.92802],[-93.68596,44.92794],[-93.686,44.94137],[-93.68429,44.94151],[-93.68317,44.94136],[-93.68431,44.94158],[-93.68766,44.94143],[-93.68976,44.94231],[-93.69184,44.94435],[-93.69158,44.9453],[-93.69065,44.94591],[-93.69075,44.9463],[-93.68923,44.94557],[-93.68837,44.94622],[-93.68677,44.94628],[-93.68556,44.94613],[-93.68505,44.94572],[-93.68541,44.94472],[-93.68514,44.94425],[-93.68298,44.94362],[-93.68237,44.94468],[-93.6816,44.94514],[-93.67941,44.94522],[-93.68045,44.94636],[-93.67853,44.94628],[-93.67635,44.94673],[-93.67235,44.94699],[-93.67207,44.94754],[-93.67258,44.94809],[-93.67185,44.94761],[-93.67181,44.94717],[-93.67088,44.94669],[-93.67042,44.94567],[-93.66583,44.94565],[-93.66562,44.94955],[-93.65992,44.94953],[-93.66038,44.95037],[-93.66043,44.95062],[-93.66052,44.9508],[-93.66058,44.95134],[-93.66086,44.95273],[-93.66097,44.95286],[-93.6628,44.95361],[-93.66174,44.95473],[-93.66162,44.95494],[-93.66146,44.95502],[-93.66139,44.95509],[-93.65813,44.95664],[-93.65796,44.95735],[-93.65797,44.9574],[-93.66145,44.96008],[-93.66096,44.9606],[-93.66279,44.96195],[-93.66221,44.96184],[-93.6627,44.9627],[-93.66366,44.96275],[-93.66413,44.96203],[-93.66435,44.96206],[-93.66439,44.96201],[-93.66436,44.96206],[-93.66444,44.96207],[-93.66374,44.96301],[-93.66242,44.96291],[-93.66241,44.9629],[-93.6624,44.9629],[-93.66146,44.96153],[-93.66096,44.9614],[-93.66094,44.96097],[-93.66052,44.96103],[-93.66042,44.96072],[-93.65748,44.9592],[-93.65741,44.95876],[-93.65792,44.95877],[-93.65763,44.95861],[-93.65582,44.9586],[-93.65329,44.95796],[-93.64848,44.95602],[-93.64671,44.95623],[-93.64542,44.95579],[-93.64544,44.9786],[-93.7675,44.97764],[-93.76799,44.89085]],[[-93.76358,44.97456],[-93.76086,44.97432],[-93.75979,44.97376],[-93.75601,44.97437],[-93.75263,44.97351],[-93.74985,44.97356],[-93.74639,44.97301],[-93.7443,44.9734],[-93.74355,44.97358],[-93.74265,44.97315],[-93.74283,44.97357],[-93.74233,44.97292],[-93.74184,44.97353],[-93.74115,44.9735],[-93.73994,44.97402],[-93.73805,44.97369],[-93.73502,44.97255],[-93.73628,44.9716],[-93.73983,44.97162],[-93.74208,44.97079],[-93.74196,44.97052],[-93.74237,44.97029],[-93.74268,44.97037],[-93.74253,44.97078],[-93.74379,44.97039],[-93.74651,44.97025],[-93.75095,44.97065],[-93.75189,44.9713],[-93.75327,44.97155],[-93.75515,44.97267],[-93.75706,44.97327],[-93.76022,44.97304],[-93.76114,44.97367],[-93.76086,44.97409],[-93.76358,44.97456]],[[-93.75801,44.90508],[-93.75801,44.90539],[-93.75756,44.9054],[-93.75754,44.91279],[-93.73708,44.91312],[-93.73715,44.90207],[-93.7377,44.90206],[-93.73716,44.90186],[-93.7372,44.89836],[-93.74584,44.89836],[-93.74449,44.89956],[-93.74404,44.8993],[-93.74171,44.90135],[-93.74069,44.90136],[-93.74053,44.90204],[-93.74242,44.90203],[-93.74298,44.90154],[-93.746,44.90158],[-93.746,44.90073],[-93.74393,44.9007],[-93.74634,44.89836],[-93.74734,44.89837],[-93.74736,44.89757],[-93.75252,44.89433],[-93.75247,44.8983],[-93.75762,44.89823],[-93.75756,44.90493],[-93.75801,44.90508]],[[-93.74549,44.89314],[-93.74449,44.89394],[-93.74447,44.89452],[-93.7452,44.89561],[-93.74517,44.89681],[-93.74196,44.89803],[-93.7398,44.89765],[-93.73851,44.89808],[-93.73856,44.89778],[-93.73821,44.89762],[-93.73895,44.89639],[-93.73898,44.89549],[-93.73859,44.89462],[-93.7368,44.89449],[-93.73672,44.89409],[-93.73717,44.89364],[-93.73637,44.89299],[-93.73636,44.89243],[-93.73671,44.89221],[-93.73772,44.89254],[-93.73782,44.89221],[-93.73741,44.89188],[-93.7383,44.89198],[-93.73821,44.89115],[-93.73897,44.89144],[-93.7386,44.89178],[-93.73926,44.8922],[-93.73969,44.89204],[-93.73953,44.89153],[-93.74309,44.89147],[-93.7446,44.89202],[-93.74543,44.8927],[-93.74549,44.89314]],[[-93.74183,44.93681],[-93.74103,44.93689],[-93.74067,44.93872],[-93.73744,44.93978],[-93.7372,44.94097],[-93.7385,44.94179],[-93.73704,44.94253],[-93.73507,44.94242],[-93.73449,44.94197],[-93.73285,44.94162],[-93.73022,44.94195],[-93.72997,44.94121],[-93.73051,44.9403],[-93.72891,44.93951],[-93.72717,44.93983],[-93.7247,44.94166],[-93.71952,44.94314],[-93.71854,44.94308],[-93.71676,44.94375],[-93.71609,44.94357],[-93.71536,44.94391],[-93.71424,44.94363],[-93.71297,44.94311],[-93.71277,44.94255],[-93.71367,44.94198],[-93.71423,44.94086],[-93.71528,44.9402],[-93.71552,44.93804],[-93.71494,44.93681],[-93.71572,44.93531],[-93.71545,44.93491],[-93.71444,44.93458],[-93.7112,44.93436],[-93.71031,44.93312],[-93.71017,44.93177],[-93.70959,44.93042],[-93.70973,44.92965],[-93.70977,44.92961],[-93.7098,44.92949],[-93.70992,44.92948],[-93.71015,44.92926],[-93.71098,44.92935],[-93.71156,44.93007],[-93.71269,44.93055],[-93.7129,44.93051],[-93.71298,44.93046],[-93.71272,44.92982],[-93.71244,44.92959],[-93.71148,44.92906],[-93.71161,44.92893],[-93.71149,44.92884],[-93.71174,44.92879],[-93.71195,44.92858],[-93.71298,44.92857],[-93.71559,44.92941],[-93.71726,44.9294],[-93.71939,44.9308],[-93.72206,44.93049],[-93.72307,44.93066],[-93.72421,44.93151],[-93.72427,44.9317],[-93.72434,44.93176],[-93.72431,44.93184],[-93.72435,44.93195],[-93.72371,44.93374],[-93.72361,44.9339],[-93.72343,44.93443],[-93.72295,44.93496],[-93.72289,44.93505],[-93.72286,44.93506],[-93.7228,44.93512],[-93.72158,44.9354],[-93.7189,44.93483],[-93.71845,44.93484],[-93.71786,44.93507],[-93.7166,44.93583],[-93.7162,44.93618],[-93.71622,44.93627],[-93.71732,44.93694],[-93.71903,44.93702],[-93.72071,44.93654],[-93.72274,44.93739],[-93.72341,44.93714],[-93.72406,44.93663],[-93.72503,44.93507],[-93.72508,44.93495],[-93.72513,44.9349],[-93.72519,44.93481],[-93.72531,44.93474],[-93.72567,44.93441],[-93.72637,44.93392],[-93.72681,44.93386],[-93.72695,44.93378],[-93.72717,44.93382],[-93.72745,44.93378],[-93.73018,44.93433],[-93.73084,44.93418],[-93.73128,44.93447],[-93.73173,44.93421],[-93.73686,44.93473],[-93.73844,44.93436],[-93.74081,44.93533],[-93.74079,44.93632],[-93.74183,44.93681]],[[-93.70978,44.95162],[-93.70928,44.95266],[-93.70914,44.95395],[-93.70869,44.95404],[-93.7072,44.95397],[-93.70642,44.95316],[-93.70648,44.95199],[-93.70741,44.95067],[-93.70601,44.94862],[-93.70606,44.9478],[-93.70547,44.94682],[-93.70581,44.94616],[-93.70712,44.946],[-93.70856,44.94635],[-93.7097,44.94798],[-93.70978,44.95162]],[[-93.70616,44.94359],[-93.70559,44.94439],[-93.70491,44.94441],[-93.7042,44.9442],[-93.70228,44.94211],[-93.70236,44.94117],[-93.7034,44.94094],[-93.70556,44.94229],[-93.70616,44.94359]],[[-93.70499,44.95704],[-93.70301,44.9581],[-93.70204,44.95818],[-93.7027,44.9575],[-93.70252,44.95694],[-93.70184,44.95684],[-93.70078,44.9564],[-93.70109,44.95579],[-93.70051,44.95549],[-93.7005,44.95623],[-93.69944,44.95679],[-93.69899,44.95564],[-93.69963,44.95498],[-93.69956,44.95416],[-93.70027,44.95363],[-93.70099,44.95355],[-93.70151,44.95395],[-93.70127,44.95447],[-93.70053,44.95468],[-93.7016,44.95469],[-93.7011,44.95545],[-93.7022,44.95574],[-93.70292,44.95673],[-93.70459,44.95656],[-93.70499,44.95704]],[[-93.69929,44.95163],[-93.698,44.9522],[-93.69811,44.95261],[-93.69892,44.95293],[-93.69839,44.95331],[-93.69789,44.9532],[-93.69726,44.95227],[-93.69778,44.95187],[-93.69776,44.95136],[-93.69828,44.95109],[-93.69929,44.95163]],[[-93.6989,44.95401],[-93.69807,44.95418],[-93.69717,44.95369],[-93.69673,44.95395],[-93.69676,44.95489],[-93.69877,44.95575],[-93.6976,44.95555],[-93.69424,44.95513],[-93.69345,44.95464],[-93.69137,44.95423],[-93.69221,44.95384],[-93.69348,44.95438],[-93.69446,44.9539],[-93.69488,44.95437],[-93.69504,44.95381],[-93.69464,44.95287],[-93.69509,44.95113],[-93.69552,44.951],[-93.69741,44.95154],[-93.6969,44.9519],[-93.69713,44.95227],[-93.6961,44.95229],[-93.69605,44.95288],[-93.69726,44.95305],[-93.69752,44.95366],[-93.69855,44.95366],[-93.6989,44.95401]],[[-93.69705,44.93051],[-93.69573,44.93102],[-93.6938,44.93056],[-93.6931,44.93051],[-93.69235,44.93088],[-93.69219,44.93049],[-93.69097,44.93026],[-93.68971,44.92905],[-93.68968,44.92864],[-93.69073,44.92791],[-93.69088,44.92866],[-93.69153,44.92883],[-93.69241,44.92811],[-93.69373,44.9277],[-93.69516,44.92856],[-93.69519,44.92986],[-93.69705,44.93051]]],[[[-93.69672,44.9085],[-93.69644,44.90765],[-93.69512,44.90688],[-93.69438,44.90719],[-93.6948,44.90787],[-93.69383,44.90875],[-93.69392,44.90945],[-93.69476,44.90966],[-93.69627,44.90937],[-93.69672,44.9085]]],[[[-93.69092,44.92249],[-93.69068,44.92258],[-93.69057,44.92265],[-93.69072,44.92263],[-93.69092,44.92249]]],[[[-93.68839,44.92301],[-93.68818,44.92298],[-93.68803,44.92299],[-93.68829,44.92303],[-93.68839,44.92301]]],[[[-93.68487,44.91991],[-93.68444,44.91908],[-93.68372,44.91876],[-93.68359,44.91932],[-93.68322,44.9196],[-93.68312,44.91976],[-93.68232,44.92027],[-93.68184,44.92062],[-93.68175,44.92063],[-93.68161,44.92071],[-93.68337,44.92071],[-93.68372,44.92053],[-93.68439,44.91953],[-93.68487,44.91991]]],[[[-93.68429,44.91877],[-93.68428,44.91876],[-93.68426,44.91876],[-93.68429,44.91877]]],[[[-93.68349,44.92226],[-93.68301,44.92232],[-93.68308,44.92236],[-93.68349,44.92226]]],[[[-93.67908,44.9208],[-93.67894,44.9208],[-93.67877,44.92093],[-93.67908,44.9208]]],[[[-93.67868,44.94232],[-93.67493,44.94235],[-93.6768,44.94251],[-93.67868,44.94232]]],[[[-93.6779,44.92113],[-93.67744,44.92106],[-93.67756,44.92117],[-93.67747,44.92118],[-93.67781,44.92142],[-93.6779,44.92113]]],[[[-93.67727,44.92141],[-93.67719,44.92137],[-93.67697,44.92159],[-93.67727,44.92141]]],[[[-93.67495,44.92215],[-93.67462,44.92213],[-93.67467,44.92215],[-93.67495,44.92215]]],[[[-93.67272,44.94277],[-93.67172,44.943],[-93.67141,44.94318],[-93.67272,44.94277]]],[[[-93.67128,44.94325],[-93.6712,44.9433],[-93.67047,44.94451],[-93.67047,44.94452],[-93.67128,44.94325]]],[[[-93.6711,44.92753],[-93.67099,44.92709],[-93.67101,44.92752],[-93.67104,44.92763],[-93.6711,44.92753]]],[[[-93.67048,44.92298],[-93.6703,44.9232],[-93.67012,44.92362],[-93.67012,44.92374],[-93.67037,44.92463],[-93.67016,44.92378],[-93.67048,44.92298]]],[[[-93.66922,44.9291],[-93.66901,44.92915],[-93.66863,44.92929],[-93.66911,44.92916],[-93.66922,44.9291]]],[[[-93.6657,44.93007],[-93.66498,44.93023],[-93.66512,44.93022],[-93.6657,44.93007]]],[[[-93.66385,44.90026],[-93.66377,44.8996],[-93.66384,44.8992],[-93.66373,44.89925],[-93.66372,44.89916],[-93.66158,44.90009],[-93.66102,44.90055],[-93.66072,44.90069],[-93.66032,44.90112],[-93.66178,44.9017],[-93.66202,44.90168],[-93.66245,44.90182],[-93.66345,44.90154],[-93.66385,44.90026]]],[[[-93.66221,44.91591],[-93.66211,44.91587],[-93.66219,44.91585],[-93.66038,44.91525],[-93.65858,44.91547],[-93.65551,44.9147],[-93.65348,44.91332],[-93.65208,44.91118],[-93.65235,44.91183],[-93.65171,44.91214],[-93.65105,44.91346],[-93.65162,44.91394],[-93.65414,44.91478],[-93.65447,44.91518],[-93.65452,44.91527],[-93.65331,44.91674],[-93.65318,44.91679],[-93.65261,44.91701],[-93.65286,44.91701],[-93.65369,44.917],[-93.6555,44.91699],[-93.65973,44.91696],[-93.65959,44.91728],[-93.66067,44.91625],[-93.66221,44.91591]]],[[[-93.6614,44.96126],[-93.66129,44.96116],[-93.66124,44.96113],[-93.66121,44.9611],[-93.66123,44.96114],[-93.66132,44.96126],[-93.66133,44.96128],[-93.66135,44.96128],[-93.66136,44.96127],[-93.6614,44.96126]]],[[[-93.66008,44.92036],[-93.65746,44.92093],[-93.66004,44.92048],[-93.66008,44.92036]]],[[[-93.65983,44.94937],[-93.65943,44.94861],[-93.65941,44.94859],[-93.65983,44.94937]]],[[[-93.65849,44.94733],[-93.65808,44.94725],[-93.65783,44.9473],[-93.65806,44.94732],[-93.65849,44.94733]]],[[[-93.65828,44.89787],[-93.65749,44.89708],[-93.65759,44.89636],[-93.65561,44.89797],[-93.65507,44.89828],[-93.65828,44.89787]]],[[[-93.65727,44.92975],[-93.65723,44.92974],[-93.65697,44.92974],[-93.65727,44.92975]]],[[[-93.65624,44.94848],[-93.65605,44.94849],[-93.6557,44.94976],[-93.65624,44.94848]]],[[[-93.65545,44.95035],[-93.65481,44.95106],[-93.65481,44.95106],[-93.65536,44.95055],[-93.65545,44.95035]]],[[[-93.65508,44.90081],[-93.65321,44.90121],[-93.65111,44.90067],[-93.65094,44.89957],[-93.65141,44.89913],[-93.65178,44.8989],[-93.65172,44.89883],[-93.65176,44.8988],[-93.65119,44.8982],[-93.64969,44.89801],[-93.64951,44.89794],[-93.64949,44.89799],[-93.64944,44.89798],[-93.64944,44.89807],[-93.64905,44.89881],[-93.64891,44.89894],[-93.64896,44.89896],[-93.64893,44.89903],[-93.65007,44.89946],[-93.64994,44.89989],[-93.64937,44.90019],[-93.64681,44.90059],[-93.64776,44.90155],[-93.64842,44.90277],[-93.65061,44.90336],[-93.65116,44.90336],[-93.65179,44.9035],[-93.65206,44.90337],[-93.65225,44.90337],[-93.65329,44.90277],[-93.65508,44.90081]]],[[[-93.65452,44.92214],[-93.65275,44.92231],[-93.65273,44.92232],[-93.65432,44.92224],[-93.65452,44.92214]]],[[[-93.65387,44.95094],[-93.65372,44.9509],[-93.65377,44.95093],[-93.65387,44.95094]]],[[[-93.6523,44.90798],[-93.65226,44.90788],[-93.65228,44.90776],[-93.65213,44.90752],[-93.65207,44.90735],[-93.65201,44.90731],[-93.65187,44.90709],[-93.64923,44.90572],[-93.64725,44.90521],[-93.64624,44.90594],[-93.64539,44.90619],[-93.64542,44.91245],[-93.64558,44.91234],[-93.64585,44.91172],[-93.64753,44.91184],[-93.65046,44.91077],[-93.65174,44.91097],[-93.65121,44.91052],[-93.65126,44.90963],[-93.65144,44.90872],[-93.65222,44.90817],[-93.65224,44.90803],[-93.6523,44.90798]]],[[[-93.65191,44.92289],[-93.6518,44.92297],[-93.65167,44.92335],[-93.65174,44.92321],[-93.6519,44.92292],[-93.65191,44.92289]]],[[[-93.65155,44.92812],[-93.6514,44.92796],[-93.65141,44.92799],[-93.65155,44.92812]]],[[[-93.65142,44.92539],[-93.6514,44.92475],[-93.65135,44.92565],[-93.65142,44.92539]]]]}},
{"type":"Feature","id":"665015","properties":{"id":"665015","name":"Monticello","kind":"township","counties":["Wright"],"population":3353,"label":[-93.88644,45.27544]},"geometry":{"type":"MultiPolygon","coordinates":[[[[-93.89111,45.25248],[-93.89066,45.23789],[-93.83199,45.23772],[-93.83243,45.23881],[-93.83363,45.23909],[-93.8336,45.24192],[-93.83302,45.24238],[-93.83279,45.24334],[-93.83137,45.24469],[-93.83085,45.24476],[-93.8303,45.24396],[-93.82946,45.2435],[-93.82981,45.24316],[-93.83227,45.24263],[-93.8324,45.24202],[-93.8303,45.2414],[-93.82829,45.24149],[-93.82526,45.24089],[-93.82342,45.24015],[-93.82217,45.23905],[-93.82162,45.23769],[-93.79585,45.23762],[-93.79579,45.2378],[-93.79627,45.23784],[-93.79654,45.23833],[-93.79619,45.23848],[-93.79526,45.23799],[-93.79352,45.2381],[-93.79213,45.23761],[-93.78646,45.23759],[-93.78,45.23772],[-93.78108,45.24037],[-93.78323,45.24133],[-93.78341,45.24268],[-93.78295,45.24315],[-93.78282,45.24281],[-93.78202,45.24278],[-93.78244,45.24431],[-93.78181,45.24692],[-93.78378,45.24774],[-93.78397,45.24843],[-93.78368,45.24889],[-93.78428,45.24929],[-93.7844,45.24984],[-93.7834,45.25007],[-93.78229,45.2493],[-93.77938,45.25026],[-93.77623,45.25001],[-93.77562,45.25022],[-93.77537,45.24935],[-93.77432,45.2494],[-93.77307,45.24867],[-93.77286,45.25035],[-93.77364,45.25209],[-93.77225,45.25368],[-93.76881,45.25436],[-93.76632,45.25435],[-93.76571,45.25406],[-93.76558,45.25509],[-93.76467,45.25599],[-93.76036,45.25782],[-93.75818,45.25786],[-93.75967,45.25807],[-93.76038,45.25845],[-93.7603,45.25882],[-93.75946,45.25888],[-93.75817,45.2596],[-93.75781,45.25954],[-93.75772,45.25889],[-93.75687,45.25771],[-93.75795,45.25783],[-93.75413,45.2566],[-93.75273,45.25708],[-93.75173,45.25687],[-93.74979,45.25423],[-93.74934,45.25423],[-93.74956,45.25448],[-93.7492,45.25472],[-93.74842,45.25453],[-93.74869,45.2541],[-93.74927,45.25408],[-93.74872,45.2532],[-93.74887,45.25234],[-93.74813,45.25211],[-93.74777,45.25164],[-93.74589,45.25131],[-93.74473,45.24911],[-93.74429,45.24914],[-93.74415,45.24877],[-93.74467,45.24868],[-93.74519,45.24764],[-93.74656,45.24766],[-93.74721,45.24695],[-93.74568,45.24621],[-93.74505,45.24526],[-93.74568,45.2455],[-93.74778,45.24524],[-93.74815,45.24544],[-93.74957,45.24426],[-93.75278,45.24391],[-93.75245,45.24366],[-93.74966,45.2438],[-93.74918,45.24351],[-93.75046,45.24309],[-93.75068,45.24357],[-93.75113,45.24368],[-93.75159,45.24326],[-93.75134,45.24269],[-93.75229,45.24254],[-93.7507,45.24246],[-93.75031,45.24207],[-93.75122,45.24163],[-93.75153,45.24113],[-93.75114,45.2406],[-93.75125,45.23985],[-93.75095,45.23968],[-93.75137,45.23873],[-93.75079,45.23801],[-93.70426,45.23803],[-93.70446,45.25965],[-93.71471,45.26523],[-93.71472,45.26668],[-93.7046,45.26664],[-93.7044,45.29675],[-93.70583,45.29621],[-93.70709,45.29545],[-93.70989,45.2948],[-93.71341,45.29471],[-93.71789,45.29562],[-93.72043,45.29681],[-93.72317,45.29871],[-93.72435,45.2991],[-93.73655,45.29924],[-93.74062,45.29846],[-93.75205,45.29439],[-93.75535,45.29424],[-93.75534,45.29406],[-93.75502,45.29402],[-93.75181,45.2944],[-93.75179,45.28855],[-93.74524,45.2885],[-93.74525,45.2876],[-93.74272,45.28757],[-93.74271,45.28848],[-93.74018,45.28845],[-93.74026,45.28121],[-93.74532,45.28126],[-93.74532,45.28086],[-93.74911,45.28308],[-93.7529,45.28603],[-93.75545,45.28855],[-93.75886,45.28951],[-93.76147,45.28973],[-93.75146,45.28427],[-93.74687,45.28127],[-93.75551,45.28131],[-93.75555,45.27053],[-93.76061,45.27055],[-93.76061,45.27415],[-93.77083,45.27411],[-93.77076,45.28191],[-93.77157,45.28191],[-93.77157,45.28133],[-93.78593,45.28123],[-93.78597,45.28019],[-93.78215,45.27778],[-93.78216,45.2765],[-93.78039,45.27651],[-93.77963,45.27446],[-93.77907,45.27412],[-93.78116,45.27411],[-93.78129,45.27172],[-93.79013,45.2716],[-93.79121,45.26498],[-93.79174,45.26497],[-93.79174,45.26587],[-93.7968,45.26491],[-93.79649,45.27395],[-93.80012,45.27392],[-93.81446,45.27387],[-93.81465,45.27424],[-93.8098,45.2811],[-93.8249,45.2813],[-93.8249,45.28249],[-93.82697,45.28252],[-93.82696,45.29233],[-93.81728,45.29708],[-93.82184,45.29715],[-93.82187,45.29946],[-93.82393,45.29949],[-93.82391,45.29805],[-93.82696,45.29805],[-93.82704,45.30495],[-93.82502,45.30492],[-93.82503,45.30513],[-93.82423,45.30519],[-93.82462,45.30674],[-93.82045,45.30649],[-93.81557,45.3027],[-93.81222,45.30087],[-93.80659,45.2995],[-93.80661,45.30031],[-93.81008,45.30104],[-93.81346,45.30236],[-93.82658,45.31257],[-93.83682,45.31811],[-93.85243,45.32908],[-93.86107,45.33283],[-93.86106,45.33416],[-93.8612,45.33426],[-93.86201,45.33557],[-93.86413,45.33727],[-93.86557,45.33815],[-93.86734,45.33849],[-93.86935,45.33938],[-93.87216,45.34184],[-93.87913,45.34557],[-93.8793,45.34619],[-93.88204,45.34793],[-93.88391,45.34971],[-93.88534,45.35161],[-93.88865,45.35785],[-93.88833,45.36106],[-93.88963,45.36298],[-93.89088,45.36364],[-93.89086,45.31134],[-93.89052,45.28224],[-93.89103,45.26785],[-93.89111,45.25248]],[[-93.88949,45.29701],[-93.88693,45.29867],[-93.88429,45.29819],[-93.88333,45.29752],[-93.87993,45.2986],[-93.87762,45.29762],[-93.87684,45.29695],[-93.87766,45.29694],[-93.87875,45.29768],[-93.87914,45.29759],[-93.87777,45.29546],[-93.87806,45.29453],[-93.87948,45.29298],[-93.88177,45.29192],[-93.88304,45.29226],[-93.885,45.29359],[-93.88701,45.29693],[-93.88909,45.29668],[-93.88949,45.29701]],[[-93.88681,45.26664],[-93.88496,45.26834],[-93.88331,45.26833],[-93.88301,45.26782],[-93.88334,45.2674],[-93.88557,45.26701],[-93.88622,45.26645],[-93.88681,45.26664]],[[-93.88423,45.26499],[-93.88168,45.26772],[-93.87867,45.26804],[-93.87713,45.26789],[-93.87673,45.26733],[-93.87699,45.26658],[-93.87957,45.26524],[-93.88171,45.26502],[-93.88265,45.26419],[-93.88398,45.26425],[-93.88423,45.26499]],[[-93.8793,45.26299],[-93.87914,45.26404],[-93.87825,45.26558],[-93.87717,45.266],[-93.87592,45.26604],[-93.87513,45.2676],[-93.87643,45.26791],[-93.87504,45.26865],[-93.87195,45.26948],[-93.86915,45.26967],[-93.87003,45.26818],[-93.87088,45.26779],[-93.87196,45.26736],[-93.87268,45.2665],[-93.87269,45.2657],[-93.87151,45.26423],[-93.87006,45.26387],[-93.86766,45.26244],[-93.86738,45.2616],[-93.86768,45.26095],[-93.87279,45.25784],[-93.87404,45.25866],[-93.87681,45.25907],[-93.87856,45.26122],[-93.8793,45.26299]],[[-93.87345,45.273],[-93.87161,45.27385],[-93.87073,45.27378],[-93.86957,45.27539],[-93.86879,45.27535],[-93.86766,45.27582],[-93.86708,45.27734],[-93.8636,45.27619],[-93.86221,45.27595],[-93.86158,45.27516],[-93.86168,45.27461],[-93.86242,45.27403],[-93.86277,45.27287],[-93.86248,45.27271],[-93.86339,45.27177],[-93.86663,45.26993],[-93.86847,45.27006],[-93.86858,45.27043],[-93.86806,45.27087],[-93.86795,45.27188],[-93.86848,45.27234],[-93.87034,45.27289],[-93.87283,45.27273],[-93.87345,45.273]],[[-93.85887,45.29065],[-93.85885,45.29142],[-93.8578,45.29257],[-93.85587,45.2933],[-93.85325,45.29342],[-93.85147,45.29288],[-93.85092,45.29192],[-93.85119,45.29073],[-93.85241,45.28904],[-93.85126,45.28761],[-93.8501,45.28786],[-93.85082,45.28753],[-93.85131,45.28664],[-93.85399,45.28507],[-93.85646,45.28491],[-93.85806,45.28846],[-93.85801,45.28909],[-93.8587,45.28923],[-93.85849,45.29008],[-93.85887,45.29065]],[[-93.85088,45.2836],[-93.85078,45.28416],[-93.84997,45.28566],[-93.84882,45.28679],[-93.8484,45.28785],[-93.84848,45.28931],[-93.84724,45.29388],[-93.84661,45.29513],[-93.846,45.29561],[-93.84515,45.2957],[-93.84328,45.29496],[-93.84423,45.29467],[-93.84445,45.29238],[-93.84626,45.29092],[-93.84576,45.28959],[-93.8443,45.28968],[-93.84379,45.28937],[-93.844,45.2885],[-93.84517,45.28688],[-93.84578,45.28682],[-93.84683,45.28769],[-93.84724,45.28619],[-93.84804,45.28486],[-93.84757,45.28475],[-93.84581,45.28546],[-93.84513,45.28544],[-93.84395,45.28467],[-93.84394,45.28348],[-93.84475,45.28286],[-93.84612,45.28276],[-93.84815,45.28294],[-93.84916,45.28338],[-93.85063,45.28334],[-93.85088,45.2836]],[[-93.84326,45.295],[-93.8402,45.29458],[-93.84048,45.29566],[-93.84102,45.29604],[-93.84122,45.29674],[-93.84192,45.29703],[-93.8417,45.29847],[-93.83979,45.29938],[-93.83824,45.29943],[-93.83776,45.29996],[-93.8369,45.29944],[-93.8372,45.29798],[-93.83802,45.29707],[-93.83924,45.29672],[-93.84013,45.29568],[-93.83971,45.29527],[-93.83989,45.29429],[-93.8421,45.29386],[-93.84291,45.29418],[-93.84326,45.295]],[[-93.83638,45.24357],[-93.83603,45.24412],[-93.83509,45.2446],[-93.83392,45.24464],[-93.83341,45.24435],[-93.83347,45.24373],[-93.83422,45.24302],[-93.83421,45.24213],[-93.8347,45.24195],[-93.83509,45.24268],[-93.83622,45.24263],[-93.83638,45.24357]],[[-93.83377,45.26166],[-93.83246,45.26244],[-93.82912,45.26246],[-93.82764,45.26356],[-93.8274,45.26423],[-93.82737,45.26462],[-93.82813,45.26507],[-93.82782,45.26552],[-93.82844,45.26542],[-93.82751,45.26582],[-93.82625,45.2658],[-93.82417,45.26583],[-93.8233,45.26549],[-93.82346,45.26357],[-93.82413,45.26267],[-93.82542,45.26244],[-93.82543,45.26303],[-93.82587,45.26371],[-93.82615,45.26368],[-93.8269,45.26289],[-93.82719,45.26178],[-93.82924,45.26044],[-93.82976,45.26058],[-93.83013,45.26177],[-93.83179,45.26132],[-93.83273,45.26067],[-93.83377,45.26166]],[[-93.82467,45.24375],[-93.82276,45.24419],[-93.82098,45.24545],[-93.82018,45.24525],[-93.81962,45.24471],[-93.82064,45.24394],[-93.82192,45.24387],[-93.8237,45.24327],[-93.82467,45.24375]],[[-93.73921,45.28482],[-93.73909,45.29569],[-93.73503,45.29565],[-93.73515,45.28478],[-93.73921,45.28482]]],[[[-93.87582,45.2615],[-93.87536,45.26101],[-93.87444,45.26106],[-93.87416,45.26159],[-93.87254,45.26282],[-93.87338,45.26297],[-93.87495,45.26255],[-93.87582,45.2615]]],[[[-93.86831,45.27391],[-93.86816,45.27381],[-93.8683,45.2738],[-93.86734,45.2733],[-93.86775,45.27383],[-93.86831,45.27391]]],[[[-93.86225,45.33749],[-93.86104,45.33605],[-93.86102,45.33755],[-93.86225,45.33749]]],[[[-93.84113,45.29441],[-93.84103,45.29433],[-93.84102,45.29433],[-93.84099,45.29431],[-93.84078,45.29437],[-93.84113,45.29441]]],[[[-93.84016,45.2953],[-93.84009,45.29526],[-93.83999,45.29516],[-93.83998,45.29521],[-93.8399,45.29517],[-93.83997,45.29525],[-93.83996,45.29528],[-93.84001,45.29529],[-93.84004,45.29533],[-93.84009,45.29532],[-93.84016,45.29534],[-93.84013,45.29531],[-93.84016,45.2953]]],[[[-93.81815,45.2985],[-93.81674,45.29745],[-93.81631,45.29775],[-93.81387,45.29932],[-93.81711,45.29938],[-93.81815,45.2985]]],[[[-93.80935,45.28367],[-93.80813,45.28339],[-93.80746,45.28434],[-93.80891,45.28435],[-93.80935,45.28367]]],[[[-93.79649,45.27395],[-93.79103,45.27401],[-93.79095,45.27592],[-93.79472,45.27588],[-93.7947,45.27643],[-93.79639,45.27641],[-93.79649,45.27395]]],[[[-93.77919,45.23773],[-93.77868,45.23774],[-93.77852,45.23788],[-93.77919,45.23773]]],[[[-93.7771,45.24183],[-93.77661,45.24199],[-93.77653,45.24095],[-93.77582,45.24059],[-93.77564,45.24145],[-93.77445,45.24281],[-93.77442,45.24392],[-93.77408,45.24425],[-93.77467,45.24511],[-93.77443,45.24613],[-93.77297,45.24704],[-93.77294,45.24846],[-93.77472,45.24922],[-93.77518,45.24863],[-93.77488,45.24781],[-93.77511,45.24662],[-93.77572,45.24625],[-93.7761,45.2453],[-93.7759,45.24364],[-93.7771,45.24183]]],[[[-93.77507,45.23825],[-93.77438,45.23783],[-93.7705,45.23791],[-93.76994,45.23866],[-93.76914,45.23903],[-93.77183,45.23944],[-93.77173,45.23898],[-93.7726,45.23836],[-93.77507,45.23825]]],[[[-93.77066,45.29249],[-93.77065,45.29043],[-93.76631,45.28917],[-93.76174,45.28903],[-93.76293,45.28968],[-93.76669,45.28993],[-93.7703,45.29106],[-93.77031,45.29249],[-93.77066,45.29249]]],[[[-93.76571,45.28439],[-93.7657,45.28136],[-93.76254,45.28134],[-93.7641,45.28327],[-93.76571,45.28439]]],[[[-93.76454,45.24006],[-93.76299,45.23978],[-93.76142,45.23882],[-93.76061,45.23874],[-93.75993,45.238],[-93.75892,45.238],[-93.75682,45.23894],[-93.75664,45.23969],[-93.75601,45.24024],[-93.75704,45.23993],[-93.75899,45.24078],[-93.76314,45.2413],[-93.76402,45.24076],[-93.76454,45.24006]]],[[[-93.75692,45.2503],[-93.75617,45.24951],[-93.75595,45.24803],[-93.75563,45.24841],[-93.75181,45.24847],[-93.75086,45.24896],[-93.75124,45.24953],[-93.75066,45.24977],[-93.75074,45.25054],[-93.75029,45.25147],[-93.7507,45.25223],[-93.75133,45.25247],[-93.75432,45.25101],[-93.75652,45.25037],[-93.75692,45.2503]]],[[[-93.75521,45.24465],[-93.75435,45.2445],[-93.75334,45.24489],[-93.75269,45.24608],[-93.75296,45.24614],[-93.75466,45.24569],[-93.75521,45.24465]]],[[[-93.75513,45.24751],[-93.75455,45.24708],[-93.75364,45.24702],[-93.7535,45.24762],[-93.75425,45.2479],[-93.75485,45.24786],[-93.75513,45.24751]]],[[[-93.75353,45.24682],[-93.75322,45.2463],[-93.75249,45.24637],[-93.75248,45.24666],[-93.75353,45.24682]]],[[[-93.75115,45.24634],[-93.74946,45.24631],[-93.74901,45.2468],[-93.74922,45.24837],[-93.74999,45.24952],[-93.75044,45.24926],[-93.75006,45.2488],[-93.75021,45.24837],[-93.75069,45.24839],[-93.75115,45.24634]]],[[[-93.74528,45.28442],[-93.74317,45.28439],[-93.74316,45.28494],[-93.74528,45.28497],[-93.74528,45.28442]]],[[[-93.72153,45.29876],[-93.72085,45.29828],[-93.72024,45.29866],[-93.72113,45.29883],[-93.72153,45.29876]]],[[[-93.72073,45.29732],[-93.72021,45.29718],[-93.72026,45.29725],[-93.72019,45.29724],[-93.72056,45.2977],[-93.72073,45.29732]]],[[[-93.72044,45.29808],[-93.71905,45.29663],[-93.7204,45.29811],[-93.72044,45.29808]]],[[[-93.72027,45.29823],[-93.71939,45.29857],[-93.7202,45.29829],[-93.72027,45.29823]]],[[[-93.71986,45.29898],[-93.71975,45.29896],[-93.71974,45.29892],[-93.71957,45.29892],[-93.71931,45.29887],[-93.7192,45.29893],[-93.71908,45.29893],[-93.71916,45.29895],[-93.71908,45.29899],[-93.71934,45.29899],[-93.71978,45.29908],[-93.71976,45.29898],[-93.71986,45.29898]]],[[[-93.71917,45.29953],[-93.7189,45.29932],[-93.71839,45.29928],[-93.71764,45.29904],[-93.7175,45.2992],[-93.71442,45.29897],[-93.71506,45.29929],[-93.71677,45.29943],[-93.71729,45.29953],[-93.71802,45.29953],[-93.71851,45.29957],[-93.7184,45.29953],[-93.71917,45.29953]],[[-93.7175,45.2992],[-93.71759,45.29922],[-93.71754,45.29921],[-93.7175,45.2992]]],[[[-93.71909,45.29729],[-93.7172,45.29634],[-93.71279,45.29554],[-93.7096,45.29562],[-93.70758,45.29622],[-93.70658,45.29678],[-93.70803,45.29659],[-93.71262,45.2969],[-93.71402,45.29741],[-93.71542,45.29713],[-93.71482,45.29653],[-93.71505,45.29635],[-93.71661,45.29657],[-93.71715,45.29726],[-93.7179,45.2971],[-93.71837,45.29768],[-93.71909,45.29729]]],[[[-93.71807,45.29807],[-93.7152,45.29815],[-93.71593,45.29743],[-93.71396,45.29767],[-93.71419,45.29766],[-93.7144,45.29782],[-93.71457,45.29814],[-93.71489,45.29821],[-93.71493,45.29824],[-93.71501,45.29824],[-93.71503,45.29824],[-93.71504,45.29823],[-93.71807,45.29807]]],[[[-93.71171,45.29776],[-93.71061,45.29745],[-93.71108,45.29779],[-93.71171,45.29776]]],[[[-93.71008,45.29766],[-93.70784,45.29708],[-93.70651,45.29737],[-93.70662,45.29744],[-93.70649,45.29748],[-93.70676,45.29752],[-93.7071,45.29773],[-93.70796,45.29771],[-93.70848,45.29779],[-93.71008,45.29766]]],[[[-93.70917,45.29704],[-93.70891,45.29696],[-93.70873,45.29697],[-93.70917,45.29704]]]]}},
{"type":"Feature","id":"2395111","properties":{"id":"2395111","name":"Mound","kind":"city","counties":["Hennepin"],"population":9284,"label":[-93.66084,44.93359]},"geometry":{"type":"MultiPolygon","coordinates":[[[[-93.69321,44.92208],[-93.69263,44.9213],[-93.69222,44.92157],[-93.69107,44.92243],[-93.69081,44.92253],[-93.69061,44.92267],[-93.69038,44.9227],[-93.68995,44.92287],[-93.68912,44.92292],[-93.68851,44.92303],[-93.68826,44.92299],[-93.68813,44.92301],[-93.68528,44.92255],[-93.68436,44.92241],[-93.68385,44.92335],[-93.68375,44.92337],[-93.6837,44.92345],[-93.68346,44.92342],[-93.68297,44.92351],[-93.68267,44.92333],[-93.6826,44.92332],[-93.68256,44.92326],[-93.68227,44.92309],[-93.68201,44.92253],[-93.68216,44.92153],[-93.68222,44.92149],[-93.68226,44.92129],[-93.6834,44.9207],[-93.6817,44.92066],[-93.68169,44.92066],[-93.68158,44.92073],[-93.67896,44.9208],[-93.6789,44.92083],[-93.67848,44.92116],[-93.67841,44.92198],[-93.67727,44.92141],[-93.67697,44.92159],[-93.67633,44.92222],[-93.67495,44.92215],[-93.67467,44.92215],[-93.67461,44.92213],[-93.67446,44.92212],[-93.67389,44.92184],[-93.67371,44.92177],[-93.67279,44.92243],[-93.6712,44.92252],[-93.67097,44.92263],[-93.6703,44.92321],[-93.67024,44.92335],[-93.67096,44.92669],[-93.67097,44.92673],[-93.67097,44.92675],[-93.67111,44.92739],[-93.67102,44.92754],[-93.6711,44.92787],[-93.67103,44.92794],[-93.67104,44.92805],[-93.67079,44.92822],[-93.67054,44.9285],[-93.66994,44.92879],[-93.66985,44.92885],[-93.66971,44.9289],[-93.66938,44.92906],[-93.66929,44.92908],[-93.6692,44.92913],[-93.66868,44.92927],[-93.66773,44.92961],[-93.66582,44.93004],[-93.66522,44.9302],[-93.66506,44.93021],[-93.66439,44.93036],[-93.66402,44.93038],[-93.66362,44.93048],[-93.66285,44.93045],[-93.66222,44.93048],[-93.6616,44.93039],[-93.66075,44.93035],[-93.65949,44.93013],[-93.65578,44.92972],[-93.65312,44.92968],[-93.65183,44.92898],[-93.65179,44.92969],[-93.65333,44.93072],[-93.65252,44.93075],[-93.65185,44.93022],[-93.64977,44.93057],[-93.64975,44.93142],[-93.65064,44.93253],[-93.65064,44.93265],[-93.65075,44.93278],[-93.65061,44.93402],[-93.64847,44.9353],[-93.64805,44.93529],[-93.64844,44.93489],[-93.64775,44.93477],[-93.64665,44.93494],[-93.64644,44.93554],[-93.6461,44.93518],[-93.64494,44.93693],[-93.64465,44.93747],[-93.64468,44.93758],[-93.64627,44.93796],[-93.64672,44.93961],[-93.64663,44.94062],[-93.64911,44.93913],[-93.65525,44.93857],[-93.65569,44.93874],[-93.65605,44.93872],[-93.65741,44.93937],[-93.65741,44.9394],[-93.65748,44.93943],[-93.65734,44.93982],[-93.65782,44.94024],[-93.65779,44.94027],[-93.65782,44.9403],[-93.65713,44.94078],[-93.65663,44.94042],[-93.65636,44.94094],[-93.65695,44.94101],[-93.65797,44.94029],[-93.65859,44.94022],[-93.65954,44.94059],[-93.6602,44.94147],[-93.66142,44.94202],[-93.66259,44.94315],[-93.66461,44.94254],[-93.66446,44.94266],[-93.66466,44.94261],[-93.66344,44.9435],[-93.66327,44.94415],[-93.66375,44.94497],[-93.66469,44.94527],[-93.66483,44.94586],[-93.66299,44.94557],[-93.66163,44.94606],[-93.66163,44.94625],[-93.66174,44.94646],[-93.66163,44.94661],[-93.66163,44.94677],[-93.66137,44.94696],[-93.66118,44.94721],[-93.66103,44.9472],[-93.66095,44.94726],[-93.66076,44.94719],[-93.66044,44.94718],[-93.66019,44.94699],[-93.65986,44.94687],[-93.66003,44.94687],[-93.65992,44.94678],[-93.66116,44.94684],[-93.66137,44.94625],[-93.65742,44.9449],[-93.65476,44.94509],[-93.65169,44.94404],[-93.65069,44.94324],[-93.65019,44.94424],[-93.64872,44.94464],[-93.64694,44.94437],[-93.64554,44.94371],[-93.64473,44.94256],[-93.64294,44.94171],[-93.64216,44.94138],[-93.64149,44.94053],[-93.6412,44.94016],[-93.6412,44.94017],[-93.64125,44.94048],[-93.64122,44.94049],[-93.64123,44.94062],[-93.64087,44.94066],[-93.64042,44.94088],[-93.63944,44.94083],[-93.63932,44.94085],[-93.64135,44.94311],[-93.64374,44.94399],[-93.64377,44.94402],[-93.64423,44.94419],[-93.64537,44.94629],[-93.64647,44.94746],[-93.64649,44.94766],[-93.64657,44.94776],[-93.64651,44.94788],[-93.64654,44.94825],[-93.64592,44.94901],[-93.64558,44.94965],[-93.64512,44.95001],[-93.64716,44.94887],[-93.64794,44.94876],[-93.65108,44.94934],[-93.65372,44.9509],[-93.65387,44.95094],[-93.65481,44.95106],[-93.65545,44.95035],[-93.6557,44.94976],[-93.65605,44.94849],[-93.65447,44.94858],[-93.65401,44.94793],[-93.65426,44.94731],[-93.65561,44.94773],[-93.65716,44.9473],[-93.65742,44.94731],[-93.65757,44.94727],[-93.65783,44.9473],[-93.65808,44.94725],[-93.65849,44.94733],[-93.65922,44.94735],[-93.65944,44.94747],[-93.65973,44.9475],[-93.6602,44.94789],[-93.66025,44.94879],[-93.66205,44.94908],[-93.6616,44.9495],[-93.66038,44.94939],[-93.65943,44.94861],[-93.65983,44.94937],[-93.65992,44.94953],[-93.66562,44.94955],[-93.66583,44.94565],[-93.67042,44.94567],[-93.67033,44.94548],[-93.67043,44.94458],[-93.67047,44.94452],[-93.67047,44.94451],[-93.6712,44.9433],[-93.67128,44.94325],[-93.67131,44.94321],[-93.67141,44.94318],[-93.67172,44.943],[-93.67272,44.94277],[-93.67427,44.94229],[-93.67493,44.94235],[-93.67868,44.94232],[-93.67942,44.94224],[-93.68178,44.94109],[-93.68317,44.94136],[-93.68429,44.94151],[-93.686,44.94137],[-93.68596,44.92794],[-93.6852,44.92718],[-93.68562,44.9266],[-93.68595,44.92664],[-93.68595,44.92555],[-93.68675,44.92556],[-93.68675,44.92492],[-93.68838,44.92483],[-93.6931,44.92339],[-93.69275,44.92234],[-93.69321,44.92208]],[[-93.68175,44.93376],[-93.68132,44.93468],[-93.67971,44.93487],[-93.67516,44.93623],[-93.67431,44.93578],[-93.67406,44.93629],[-93.67374,44.93631],[-93.67359,44.93523],[-93.67321,44.93521],[-93.67144,44.93669],[-93.67062,44.93675],[-93.66898,44.93631],[-93.66841,44.93529],[-93.66948,44.9338],[-93.66969,44.93199],[-93.6703,44.93094],[-93.67233,44.92956],[-93.67329,44.92948],[-93.67536,44.93012],[-93.67929,44.93028],[-93.68106,44.93208],[-93.68175,44.93376]],[[-93.66823,44.9319],[-93.66807,44.93265],[-93.66556,44.93476],[-93.66529,44.93545],[-93.66385,44.93582],[-93.66479,44.93592],[-93.66366,44.93623],[-93.6633,44.93677],[-93.66264,44.93671],[-93.6626,44.93596],[-93.66185,44.93552],[-93.66032,44.93574],[-93.66131,44.93551],[-93.66125,44.93497],[-93.66065,44.93474],[-93.66219,44.93363],[-93.6626,44.93302],[-93.6628,44.9318],[-93.66371,44.93157],[-93.66391,44.93118],[-93.66614,44.9309],[-93.66738,44.93126],[-93.66823,44.9319]]],[[[-93.68407,44.92239],[-93.68399,44.92232],[-93.68388,44.92224],[-93.68384,44.9222],[-93.68383,44.92234],[-93.68387,44.92235],[-93.68389,44.92235],[-93.68407,44.92239]]],[[[-93.68371,44.92288],[-93.68369,44.92244],[-93.68368,44.92223],[-93.68272,44.92236],[-93.6824,44.92256],[-93.68276,44.92299],[-93.68295,44.92297],[-93.68303,44.92303],[-93.68327,44.92307],[-93.68371,44.92288]]],[[[-93.66394,44.94546],[-93.66358,44.94532],[-93.66324,44.94554],[-93.66394,44.94546]]],[[[-93.66328,44.94343],[-93.66321,44.94342],[-93.66327,44.94337],[-93.66255,44.9433],[-93.6626,44.94335],[-93.66251,44.94334],[-93.66275,44.94351],[-93.66291,44.94368],[-93.66294,44.94365],[-93.663,44.94369],[-93.66328,44.94343]]],[[[-93.66015,44.92013],[-93.65992,44.91982],[-93.6589,44.91876],[-93.65907,44.91777],[-93.65959,44.91728],[-93.65973,44.91696],[-93.6555,44.91699],[-93.65369,44.917],[-93.65286,44.91701],[-93.65261,44.91701],[-93.65194,44.91727],[-93.65151,44.91797],[-93.65132,44.91803],[-93.65132,44.91802],[-93.64861,44.9188],[-93.64393,44.91929],[-93.64191,44.91891],[-93.64083,44.91878],[-93.64083,44.91878],[-93.63879,44.92086],[-93.63699,44.92166],[-93.63695,44.92173],[-93.63679,44.92326],[-93.63663,44.92345],[-93.63625,44.9241],[-93.6353,44.92511],[-93.63389,44.92569],[-93.63412,44.92589],[-93.63442,44.92607],[-93.63447,44.92619],[-93.63448,44.9262],[-93.63448,44.92622],[-93.63458,44.92647],[-93.63451,44.9266],[-93.63444,44.92671],[-93.63443,44.9269],[-93.63442,44.92707],[-93.63401,44.92747],[-93.63383,44.9278],[-93.63153,44.92998],[-93.63139,44.93011],[-93.63139,44.93013],[-93.63126,44.93196],[-93.63071,44.93222],[-93.63079,44.93225],[-93.63129,44.93227],[-93.63136,44.93227],[-93.63148,44.9317],[-93.63173,44.93049],[-93.63195,44.93029],[-93.63226,44.93001],[-93.63239,44.92989],[-93.6337,44.92952],[-93.63702,44.92929],[-93.64038,44.9276],[-93.64134,44.92817],[-93.64255,44.9284],[-93.6422,44.93001],[-93.64214,44.93002],[-93.64036,44.93022],[-93.63924,44.93036],[-93.6392,44.93036],[-93.63827,44.93152],[-93.63824,44.93164],[-93.63813,44.93207],[-93.63806,44.93231],[-93.63813,44.9323],[-93.63867,44.93226],[-93.64131,44.93202],[-93.64191,44.93197],[-93.64278,44.93217],[-93.64384,44.93241],[-93.64385,44.93238],[-93.64402,44.93185],[-93.64405,44.93199],[-93.64407,44.93194],[-93.6441,44.93201],[-93.64415,44.93249],[-93.64475,44.93271],[-93.64805,44.93216],[-93.64855,44.93155],[-93.64813,44.93134],[-93.64863,44.93131],[-93.64946,44.93028],[-93.64925,44.93012],[-93.64946,44.92955],[-93.64616,44.92873],[-93.64607,44.92842],[-93.64713,44.92841],[-93.64696,44.92866],[-93.64942,44.92927],[-93.65024,44.92871],[-93.64838,44.92838],[-93.65018,44.92822],[-93.65132,44.92879],[-93.65155,44.92867],[-93.65164,44.92861],[-93.65188,44.92848],[-93.65114,44.92768],[-93.65112,44.92751],[-93.6511,44.92731],[-93.65104,44.92675],[-93.65117,44.92628],[-93.65139,44.92551],[-93.65141,44.9251],[-93.65138,44.92407],[-93.65137,44.92391],[-93.65174,44.92321],[-93.6519,44.92292],[-93.65195,44.92282],[-93.65256,44.92233],[-93.6528,44.92232],[-93.65287,44.92228],[-93.65452,44.92213],[-93.65646,44.92111],[-93.65722,44.92098],[-93.66009,44.92032],[-93.66015,44.92013]]],[[[-93.64981,44.93415],[-93.64971,44.93419],[-93.64973,44.93414],[-93.64904,44.93441],[-93.64925,44.9344],[-93.64964,44.93438],[-93.64981,44.93415]]],[[[-93.64918,44.93145],[-93.64878,44.93193],[-93.64915,44.93182],[-93.64917,44.93156],[-93.64918,44.93145]]],[[[-93.64196,44.92848],[-93.63962,44.92845],[-93.63757,44.92929],[-93.63859,44.92931],[-93.6391,44.92958],[-93.63903,44.92999],[-93.63912,44.92999],[-93.63913,44.93012],[-93.64017,44.92997],[-93.64182,44.92993],[-93.64192,44.92932],[-93.64077,44.92964],[-93.64054,44.92894],[-93.64143,44.92874],[-93.64195,44.92925],[-93.64196,44.92848]]],[[[-93.63354,44.92544],[-93.63288,44.92492],[-93.63276,44.92436],[-93.63292,44.9242],[-93.63287,44.92401],[-93.63281,44.92396],[-93.63272,44.92397],[-93.63264,44.92462],[-93.63264,44.92462],[-93.63265,44.92475],[-93.63265,44.92475],[-93.63327,44.92538],[-93.63327,44.92538],[-93.63289,44.92499],[-93.63354,44.92544]]],[[[-93.63133,44.93264],[-93.63133,44.93262],[-93.63119,44.93258],[-93.63105,44.93254],[-93.63078,44.9327],[-93.63079,44.93276],[-93.6308,44.93275],[-93.63119,44.93267],[-93.63133,44.93264]]]]}},
{"type":"Feature","id":"2395118","properties":{"id":"2395118","name":"Mounds View","kind":"city","counties":["Ramsey"],"population":12965,"label":[-93.20776,45.10714]},"geometry":{"type":"MultiPolygon","coordinates":[[[[-93.22787,45.12454],[-93.22772,45.11621],[-93.22296,45.11343],[-93.22296,45.11179],[-93.22486,45.11173],[-93.22483,45.11137],[-93.22765,45.11136],[-93.22765,45.1101],[-93.22577,45.10985],[-93.2246,45.10919],[-93.22441,45.10857],[-93.22496,45.10793],[-93.22622,45.10762],[-93.22765,45.10765],[-93.22763,45.09321],[-93.19841,45.09358],[-93.19823,45.08639],[-93.18827,45.08641],[-93.18861,45.11858],[-93.1988,45.11862],[-93.19888,45.12438],[-93.22787,45.12454]]]]}},
{"type":"Feature","id":"2395187","properties":{"id":"2395187","name":"New Brighton","kind":"city","counties":["Ramsey"],"population":23405,"label":[-93.20604,45.06586]},"geometry":{"type":"MultiPolygon","coordinates":[[[[-93.22763,45.09321],[-93.22682,45.05001],[-93.21824,45.05011],[-93.21829,45.0429],[-93.20817,45.04302],[-93.20821,45.0358],[-93.18769,45.03583],[-93.18772,45.04299],[-93.1826,45.043],[-93.18264,45.05024],[-93.18776,45.05022],[-93.18804,45.05971],[-93.18739,45.06099],[-93.1873,45.06297],[-93.18676,45.06441],[-93.18813,45.0644],[-93.18813,45.06468],[-93.18628,45.06473],[-93.18522,45.07589],[-93.18618,45.08382],[-93.18711,45.08641],[-93.18827,45.08641],[-93.19823,45.08639],[-93.19841,45.09358],[-93.22763,45.09321]],[[-93.21074,45.0689],[-93.21028,45.06972],[-93.20911,45.06996],[-93.20855,45.06956],[-93.20753,45.06956],[-93.2065,45.0691],[-93.20639,45.0675],[-93.20576,45.06611],[-93.20619,45.06516],[-93.207,45.06505],[-93.20853,45.06544],[-93.20998,45.06636],[-93.21074,45.0689]],[[-93.21066,45.0836],[-93.21036,45.08439],[-93.2069,45.08547],[-93.20568,45.08526],[-93.20548,45.08496],[-93.20548,45.08387],[-93.20408,45.08316],[-93.20451,45.08183],[-93.20435,45.08058],[-93.20312,45.07948],[-93.20215,45.07919],[-93.2017,45.07854],[-93.20115,45.07774],[-93.20072,45.07754],[-93.20072,45.07754],[-93.20072,45.07754],[-93.20064,45.0775],[-93.20067,45.07669],[-93.20157,45.07602],[-93.20152,45.07562],[-93.19731,45.07288],[-93.19751,45.07172],[-93.19803,45.07099],[-93.19756,45.07039],[-93.19633,45.06977],[-93.19562,45.06885],[-93.19594,45.06806],[-93.19732,45.06696],[-93.20076,45.06657],[-93.20144,45.06693],[-93.20156,45.06779],[-93.20124,45.06842],[-93.20244,45.07148],[-93.20235,45.07227],[-93.20411,45.07267],[-93.20457,45.07312],[-93.20409,45.07445],[-93.20454,45.07557],[-93.20438,45.0764],[-93.2029,45.07728],[-93.20182,45.07751],[-93.20203,45.07808],[-93.20297,45.0782],[-93.20635,45.07716],[-93.20641,45.07786],[-93.20545,45.0785],[-93.20504,45.07923],[-93.20662,45.08009],[-93.20742,45.08179],[-93.20955,45.08224],[-93.20977,45.08238],[-93.20997,45.08243],[-93.21008,45.08257],[-93.21036,45.08275],[-93.21049,45.08312],[-93.21055,45.0832],[-93.21054,45.08326],[-93.21066,45.0836]],[[-93.1946,45.08454],[-93.19349,45.08462],[-93.19271,45.08365],[-93.19292,45.08347],[-93.1926,45.0832],[-93.19211,45.08042],[-93.19117,45.07978],[-93.19024,45.0796],[-93.18922,45.07888],[-93.18894,45.0783],[-93.18932,45.07771],[-93.18892,45.07735],[-93.1892,45.07653],[-93.19012,45.07617],[-93.19222,45.07686],[-93.19272,45.07809],[-93.19386,45.07857],[-93.19439,45.08137],[-93.19426,45.08196],[-93.19361,45.08229],[-93.19447,45.0833],[-93.1946,45.08454]]],[[[-93.19228,45.07933],[-93.19215,45.07881],[-93.19152,45.07914],[-93.19198,45.07955],[-93.19228,45.07933]]]]}},
{"type":"Feature","id":"2395201","properties":{"id":"2395201","name":"New Hope","kind":"city","counties":["Hennepin"],"population":21552,"label":[-93.38677,45.03722]},"geometry":{"type":"MultiPolygon","coordinates":[[[[-93.37026,45.0631],[-93.37021,45.06572],[-93.40069,45.06574],[-93.40075,45.00743],[-93.37031,45.00729],[-93.37027,45.01363],[-93.37516,45.01366],[-93.37516,45.01094],[-93.39039,45.01105],[-93.39044,45.01656],[-93.38541,45.01651],[-93.3854,45.0201],[-93.38028,45.0201],[-93.38029,45.01468],[-93.37772,45.01467],[-93.37776,45.01825],[-93.37276,45.01818],[-93.37271,45.02185],[-93.37017,45.02184],[-93.37028,45.03372],[-93.371,45.03373],[-93.37102,45.03645],[-93.37279,45.03646],[-93.37279,45.04374],[-93.37033,45.04372],[-93.3704,45.0473],[-93.37288,45.0473],[-93.37284,45.0538],[-93.37306,45.0538],[-93.37308,45.05202],[-93.37578,45.05206],[-93.37572,45.05384],[-93.37611,45.05384],[-93.37611,45.05477],[-93.37508,45.05476],[-93.37526,45.05838],[-93.37665,45.05839],[-93.37671,45.05563],[-93.37725,45.05562],[-93.37728,45.05478],[-93.3784,45.0548],[-93.37832,45.05828],[-93.38031,45.05829],[-93.38037,45.06198],[-93.37067,45.06195],[-93.37068,45.0611],[-93.37026,45.0611],[-93.37026,45.0631]],[[-93.38026,45.02196],[-93.38025,45.02694],[-93.37515,45.02689],[-93.37514,45.02193],[-93.38026,45.02196]]],[[[-93.36997,45.05568],[-93.37085,45.05569],[-93.37121,45.05378],[-93.37037,45.05378],[-93.37036,45.05477],[-93.37015,45.05477],[-93.37016,45.05377],[-93.36933,45.05377],[-93.36929,45.05478],[-93.36999,45.05478],[-93.36997,45.05568]]],[[[-93.37283,45.05623],[-93.37412,45.05624],[-93.37412,45.05478],[-93.37286,45.05477],[-93.37283,45.05623]]],[[[-93.37154,45.05477],[-93.37262,45.05476],[-93.37263,45.0538],[-93.37155,45.05379],[-93.37154,45.05477]]]]}},
{"type":"Feature","id":"665104","properties":{"id":"665104","name":"New Market","kind":"township","counties":["Scott"],"population":3551,"label":[-93.33937,44.58943]},"geometry":{"type":"MultiPolygon","coordinates":[[[[-93.40049,44.54386],[-93.32846,44.54402],[-93.32838,44.54604],[-93.33063,44.54607],[-93.33055,44.54768],[-93.32988,44.54769],[-93.32976,44.55145],[-93.32919,44.55146],[-93.32907,44.555],[-93.33406,44.55499],[-93.3341,44.55391],[-93.33915,44.55376],[-93.33894,44.55843],[-93.33766,44.55847],[-93.33765,44.55913],[-93.33843,44.55911],[-93.33822,44.56003],[-93.33891,44.56148],[-93.33883,44.56581],[-93.34388,44.56581],[-93.34395,44.56215],[-93.34903,44.56217],[-93.34912,44.55867],[-93.35417,44.55866],[-93.3541,44.56224],[-93.35034,44.56223],[-93.3503,44.56401],[-93.35407,44.56403],[-93.35403,44.56582],[-93.36405,44.56586],[-93.36397,44.56943],[-93.3627,44.56943],[-93.36261,44.57302],[-93.36179,44.57302],[-93.36178,44.57406],[-93.36115,44.57406],[-93.36134,44.57665],[-93.35868,44.57666],[-93.35866,44.57793],[-93.35765,44.57793],[-93.35766,44.57722],[-93.35382,44.57721],[-93.35378,44.58029],[-93.35128,44.58029],[-93.35129,44.57847],[-93.34368,44.57843],[-93.34371,44.57661],[-93.33857,44.57663],[-93.33868,44.57293],[-93.31383,44.57338],[-93.30858,44.57321],[-93.30864,44.55874],[-93.31892,44.5589],[-93.31893,44.55704],[-93.31719,44.55702],[-93.3172,44.55516],[-93.31893,44.55518],[-93.31894,44.55146],[-93.31998,44.55145],[-93.31998,44.55341],[-93.32121,44.55371],[-93.32209,44.55197],[-93.32333,44.55141],[-93.324,44.54402],[-93.32321,44.54402],[-93.32325,44.5448],[-93.32252,44.54572],[-93.32129,44.54498],[-93.32062,44.54495],[-93.32092,44.54595],[-93.31987,44.54608],[-93.31954,44.54643],[-93.31943,44.54601],[-93.31837,44.54537],[-93.31779,44.54402],[-93.27838,44.54403],[-93.27852,44.55118],[-93.27793,44.60094],[-93.28098,44.60188],[-93.28204,44.60298],[-93.28191,44.60346],[-93.2812,44.60349],[-93.28082,44.60307],[-93.28005,44.60294],[-93.27922,44.60348],[-93.27944,44.60476],[-93.28079,44.60586],[-93.28107,44.60666],[-93.28043,44.60719],[-93.27944,44.60739],[-93.27787,44.60608],[-93.27784,44.60896],[-93.27818,44.63076],[-93.35924,44.63073],[-93.37947,44.63045],[-93.39954,44.63063],[-93.3993,44.61639],[-93.39963,44.60201],[-93.3995,44.57285],[-93.40012,44.55113],[-93.40049,44.54386]],[[-93.3789,44.58396],[-93.36892,44.58392],[-93.36894,44.58759],[-93.3688,44.58392],[-93.35881,44.58393],[-93.35873,44.5803],[-93.36902,44.58025],[-93.369,44.57679],[-93.36384,44.57663],[-93.3738,44.57661],[-93.37379,44.58023],[-93.37874,44.58021],[-93.3789,44.58396]],[[-93.36911,44.55871],[-93.36892,44.56213],[-93.36738,44.56214],[-93.36747,44.56063],[-93.36822,44.55978],[-93.36837,44.55871],[-93.36911,44.55871]],[[-93.36811,44.5587],[-93.36799,44.55971],[-93.3672,44.56063],[-93.36712,44.56243],[-93.36546,44.56239],[-93.36272,44.56322],[-93.36102,44.5645],[-93.36098,44.56567],[-93.36002,44.56567],[-93.36006,44.56449],[-93.35909,44.56449],[-93.35929,44.55863],[-93.36811,44.5587]],[[-93.33854,44.58026],[-93.33116,44.58044],[-93.33115,44.58754],[-93.32863,44.58757],[-93.3287,44.58038],[-93.33854,44.58026]],[[-93.30701,44.57364],[-93.30697,44.57671],[-93.299,44.57658],[-93.29912,44.57533],[-93.30006,44.57366],[-93.30701,44.57364]],[[-93.29792,44.56571],[-93.29792,44.57062],[-93.29711,44.57227],[-93.29347,44.57126],[-93.29313,44.57179],[-93.29118,44.57065],[-93.29121,44.56929],[-93.28843,44.56928],[-93.28842,44.56965],[-93.28591,44.56927],[-93.28717,44.56928],[-93.28722,44.56568],[-93.29792,44.56571]]],[[[-93.32577,44.54402],[-93.3241,44.54402],[-93.3241,44.54457],[-93.32577,44.54457],[-93.32577,44.54402]]]]}},
{"type":"Feature","id":"2395227","properties":{"id":"2395227","name":"Newport","kind":"city","counties":["Washington"],"population":4501,"label":[-92.99752,44.87439]},"geometry":{"type":"MultiPolygon","coordinates":[[[[-93.01745,44.89081],[-93.01736,44.89069],[-93.01713,44.88941],[-93.01604,44.88753],[-93.01532,44.88698],[-93.01509,44.88526],[-93.01279,44.87891],[-93.0124,44.87701],[-93.01277,44.87621],[-93.0117,44.87597],[-93.00993,44.8706],[-93.0087,44.86787],[-93.00876,44.86655],[-93.0084,44.86623],[-93.00861,44.86607],[-93.00822,44.86406],[-93.00795,44.86361],[-93.00718,44.86356],[-93.00769,44.86256],[-93.00749,44.86031],[-93.00668,44.85846],[-93.00648,44.8587],[-93.0061,44.85856],[-93.00669,44.85836],[-93.00691,44.85748],[-93.00655,44.85696],[-93.00651,44.8553],[-93.00655,44.85519],[-92.99419,44.85517],[-92.99205,44.85155],[-92.98403,44.85159],[-92.98409,44.86196],[-92.98413,44.88743],[-92.9807,44.88743],[-92.98133,44.88651],[-92.98028,44.8865],[-92.98025,44.88547],[-92.97727,44.88382],[-92.97417,44.88385],[-92.97433,44.88927],[-92.97942,44.88922],[-92.97958,44.89463],[-92.98415,44.89461],[-92.98415,44.89099],[-93.01745,44.89081]]],[[[-93.01332,44.87403],[-93.01215,44.87044],[-93.01036,44.86748],[-93.01006,44.86882],[-93.01123,44.87127],[-93.01095,44.87157],[-93.01121,44.87237],[-93.01162,44.87261],[-93.01144,44.87363],[-93.01207,44.87579],[-93.01267,44.87549],[-93.01332,44.87403]]],[[[-93.00753,44.85519],[-93.00693,44.85519],[-93.00673,44.85691],[-93.00711,44.85797],[-93.00749,44.85556],[-93.00753,44.85519]]]]}},
{"type":"Feature","id":"665126","properties":{"id":"665126","name":"Nininger","kind":"township","counties":["Dakota"],"population":854,"label":[-92.92866,44.74714]},"geometry":{"type":"MultiPolygon","coordinates":[[[[-92.97478,44.77104],[-92.97475,44.76947],[-92.97404,44.76968],[-92.97377,44.77014],[-92.97362,44.76966],[-92.97341,44.76991],[-92.97381,44.7708],[-92.97478,44.77104]]],[[[-92.97474,44.76854],[-92.97473,44.76849],[-92.97278,44.76766],[-92.97474,44.76854]]],[[[-92.97459,44.73138],[-92.97429,44.71684],[-92.89344,44.71683],[-92.89371,44.72401],[-92.89879,44.72403],[-92.8989,44.72764],[-92.89382,44.72764],[-92.89385,44.72857],[-92.89726,44.72856],[-92.89737,44.73134],[-92.89885,44.73135],[-92.89902,44.73489],[-92.90033,44.73489],[-92.90032,44.73587],[-92.89932,44.73587],[-92.89931,44.73651],[-92.89414,44.73648],[-92.89397,44.73857],[-92.8958,44.73864],[-92.89579,44.74165],[-92.89396,44.74179],[-92.89396,44.74576],[-92.88511,44.74576],[-92.8851,44.74673],[-92.88583,44.74673],[-92.88583,44.74738],[-92.88476,44.74737],[-92.88477,44.74661],[-92.88394,44.74669],[-92.88369,44.75922],[-92.88958,44.76462],[-92.89033,44.76477],[-92.89133,44.76346],[-92.89266,44.76325],[-92.89278,44.76351],[-92.89221,44.76382],[-92.89143,44.765],[-92.89146,44.76552],[-92.89503,44.76815],[-92.89808,44.76975],[-92.89921,44.7711],[-92.90203,44.77244],[-92.90815,44.7732],[-92.91636,44.77335],[-92.92505,44.77211],[-92.93279,44.76989],[-92.93708,44.76816],[-92.93869,44.76644],[-92.93963,44.76468],[-92.93962,44.76468],[-92.93957,44.76274],[-92.93812,44.76046],[-92.93816,44.75843],[-92.93929,44.75659],[-92.94232,44.75503],[-92.9418,44.75495],[-92.94234,44.75421],[-92.94277,44.75419],[-92.9424,44.75457],[-92.94251,44.75486],[-92.94725,44.7532],[-92.95074,44.75136],[-92.95628,44.7505],[-92.96102,44.75073],[-92.9645,44.75128],[-92.96912,44.75279],[-92.97447,44.75523],[-92.97437,44.74996],[-92.97459,44.73138]]],[[[-92.97291,44.76895],[-92.97278,44.76766],[-92.97212,44.7669],[-92.97232,44.76791],[-92.97178,44.7683],[-92.97147,44.76923],[-92.97142,44.7687],[-92.97193,44.7678],[-92.97175,44.76728],[-92.97132,44.76777],[-92.97147,44.76805],[-92.97087,44.76833],[-92.97098,44.7688],[-92.97061,44.76847],[-92.9711,44.76796],[-92.96682,44.76688],[-92.96851,44.76764],[-92.97176,44.76989],[-92.97245,44.76984],[-92.97291,44.76895]]],[[[-92.97212,44.7669],[-92.9713,44.76652],[-92.96425,44.76391],[-92.96326,44.76365],[-92.97212,44.7669]]],[[[-92.97058,44.77011],[-92.96821,44.76819],[-92.96709,44.76785],[-92.96676,44.76808],[-92.96731,44.76868],[-92.9674,44.76901],[-92.96655,44.76873],[-92.96664,44.76901],[-92.9658,44.76909],[-92.96917,44.77005],[-92.96985,44.77022],[-92.97058,44.77011]]],[[[-92.961,44.76305],[-92.95968,44.7627],[-92.95858,44.76265],[-92.961,44.76305]]],[[[-92.9331,44.77845],[-92.92987,44.77862],[-92.92858,44.77923],[-92.92927,44.77894],[-92.93,44.77952],[-92.9308,44.77938],[-92.92931,44.78011],[-92.92967,44.7802],[-92.93171,44.77947],[-92.9331,44.77845]]],[[[-92.88848,44.71684],[-92.88347,44.71683],[-92.88356,44.71947],[-92.88495,44.71949],[-92.88677,44.71953],[-92.88848,44.71861],[-92.88848,44.71684]]],[[[-92.87935,44.7558],[-92.87926,44.75569],[-92.87889,44.75547],[-92.87935,44.7558]]],[[[-92.87797,44.75492],[-92.87714,44.75443],[-92.87668,44.75469],[-92.87607,44.75513],[-92.87592,44.75511],[-92.87564,44.75526],[-92.87567,44.75528],[-92.87496,44.75579],[-92.87488,44.75568],[-92.86835,44.75931],[-92.86894,44.75988],[-92.86861,44.76003],[-92.86804,44.75948],[-92.86758,44.75974],[-92.8683,44.7604],[-92.86799,44.76058],[-92.86727,44.75991],[-92.86696,44.76009],[-92.86707,44.76035],[-92.86653,44.76066],[-92.86662,44.76076],[-92.86712,44.76048],[-92.86822,44.76086],[-92.86859,44.76066],[-92.8694,44.7613],[-92.86863,44.76007],[-92.86897,44.75993],[-92.8714,44.76226],[-92.86945,44.76031],[-92.86982,44.7601],[-92.87163,44.76186],[-92.87365,44.76211],[-92.87373,44.76186],[-92.87264,44.76163],[-92.87038,44.75979],[-92.87048,44.75893],[-92.87641,44.75537],[-92.87797,44.75492]]],[[[-92.87776,44.76705],[-92.87711,44.76705],[-92.87716,44.76752],[-92.87755,44.76756],[-92.87776,44.76705]]],[[[-92.87715,44.76581],[-92.87683,44.76538],[-92.87641,44.7653],[-92.87715,44.76581]]]]}},
{"type":"Feature","id":"2395259","properties":{"id":"2395259","name":"North Oaks","kind":"city","counties":["Ramsey"],"population":5195,"label":[-93.08812,45.10018]},"geometry":{"type":"MultiPolygon","coordinates":[[[[-93.12723,45.10823],[-93.12699,45.09167],[-93.12607,45.09054],[-93.12337,45.0884],[-93.11691,45.08836],[-93.11685,45.08291],[-93.11886,45.0829],[-93.11712,45.07943],[-93.10648,45.07913],[-93.07488,45.07932],[-93.06702,45.08406],[-93.06043,45.08546],[-93.05615,45.08726],[-93.05642,45.12403],[-93.08678,45.12408],[-93.08677,45.1189],[-93.09698,45.11898],[-93.09698,45.11545],[-93.10668,45.11562],[-93.10666,45.11197],[-93.11187,45.11194],[-93.11178,45.10834],[-93.10926,45.10953],[-93.10828,45.11036],[-93.10528,45.11138],[-93.10443,45.11135],[-93.103,45.11084],[-93.10319,45.11056],[-93.10296,45.11032],[-93.10159,45.11038],[-93.10098,45.1098],[-93.10091,45.10921],[-93.10225,45.10883],[-93.10665,45.10961],[-93.1086,45.10862],[-93.11359,45.10706],[-93.11449,45.10706],[-93.11189,45.10829],[-93.12723,45.10823]],[[-93.12258,45.10116],[-93.122,45.10167],[-93.12072,45.10201],[-93.12044,45.10243],[-93.1204,45.10199],[-93.11792,45.10173],[-93.117,45.10112],[-93.11563,45.10085],[-93.11537,45.10028],[-93.11789,45.09898],[-93.12216,45.09889],[-93.12258,45.10116]],[[-93.11536,45.09649],[-93.11441,45.09907],[-93.11243,45.10005],[-93.10879,45.10124],[-93.10837,45.10272],[-93.10632,45.10357],[-93.10228,45.10184],[-93.10283,45.10165],[-93.10449,45.10191],[-93.10552,45.10119],[-93.1062,45.10116],[-93.10663,45.1006],[-93.10671,45.10009],[-93.10612,45.09868],[-93.10769,45.09774],[-93.10557,45.09576],[-93.1039,45.09691],[-93.1036,45.09754],[-93.09982,45.09951],[-93.09973,45.09997],[-93.10059,45.10066],[-93.10075,45.10125],[-93.10059,45.10183],[-93.09952,45.10293],[-93.09819,45.10371],[-93.09628,45.10429],[-93.09556,45.10506],[-93.09255,45.1054],[-93.09115,45.1052],[-93.08788,45.10413],[-93.08591,45.10255],[-93.08468,45.09989],[-93.08515,45.09759],[-93.08649,45.09615],[-93.08814,45.09522],[-93.08965,45.09492],[-93.09305,45.09496],[-93.09371,45.09315],[-93.09521,45.09155],[-93.09552,45.09036],[-93.09905,45.08737],[-93.09944,45.08629],[-93.10121,45.08629],[-93.10281,45.08692],[-93.10336,45.08838],[-93.10327,45.08911],[-93.10269,45.08951],[-93.10305,45.08992],[-93.10308,45.09111],[-93.10371,45.09222],[-93.1048,45.09322],[-93.10562,45.09361],[-93.11235,45.09428],[-93.1138,45.09571],[-93.11502,45.0961],[-93.11536,45.09649]],[[-93.08834,45.11194],[-93.08807,45.11349],[-93.08715,45.1152],[-93.0868,45.11529],[-93.08692,45.11564],[-93.0858,45.11627],[-93.08399,45.11611],[-93.08233,45.11516],[-93.08197,45.1156],[-93.08202,45.11639],[-93.08155,45.11693],[-93.08098,45.117],[-93.08,45.11645],[-93.07879,45.11634],[-93.07812,45.1153],[-93.07879,45.11463],[-93.07807,45.11348],[-93.07916,45.11225],[-93.08102,45.11206],[-93.08322,45.11343],[-93.08834,45.11194]],[[-93.08455,45.08166],[-93.08399,45.0836],[-93.08244,45.08491],[-93.08035,45.08533],[-93.07986,45.08631],[-93.0788,45.08649],[-93.07896,45.08687],[-93.08103,45.08676],[-93.08048,45.08842],[-93.07984,45.08898],[-93.079,45.08859],[-93.07926,45.0882],[-93.07909,45.08793],[-93.07659,45.08704],[-93.07464,45.08598],[-93.07417,45.08525],[-93.07566,45.08493],[-93.0754,45.08445],[-93.07562,45.08371],[-93.07694,45.08323],[-93.07796,45.08216],[-93.07908,45.08188],[-93.07992,45.08047],[-93.07943,45.08005],[-93.07941,45.07961],[-93.08073,45.07972],[-93.0818,45.08077],[-93.08279,45.08035],[-93.08436,45.08075],[-93.08455,45.08166]],[[-93.06961,45.11881],[-93.06867,45.11963],[-93.06896,45.1205],[-93.06786,45.12091],[-93.06764,45.12205],[-93.06531,45.12189],[-93.0637,45.1208],[-93.0617,45.11942],[-93.06079,45.11794],[-93.06005,45.11524],[-93.06108,45.11439],[-93.06312,45.11444],[-93.06486,45.11499],[-93.06599,45.11558],[-93.06799,45.11746],[-93.06844,45.11851],[-93.06961,45.11881]]],[[[-93.07837,45.08626],[-93.07827,45.08567],[-93.07803,45.08611],[-93.07837,45.08626]]],[[[-93.06454,45.11666],[-93.06415,45.11641],[-93.06334,45.11659],[-93.06279,45.11684],[-93.0625,45.11821],[-93.06454,45.11666]]]]}},
{"type":"Feature","id":"2395261","properties":{"id":"2395261","name":"North Saint Paul","kind":"city","counties":["Ramsey"],"population":12486,"label":[-92.99948,45.01369]},"geometry":{"type":"MultiPolygon","coordinates":[[[[-93.0162,45.00366],[-93.01506,45.00365],[-93.0151,44.9991],[-92.99747,44.99931],[-92.99752,44.99575],[-92.99483,44.9957],[-92.99483,44.99933],[-92.98472,44.99949],[-92.98469,45.02712],[-92.98615,45.02602],[-92.98635,45.02547],[-92.98604,45.02468],[-92.98709,45.02359],[-92.98851,45.02332],[-92.99022,45.02389],[-92.99113,45.02356],[-92.99257,45.02413],[-92.99215,45.02496],[-92.99108,45.0248],[-92.98951,45.02606],[-92.98969,45.0272],[-92.99011,45.0271],[-92.99076,45.02746],[-92.9921,45.02714],[-92.99186,45.02802],[-92.99072,45.02863],[-92.99121,45.02905],[-92.99188,45.0291],[-92.99187,45.02939],[-92.99036,45.02981],[-92.99038,45.03102],[-92.9913,45.03081],[-92.99166,45.03191],[-92.99491,45.03188],[-92.99489,45.02831],[-93.00506,45.02817],[-93.00504,45.02637],[-93.01516,45.02624],[-93.01508,45.01085],[-93.01548,45.01069],[-93.01548,45.0102],[-93.01508,45.0102],[-93.01505,45.00521],[-93.01618,45.00479],[-93.0162,45.00366]]],[[[-92.98777,45.03022],[-92.98774,45.0301],[-92.98761,45.03017],[-92.98777,45.03022]]],[[[-92.98772,45.03],[-92.98768,45.0298],[-92.98751,45.02987],[-92.98772,45.03]]],[[[-92.98701,45.02999],[-92.98654,45.02979],[-92.98674,45.02945],[-92.98651,45.02926],[-92.98651,45.02926],[-92.98649,45.02984],[-92.98701,45.02999]]]]}},
{"type":"Feature","id":"2437910","properties":{"id":"2437910","name":"Nowthen","kind":"city","counties":["Anoka"],"population":4517,"label":[-93.44954,45.34206]},"geometry":{"type":"MultiPolygon","coordinates":[[[[-93.51109,45.29931],[-93.39104,45.29892],[-93.39073,45.3005],[-93.39031,45.30093],[-93.38889,45.30139],[-93.38853,45.30135],[-93.38861,45.36751],[-93.38941,45.36731],[-93.3905,45.36747],[-93.39193,45.36706],[-93.39128,45.36644],[-93.39157,45.36605],[-93.39367,45.36683],[-93.39514,45.36775],[-93.39505,45.36869],[-93.39421,45.3701],[-93.39099,45.37182],[-93.3893,45.37221],[-93.38862,45.372],[-93.38862,45.37726],[-93.38963,45.37698],[-93.39163,45.37779],[-93.39279,45.37764],[-93.39542,45.37954],[-93.3937,45.38013],[-93.38953,45.38017],[-93.38862,45.38011],[-93.38863,45.3847],[-93.50992,45.38562],[-93.51024,45.34254],[-93.51039,45.33513],[-93.50954,45.33468],[-93.50994,45.33338],[-93.51043,45.33293],[-93.51109,45.29931]],[[-93.50875,45.33474],[-93.50783,45.335],[-93.50603,45.33429],[-93.50618,45.33497],[-93.50527,45.33596],[-93.50221,45.33721],[-93.50193,45.33765],[-93.50165,45.3375],[-93.50125,45.33807],[-93.50066,45.33758],[-93.50034,45.33667],[-93.50087,45.33639],[-93.50132,45.33694],[-93.50161,45.33689],[-93.50139,45.33582],[-93.50097,45.33576],[-93.49899,45.3371],[-93.49725,45.33596],[-93.49689,45.33509],[-93.49723,45.33423],[-93.50055,45.33271],[-93.5017,45.33128],[-93.50331,45.33081],[-93.50421,45.33095],[-93.50686,45.33335],[-93.50825,45.33367],[-93.50817,45.33407],[-93.50873,45.33416],[-93.50835,45.33429],[-93.50875,45.33474]],[[-93.48555,45.37446],[-93.48506,45.37546],[-93.48425,45.37576],[-93.48457,45.37619],[-93.48426,45.37675],[-93.48243,45.37709],[-93.48158,45.3768],[-93.48112,45.37616],[-93.47964,45.37588],[-93.47882,45.37657],[-93.4791,45.37688],[-93.4788,45.3778],[-93.47824,45.37808],[-93.47743,45.37805],[-93.47717,45.37774],[-93.47738,45.37664],[-93.47798,45.37619],[-93.47782,45.37547],[-93.47672,45.37555],[-93.4748,45.37665],[-93.47321,45.37713],[-93.47245,45.37706],[-93.47189,45.37625],[-93.46942,45.37584],[-93.47045,45.3766],[-93.47016,45.37741],[-93.46906,45.37765],[-93.46876,45.37838],[-93.46759,45.37954],[-93.46575,45.38072],[-93.46517,45.38185],[-93.46419,45.38261],[-93.46324,45.3828],[-93.46295,45.38157],[-93.46321,45.38101],[-93.46495,45.37923],[-93.4664,45.37842],[-93.46615,45.37772],[-93.4657,45.37717],[-93.46665,45.37533],[-93.46705,45.37479],[-93.46814,45.37447],[-93.47048,45.37528],[-93.47253,45.37516],[-93.47447,45.37563],[-93.47594,45.3751],[-93.47608,45.37486],[-93.47549,45.37456],[-93.47562,45.37433],[-93.4779,45.37482],[-93.4784,45.37538],[-93.48129,45.376],[-93.4822,45.37546],[-93.48355,45.37565],[-93.48383,45.37542],[-93.48357,45.37492],[-93.48474,45.37415],[-93.48555,45.37446]],[[-93.46763,45.33274],[-93.46708,45.33397],[-93.46748,45.33456],[-93.46744,45.33619],[-93.46582,45.33712],[-93.46499,45.33916],[-93.46377,45.3394],[-93.46281,45.33896],[-93.46256,45.33841],[-93.46274,45.33799],[-93.46241,45.33767],[-93.46052,45.33682],[-93.46017,45.33607],[-93.46034,45.33497],[-93.46113,45.33372],[-93.46249,45.33264],[-93.46507,45.33187],[-93.46683,45.3321],[-93.46763,45.33274]],[[-93.4574,45.33983],[-93.45712,45.34049],[-93.45635,45.34099],[-93.45443,45.34154],[-93.45328,45.34159],[-93.45254,45.34139],[-93.45232,45.34103],[-93.45126,45.34193],[-93.45005,45.34212],[-93.44819,45.34179],[-93.44603,45.34292],[-93.4449,45.34297],[-93.44402,45.34278],[-93.44315,45.34215],[-93.44257,45.34236],[-93.44041,45.33886],[-93.44061,45.33718],[-93.44189,45.33521],[-93.44301,45.33431],[-93.4455,45.33341],[-93.44964,45.33315],[-93.45004,45.33408],[-93.45094,45.33465],[-93.4523,45.33623],[-93.45489,45.33655],[-93.45584,45.33859],[-93.4574,45.33983]],[[-93.45513,45.35337],[-93.45392,45.35522],[-93.45457,45.35719],[-93.45332,45.35879],[-93.45308,45.35955],[-93.45001,45.35919],[-93.44852,45.35931],[-93.44969,45.35842],[-93.45021,45.35756],[-93.45096,45.35728],[-93.452,45.35737],[-93.45075,45.35528],[-93.4505,45.35364],[-93.44927,45.35155],[-93.44965,45.35086],[-93.45152,45.35144],[-93.45513,45.35337]],[[-93.44242,45.36558],[-93.44085,45.36624],[-93.43854,45.36838],[-93.43684,45.36856],[-93.43582,45.36791],[-93.43445,45.3681],[-93.4358,45.36749],[-93.43801,45.36773],[-93.43702,45.3669],[-93.43641,45.36563],[-93.43691,45.36457],[-93.43844,45.36426],[-93.43872,45.36383],[-93.43929,45.36379],[-93.44103,45.36456],[-93.44242,45.36558]],[[-93.43562,45.31938],[-93.43556,45.32075],[-93.43515,45.32083],[-93.43481,45.32159],[-93.43554,45.32186],[-93.43559,45.32219],[-93.43415,45.32363],[-93.43364,45.32362],[-93.43297,45.32278],[-93.43224,45.3226],[-93.43023,45.32318],[-93.42867,45.32302],[-93.42693,45.32371],[-93.42674,45.32303],[-93.42615,45.32191],[-93.42625,45.32059],[-93.42934,45.31781],[-93.43144,45.31841],[-93.43179,45.31834],[-93.43195,45.3179],[-93.43289,45.31783],[-93.43352,45.31889],[-93.43562,45.31938]],[[-93.40006,45.37899],[-93.39856,45.37953],[-93.3978,45.37933],[-93.39748,45.37864],[-93.39852,45.37835],[-93.39978,45.37856],[-93.40006,45.37899]],[[-93.39588,45.31945],[-93.39446,45.32015],[-93.39464,45.3197],[-93.3938,45.31963],[-93.39317,45.32011],[-93.39322,45.31946],[-93.39279,45.31922],[-93.39181,45.31948],[-93.391,45.31903],[-93.39069,45.31833],[-93.39088,45.31785],[-93.39232,45.31688],[-93.39237,45.31582],[-93.38968,45.31484],[-93.38902,45.31441],[-93.3894,45.31397],[-93.39046,45.31367],[-93.3936,45.31513],[-93.39318,45.31685],[-93.39503,45.31645],[-93.39588,45.31945]]],[[[-93.46875,45.37601],[-93.46866,45.37605],[-93.46825,45.37616],[-93.46788,45.37635],[-93.46871,45.37605],[-93.46873,45.37603],[-93.46875,45.37602],[-93.46874,45.37602],[-93.46875,45.37601]]],[[[-93.45061,45.33675],[-93.44998,45.33628],[-93.44999,45.3369],[-93.45061,45.33675]]],[[[-93.43465,45.32228],[-93.43434,45.32201],[-93.43346,45.32258],[-93.43388,45.32325],[-93.4344,45.32317],[-93.43465,45.32228]]]]}},
{"type":"Feature","id":"2395282","properties":{"id":"2395282","name":"Oak Grove","kind":"city","counties":["Anoka"],"population":9102,"label":[-93.32645,45.34095]},"geometry":{"type":"MultiPolygon","coordinates":[[[[-93.38863,45.3847],[-93.38862,45.38011],[-93.38552,45.37992],[-93.38497,45.37955],[-93.38495,45.37899],[-93.38689,45.37775],[-93.38862,45.37726],[-93.38862,45.372],[-93.38801,45.37181],[-93.38769,45.37103],[-93.38703,45.37107],[-93.38591,45.37048],[-93.38584,45.36988],[-93.38628,45.36918],[-93.38847,45.36755],[-93.38861,45.36751],[-93.38853,45.30135],[-93.3872,45.30118],[-93.38629,45.3004],[-93.38628,45.29977],[-93.38575,45.29976],[-93.38552,45.29931],[-93.38606,45.29887],[-93.3776,45.29875],[-93.37756,45.29905],[-93.37609,45.30176],[-93.3758,45.30522],[-93.37644,45.30632],[-93.3766,45.30812],[-93.3756,45.30906],[-93.37581,45.31026],[-93.37561,45.31186],[-93.37521,45.31284],[-93.37242,45.31458],[-93.37185,45.31693],[-93.36942,45.31887],[-93.36913,45.32002],[-93.37051,45.32191],[-93.37062,45.32253],[-93.37055,45.32359],[-93.36984,45.32482],[-93.36998,45.32564],[-93.37045,45.32623],[-93.37266,45.32711],[-93.37399,45.32812],[-93.37459,45.32869],[-93.37483,45.32962],[-93.3745,45.33036],[-93.3727,45.33092],[-93.36905,45.32902],[-93.36268,45.33009],[-93.36228,45.33048],[-93.36253,45.33104],[-93.36317,45.33133],[-93.3668,45.33156],[-93.36902,45.33249],[-93.37056,45.33417],[-93.37068,45.33475],[-93.36942,45.3364],[-93.36759,45.33673],[-93.36429,45.33633],[-93.36286,45.33696],[-93.3625,45.33769],[-93.36217,45.34033],[-93.36105,45.34146],[-93.36101,45.3426],[-93.3628,45.34445],[-93.36334,45.34728],[-93.36534,45.34962],[-93.36536,45.35147],[-93.36243,45.35463],[-93.36239,45.35538],[-93.36424,45.35861],[-93.3643,45.35945],[-93.36375,45.36007],[-93.36054,45.36169],[-93.3597,45.36246],[-93.35873,45.3644],[-93.35945,45.3659],[-93.3585,45.368],[-93.35858,45.36973],[-93.36023,45.37134],[-93.36061,45.37219],[-93.36029,45.37311],[-93.35926,45.37416],[-93.35808,45.37408],[-93.35723,45.37362],[-93.35632,45.37201],[-93.35542,45.3721],[-93.35497,45.37309],[-93.35787,45.37514],[-93.35803,45.37698],[-93.35758,45.37782],[-93.35715,45.37799],[-93.37818,45.37828],[-93.37813,45.3815],[-93.37338,45.38147],[-93.37331,45.38473],[-93.38863,45.3847]]],[[[-93.38737,45.29889],[-93.38664,45.29888],[-93.38665,45.29919],[-93.38707,45.2991],[-93.38737,45.29889]]],[[[-93.37722,45.29875],[-93.32665,45.29801],[-93.26538,45.29807],[-93.26592,45.33398],[-93.26532,45.38476],[-93.35245,45.38489],[-93.35252,45.37793],[-93.35643,45.37798],[-93.35728,45.37765],[-93.35765,45.37692],[-93.35753,45.37526],[-93.3546,45.37318],[-93.35459,45.37259],[-93.35512,45.37192],[-93.35587,45.37163],[-93.35658,45.3718],[-93.35756,45.37347],[-93.3582,45.37382],[-93.3591,45.3739],[-93.35993,45.37302],[-93.36022,45.3722],[-93.35988,45.37146],[-93.35821,45.3698],[-93.35812,45.36796],[-93.35906,45.3659],[-93.35835,45.36436],[-93.35935,45.36233],[-93.36025,45.36151],[-93.36392,45.3594],[-93.36387,45.35869],[-93.36202,45.35544],[-93.36205,45.35459],[-93.365,45.35138],[-93.36496,45.34968],[-93.36297,45.34737],[-93.36243,45.34452],[-93.36064,45.3427],[-93.36068,45.34137],[-93.3618,45.34025],[-93.36212,45.33765],[-93.36256,45.33679],[-93.36423,45.33606],[-93.36759,45.33646],[-93.36922,45.33617],[-93.37029,45.33471],[-93.36878,45.3327],[-93.3667,45.33183],[-93.36302,45.33159],[-93.3622,45.3312],[-93.36188,45.33041],[-93.36251,45.32984],[-93.36582,45.32948],[-93.36838,45.32875],[-93.37011,45.32916],[-93.37274,45.33064],[-93.37421,45.33018],[-93.37445,45.3296],[-93.37424,45.3288],[-93.37371,45.32831],[-93.3724,45.32731],[-93.37019,45.32644],[-93.36962,45.32574],[-93.36945,45.32478],[-93.37018,45.32352],[-93.37024,45.32255],[-93.37015,45.322],[-93.36873,45.32003],[-93.36907,45.31875],[-93.37149,45.31682],[-93.37208,45.31445],[-93.3749,45.31267],[-93.37524,45.3118],[-93.37522,45.30899],[-93.37621,45.30807],[-93.37606,45.30638],[-93.37542,45.30525],[-93.37571,45.30171],[-93.37719,45.29899],[-93.37722,45.29875]],[[-93.34812,45.35677],[-93.34773,45.35797],[-93.34682,45.35931],[-93.34531,45.3605],[-93.34226,45.36193],[-93.33673,45.36283],[-93.336,45.36228],[-93.33649,45.36291],[-93.33587,45.36296],[-93.3358,45.36249],[-93.33573,45.36298],[-93.33488,45.3629],[-93.33253,45.36291],[-93.32949,45.36243],[-93.32674,45.36104],[-93.3256,45.3598],[-93.32512,45.35775],[-93.32562,45.35525],[-93.32764,45.35181],[-93.32914,45.35055],[-93.3321,45.34956],[-93.33448,45.34966],[-93.33537,45.35002],[-93.33532,45.35061],[-93.33612,45.35145],[-93.33924,45.35215],[-93.34332,45.3522],[-93.34662,45.35398],[-93.34784,45.35514],[-93.34812,45.35677]],[[-93.34746,45.32893],[-93.34734,45.33002],[-93.3458,45.33105],[-93.34297,45.32964],[-93.34229,45.32821],[-93.3428,45.32712],[-93.34357,45.32696],[-93.3438,45.32576],[-93.34462,45.32495],[-93.34536,45.32519],[-93.34601,45.32579],[-93.34605,45.32747],[-93.34746,45.32893]],[[-93.28467,45.31515],[-93.2845,45.31653],[-93.28382,45.31657],[-93.28351,45.31707],[-93.28376,45.31798],[-93.28274,45.31805],[-93.28234,45.31844],[-93.28272,45.31932],[-93.28229,45.32003],[-93.2825,45.3205],[-93.28133,45.32065],[-93.28113,45.3212],[-93.28035,45.32162],[-93.2794,45.32116],[-93.27921,45.31967],[-93.2795,45.31853],[-93.28024,45.31753],[-93.28008,45.31676],[-93.28049,45.31608],[-93.28081,45.31572],[-93.28204,45.31567],[-93.2832,45.31501],[-93.28347,45.31538],[-93.28467,45.31515]]]]}},
{"type":"Feature","id":"2395285","properties":{"id":"2395285","name":"Oak Park Heights","kind":"city","counties":["Washington"],"population":4776,"label":[-92.81009,45.03243]},"geometry":{"type":"MultiPolygon","coordinates":[[[[-92.85865,45.03153],[-92.85857,45.02882],[-92.85399,45.02887],[-92.85622,45.02634],[-92.83806,45.02652],[-92.83801,45.02533],[-92.83293,45.02527],[-92.83282,45.02888],[-92.82269,45.02878],[-92.8226,45.02519],[-92.81758,45.02519],[-92.8175,45.0288],[-92.80741,45.02883],[-92.80725,45.02146],[-92.7954,45.02149],[-92.79342,45.02448],[-92.79313,45.02471],[-92.7936,45.02476],[-92.79385,45.02421],[-92.79431,45.02416],[-92.79412,45.02382],[-92.79472,45.0231],[-92.79553,45.02305],[-92.79641,45.0242],[-92.79652,45.02577],[-92.79718,45.02711],[-92.79586,45.0282],[-92.79586,45.02873],[-92.79518,45.02853],[-92.79523,45.02907],[-92.79675,45.03],[-92.79743,45.02989],[-92.79733,45.03032],[-92.79876,45.03145],[-92.7979,45.03171],[-92.79852,45.03231],[-92.79811,45.03267],[-92.79686,45.0323],[-92.79644,45.03167],[-92.79566,45.03024],[-92.79461,45.0302],[-92.79319,45.02875],[-92.79414,45.02705],[-92.79305,45.02477],[-92.79202,45.02558],[-92.79177,45.02847],[-92.79117,45.0301],[-92.78598,45.0302],[-92.78491,45.02884],[-92.7712,45.02887],[-92.77129,45.02892],[-92.77116,45.02887],[-92.77005,45.02888],[-92.77004,45.02894],[-92.77487,45.02923],[-92.77484,45.02952],[-92.77095,45.02971],[-92.77235,45.03048],[-92.77257,45.03091],[-92.77313,45.03072],[-92.7733,45.03027],[-92.77267,45.02968],[-92.77388,45.02972],[-92.77422,45.03051],[-92.77403,45.03099],[-92.7745,45.0312],[-92.77345,45.03109],[-92.77414,45.03164],[-92.7763,45.03057],[-92.77632,45.03089],[-92.77495,45.03176],[-92.7749,45.03249],[-92.77516,45.03185],[-92.77582,45.03178],[-92.77611,45.03264],[-92.77763,45.03388],[-92.77827,45.03402],[-92.77832,45.03331],[-92.77944,45.03422],[-92.78029,45.03428],[-92.78521,45.03686],[-92.78603,45.03698],[-92.7869,45.03809],[-92.78671,45.03847],[-92.78744,45.03896],[-92.78815,45.03917],[-92.78918,45.03896],[-92.78921,45.03957],[-92.78951,45.03978],[-92.79112,45.04018],[-92.79172,45.04088],[-92.79161,45.04145],[-92.79192,45.04207],[-92.79291,45.04279],[-92.79555,45.04279],[-92.79589,45.04436],[-92.79671,45.04435],[-92.79671,45.04279],[-92.80251,45.04282],[-92.80252,45.04014],[-92.803,45.04014],[-92.80299,45.03964],[-92.80252,45.03964],[-92.80252,45.03916],[-92.80019,45.03917],[-92.80015,45.03628],[-92.8051,45.03631],[-92.80525,45.03915],[-92.81272,45.03915],[-92.81269,45.03564],[-92.84343,45.0363],[-92.84343,45.036],[-92.85455,45.0361],[-92.85456,45.03552],[-92.85561,45.03549],[-92.85474,45.03543],[-92.85627,45.03417],[-92.85803,45.03168],[-92.85865,45.03153]]],[[[-92.80763,45.04112],[-92.80637,45.04112],[-92.80637,45.042],[-92.80375,45.04199],[-92.80374,45.04282],[-92.80761,45.04284],[-92.80763,45.04112]],[[-92.80569,45.04236],[-92.80567,45.04272],[-92.805,45.04272],[-92.80501,45.04236],[-92.80569,45.04236]]],[[[-92.80116,45.0387],[-92.80067,45.03871],[-92.80068,45.03909],[-92.80116,45.03909],[-92.80116,45.0387]]],[[[-92.79602,45.02574],[-92.79595,45.02573],[-92.79593,45.02578],[-92.79602,45.02574]]]]}},
{"type":"Feature","id":"2395287","properties":{"id":"2395287","name":"Oakdale","kind":"city","counties":["Washington"],"population":27858,"label":[-92.96416,44.98744]},"geometry":{"type":"MultiPolygon","coordinates":[[[[-92.98478,45.03542],[-92.98476,45.02921],[-92.98471,45.02919],[-92.98412,45.02797],[-92.98443,45.02732],[-92.98476,45.02707],[-92.98455,44.94871],[-92.98277,44.94847],[-92.9542,44.94913],[-92.93419,44.94906],[-92.93385,44.95442],[-92.93398,44.96342],[-92.94404,44.96339],[-92.94397,45.00679],[-92.94428,45.00679],[-92.94428,45.01337],[-92.94489,45.01403],[-92.94728,45.01511],[-92.94884,45.01805],[-92.949,45.01958],[-92.94977,45.02123],[-92.95414,45.02112],[-92.95422,45.02883],[-92.9601,45.02656],[-92.96466,45.02683],[-92.96476,45.03211],[-92.96872,45.03322],[-92.97799,45.03397],[-92.98478,45.03542]],[[-92.98455,44.95088],[-92.98425,44.9519],[-92.98348,44.95258],[-92.98309,44.95364],[-92.98216,44.95397],[-92.98205,44.95431],[-92.98259,44.95531],[-92.9824,44.95806],[-92.98127,44.95821],[-92.98093,44.95796],[-92.97995,44.95457],[-92.97874,44.95343],[-92.97937,44.95246],[-92.97345,44.9524],[-92.97344,44.94902],[-92.98023,44.94899],[-92.98035,44.94892],[-92.98323,44.94886],[-92.98433,44.94946],[-92.98455,44.95088]]]]}},
{"type":"Feature","id":"2396081","properties":{"id":"2396081","name":"Orono","kind":"city","counties":["Hennepin"],"population":8447,"label":[-93.59005,44.9647]},"geometry":{"type":"MultiPolygon","coordinates":[[[[-93.64562,45.00046],[-93.64544,44.95579],[-93.64532,44.95575],[-93.64294,44.9541],[-93.64291,44.95307],[-93.64336,44.95183],[-93.64186,44.95255],[-93.63811,44.95328],[-93.63636,44.95205],[-93.63187,44.95119],[-93.62986,44.94923],[-93.62948,44.94908],[-93.62896,44.94907],[-93.62758,44.94939],[-93.62669,44.94969],[-93.62651,44.94963],[-93.62639,44.94966],[-93.626,44.94947],[-93.6254,44.94927],[-93.6252,44.94907],[-93.62495,44.94894],[-93.62471,44.94856],[-93.62438,44.94822],[-93.62436,44.94801],[-93.62422,44.94779],[-93.6243,44.94743],[-93.62424,44.94689],[-93.62466,44.94572],[-93.62787,44.94227],[-93.62711,44.9411],[-93.62701,44.9421],[-93.62651,44.94227],[-93.6261,44.94294],[-93.62396,44.94337],[-93.62274,44.94405],[-93.62144,44.94391],[-93.62143,44.9446],[-93.62205,44.94471],[-93.62204,44.94494],[-93.62125,44.94466],[-93.62097,44.94386],[-93.61901,44.94381],[-93.61878,44.94289],[-93.61781,44.94304],[-93.61857,44.94421],[-93.6184,44.94417],[-93.61847,44.94429],[-93.61828,44.94414],[-93.61809,44.94409],[-93.61801,44.94392],[-93.61786,44.9438],[-93.61751,44.94284],[-93.61633,44.94295],[-93.61663,44.94488],[-93.61671,44.94515],[-93.61776,44.94632],[-93.61803,44.94719],[-93.61752,44.94884],[-93.61621,44.94979],[-93.6163,44.9499],[-93.61683,44.9503],[-93.61709,44.95038],[-93.61805,44.95027],[-93.61821,44.95062],[-93.62217,44.95113],[-93.62274,44.95141],[-93.62301,44.95146],[-93.62303,44.95156],[-93.62314,44.95161],[-93.62338,44.9532],[-93.62353,44.95391],[-93.62387,44.95476],[-93.62434,44.95573],[-93.62431,44.95584],[-93.62434,44.95591],[-93.62391,44.95733],[-93.62295,44.95834],[-93.62314,44.95901],[-93.62392,44.95991],[-93.6282,44.96182],[-93.62831,44.96252],[-93.62732,44.96353],[-93.62715,44.96428],[-93.62925,44.96482],[-93.63255,44.96689],[-93.63223,44.9671],[-93.63235,44.96742],[-93.6331,44.96774],[-93.6325,44.96808],[-93.63267,44.96949],[-93.63594,44.97161],[-93.63521,44.97267],[-93.63532,44.97367],[-93.63586,44.97414],[-93.63519,44.9741],[-93.63501,44.97348],[-93.63507,44.97303],[-93.63503,44.97263],[-93.63528,44.97154],[-93.63251,44.96973],[-93.63078,44.97039],[-93.63072,44.97073],[-93.62964,44.97031],[-93.62766,44.96684],[-93.62733,44.96698],[-93.62609,44.96554],[-93.62612,44.96497],[-93.62224,44.96534],[-93.62217,44.96526],[-93.62201,44.96527],[-93.62103,44.964],[-93.61931,44.96316],[-93.61928,44.9631],[-93.6192,44.96306],[-93.61859,44.96169],[-93.61806,44.9606],[-93.61732,44.95977],[-93.61673,44.95917],[-93.6152,44.95889],[-93.61498,44.95871],[-93.61489,44.95869],[-93.61479,44.95855],[-93.61461,44.9584],[-93.61365,44.95698],[-93.6121,44.9557],[-93.61147,44.9543],[-93.61074,44.95546],[-93.61157,44.95687],[-93.61186,44.95802],[-93.61198,44.95829],[-93.61195,44.95835],[-93.61198,44.95849],[-93.61122,44.95999],[-93.61127,44.96018],[-93.61238,44.96147],[-93.61425,44.9618],[-93.61431,44.96189],[-93.61445,44.96192],[-93.61471,44.96253],[-93.61451,44.96337],[-93.61389,44.96412],[-93.61305,44.9647],[-93.61249,44.96463],[-93.6126,44.96486],[-93.61299,44.9653],[-93.61437,44.9648],[-93.61549,44.96468],[-93.61578,44.96461],[-93.61593,44.96464],[-93.61626,44.9646],[-93.61852,44.96507],[-93.62107,44.96791],[-93.622,44.97026],[-93.62263,44.97038],[-93.62269,44.97059],[-93.62277,44.97063],[-93.62296,44.9715],[-93.62135,44.97163],[-93.62024,44.97379],[-93.61885,44.97448],[-93.61685,44.97486],[-93.61677,44.97485],[-93.61676,44.97485],[-93.61521,44.97472],[-93.61474,44.97453],[-93.61443,44.97448],[-93.61436,44.97437],[-93.61406,44.97425],[-93.61359,44.97312],[-93.61105,44.97228],[-93.61131,44.97121],[-93.6101,44.9709],[-93.60916,44.96992],[-93.6092,44.96983],[-93.60915,44.96977],[-93.60973,44.9687],[-93.61053,44.96865],[-93.61043,44.96794],[-93.6105,44.96782],[-93.6105,44.9678],[-93.61116,44.96675],[-93.61263,44.96547],[-93.61229,44.96496],[-93.61214,44.9648],[-93.60872,44.96497],[-93.60701,44.96454],[-93.60403,44.96493],[-93.60219,44.96467],[-93.60211,44.96463],[-93.60198,44.96461],[-93.6017,44.96443],[-93.60102,44.96409],[-93.60079,44.96383],[-93.60051,44.96365],[-93.59944,44.96232],[-93.59638,44.96091],[-93.59574,44.96049],[-93.59547,44.95987],[-93.59324,44.95894],[-93.59317,44.95862],[-93.59319,44.9586],[-93.59318,44.95855],[-93.59375,44.9579],[-93.59499,44.95756],[-93.59605,44.95787],[-93.59698,44.95853],[-93.59691,44.95876],[-93.60069,44.95983],[-93.60109,44.96023],[-93.60062,44.96069],[-93.60178,44.96056],[-93.60186,44.96052],[-93.60248,44.96013],[-93.60251,44.95996],[-93.60246,44.95974],[-93.60221,44.95954],[-93.60073,44.95923],[-93.60003,44.95869],[-93.60002,44.95857],[-93.59993,44.95849],[-93.59996,44.95809],[-93.59992,44.95776],[-93.59999,44.95765],[-93.6,44.95754],[-93.60084,44.9563],[-93.59765,44.95452],[-93.59379,44.95455],[-93.59078,44.95405],[-93.58597,44.95147],[-93.58485,44.95026],[-93.58488,44.95114],[-93.5845,44.95138],[-93.58428,44.9504],[-93.58463,44.95003],[-93.5837,44.94745],[-93.58165,44.94654],[-93.58139,44.9466],[-93.58288,44.94723],[-93.58211,44.94735],[-93.58169,44.94784],[-93.5806,44.94795],[-93.58074,44.94819],[-93.57982,44.94756],[-93.57982,44.94745],[-93.57973,44.94737],[-93.57986,44.94586],[-93.58082,44.94623],[-93.58164,44.94579],[-93.58158,44.94465],[-93.58107,44.9452],[-93.57934,44.9449],[-93.57909,44.94517],[-93.57891,44.94545],[-93.57868,44.9456],[-93.57856,44.94573],[-93.57798,44.94606],[-93.5766,44.94697],[-93.57604,44.94791],[-93.57586,44.95026],[-93.57405,44.95263],[-93.57385,44.95274],[-93.57371,44.95291],[-93.5719,44.95382],[-93.57204,44.95433],[-93.57122,44.95486],[-93.56758,44.95636],[-93.56412,44.95662],[-93.56332,44.95647],[-93.56265,44.95649],[-93.56207,44.95624],[-93.56172,44.95618],[-93.56171,44.95609],[-93.56154,44.95602],[-93.56136,44.95301],[-93.55866,44.95014],[-93.55724,44.94972],[-93.55869,44.95459],[-93.55967,44.95517],[-93.55986,44.95592],[-93.55903,44.95877],[-93.55725,44.96012],[-93.55831,44.95948],[-93.55771,44.96106],[-93.55804,44.96173],[-93.55868,44.96214],[-93.55889,44.96428],[-93.55886,44.96432],[-93.55887,44.96442],[-93.55871,44.96453],[-93.55857,44.96473],[-93.55826,44.96484],[-93.55807,44.96497],[-93.55796,44.96495],[-93.55784,44.96499],[-93.55668,44.96466],[-93.55554,44.96486],[-93.55519,44.96538],[-93.55521,44.96547],[-93.55509,44.96554],[-93.55508,44.96555],[-93.55504,44.96557],[-93.55394,44.9662],[-93.55249,44.96671],[-93.55193,44.96696],[-93.55185,44.96693],[-93.55169,44.96699],[-93.55071,44.96653],[-93.55164,44.9664],[-93.55131,44.96556],[-93.55035,44.96527],[-93.54792,44.96565],[-93.54642,44.96505],[-93.54757,44.96514],[-93.54829,44.96479],[-93.54862,44.96494],[-93.54862,44.9648],[-93.54593,44.96435],[-93.54508,44.96476],[-93.54508,44.96427],[-93.54392,44.96402],[-93.54392,44.96525],[-93.54299,44.96525],[-93.54299,44.96562],[-93.54428,44.96658],[-93.54299,44.96658],[-93.543,44.97447],[-93.54812,44.97452],[-93.54812,44.97603],[-93.543,44.97599],[-93.54301,44.97649],[-93.548,44.97916],[-93.54418,44.97915],[-93.54289,44.97846],[-93.54288,44.97808],[-93.52649,44.97805],[-93.5265,44.97737],[-93.52496,44.97805],[-93.52262,44.97804],[-93.52244,44.99713],[-93.52374,44.99684],[-93.52492,44.99748],[-93.5248,44.99783],[-93.52437,44.99774],[-93.52511,44.99823],[-93.52441,44.99941],[-93.52443,44.99976],[-93.5636,44.99945],[-93.57606,44.99998],[-93.60663,45.00045],[-93.60872,45.00028],[-93.60905,45.00049],[-93.61114,45.00052],[-93.61178,45.00051],[-93.61182,45.00053],[-93.61458,45.00057],[-93.64562,45.00046]],[[-93.64163,44.99692],[-93.64099,44.99839],[-93.63667,44.99862],[-93.63303,44.9975],[-93.63326,44.99744],[-93.63282,44.99656],[-93.6332,44.99556],[-93.63277,44.99436],[-93.63451,44.99277],[-93.63522,44.99048],[-93.63625,44.99059],[-93.63693,44.99136],[-93.63817,44.99154],[-93.6386,44.9912],[-93.63962,44.99236],[-93.64026,44.99252],[-93.64037,44.99326],[-93.63981,44.9942],[-93.63998,44.99533],[-93.64052,44.99577],[-93.64158,44.99588],[-93.64134,44.99639],[-93.64163,44.99692]],[[-93.63874,44.95501],[-93.63712,44.95724],[-93.63681,44.95698],[-93.63546,44.95712],[-93.6365,44.95893],[-93.63583,44.95939],[-93.63476,44.95937],[-93.63409,44.95975],[-93.63437,44.96073],[-93.63632,44.96131],[-93.63457,44.96093],[-93.63515,44.96177],[-93.63457,44.96124],[-93.63348,44.96139],[-93.63512,44.96263],[-93.635,44.96348],[-93.63452,44.96229],[-93.63246,44.96118],[-93.63075,44.95959],[-93.62943,44.95584],[-93.63031,44.95477],[-93.6317,44.954],[-93.63344,44.95369],[-93.6338,44.95372],[-93.63356,44.95424],[-93.6339,44.95471],[-93.63453,44.95517],[-93.63535,44.95525],[-93.6362,44.95446],[-93.63551,44.95311],[-93.6365,44.95448],[-93.63753,44.95472],[-93.63817,44.95526],[-93.63874,44.95501]],[[-93.6256,44.99832],[-93.62465,44.99903],[-93.62264,44.99842],[-93.62227,44.99859],[-93.62124,44.99803],[-93.62084,44.99824],[-93.62061,44.9991],[-93.61985,44.99922],[-93.62026,44.99992],[-93.62,45.0001],[-93.61817,45.00049],[-93.61814,45.00024],[-93.61729,45.00005],[-93.61721,44.99953],[-93.61763,44.99896],[-93.61685,44.99802],[-93.61602,44.99888],[-93.61623,44.99963],[-93.61682,45.00005],[-93.61627,45.00022],[-93.61561,44.99937],[-93.61574,44.9987],[-93.61507,44.99812],[-93.61518,44.99555],[-93.61549,44.99559],[-93.61543,44.99616],[-93.61657,44.99622],[-93.61758,44.99485],[-93.61979,44.99616],[-93.6202,44.99606],[-93.6204,44.99472],[-93.62097,44.99414],[-93.62365,44.99555],[-93.62368,44.99595],[-93.62446,44.99598],[-93.62552,44.99659],[-93.62524,44.99672],[-93.62524,44.99745],[-93.6256,44.99832]],[[-93.60895,44.99144],[-93.60892,44.99274],[-93.60812,44.99455],[-93.60747,44.9951],[-93.60586,44.99533],[-93.60376,44.99389],[-93.60376,44.99329],[-93.60267,44.99178],[-93.6028,44.99119],[-93.60241,44.99044],[-93.60299,44.99039],[-93.60386,44.99117],[-93.60576,44.99155],[-93.60863,44.99091],[-93.60895,44.99144]],[[-93.58824,44.98554],[-93.5882,44.98924],[-93.57883,44.98911],[-93.57881,44.98872],[-93.57768,44.98842],[-93.57376,44.98823],[-93.57374,44.98936],[-93.56948,44.98935],[-93.56959,44.9894],[-93.5694,44.98992],[-93.56584,44.99123],[-93.56545,44.99178],[-93.56585,44.9923],[-93.5654,44.99277],[-93.56433,44.99287],[-93.56202,44.99206],[-93.56075,44.99104],[-93.56067,44.98979],[-93.55926,44.98925],[-93.55901,44.98933],[-93.5588,44.99061],[-93.55829,44.99116],[-93.55511,44.99113],[-93.55279,44.99156],[-93.55236,44.99202],[-93.55271,44.99252],[-93.55241,44.99286],[-93.55087,44.99322],[-93.54813,44.9931],[-93.54697,44.99235],[-93.54637,44.99152],[-93.54586,44.99165],[-93.54541,44.99138],[-93.5451,44.99179],[-93.54458,44.99185],[-93.54326,44.9917],[-93.54347,44.99064],[-93.54459,44.98958],[-93.54821,44.98902],[-93.54853,44.98742],[-93.54944,44.98686],[-93.55006,44.9868],[-93.54997,44.98485],[-93.54831,44.98382],[-93.54581,44.98086],[-93.55095,44.98037],[-93.55517,44.98236],[-93.56181,44.98352],[-93.56181,44.98305],[-93.56095,44.9829],[-93.56118,44.9825],[-93.56053,44.98242],[-93.5604,44.98281],[-93.55839,44.98247],[-93.55836,44.98086],[-93.56226,44.97987],[-93.56322,44.98061],[-93.56599,44.98017],[-93.5675,44.97964],[-93.5683,44.97871],[-93.56833,44.97826],[-93.57367,44.97797],[-93.57365,44.98026],[-93.5751,44.97997],[-93.57516,44.97831],[-93.57713,44.97831],[-93.57841,44.97904],[-93.58158,44.97832],[-93.58162,44.98283],[-93.58123,44.98281],[-93.58118,44.98508],[-93.58392,44.98508],[-93.58392,44.98546],[-93.58824,44.98554]],[[-93.56604,44.96143],[-93.56524,44.96275],[-93.5635,44.96356],[-93.56175,44.9635],[-93.55979,44.96306],[-93.55927,44.96233],[-93.55915,44.96144],[-93.5584,44.96101],[-93.55847,44.96051],[-93.55948,44.95955],[-93.55917,44.95882],[-93.56033,44.95853],[-93.56101,44.95916],[-93.56331,44.95956],[-93.56456,44.96043],[-93.566,44.96086],[-93.56604,44.96143]]],[[[-93.64412,44.93829],[-93.64382,44.93843],[-93.644,44.93844],[-93.6441,44.93845],[-93.6441,44.93842],[-93.64412,44.93829]]],[[[-93.64294,44.94171],[-93.64213,44.94132],[-93.64149,44.94053],[-93.64216,44.94138],[-93.64294,44.94171]]],[[[-93.64139,44.94312],[-93.64135,44.94311],[-93.64135,44.94311],[-93.64139,44.94312]]],[[[-93.64123,44.94062],[-93.64122,44.94049],[-93.64087,44.94066],[-93.64123,44.94062]]],[[[-93.6412,44.94017],[-93.6412,44.94016],[-93.6412,44.94016],[-93.6412,44.94017]]],[[[-93.64094,44.93822],[-93.64094,44.93822],[-93.64094,44.93822],[-93.64094,44.93822]]],[[[-93.63944,44.94083],[-93.6393,44.94083],[-93.63932,44.94085],[-93.63944,44.94083]]],[[[-93.639,44.93755],[-93.63895,44.93753],[-93.63573,44.93831],[-93.63584,44.93837],[-93.639,44.93755]]],[[[-93.63746,44.94079],[-93.63743,44.9408],[-93.63616,44.94107],[-93.63452,44.94064],[-93.63481,44.94081],[-93.63474,44.94079],[-93.63496,44.94089],[-93.63552,44.94121],[-93.63698,44.94179],[-93.63742,44.94154],[-93.63746,44.94079]]],[[[-93.63666,44.99197],[-93.63627,44.99198],[-93.63663,44.99216],[-93.63666,44.99197]]],[[[-93.63558,44.97392],[-93.63542,44.97391],[-93.63546,44.97399],[-93.63536,44.97404],[-93.6355,44.97406],[-93.63558,44.97392]]],[[[-93.63272,44.93713],[-93.63248,44.93703],[-93.62748,44.93678],[-93.63272,44.93713]]],[[[-93.6265,44.93673],[-93.6262,44.93672],[-93.62552,44.93694],[-93.62439,44.93798],[-93.62266,44.94076],[-93.62335,44.94019],[-93.62438,44.9381],[-93.6265,44.93673]]],[[[-93.62324,44.93439],[-93.62231,44.93422],[-93.62219,44.93411],[-93.62168,44.93365],[-93.62134,44.93335],[-93.61983,44.93094],[-93.61979,44.93088],[-93.61984,44.93078],[-93.61984,44.93078],[-93.6206,44.92917],[-93.62222,44.92787],[-93.62215,44.92708],[-93.61781,44.92473],[-93.61702,44.92378],[-93.61639,44.92197],[-93.61548,44.92052],[-93.61535,44.92051],[-93.61535,44.92051],[-93.61439,44.92041],[-93.61343,44.92038],[-93.61339,44.92038],[-93.61303,44.92036],[-93.6093,44.92113],[-93.60922,44.92132],[-93.60904,44.92179],[-93.61008,44.92258],[-93.61099,44.92417],[-93.61276,44.92599],[-93.61376,44.92654],[-93.61384,44.92659],[-93.61394,44.92649],[-93.61412,44.92632],[-93.6142,44.92624],[-93.61339,44.9254],[-93.61361,44.92482],[-93.61392,44.92482],[-93.61379,44.92401],[-93.6152,44.92443],[-93.61535,44.92536],[-93.61464,44.92648],[-93.61581,44.92772],[-93.61603,44.9285],[-93.6175,44.92895],[-93.61817,44.93021],[-93.61822,44.9303],[-93.61815,44.93028],[-93.61742,44.93011],[-93.61566,44.93145],[-93.61455,44.93196],[-93.6142,44.93212],[-93.61388,44.93226],[-93.61138,44.93263],[-93.61159,44.93318],[-93.61301,44.93325],[-93.61282,44.93361],[-93.61254,44.93357],[-93.6114,44.93341],[-93.61088,44.93334],[-93.61088,44.93326],[-93.61087,44.93307],[-93.61084,44.9323],[-93.60875,44.93055],[-93.60853,44.92987],[-93.6089,44.92928],[-93.60732,44.92827],[-93.60537,44.928],[-93.60582,44.92881],[-93.60494,44.92899],[-93.60474,44.92843],[-93.60495,44.92796],[-93.60352,44.92691],[-93.60338,44.92681],[-93.60271,44.92685],[-93.59827,44.92713],[-93.59825,44.92734],[-93.59962,44.92713],[-93.60068,44.92768],[-93.5998,44.92984],[-93.59948,44.92971],[-93.59974,44.92878],[-93.5974,44.92787],[-93.59662,44.92842],[-93.59581,44.92809],[-93.59728,44.92757],[-93.59752,44.92692],[-93.59754,44.92687],[-93.5964,44.92735],[-93.59492,44.92703],[-93.59485,44.92702],[-93.59429,44.92771],[-93.59426,44.92774],[-93.59363,44.92852],[-93.59381,44.92857],[-93.59484,44.92888],[-93.59568,44.92912],[-93.59712,44.92955],[-93.59719,44.92957],[-93.59681,44.92965],[-93.5961,44.9298],[-93.59594,44.92983],[-93.59535,44.92941],[-93.59485,44.93036],[-93.59471,44.93108],[-93.59497,44.93162],[-93.59603,44.93282],[-93.59706,44.93308],[-93.59588,44.93261],[-93.59734,44.93224],[-93.59781,44.93171],[-93.59849,44.93265],[-93.6002,44.93329],[-93.60048,44.93467],[-93.60442,44.93467],[-93.60441,44.93544],[-93.60438,44.94077],[-93.60563,44.94006],[-93.60648,44.93916],[-93.60908,44.93833],[-93.60935,44.93834],[-93.61053,44.9384],[-93.6128,44.9394],[-93.61581,44.94184],[-93.61628,44.94272],[-93.61629,44.94275],[-93.61637,44.94273],[-93.61774,44.9424],[-93.61753,44.9418],[-93.61737,44.94188],[-93.61764,44.94231],[-93.617,44.9418],[-93.61676,44.94233],[-93.61588,44.94061],[-93.61662,44.9406],[-93.61842,44.94057],[-93.61988,44.94055],[-93.61983,44.93807],[-93.61932,44.93804],[-93.61929,44.93689],[-93.62227,44.93625],[-93.62228,44.93468],[-93.62324,44.93467],[-93.62324,44.93439]]],[[[-93.62124,44.94141],[-93.62084,44.94158],[-93.62097,44.94175],[-93.62124,44.94141]]],[[[-93.62122,44.94224],[-93.6211,44.94214],[-93.62112,44.94199],[-93.62028,44.9414],[-93.62043,44.94157],[-93.62097,44.94216],[-93.61933,44.94218],[-93.61976,44.94232],[-93.62109,44.94227],[-93.62109,44.94225],[-93.62122,44.94224]]],[[[-93.62015,44.94117],[-93.61996,44.94105],[-93.62008,44.94119],[-93.62015,44.94117]]],[[[-93.61907,44.94234],[-93.61904,44.94234],[-93.61905,44.94227],[-93.61848,44.94233],[-93.618,44.94232],[-93.6182,44.94236],[-93.61799,44.94238],[-93.61833,44.94238],[-93.61847,44.94241],[-93.61867,44.94239],[-93.61904,44.94239],[-93.61904,44.94234],[-93.61907,44.94234]]],[[[-93.61905,44.99719],[-93.61817,44.99641],[-93.61692,44.99648],[-93.61687,44.99706],[-93.61905,44.99719]]],[[[-93.61898,44.95409],[-93.61888,44.95406],[-93.61889,44.95399],[-93.61773,44.95378],[-93.61663,44.9524],[-93.61586,44.9522],[-93.61563,44.95113],[-93.61649,44.95053],[-93.61654,44.9505],[-93.61588,44.94996],[-93.61471,44.95103],[-93.60978,44.95256],[-93.60848,44.95262],[-93.60755,44.95228],[-93.60715,44.95198],[-93.60679,44.94996],[-93.60649,44.95025],[-93.60624,44.94997],[-93.60676,44.9498],[-93.60671,44.94854],[-93.6067,44.94822],[-93.60619,44.94769],[-93.60605,44.94755],[-93.60594,44.94744],[-93.60274,44.94662],[-93.60275,44.94664],[-93.6033,44.94878],[-93.60327,44.94984],[-93.60259,44.95128],[-93.60116,44.9526],[-93.60212,44.95303],[-93.60183,44.95316],[-93.60106,44.95267],[-93.59792,44.95437],[-93.60116,44.95607],[-93.60265,44.95517],[-93.6035,44.95466],[-93.60504,44.95413],[-93.60522,44.95354],[-93.6057,44.95383],[-93.60751,44.95341],[-93.61035,44.95345],[-93.61039,44.95348],[-93.61125,44.95415],[-93.6113,44.95412],[-93.61168,44.95389],[-93.61353,44.95278],[-93.61396,44.95252],[-93.61415,44.95259],[-93.61695,44.95356],[-93.61806,44.95445],[-93.61833,44.95467],[-93.61877,44.95475],[-93.61898,44.95409]]],[[[-93.61777,44.94173],[-93.61771,44.94171],[-93.61757,44.94178],[-93.61777,44.94173]]],[[[-93.6147,44.92519],[-93.61466,44.92513],[-93.61461,44.92468],[-93.61447,44.9248],[-93.61438,44.92465],[-93.6141,44.92509],[-93.61409,44.9251],[-93.61409,44.92511],[-93.61407,44.92514],[-93.61421,44.92555],[-93.61468,44.92526],[-93.61467,44.92521],[-93.6147,44.92519]]],[[[-93.61305,44.96848],[-93.61216,44.96827],[-93.61121,44.96871],[-93.61159,44.96877],[-93.61199,44.96869],[-93.61202,44.96869],[-93.61305,44.96848]]],[[[-93.60544,44.92853],[-93.60519,44.92849],[-93.60523,44.92866],[-93.60544,44.92858],[-93.60539,44.92856],[-93.60544,44.92853]]],[[[-93.60436,44.94078],[-93.60064,44.94127],[-93.59626,44.94245],[-93.5959,44.9428],[-93.59508,44.9436],[-93.594,44.94466],[-93.59349,44.94483],[-93.5942,44.94467],[-93.59611,44.94269],[-93.59622,44.94258],[-93.59643,44.94252],[-93.60064,44.9414],[-93.60431,44.94081],[-93.60436,44.94078]]],[[[-93.60002,44.92823],[-93.59997,44.92818],[-93.59999,44.92805],[-93.59962,44.92782],[-93.59945,44.92765],[-93.59935,44.92766],[-93.59932,44.92764],[-93.59823,44.92775],[-93.5994,44.92828],[-93.59974,44.92825],[-93.59994,44.92832],[-93.59996,44.92824],[-93.60002,44.92823]]],[[[-93.59291,44.94497],[-93.59194,44.94462],[-93.59189,44.9446],[-93.59195,44.94464],[-93.5924,44.94489],[-93.59264,44.94503],[-93.5929,44.94497],[-93.59291,44.94497]]],[[[-93.58699,44.94098],[-93.58693,44.94095],[-93.58689,44.94094],[-93.58675,44.94096],[-93.58659,44.94098],[-93.58667,44.94099],[-93.58699,44.94098]]],[[[-93.58419,44.93829],[-93.58382,44.93802],[-93.58394,44.93824],[-93.58419,44.93829]]],[[[-93.58373,44.93784],[-93.58339,44.93609],[-93.58336,44.93717],[-93.58373,44.93784]]],[[[-93.58361,44.94142],[-93.58344,44.94144],[-93.58303,44.9415],[-93.58177,44.94208],[-93.58149,44.94241],[-93.58206,44.94204],[-93.5822,44.94198],[-93.58248,44.94176],[-93.58323,44.94153],[-93.58361,44.94142]]],[[[-93.58333,44.93582],[-93.58323,44.93528],[-93.58292,44.93508],[-93.58333,44.93582]]],[[[-93.58039,44.94352],[-93.58003,44.94355],[-93.58,44.94355],[-93.57986,44.94342],[-93.57989,44.94355],[-93.58005,44.94358],[-93.58011,44.94359],[-93.5803,44.94363],[-93.58039,44.94352]]],[[[-93.57984,44.92561],[-93.57819,44.92585],[-93.57661,44.92549],[-93.57619,44.92432],[-93.57673,44.9236],[-93.57661,44.92359],[-93.57663,44.92355],[-93.57649,44.92357],[-93.57577,44.92348],[-93.57308,44.92406],[-93.57121,44.92356],[-93.57067,44.92358],[-93.57047,44.92354],[-93.57035,44.92359],[-93.57014,44.9236],[-93.56985,44.92381],[-93.56947,44.92397],[-93.56941,44.92412],[-93.5693,44.9242],[-93.56932,44.92436],[-93.56919,44.92471],[-93.56946,44.92543],[-93.56994,44.92479],[-93.57075,44.92523],[-93.57056,44.9261],[-93.57255,44.92751],[-93.57364,44.92876],[-93.57466,44.92922],[-93.57459,44.92959],[-93.57557,44.92973],[-93.57596,44.92964],[-93.5789,44.92934],[-93.5792,44.92847],[-93.57919,44.92631],[-93.57984,44.92561]]],[[[-93.57974,44.93302],[-93.57939,44.93279],[-93.57917,44.93184],[-93.57906,44.93173],[-93.57928,44.93274],[-93.57974,44.93302]]],[[[-93.57801,44.9362],[-93.57611,44.93763],[-93.57606,44.93775],[-93.57801,44.9362]]],[[[-93.57326,44.92981],[-93.57165,44.92983],[-93.57126,44.93111],[-93.57096,44.93118],[-93.5708,44.93092],[-93.57132,44.92928],[-93.57188,44.92886],[-93.57201,44.92825],[-93.57032,44.92765],[-93.57144,44.92782],[-93.57167,44.92752],[-93.5714,44.92717],[-93.57034,44.9264],[-93.56836,44.92723],[-93.5654,44.92709],[-93.56461,44.92645],[-93.56452,44.92547],[-93.56367,44.92387],[-93.56216,44.92369],[-93.56163,44.92435],[-93.56024,44.92467],[-93.56078,44.92631],[-93.5629,44.92776],[-93.56248,44.92924],[-93.56263,44.93033],[-93.56165,44.93144],[-93.55985,44.93214],[-93.5569,44.93229],[-93.55569,44.93161],[-93.55589,44.93077],[-93.55657,44.93087],[-93.55625,44.93037],[-93.55545,44.92978],[-93.55463,44.92976],[-93.55343,44.93038],[-93.55312,44.93205],[-93.55191,44.93312],[-93.55265,44.93411],[-93.55375,44.93435],[-93.55607,44.93566],[-93.55631,44.93569],[-93.55651,44.9358],[-93.55685,44.93577],[-93.5571,44.93581],[-93.55807,44.93568],[-93.55819,44.934],[-93.56015,44.93287],[-93.56275,44.93219],[-93.56739,44.93156],[-93.57073,44.93168],[-93.57135,44.93148],[-93.57234,44.93025],[-93.57326,44.92981]]],[[[-93.56053,44.98447],[-93.55731,44.98467],[-93.5573,44.98602],[-93.55812,44.98647],[-93.55919,44.98651],[-93.55971,44.98633],[-93.56046,44.98527],[-93.56052,44.98524],[-93.56053,44.98447]]]]}},
{"type":"Feature","id":"2396098","properties":{"id":"2396098","name":"Osseo","kind":"city","counties":["Hennepin"],"population":2642,"label":[-93.39931,45.11789]},"geometry":{"type":"MultiPolygon","coordinates":[[[[-93.40217,45.12325],[-93.4072,45.12333],[-93.40721,45.12237],[-93.40871,45.1224],[-93.40873,45.12193],[-93.4096,45.12194],[-93.40957,45.12336],[-93.41362,45.12342],[-93.41359,45.12044],[-93.41054,45.11954],[-93.40722,45.11947],[-93.40726,45.11617],[-93.40506,45.11612],[-93.40506,45.11554],[-93.40346,45.11553],[-93.40349,45.1107],[-93.39829,45.11069],[-93.3974,45.10972],[-93.39551,45.10973],[-93.39621,45.11069],[-93.39181,45.11077],[-93.39119,45.11472],[-93.3892,45.12109],[-93.38899,45.12331],[-93.40217,45.12325]]]]}},
{"type":"Feature","id":"2396105","properties":{"id":"2396105","name":"Otsego","kind":"city","counties":["Wright"],"population":22705,"label":[-93.61994,45.26599]},"geometry":{"type":"MultiPolygon","coordinates":[[[[-93.71472,45.26668],[-93.71471,45.26523],[-93.70446,45.25965],[-93.70426,45.23803],[-93.68392,45.23802],[-93.68379,45.25227],[-93.66329,45.25258],[-93.64295,45.25245],[-93.64298,45.24062],[-93.64624,45.24061],[-93.64623,45.23858],[-93.64796,45.23938],[-93.64796,45.23796],[-93.56897,45.23805],[-93.57006,45.2398],[-93.57013,45.24092],[-93.56948,45.24181],[-93.56812,45.24261],[-93.56605,45.243],[-93.56475,45.24261],[-93.56385,45.24181],[-93.56388,45.24127],[-93.56485,45.24014],[-93.56657,45.23919],[-93.56774,45.23862],[-93.56778,45.23822],[-93.56841,45.23805],[-93.55535,45.23807],[-93.55255,45.23147],[-93.55243,45.22724],[-93.54809,45.22677],[-93.5442,45.23091],[-93.54384,45.23215],[-93.54299,45.23268],[-93.54186,45.23262],[-93.54166,45.23247],[-93.54162,45.23246],[-93.54151,45.23235],[-93.53996,45.23116],[-93.53687,45.23172],[-93.53433,45.23116],[-93.53426,45.23101],[-93.53396,45.23067],[-93.53399,45.23043],[-93.53388,45.23019],[-93.53394,45.2281],[-93.53355,45.22772],[-93.53249,45.22466],[-93.53086,45.22277],[-93.52891,45.22256],[-93.52862,45.22257],[-93.52838,45.22273],[-93.52599,45.22524],[-93.52595,45.22688],[-93.52694,45.2286],[-93.52666,45.22978],[-93.52496,45.23135],[-93.52169,45.23286],[-93.52192,45.23545],[-93.52087,45.23769],[-93.52001,45.23848],[-93.52,45.23848],[-93.51988,45.23869],[-93.51954,45.23878],[-93.51997,45.24184],[-93.52073,45.24186],[-93.52086,45.24195],[-93.52113,45.24196],[-93.52177,45.24253],[-93.52197,45.24266],[-93.52205,45.24278],[-93.52253,45.24321],[-93.52289,45.24403],[-93.52303,45.24425],[-93.52302,45.24435],[-93.52307,45.24446],[-93.52288,45.24598],[-93.52509,45.24737],[-93.52563,45.24851],[-93.52652,45.24922],[-93.52984,45.24962],[-93.5275,45.24989],[-93.52616,45.24965],[-93.52827,45.25171],[-93.52998,45.2528],[-93.53159,45.25358],[-93.5364,45.25459],[-93.53787,45.25347],[-93.5403,45.25453],[-93.54487,45.25734],[-93.54904,45.26205],[-93.55259,45.26386],[-93.55425,45.26588],[-93.55452,45.26677],[-93.55444,45.27172],[-93.55505,45.272],[-93.55456,45.27243],[-93.55463,45.273],[-93.55578,45.27626],[-93.5554,45.2799],[-93.55641,45.28456],[-93.55824,45.28598],[-93.5588,45.28699],[-93.55849,45.28778],[-93.55866,45.2883],[-93.56185,45.29184],[-93.56205,45.29556],[-93.56269,45.29742],[-93.56383,45.29845],[-93.56449,45.30053],[-93.56503,45.3011],[-93.56716,45.30104],[-93.56856,45.29975],[-93.56851,45.29909],[-93.56675,45.29634],[-93.56734,45.29424],[-93.56787,45.29375],[-93.5735,45.29222],[-93.57633,45.2923],[-93.57672,45.29224],[-93.57673,45.29224],[-93.57673,45.29224],[-93.58116,45.29156],[-93.58923,45.2924],[-93.59551,45.2916],[-93.59816,45.29193],[-93.60275,45.29151],[-93.61069,45.29175],[-93.62052,45.29434],[-93.62376,45.29428],[-93.6288,45.29295],[-93.62996,45.29353],[-93.63275,45.29388],[-93.63371,45.29368],[-93.63842,45.29522],[-93.64269,45.29558],[-93.64628,45.29529],[-93.65013,45.29447],[-93.65996,45.29528],[-93.66629,45.29456],[-93.67082,45.29476],[-93.67464,45.296],[-93.68053,45.29971],[-93.68206,45.30118],[-93.68297,45.30382],[-93.68402,45.30451],[-93.68488,45.30461],[-93.68631,45.30445],[-93.68831,45.30337],[-93.6928,45.29934],[-93.70177,45.29773],[-93.7044,45.29675],[-93.7046,45.26664],[-93.71472,45.26668]]],[[[-93.63714,45.29547],[-93.63482,45.29491],[-93.634,45.29565],[-93.63464,45.29574],[-93.63714,45.29547]]],[[[-93.63428,45.29451],[-93.63417,45.2945],[-93.63419,45.29445],[-93.62871,45.2937],[-93.62594,45.29426],[-93.62448,45.29499],[-93.6264,45.29525],[-93.63269,45.29499],[-93.63376,45.2953],[-93.63401,45.29498],[-93.63405,45.29486],[-93.63428,45.29451]]],[[[-93.63259,45.29582],[-93.63118,45.29564],[-93.63199,45.29589],[-93.63259,45.29582]]],[[[-93.6312,45.29605],[-93.63048,45.29561],[-93.6294,45.29552],[-93.62564,45.29588],[-93.62813,45.29618],[-93.62852,45.29645],[-93.63047,45.29633],[-93.6312,45.29605]]],[[[-93.57511,45.29293],[-93.57242,45.2933],[-93.57141,45.29391],[-93.56848,45.2947],[-93.56768,45.29547],[-93.56791,45.29673],[-93.57008,45.29541],[-93.57301,45.29462],[-93.57511,45.29293]]],[[[-93.57214,45.29562],[-93.57149,45.29532],[-93.56982,45.29606],[-93.56837,45.29724],[-93.56867,45.29822],[-93.56934,45.29843],[-93.57003,45.29963],[-93.57146,45.29878],[-93.57144,45.29713],[-93.57214,45.29562]]],[[[-93.57116,45.29969],[-93.5698,45.30003],[-93.56922,45.30081],[-93.56905,45.30121],[-93.57027,45.30073],[-93.57116,45.29969]]],[[[-93.57025,45.30119],[-93.56853,45.30183],[-93.56923,45.30182],[-93.56983,45.30159],[-93.57025,45.30119]]],[[[-93.56387,45.30042],[-93.5634,45.29848],[-93.56297,45.29806],[-93.56276,45.29803],[-93.56267,45.29796],[-93.56269,45.29801],[-93.56261,45.298],[-93.56282,45.29887],[-93.56304,45.2992],[-93.5632,45.29972],[-93.56387,45.30042]]],[[[-93.54589,45.2286],[-93.54585,45.22864],[-93.5446,45.23008],[-93.54487,45.22989],[-93.54589,45.2286]]],[[[-93.54066,45.25525],[-93.53776,45.25413],[-93.5373,45.25413],[-93.53718,45.25438],[-93.53709,45.25442],[-93.53715,45.25445],[-93.53713,45.25449],[-93.53734,45.25453],[-93.53782,45.25476],[-93.53799,45.25475],[-93.53793,45.25477],[-93.53898,45.25504],[-93.54066,45.25525]],[[-93.53898,45.25504],[-93.53869,45.25483],[-93.53882,45.25485],[-93.53898,45.25504]]],[[[-93.52995,45.22242],[-93.52906,45.22232],[-93.52901,45.22235],[-93.52995,45.22242]]],[[[-93.52557,45.22528],[-93.52555,45.22559],[-93.52557,45.22558],[-93.52557,45.22528]]],[[[-93.52288,45.24598],[-93.52195,45.24587],[-93.52195,45.2459],[-93.52288,45.24598]]]]}},
{"type":"Feature","id":"2396211","properties":{"id":"2396211","name":"Pine Springs","kind":"city","counties":["Washington"],"population":370,"label":[-92.95431,45.03686]},"geometry":{"type":"MultiPolygon","coordinates":[[[[-92.96483,45.03583],[-92.96466,45.02683],[-92.96093,45.02648],[-92.95914,45.02678],[-92.95156,45.03003],[-92.95054,45.03084],[-92.94814,45.03445],[-92.94584,45.03588],[-92.94469,45.03588],[-92.94459,45.04684],[-92.95478,45.0469],[-92.95478,45.04316],[-92.9599,45.04313],[-92.95981,45.03584],[-92.95985,45.03584],[-92.95858,45.03522],[-92.95648,45.0349],[-92.95632,45.03394],[-92.95565,45.03281],[-92.95702,45.03197],[-92.95832,45.0325],[-92.95843,45.03184],[-92.96044,45.03124],[-92.96162,45.03262],[-92.96155,45.03373],[-92.96267,45.03443],[-92.96319,45.03522],[-92.96318,45.03583],[-92.96483,45.03583]]]]}},
{"type":"Feature","id":"2396242","properties":{"id":"2396242","name":"Plymouth","kind":"city","counties":["Hennepin"],"population":80762,"label":[-93.46129,45.02226]},"geometry":{"type":"MultiPolygon","coordinates":[[[[-93.52266,44.98161],[-93.51197,44.98179],[-93.51194,44.98],[-93.51136,44.98005],[-93.51069,44.97929],[-93.51051,44.97822],[-93.5086,44.97824],[-93.50217,44.98197],[-93.50218,44.9784],[-93.49594,44.97843],[-93.49504,44.97975],[-93.49503,44.98035],[-93.49715,44.98283],[-93.49722,44.98408],[-93.49802,44.98341],[-93.49867,44.98375],[-93.49754,44.98483],[-93.49598,44.98532],[-93.49565,44.98533],[-93.49553,44.98536],[-93.49536,44.98534],[-93.49481,44.98535],[-93.49456,44.98522],[-93.49442,44.9852],[-93.49437,44.98512],[-93.49418,44.98502],[-93.49377,44.98425],[-93.49334,44.98422],[-93.49311,44.98426],[-93.49331,44.98458],[-93.49431,44.98558],[-93.49155,44.98684],[-93.49203,44.98683],[-93.49216,44.98679],[-93.49214,44.98683],[-93.49221,44.98683],[-93.49191,44.98738],[-93.49224,44.98767],[-93.49467,44.98816],[-93.49453,44.98819],[-93.49469,44.98822],[-93.49293,44.9885],[-93.4928,44.98969],[-93.49324,44.99011],[-93.49253,44.99022],[-93.4913,44.99126],[-93.49015,44.99172],[-93.48927,44.99138],[-93.48947,44.99114],[-93.48894,44.99032],[-93.48898,44.9901],[-93.48894,44.99001],[-93.48946,44.98767],[-93.4912,44.98693],[-93.49093,44.98683],[-93.49073,44.98691],[-93.49074,44.98676],[-93.49062,44.98672],[-93.49075,44.98644],[-93.49077,44.98605],[-93.49118,44.98554],[-93.49097,44.98456],[-93.49156,44.98354],[-93.49094,44.98185],[-93.49108,44.98097],[-93.49059,44.98017],[-93.49111,44.97846],[-93.43098,44.97876],[-93.40052,44.97851],[-93.40069,45.06574],[-93.41505,45.06571],[-93.41504,45.06547],[-93.41544,45.06511],[-93.4156,45.06512],[-93.41573,45.06504],[-93.41697,45.06522],[-93.41976,45.06406],[-93.42331,45.06433],[-93.42503,45.06363],[-93.42498,45.06371],[-93.42507,45.06368],[-93.42472,45.06445],[-93.42447,45.06464],[-93.42391,45.06565],[-93.42382,45.06569],[-93.43959,45.06565],[-93.43959,45.06587],[-93.4405,45.06587],[-93.44053,45.06529],[-93.4412,45.06469],[-93.44666,45.06642],[-93.44725,45.06568],[-93.51736,45.06562],[-93.51736,45.06488],[-93.519,45.06544],[-93.52204,45.06563],[-93.52237,45.04212],[-93.5215,45.04157],[-93.52239,45.04161],[-93.52266,45.03627],[-93.52226,45.02163],[-93.52243,45.00506],[-93.52118,45.00443],[-93.52141,45.00408],[-93.52064,45.00376],[-93.52024,45.00445],[-93.51937,45.00426],[-93.51925,45.00463],[-93.5209,45.00506],[-93.52087,45.00546],[-93.52048,45.0056],[-93.51967,45.00521],[-93.51814,45.00498],[-93.51791,45.00467],[-93.5179,45.00427],[-93.51878,45.00377],[-93.51839,45.00306],[-93.51908,45.00165],[-93.51907,45.00087],[-93.51778,44.99989],[-93.51755,44.99916],[-93.5148,44.99878],[-93.5151,44.99847],[-93.51437,44.99737],[-93.51488,44.99699],[-93.51443,44.99671],[-93.51338,44.99678],[-93.51315,44.99653],[-93.51358,44.99617],[-93.51535,44.99576],[-93.5166,44.99761],[-93.51729,44.9978],[-93.52041,44.99757],[-93.52251,44.99711],[-93.52266,44.98161]],[[-93.47644,44.99468],[-93.47524,44.99568],[-93.4734,44.99643],[-93.47106,44.99659],[-93.47046,44.99722],[-93.4695,44.99733],[-93.46817,44.99693],[-93.46722,44.99648],[-93.46713,44.99594],[-93.4677,44.99522],[-93.46857,44.99553],[-93.46853,44.99439],[-93.46915,44.99307],[-93.4688,44.99216],[-93.46819,44.99235],[-93.46791,44.99183],[-93.46956,44.99017],[-93.47167,44.98975],[-93.47345,44.98997],[-93.47424,44.99118],[-93.47572,44.99237],[-93.47644,44.99468]],[[-93.43978,45.05627],[-93.43921,45.05778],[-93.43838,45.05851],[-93.43609,45.05921],[-93.43466,45.05902],[-93.4322,45.05925],[-93.43051,45.05889],[-93.42847,45.0577],[-93.4284,45.05612],[-93.42727,45.05549],[-93.42702,45.05488],[-93.42738,45.05338],[-93.42718,45.05231],[-93.42754,45.0518],[-93.42831,45.05141],[-93.42967,45.05153],[-93.43146,45.05083],[-93.43206,45.05087],[-93.43199,45.05021],[-93.43263,45.04976],[-93.43361,45.04988],[-93.43332,45.04915],[-93.43363,45.04813],[-93.43428,45.04826],[-93.43446,45.04913],[-93.43382,45.05016],[-93.43232,45.05024],[-93.4324,45.05096],[-93.43677,45.0516],[-93.43716,45.05132],[-93.43709,45.05057],[-93.43629,45.04988],[-93.43707,45.05002],[-93.43751,45.05061],[-93.43731,45.05126],[-93.43779,45.05144],[-93.43722,45.05162],[-93.43703,45.05234],[-93.4363,45.05245],[-93.43908,45.05455],[-93.43883,45.0547],[-93.43931,45.05485],[-93.43923,45.05531],[-93.43978,45.05627]],[[-93.43925,45.02291],[-93.43783,45.02259],[-93.43725,45.02099],[-93.43645,45.02013],[-93.4362,45.0187],[-93.43525,45.01845],[-93.43422,45.01693],[-93.43309,45.01624],[-93.43251,45.01705],[-93.43137,45.01748],[-93.42258,45.01771],[-93.42056,45.01729],[-93.41955,45.0161],[-93.41853,45.01574],[-93.41737,45.01472],[-93.414,45.01042],[-93.41043,45.00748],[-93.40726,45.00573],[-93.40456,45.00371],[-93.40335,45.00089],[-93.40313,44.99901],[-93.40456,44.99758],[-93.40718,44.99591],[-93.40922,44.99511],[-93.41236,44.99471],[-93.41465,44.99623],[-93.41583,44.99663],[-93.41532,44.99625],[-93.4159,44.99587],[-93.41542,44.99558],[-93.41576,44.99532],[-93.41457,44.9949],[-93.41506,44.99434],[-93.41577,44.99461],[-93.4158,44.99372],[-93.41696,44.99366],[-93.41695,44.9932],[-93.4158,44.9929],[-93.41754,44.99282],[-93.41779,44.99209],[-93.42092,44.99206],[-93.42089,44.99274],[-93.4192,44.99277],[-93.41923,44.99306],[-93.42141,44.99307],[-93.42141,44.99542],[-93.42185,44.99501],[-93.4233,44.99578],[-93.42327,44.99797],[-93.42512,44.99836],[-93.42549,44.99776],[-93.4241,44.99521],[-93.42442,44.9948],[-93.42531,44.99458],[-93.42668,44.99501],[-93.42731,44.99595],[-93.42839,44.99951],[-93.42883,44.99965],[-93.42847,44.99982],[-93.4282,45.0007],[-93.42879,45.00096],[-93.42894,45.00171],[-93.43027,45.00325],[-93.43062,45.00531],[-93.43015,45.00674],[-93.42828,45.00804],[-93.42714,45.00927],[-93.42671,45.01111],[-93.42707,45.01168],[-93.42795,45.01114],[-93.42998,45.01161],[-93.43179,45.01119],[-93.43341,45.01149],[-93.43445,45.0129],[-93.43534,45.0149],[-93.43713,45.01548],[-93.43768,45.01605],[-93.4372,45.01821],[-93.43884,45.02068],[-93.43925,45.02291]],[[-93.43595,45.03942],[-93.435,45.04032],[-93.43409,45.04027],[-93.43353,45.04111],[-93.43269,45.04133],[-93.43392,45.04131],[-93.43398,45.04238],[-93.43252,45.04279],[-93.43193,45.04235],[-93.43223,45.04184],[-93.43175,45.04183],[-93.43141,45.04256],[-93.43189,45.04416],[-93.43142,45.04442],[-93.43067,45.0441],[-93.43063,45.04377],[-93.43044,45.04226],[-93.43069,45.04128],[-93.43121,45.04084],[-93.43042,45.03994],[-93.43171,45.03925],[-93.43222,45.03769],[-93.43326,45.03732],[-93.43445,45.03758],[-93.43465,45.03799],[-93.43533,45.03734],[-93.43593,45.03736],[-93.43595,45.03942]]],[[[-93.43275,45.05524],[-93.43263,45.05526],[-93.43263,45.05519],[-93.43249,45.05528],[-93.432,45.05535],[-93.43197,45.0556],[-93.43243,45.05569],[-93.43245,45.05566],[-93.43264,45.05568],[-93.43263,45.0554],[-93.43275,45.05524]]],[[[-93.42694,45.00219],[-93.4264,45.00204],[-93.42658,45.00212],[-93.42609,45.00307],[-93.4247,45.00358],[-93.42259,45.00376],[-93.42145,45.00337],[-93.42165,45.00352],[-93.42233,45.00382],[-93.4255,45.00373],[-93.42694,45.00219]]],[[[-93.42331,45.00091],[-93.42304,45.00078],[-93.42227,45.0007],[-93.42331,45.00091]]],[[[-93.42113,45.00047],[-93.42068,45.00005],[-93.42098,45.00044],[-93.42113,45.00047]]],[[[-93.42111,45.00313],[-93.41901,45.00107],[-93.42024,45.00249],[-93.42111,45.00313]]],[[[-93.41736,44.99986],[-93.4164,44.99919],[-93.41655,44.99848],[-93.41613,44.99871],[-93.41631,44.99918],[-93.41736,44.99986]]]]}},
{"type":"Feature","id":"2396284","properties":{"id":"2396284","name":"Prior Lake","kind":"city","counties":["Scott"],"population":27855,"label":[-93.44102,44.72536]},"geometry":{"type":"MultiPolygon","coordinates":[[[[-93.51202,44.70692],[-93.50668,44.70704],[-93.50671,44.70361],[-93.50536,44.70362],[-93.50531,44.70702],[-93.50188,44.70706],[-93.50164,44.70746],[-93.50187,44.70754],[-93.5015,44.70786],[-93.4989,44.7081],[-93.49888,44.70815],[-93.50114,44.70899],[-93.50159,44.70871],[-93.50152,44.70797],[-93.502,44.70759],[-93.50241,44.70783],[-93.50249,44.70782],[-93.50363,44.70843],[-93.50428,44.70947],[-93.50415,44.70974],[-93.50446,44.71044],[-93.50323,44.71002],[-93.50129,44.71045],[-93.50026,44.70958],[-93.49912,44.70944],[-93.49835,44.70898],[-93.49834,44.70898],[-93.49543,44.70868],[-93.49542,44.70794],[-93.49641,44.70723],[-93.49647,44.70631],[-93.49654,44.70628],[-93.49654,44.70624],[-93.49685,44.70616],[-93.49719,44.70602],[-93.49645,44.7052],[-93.49671,44.704],[-93.49698,44.70403],[-93.49708,44.70398],[-93.49879,44.70421],[-93.5006,44.70439],[-93.50062,44.70365],[-93.49555,44.70364],[-93.49575,44.69631],[-93.48781,44.69628],[-93.4879,44.6969],[-93.48793,44.69708],[-93.4877,44.69742],[-93.48756,44.69747],[-93.4872,44.69786],[-93.48788,44.69906],[-93.48795,44.6999],[-93.48789,44.7002],[-93.48792,44.70052],[-93.48752,44.70207],[-93.48747,44.70231],[-93.48745,44.70233],[-93.48744,44.70237],[-93.48667,44.70327],[-93.48659,44.70333],[-93.48648,44.70345],[-93.48504,44.70437],[-93.4837,44.70528],[-93.48352,44.70535],[-93.48311,44.70561],[-93.48266,44.70567],[-93.48179,44.706],[-93.47884,44.7062],[-93.47848,44.70625],[-93.47835,44.70623],[-93.47825,44.70624],[-93.4774,44.70611],[-93.47451,44.70572],[-93.47437,44.70574],[-93.47019,44.70652],[-93.46799,44.70648],[-93.46609,44.70614],[-93.4637,44.70593],[-93.46382,44.70574],[-93.4634,44.70572],[-93.46104,44.70389],[-93.46138,44.70364],[-93.46083,44.70316],[-93.45834,44.70277],[-93.45673,44.7022],[-93.45643,44.70167],[-93.45655,44.70109],[-93.45654,44.70054],[-93.4568,44.69982],[-93.45692,44.6992],[-93.45993,44.69811],[-93.46038,44.6955],[-93.45976,44.69526],[-93.44103,44.70338],[-93.43957,44.70345],[-93.44464,44.70162],[-93.44869,44.69969],[-93.44851,44.69948],[-93.45024,44.69904],[-93.45974,44.69477],[-93.46018,44.6942],[-93.46022,44.69309],[-93.45802,44.69312],[-93.45803,44.69268],[-93.45687,44.69256],[-93.45688,44.69212],[-93.46024,44.69206],[-93.46032,44.68845],[-93.45272,44.68865],[-93.45278,44.69029],[-93.45003,44.69044],[-93.45128,44.69061],[-93.45124,44.69269],[-93.44997,44.69271],[-93.44998,44.6918],[-93.4468,44.69189],[-93.4468,44.69232],[-93.44538,44.69235],[-93.44462,44.69354],[-93.44637,44.6945],[-93.44553,44.69601],[-93.43971,44.69625],[-93.4396,44.69989],[-93.44056,44.70035],[-93.44195,44.70016],[-93.44279,44.70064],[-93.44124,44.70168],[-93.43906,44.70179],[-93.43832,44.7015],[-93.43805,44.70146],[-93.4375,44.7018],[-93.43674,44.7023],[-93.43452,44.70279],[-93.43404,44.70243],[-93.43542,44.69881],[-93.43454,44.69881],[-93.43458,44.69612],[-93.42951,44.69616],[-93.42954,44.69228],[-93.42495,44.69229],[-93.42492,44.69562],[-93.4261,44.69618],[-93.42588,44.69618],[-93.42259,44.69446],[-93.41424,44.69435],[-93.41427,44.69124],[-93.41507,44.69127],[-93.41643,44.68994],[-93.41683,44.68939],[-93.41616,44.68913],[-93.41636,44.68898],[-93.40417,44.68878],[-93.40415,44.69059],[-93.40668,44.69063],[-93.40667,44.69244],[-93.40415,44.6924],[-93.40412,44.69339],[-93.40377,44.69396],[-93.39892,44.6985],[-93.40226,44.69548],[-93.40662,44.69553],[-93.40661,44.69604],[-93.40586,44.69695],[-93.40584,44.69777],[-93.40518,44.69776],[-93.40451,44.69858],[-93.40582,44.69859],[-93.40581,44.69907],[-93.40118,44.699],[-93.40116,44.69966],[-93.39889,44.69963],[-93.39892,44.69854],[-93.39863,44.70088],[-93.39779,44.70214],[-93.39533,44.70122],[-93.39528,44.70318],[-93.39709,44.70319],[-93.39711,44.70698],[-93.39884,44.70699],[-93.39877,44.72776],[-93.38977,44.73167],[-93.38648,44.73367],[-93.38025,44.74165],[-93.37974,44.74302],[-93.37951,44.74629],[-93.39904,44.74653],[-93.39901,44.75377],[-93.41933,44.7539],[-93.4193,44.76124],[-93.42933,44.76125],[-93.42931,44.75761],[-93.43958,44.75762],[-93.43968,44.75403],[-93.44946,44.75392],[-93.44936,44.75768],[-93.4596,44.7577],[-93.45954,44.75391],[-93.47978,44.75391],[-93.48008,44.73561],[-93.4795,44.73526],[-93.47727,44.73519],[-93.47621,44.73429],[-93.47725,44.73313],[-93.47721,44.73274],[-93.47832,44.73226],[-93.47966,44.73352],[-93.48011,44.73341],[-93.48013,44.73228],[-93.4853,44.73217],[-93.48553,44.73073],[-93.48603,44.73068],[-93.48582,44.72927],[-93.48622,44.72845],[-93.48733,44.72823],[-93.4886,44.72997],[-93.48853,44.73099],[-93.48775,44.7319],[-93.48839,44.7321],[-93.49037,44.73206],[-93.49042,44.71764],[-93.5057,44.71772],[-93.5057,44.71574],[-93.50812,44.71573],[-93.5081,44.71411],[-93.51064,44.71409],[-93.51062,44.71057],[-93.51195,44.71056],[-93.51202,44.70692]],[[-93.49085,44.70697],[-93.49062,44.7071],[-93.49063,44.7105],[-93.48035,44.71056],[-93.48041,44.70812],[-93.48533,44.70811],[-93.48535,44.70701],[-93.49042,44.70705],[-93.49044,44.70634],[-93.49085,44.70697]],[[-93.49033,44.71277],[-93.49024,44.71764],[-93.48899,44.71763],[-93.48932,44.71802],[-93.48932,44.71873],[-93.4881,44.72006],[-93.48678,44.7231],[-93.4862,44.72342],[-93.48351,44.72344],[-93.48284,44.72143],[-93.48301,44.72026],[-93.48342,44.71972],[-93.48563,44.71761],[-93.48515,44.71761],[-93.48522,44.71408],[-93.48701,44.71409],[-93.48703,44.71275],[-93.49033,44.71277]],[[-93.47042,44.73738],[-93.46911,44.73951],[-93.4676,44.74083],[-93.46607,44.74099],[-93.46483,44.74082],[-93.46433,44.73992],[-93.46357,44.74012],[-93.46281,44.73963],[-93.46279,44.7387],[-93.46432,44.73843],[-93.46502,44.7389],[-93.46552,44.73873],[-93.46588,44.73832],[-93.46542,44.73775],[-93.46617,44.73676],[-93.46572,44.73633],[-93.46572,44.73573],[-93.4663,44.73481],[-93.46826,44.73478],[-93.4685,44.73424],[-93.46936,44.73425],[-93.46944,44.7345],[-93.46863,44.73517],[-93.46979,44.73571],[-93.47042,44.73738]],[[-93.46206,44.70776],[-93.46041,44.70861],[-93.45846,44.70841],[-93.45796,44.70783],[-93.45686,44.70742],[-93.45615,44.70744],[-93.45545,44.70791],[-93.45533,44.70898],[-93.45643,44.71069],[-93.4549,44.71227],[-93.45548,44.71242],[-93.45632,44.71192],[-93.45708,44.71222],[-93.45684,44.71401],[-93.4561,44.71462],[-93.45139,44.71664],[-93.44913,44.71651],[-93.44877,44.7162],[-93.44723,44.71783],[-93.44286,44.71851],[-93.44179,44.71945],[-93.44226,44.71991],[-93.44027,44.72129],[-93.43938,44.72133],[-93.43848,44.72084],[-93.43932,44.72015],[-93.43943,44.71964],[-93.43805,44.71844],[-93.4374,44.71785],[-93.4369,44.71803],[-93.43647,44.71846],[-93.43683,44.7186],[-93.43668,44.71915],[-93.435,44.71857],[-93.43475,44.71792],[-93.43511,44.71669],[-93.43498,44.71548],[-93.43677,44.7151],[-93.43932,44.71376],[-93.43959,44.71316],[-93.43921,44.71197],[-93.43986,44.71097],[-93.4414,44.71113],[-93.44415,44.71021],[-93.44585,44.7104],[-93.4471,44.70783],[-93.44923,44.7074],[-93.45025,44.70784],[-93.45101,44.7078],[-93.45192,44.70737],[-93.45223,44.7065],[-93.45291,44.70673],[-93.45428,44.70644],[-93.45529,44.70606],[-93.45651,44.70509],[-93.45676,44.7058],[-93.45945,44.70588],[-93.46035,44.7071],[-93.46206,44.70776]],[[-93.4496,44.71902],[-93.44922,44.71971],[-93.44736,44.72122],[-93.44787,44.7225],[-93.44697,44.72357],[-93.44614,44.72341],[-93.4429,44.72165],[-93.44277,44.72124],[-93.44316,44.72028],[-93.44225,44.71972],[-93.44665,44.71813],[-93.44729,44.71806],[-93.4496,44.71902]],[[-93.44582,44.74072],[-93.44428,44.74111],[-93.44402,44.74141],[-93.44428,44.74156],[-93.44422,44.74198],[-93.44364,44.74248],[-93.44287,44.74241],[-93.44264,44.74168],[-93.44239,44.74068],[-93.44175,44.73967],[-93.44082,44.73907],[-93.44082,44.73862],[-93.44149,44.7383],[-93.44204,44.7375],[-93.44399,44.73763],[-93.44582,44.74072]],[[-93.44557,44.74356],[-93.44488,44.74458],[-93.44438,44.74454],[-93.44351,44.74369],[-93.44364,44.7431],[-93.44415,44.7428],[-93.44557,44.74356]],[[-93.4375,44.72001],[-93.43715,44.72049],[-93.43532,44.7211],[-93.43466,44.71941],[-93.43555,44.71907],[-93.4375,44.72001]],[[-93.43664,44.72535],[-93.43589,44.72726],[-93.43435,44.72775],[-93.43253,44.72735],[-93.43208,44.72779],[-93.43264,44.7284],[-93.43265,44.72911],[-93.43162,44.72933],[-93.43123,44.7291],[-93.43169,44.72863],[-93.43088,44.72813],[-93.43134,44.72763],[-93.4314,44.72698],[-93.43129,44.72644],[-93.43087,44.72632],[-93.42996,44.7269],[-93.42853,44.72718],[-93.42928,44.7283],[-93.42947,44.72964],[-93.42911,44.7301],[-93.42458,44.7301],[-93.42737,44.73131],[-93.42754,44.73092],[-93.42876,44.7304],[-93.43147,44.7305],[-93.43177,44.72957],[-93.43339,44.72937],[-93.43305,44.73024],[-93.43221,44.73065],[-93.43246,44.73156],[-93.43227,44.73219],[-93.43046,44.73273],[-93.42945,44.73421],[-93.4289,44.73445],[-93.42521,44.73409],[-93.42317,44.73535],[-93.41804,44.73682],[-93.41757,44.73705],[-93.41719,44.73781],[-93.4152,44.7386],[-93.41043,44.73896],[-93.40685,44.73963],[-93.4047,44.73879],[-93.40413,44.73884],[-93.40276,44.74003],[-93.40096,44.74044],[-93.40128,44.74144],[-93.40299,44.74053],[-93.40331,44.74065],[-93.40213,44.74122],[-93.40225,44.74145],[-93.40065,44.74299],[-93.3979,44.74299],[-93.39691,44.7425],[-93.39531,44.74338],[-93.39312,44.74388],[-93.39189,44.74354],[-93.39036,44.74472],[-93.38954,44.74443],[-93.38872,44.74582],[-93.38792,44.74568],[-93.38788,44.74519],[-93.3886,44.74491],[-93.38903,44.74513],[-93.38931,44.74445],[-93.38896,44.74442],[-93.38877,44.74394],[-93.39031,44.74316],[-93.39054,44.74249],[-93.38987,44.74149],[-93.38941,44.74155],[-93.38918,44.74212],[-93.38696,44.74244],[-93.38647,44.74181],[-93.38872,44.74069],[-93.38864,44.74037],[-93.38525,44.74059],[-93.38339,44.74015],[-93.38344,44.73903],[-93.38474,44.73881],[-93.38626,44.73896],[-93.3869,44.73942],[-93.38793,44.73934],[-93.38927,44.74046],[-93.3906,44.73993],[-93.39006,44.73748],[-93.39139,44.73674],[-93.39089,44.736],[-93.39085,44.73484],[-93.38899,44.73427],[-93.38853,44.73479],[-93.38732,44.73456],[-93.38668,44.73396],[-93.38712,44.7336],[-93.38947,44.73324],[-93.39019,44.73284],[-93.3919,44.73284],[-93.39201,44.73361],[-93.39289,44.73388],[-93.39236,44.73416],[-93.39276,44.7348],[-93.39271,44.73574],[-93.39539,44.73405],[-93.39653,44.73365],[-93.3993,44.73364],[-93.40127,44.73433],[-93.40262,44.73321],[-93.40438,44.73266],[-93.40893,44.73363],[-93.41213,44.73201],[-93.41405,44.73183],[-93.41395,44.73219],[-93.41335,44.73212],[-93.41365,44.73234],[-93.41522,44.7318],[-93.4159,44.73124],[-93.41604,44.73055],[-93.41281,44.73053],[-93.41131,44.72855],[-93.4118,44.72712],[-93.40753,44.7275],[-93.40637,44.72668],[-93.40611,44.72585],[-93.4065,44.72545],[-93.40812,44.72578],[-93.40917,44.72622],[-93.40945,44.72666],[-93.4119,44.72676],[-93.41302,44.72556],[-93.41451,44.72556],[-93.41442,44.72513],[-93.41304,44.72437],[-93.41321,44.72404],[-93.41531,44.72349],[-93.41641,44.72396],[-93.41654,44.7242],[-93.41618,44.72434],[-93.41643,44.72479],[-93.41807,44.72484],[-93.41986,44.72591],[-93.42135,44.72788],[-93.42224,44.7278],[-93.42276,44.72753],[-93.42146,44.72725],[-93.42138,44.72675],[-93.42219,44.72673],[-93.42221,44.72577],[-93.42257,44.72536],[-93.42336,44.72565],[-93.42275,44.72653],[-93.42331,44.72668],[-93.42381,44.7263],[-93.42404,44.72654],[-93.42381,44.72695],[-93.42439,44.72697],[-93.42664,44.72346],[-93.42663,44.72209],[-93.42704,44.722],[-93.42716,44.72245],[-93.42792,44.72194],[-93.42885,44.72184],[-93.42844,44.72155],[-93.42726,44.72176],[-93.42697,44.7214],[-93.42822,44.72008],[-93.4292,44.71988],[-93.43051,44.72038],[-93.43033,44.72116],[-93.4316,44.72116],[-93.43223,44.72091],[-93.43208,44.72031],[-93.43248,44.71978],[-93.43378,44.71968],[-93.43444,44.71992],[-93.43512,44.72078],[-93.43509,44.72128],[-93.43467,44.72156],[-93.43363,44.72148],[-93.43391,44.72259],[-93.4337,44.7232],[-93.43572,44.7231],[-93.43664,44.72535]],[[-93.43418,44.75177],[-93.43372,44.7537],[-93.43327,44.75383],[-93.43335,44.75301],[-93.43223,44.75258],[-93.43249,44.75198],[-93.43106,44.75199],[-93.43006,44.75154],[-93.42972,44.75244],[-93.43018,44.75302],[-93.43004,44.7538],[-93.43078,44.75402],[-93.43079,44.75434],[-93.42762,44.75566],[-93.42802,44.75509],[-93.4291,44.75361],[-93.42695,44.75337],[-93.42708,44.75294],[-93.42663,44.75265],[-93.42696,44.75112],[-93.42768,44.75022],[-93.42874,44.7498],[-93.42927,44.75033],[-93.43004,44.74999],[-93.43064,44.7511],[-93.43074,44.75034],[-93.43139,44.74933],[-93.43329,44.74962],[-93.43388,44.75057],[-93.43307,44.75178],[-93.43418,44.75177]],[[-93.40409,44.69415],[-93.40409,44.6942],[-93.40372,44.69419],[-93.40409,44.69415]]],[[[-93.48566,44.72228],[-93.48536,44.72207],[-93.48479,44.72221],[-93.48476,44.72256],[-93.48566,44.72228]]],[[[-93.45286,44.71097],[-93.45193,44.71047],[-93.4506,44.71072],[-93.44972,44.70986],[-93.44787,44.71074],[-93.44842,44.7112],[-93.4508,44.71104],[-93.4527,44.71157],[-93.45286,44.71097]]],[[[-93.44817,44.71272],[-93.44759,44.71319],[-93.44803,44.71326],[-93.44817,44.71272]]],[[[-93.43255,44.72482],[-93.43174,44.72509],[-93.43108,44.72576],[-93.43255,44.72482]]],[[[-93.43016,44.75114],[-93.42996,44.75092],[-93.42964,44.75093],[-93.42933,44.75147],[-93.42967,44.75153],[-93.43016,44.75114]]],[[[-93.42182,44.7295],[-93.42116,44.72938],[-93.42062,44.73022],[-93.42112,44.7302],[-93.42182,44.7295]]],[[[-93.3998,44.73919],[-93.39894,44.73926],[-93.39931,44.73924],[-93.3998,44.73919]]]]}},
{"type":"Feature","id":"2396311","properties":{"id":"2396311","name":"Ramsey","kind":"city","counties":["Anoka"],"population":28712,"label":[-93.44935,45.26174]},"geometry":{"type":"MultiPolygon","coordinates":[[[[-93.51251,45.25589],[-93.51233,45.24652],[-93.51083,45.24624],[-93.50741,45.24451],[-93.50228,45.24295],[-93.49989,45.24184],[-93.49771,45.24148],[-93.49641,45.24032],[-93.49659,45.23845],[-93.49716,45.23669],[-93.49636,45.23551],[-93.49191,45.23158],[-93.48907,45.23002],[-93.48786,45.22869],[-93.48411,45.2262],[-93.48041,45.22561],[-93.47934,45.22595],[-93.47619,45.22613],[-93.47425,45.22686],[-93.47156,45.22717],[-93.46765,45.22687],[-93.46395,45.22568],[-93.45984,45.22259],[-93.45786,45.22262],[-93.45443,45.22333],[-93.45229,45.22181],[-93.45131,45.22021],[-93.44527,45.21748],[-93.44206,45.21728],[-93.43615,45.21886],[-93.43293,45.21895],[-93.42784,45.21681],[-93.42443,45.21576],[-93.42422,45.21551],[-93.42255,45.21596],[-93.42159,45.21725],[-93.42184,45.21731],[-93.42171,45.21762],[-93.42097,45.21784],[-93.42017,45.21747],[-93.41957,45.21877],[-93.41964,45.21947],[-93.42022,45.21946],[-93.42022,45.22663],[-93.41929,45.22655],[-93.41704,45.22532],[-93.41628,45.2252],[-93.39868,45.22404],[-93.39703,45.22434],[-93.39573,45.22311],[-93.39207,45.22311],[-93.39103,45.22382],[-93.38979,45.22335],[-93.38979,45.22337],[-93.38988,45.22343],[-93.39164,45.22434],[-93.39163,45.22499],[-93.39185,45.22531],[-93.39162,45.22565],[-93.39162,45.2258],[-93.39136,45.22673],[-93.39044,45.22744],[-93.38955,45.22879],[-93.38949,45.2289],[-93.38945,45.22975],[-93.38983,45.23034],[-93.39268,45.23054],[-93.39613,45.23237],[-93.39651,45.23313],[-93.39562,45.23483],[-93.39606,45.23709],[-93.39564,45.238],[-93.39468,45.23885],[-93.39182,45.23866],[-93.39102,45.23881],[-93.39067,45.23894],[-93.39,45.23953],[-93.38967,45.24178],[-93.38838,45.24358],[-93.38644,45.2447],[-93.38335,45.24473],[-93.3821,45.24511],[-93.38165,45.2454],[-93.38109,45.2458],[-93.38041,45.2471],[-93.38044,45.24779],[-93.38073,45.24831],[-93.38117,45.24883],[-93.38466,45.2504],[-93.385,45.25173],[-93.3843,45.25269],[-93.38407,45.25321],[-93.38402,45.25416],[-93.3843,45.25472],[-93.38725,45.25551],[-93.38889,45.25552],[-93.38951,45.25532],[-93.39103,45.25458],[-93.39304,45.25512],[-93.39373,45.2561],[-93.3934,45.25802],[-93.39626,45.2584],[-93.39744,45.25899],[-93.39815,45.25975],[-93.39784,45.26298],[-93.39818,45.2633],[-93.40082,45.26379],[-93.40213,45.26446],[-93.40245,45.26506],[-93.40249,45.26691],[-93.40153,45.27125],[-93.40565,45.27213],[-93.40636,45.2729],[-93.40644,45.27556],[-93.40691,45.2765],[-93.40622,45.27853],[-93.4071,45.27958],[-93.40736,45.2813],[-93.40717,45.28185],[-93.40634,45.28248],[-93.40396,45.28283],[-93.40286,45.28388],[-93.40294,45.28458],[-93.40335,45.28583],[-93.40098,45.28922],[-93.40006,45.28951],[-93.39983,45.28944],[-93.39982,45.28944],[-93.39942,45.2893],[-93.39692,45.28849],[-93.3939,45.28982],[-93.39264,45.29023],[-93.38979,45.2914],[-93.38633,45.29053],[-93.38566,45.29055],[-93.38257,45.29082],[-93.38186,45.29028],[-93.3815,45.28838],[-93.38148,45.28835],[-93.37906,45.28562],[-93.37718,45.28494],[-93.37456,45.28533],[-93.37313,45.2852],[-93.37076,45.28437],[-93.36976,45.28295],[-93.36845,45.28346],[-93.3682,45.28436],[-93.36844,45.286],[-93.36855,45.28622],[-93.37064,45.286],[-93.37156,45.28647],[-93.37295,45.28779],[-93.3732,45.28967],[-93.37382,45.29063],[-93.37577,45.29127],[-93.37608,45.29132],[-93.37611,45.29139],[-93.37639,45.29148],[-93.37555,45.29251],[-93.37434,45.29278],[-93.37303,45.29257],[-93.3713,45.29151],[-93.36955,45.29175],[-93.36961,45.29219],[-93.37053,45.29241],[-93.37139,45.29251],[-93.37168,45.29269],[-93.37202,45.29277],[-93.37205,45.2932],[-93.37077,45.29378],[-93.37073,45.29521],[-93.3715,45.29531],[-93.37336,45.29478],[-93.37377,45.29463],[-93.37383,45.29464],[-93.37391,45.29462],[-93.37411,45.29472],[-93.37414,45.29473],[-93.37462,45.29485],[-93.37474,45.29488],[-93.37515,45.29522],[-93.37578,45.29553],[-93.37752,45.29686],[-93.37778,45.29751],[-93.3776,45.29875],[-93.38606,45.29887],[-93.38622,45.29874],[-93.38617,45.29836],[-93.38662,45.2983],[-93.38664,45.29888],[-93.38737,45.29889],[-93.38795,45.29849],[-93.38801,45.29771],[-93.38884,45.29707],[-93.39028,45.29712],[-93.39122,45.29801],[-93.39104,45.29892],[-93.51109,45.29931],[-93.51251,45.25589]],[[-93.49892,45.25461],[-93.49763,45.25705],[-93.49716,45.25724],[-93.49593,45.25673],[-93.49183,45.25632],[-93.4912,45.25563],[-93.49173,45.25475],[-93.48981,45.2539],[-93.49003,45.25231],[-93.49149,45.25033],[-93.49218,45.25006],[-93.49574,45.25029],[-93.4962,45.25052],[-93.49623,45.2509],[-93.49542,45.25125],[-93.49681,45.25177],[-93.49889,45.25365],[-93.49892,45.25461]],[[-93.4955,45.2567],[-93.49543,45.2567],[-93.49536,45.25668],[-93.4955,45.2567]],[[-93.42893,45.23713],[-93.42892,45.23809],[-93.42764,45.23899],[-93.42748,45.23993],[-93.42669,45.24076],[-93.42656,45.24192],[-93.42599,45.24165],[-93.42555,45.24069],[-93.42419,45.23995],[-93.42396,45.23942],[-93.42632,45.23674],[-93.42623,45.23555],[-93.42631,45.23517],[-93.42718,45.23526],[-93.42707,45.23571],[-93.42831,45.23633],[-93.42893,45.23713]]],[[[-93.50014,45.24112],[-93.49858,45.23895],[-93.49766,45.23836],[-93.49763,45.2385],[-93.49756,45.23846],[-93.49761,45.23861],[-93.49756,45.23888],[-93.49816,45.2402],[-93.49892,45.2408],[-93.50014,45.24112]]],[[[-93.48941,45.22859],[-93.48927,45.2285],[-93.48843,45.22794],[-93.48857,45.22819],[-93.48925,45.22864],[-93.48941,45.22859]]],[[[-93.458,45.22159],[-93.45686,45.22073],[-93.45515,45.22029],[-93.45301,45.22057],[-93.45342,45.2221],[-93.45428,45.22269],[-93.45432,45.22269],[-93.4545,45.22281],[-93.45542,45.22278],[-93.45675,45.22217],[-93.458,45.22159]]],[[[-93.40675,45.27979],[-93.40673,45.27965],[-93.40662,45.27952],[-93.40675,45.27979]]],[[[-93.40581,45.27279],[-93.40544,45.27236],[-93.40499,45.27229],[-93.40581,45.27279]]],[[[-93.40181,45.26463],[-93.40181,45.26461],[-93.40174,45.26458],[-93.40181,45.26463]]],[[[-93.40071,45.26406],[-93.40065,45.26403],[-93.40054,45.26401],[-93.40071,45.26406]]],[[[-93.39501,45.25848],[-93.39336,45.25823],[-93.3935,45.25847],[-93.39358,45.25847],[-93.39377,45.25847],[-93.39501,45.25848]]],[[[-93.39295,45.23102],[-93.39252,45.23079],[-93.39144,45.23071],[-93.39295,45.23102]]],[[[-93.39286,45.25545],[-93.39278,45.25533],[-93.39272,45.25531],[-93.39286,45.25545]]],[[[-93.39127,45.22446],[-93.39125,45.22445],[-93.39127,45.22447],[-93.39127,45.22446]]],[[[-93.39102,45.22657],[-93.39098,45.22662],[-93.39101,45.2266],[-93.39102,45.22657]]],[[[-93.38641,45.25556],[-93.3854,45.25528],[-93.38606,45.25552],[-93.38641,45.25556]]],[[[-93.38439,45.25086],[-93.38431,45.25053],[-93.38394,45.25037],[-93.38439,45.25086]]]]}},
{"type":"Feature","id":"665381","properties":{"id":"665381","name":"Ravenna","kind":"township","counties":["Dakota"],"population":2311,"label":[-92.76725,44.68323]},"geometry":{"type":"MultiPolygon","coordinates":[[[[-92.81265,44.74642],[-92.81265,44.74493],[-92.81136,44.74479],[-92.81071,44.74509],[-92.81079,44.74443],[-92.81028,44.74409],[-92.8106,44.74525],[-92.81122,44.74609],[-92.81265,44.74642]]],[[[-92.81265,44.74488],[-92.81261,44.7167],[-92.79252,44.71666],[-92.79267,44.62975],[-92.73239,44.62946],[-92.73257,44.66397],[-92.73426,44.66553],[-92.73724,44.6672],[-92.7405,44.66678],[-92.74412,44.66734],[-92.74455,44.6687],[-92.74329,44.6697],[-92.74451,44.67144],[-92.74422,44.67281],[-92.743,44.6743],[-92.74072,44.67515],[-92.73945,44.67529],[-92.73923,44.67586],[-92.74058,44.67663],[-92.74484,44.67771],[-92.74613,44.67839],[-92.74652,44.6802],[-92.74556,44.68251],[-92.74514,44.68471],[-92.74633,44.68613],[-92.74778,44.68971],[-92.74959,44.6931],[-92.75151,44.69587],[-92.75141,44.69658],[-92.75215,44.69765],[-92.75513,44.69989],[-92.75728,44.7022],[-92.76455,44.70788],[-92.76647,44.70905],[-92.76702,44.70985],[-92.76596,44.70964],[-92.76359,44.70763],[-92.76211,44.70724],[-92.75798,44.70385],[-92.75759,44.70385],[-92.75705,44.70474],[-92.7549,44.70602],[-92.7548,44.7073],[-92.75442,44.70762],[-92.75406,44.7063],[-92.75682,44.70424],[-92.75699,44.70298],[-92.75644,44.70193],[-92.75148,44.69783],[-92.75058,44.69623],[-92.75074,44.69566],[-92.75049,44.69516],[-92.74956,44.69422],[-92.74658,44.68867],[-92.74459,44.68569],[-92.74414,44.68405],[-92.74472,44.68322],[-92.74572,44.68004],[-92.74568,44.67894],[-92.74497,44.67819],[-92.74407,44.67787],[-92.73962,44.67687],[-92.73844,44.67579],[-92.73846,44.67522],[-92.739,44.67485],[-92.7411,44.67441],[-92.74354,44.67291],[-92.7438,44.67181],[-92.7424,44.66943],[-92.74387,44.66877],[-92.74397,44.66799],[-92.74153,44.66721],[-92.73718,44.66756],[-92.73635,44.66734],[-92.73503,44.66681],[-92.73258,44.66499],[-92.73262,44.67273],[-92.73254,44.68213],[-92.73311,44.68065],[-92.73384,44.68047],[-92.73412,44.6799],[-92.73391,44.6793],[-92.73484,44.6797],[-92.73521,44.68023],[-92.73504,44.68105],[-92.73565,44.68185],[-92.73475,44.68383],[-92.73437,44.68383],[-92.73254,44.68229],[-92.73253,44.68289],[-92.73421,44.68407],[-92.7341,44.68467],[-92.73251,44.68533],[-92.7325,44.68619],[-92.73328,44.68524],[-92.73479,44.68465],[-92.73624,44.68551],[-92.73752,44.68686],[-92.73642,44.68623],[-92.73483,44.687],[-92.73648,44.6874],[-92.73785,44.68828],[-92.73835,44.68816],[-92.73778,44.68841],[-92.73684,44.68778],[-92.73536,44.6874],[-92.73564,44.68779],[-92.73513,44.68831],[-92.73587,44.68905],[-92.736,44.68978],[-92.73508,44.69065],[-92.73247,44.68992],[-92.73246,44.69077],[-92.73334,44.69114],[-92.73246,44.69125],[-92.73239,44.69921],[-92.7329,44.69876],[-92.73474,44.69877],[-92.73554,44.6982],[-92.73833,44.69757],[-92.74016,44.69815],[-92.7404,44.69682],[-92.74228,44.69568],[-92.74373,44.69571],[-92.74636,44.69691],[-92.74637,44.6964],[-92.74693,44.6965],[-92.7483,44.69771],[-92.74843,44.69613],[-92.7493,44.69637],[-92.74961,44.69686],[-92.74903,44.69855],[-92.74853,44.69891],[-92.7486,44.69942],[-92.74917,44.7003],[-92.75001,44.70052],[-92.75139,44.70025],[-92.7518,44.70175],[-92.7513,44.70248],[-92.74817,44.70307],[-92.7466,44.70299],[-92.74489,44.70206],[-92.74409,44.70105],[-92.74422,44.69989],[-92.74287,44.70045],[-92.74232,44.70241],[-92.74232,44.70353],[-92.74323,44.70467],[-92.74392,44.705],[-92.74312,44.70347],[-92.7432,44.70252],[-92.74358,44.70244],[-92.74774,44.70455],[-92.74896,44.70561],[-92.74953,44.70637],[-92.74975,44.70736],[-92.74923,44.7076],[-92.74891,44.70877],[-92.74848,44.70934],[-92.74543,44.70953],[-92.74256,44.70857],[-92.74192,44.70807],[-92.74111,44.70777],[-92.73947,44.70812],[-92.73848,44.70766],[-92.73695,44.70784],[-92.7368,44.70744],[-92.73234,44.70529],[-92.73227,44.71271],[-92.73282,44.7132],[-92.73534,44.71431],[-92.73636,44.71422],[-92.7369,44.71482],[-92.73855,44.71566],[-92.74535,44.71799],[-92.7464,44.71807],[-92.7546,44.72119],[-92.75573,44.72093],[-92.7564,44.7216],[-92.7599,44.72269],[-92.76449,44.72519],[-92.76488,44.72572],[-92.76481,44.72639],[-92.76524,44.7268],[-92.7686,44.72904],[-92.76949,44.72908],[-92.77215,44.73006],[-92.78416,44.73493],[-92.79143,44.73681],[-92.79699,44.73743],[-92.79809,44.7368],[-92.79779,44.73553],[-92.79839,44.73443],[-92.79796,44.73577],[-92.79828,44.73688],[-92.79745,44.73753],[-92.80645,44.74181],[-92.80779,44.74231],[-92.80837,44.74217],[-92.80828,44.74257],[-92.80929,44.74321],[-92.81265,44.74488]],[[-92.74847,44.71737],[-92.74461,44.71548],[-92.74144,44.71472],[-92.74145,44.71415],[-92.74214,44.7136],[-92.74207,44.71293],[-92.74281,44.71212],[-92.7423,44.71439],[-92.74342,44.7147],[-92.74418,44.71452],[-92.74847,44.71737]],[[-92.74397,44.68746],[-92.74326,44.68799],[-92.74329,44.6901],[-92.74242,44.68945],[-92.74196,44.69008],[-92.74082,44.69017],[-92.74031,44.69056],[-92.74001,44.69157],[-92.73935,44.69128],[-92.73943,44.69258],[-92.739,44.69241],[-92.73862,44.69119],[-92.73903,44.6883],[-92.74093,44.68702],[-92.74061,44.68611],[-92.74089,44.68359],[-92.74115,44.68352],[-92.74124,44.68552],[-92.74187,44.68707],[-92.74397,44.68746]],[[-92.73714,44.68456],[-92.73657,44.68513],[-92.73604,44.68495],[-92.73672,44.68439],[-92.7363,44.6838],[-92.73584,44.68428],[-92.73532,44.68413],[-92.7361,44.68369],[-92.73622,44.68317],[-92.73686,44.68332],[-92.73714,44.68456]],[[-92.73667,44.68046],[-92.7359,44.68123],[-92.73568,44.68099],[-92.7359,44.68047],[-92.73667,44.68046]]],[[[-92.80981,44.7463],[-92.80924,44.74455],[-92.80697,44.74297],[-92.80273,44.74144],[-92.8005,44.74002],[-92.80035,44.74032],[-92.80105,44.7409],[-92.80513,44.74293],[-92.80477,44.74305],[-92.801,44.7412],[-92.79989,44.73996],[-92.79611,44.73937],[-92.80007,44.7411],[-92.79941,44.74116],[-92.79548,44.73925],[-92.79447,44.73909],[-92.79708,44.74105],[-92.79891,44.7414],[-92.79883,44.74163],[-92.79735,44.7412],[-92.80018,44.74307],[-92.80595,44.74564],[-92.80881,44.74644],[-92.80978,44.74654],[-92.80981,44.7463]]],[[[-92.77889,44.73328],[-92.77829,44.73295],[-92.77812,44.73302],[-92.77889,44.73328]]],[[[-92.76451,44.7259],[-92.76435,44.72551],[-92.75863,44.72255],[-92.75672,44.72221],[-92.75784,44.72295],[-92.76047,44.72374],[-92.76403,44.72601],[-92.76451,44.7259]]],[[[-92.75305,44.72123],[-92.75084,44.72029],[-92.75172,44.72088],[-92.75305,44.72123]]],[[[-92.75046,44.72129],[-92.74791,44.71932],[-92.74609,44.71929],[-92.74323,44.71843],[-92.74355,44.71902],[-92.74564,44.71989],[-92.74942,44.72132],[-92.75046,44.72129]]],[[[-92.7425,44.71808],[-92.7362,44.71567],[-92.73745,44.71652],[-92.74216,44.71822],[-92.7425,44.71808]]]]}},
{"type":"Feature","id":"2396362","properties":{"id":"2396362","name":"Richfield","kind":"city","counties":["Hennepin"],"population":36543,"label":[-93.28307,44.8764]},"geometry":{"type":"MultiPolygon","coordinates":[[[[-93.31884,44.8908],[-93.31876,44.87636],[-93.31883,44.8619],[-93.24794,44.86194],[-93.24794,44.87811],[-93.24656,44.87811],[-93.24646,44.88008],[-93.24573,44.8818],[-93.24507,44.88213],[-93.24483,44.88266],[-93.24574,44.88352],[-93.24651,44.88351],[-93.24647,44.88877],[-93.24786,44.88876],[-93.2478,44.89072],[-93.31884,44.8908]],[[-93.29704,44.87452],[-93.29694,44.87511],[-93.29601,44.87566],[-93.29624,44.87676],[-93.2953,44.87671],[-93.29524,44.8777],[-93.29411,44.8779],[-93.29418,44.87735],[-93.29254,44.87655],[-93.29215,44.87664],[-93.29215,44.8774],[-93.29148,44.87786],[-93.29334,44.8782],[-93.29341,44.87856],[-93.29215,44.87948],[-93.29205,44.87989],[-93.29061,44.88046],[-93.28926,44.87989],[-93.28939,44.87916],[-93.29074,44.87779],[-93.29061,44.87689],[-93.29115,44.87669],[-93.29125,44.87619],[-93.29193,44.87557],[-93.2927,44.87375],[-93.29341,44.87381],[-93.29325,44.87461],[-93.29434,44.87591],[-93.29566,44.87516],[-93.29643,44.87429],[-93.29704,44.87452]],[[-93.26526,44.8874],[-93.26372,44.88908],[-93.26401,44.88975],[-93.26382,44.89004],[-93.26186,44.89026],[-93.26029,44.88962],[-93.26046,44.88911],[-93.26006,44.88778],[-93.26118,44.88666],[-93.26073,44.8865],[-93.25992,44.88537],[-93.25995,44.88405],[-93.26033,44.8837],[-93.26417,44.88364],[-93.2642,44.8844],[-93.26456,44.88474],[-93.26394,44.88515],[-93.26498,44.88676],[-93.26427,44.887],[-93.26447,44.88733],[-93.26425,44.88774],[-93.26526,44.8874]],[[-93.26029,44.88644],[-93.25999,44.88634],[-93.26005,44.88629],[-93.26029,44.88644]]]]}},
{"type":"Feature","id":"2396388","properties":{"id":"2396388","name":"Robbinsdale","kind":"city","counties":["Hennepin"],"population":14986,"label":[-93.3332,45.02608]},"geometry":{"type":"MultiPolygon","coordinates":[[[[-93.35627,45.03272],[-93.35626,45.02536],[-93.34957,45.02535],[-93.34962,45.02052],[-93.33377,45.02057],[-93.33388,45.00612],[-93.31859,45.00607],[-93.31846,45.02052],[-93.31888,45.03546],[-93.3193,45.03546],[-93.31943,45.04043],[-93.32959,45.04041],[-93.3305,45.0423],[-93.33467,45.04038],[-93.33843,45.04035],[-93.33853,45.03943],[-93.33921,45.03912],[-93.33894,45.03872],[-93.33816,45.03862],[-93.33705,45.03772],[-93.3354,45.03821],[-93.33436,45.03778],[-93.333,45.03826],[-93.33251,45.03784],[-93.33343,45.03754],[-93.33366,45.03714],[-93.33544,45.03713],[-93.33622,45.0364],[-93.33659,45.03697],[-93.33715,45.03681],[-93.33718,45.03676],[-93.33706,45.03589],[-93.33688,45.03551],[-93.33683,45.03427],[-93.3375,45.03399],[-93.33755,45.034],[-93.33756,45.034],[-93.33825,45.03415],[-93.33829,45.03419],[-93.3383,45.03419],[-93.33835,45.03425],[-93.33958,45.03542],[-93.3399,45.03595],[-93.34017,45.03625],[-93.34019,45.03644],[-93.3403,45.03662],[-93.34025,45.03697],[-93.34031,45.03748],[-93.34016,45.03762],[-93.34014,45.0378],[-93.33923,45.0385],[-93.33907,45.03865],[-93.33912,45.03875],[-93.3392,45.03887],[-93.34028,45.03907],[-93.34054,45.0398],[-93.34043,45.04],[-93.35006,45.03994],[-93.35001,45.03545],[-93.34944,45.03544],[-93.34948,45.03263],[-93.35627,45.03272]],[[-93.33164,45.02822],[-93.33118,45.02903],[-93.33002,45.02957],[-93.32853,45.02977],[-93.32777,45.03031],[-93.32624,45.03044],[-93.3249,45.02905],[-93.32428,45.02642],[-93.3243,45.02498],[-93.32455,45.02403],[-93.32568,45.02296],[-93.32676,45.02249],[-93.3268,45.02211],[-93.32724,45.02243],[-93.32795,45.02395],[-93.32751,45.02452],[-93.33007,45.02557],[-93.33019,45.02632],[-93.33164,45.02822]]],[[[-93.33343,45.03788],[-93.33337,45.03776],[-93.33315,45.03796],[-93.33343,45.03788]]]]}},
{"type":"Feature","id":"665436","properties":{"id":"665436","name":"Rockford","kind":"township","counties":["Wright"],"population":3583,"label":[-93.80202,45.12138]},"geometry":{"type":"MultiPolygon","coordinates":[[[[-93.89049,45.10883],[-93.89006,45.10814],[-93.88849,45.10688],[-93.88743,45.10436],[-93.88677,45.10423],[-93.88676,45.10587],[-93.88642,45.10637],[-93.88624,45.10643],[-93.88615,45.10653],[-93.88582,45.10657],[-93.8854,45.10671],[-93.88517,45.10665],[-93.88492,45.10668],[-93.88482,45.10656],[-93.88466,45.10652],[-93.8845,45.10619],[-93.88404,45.10565],[-93.88402,45.10519],[-93.88394,45.10503],[-93.884,45.10492],[-93.88399,45.10461],[-93.88495,45.10332],[-93.88463,45.10189],[-93.88443,45.10153],[-93.88427,45.10147],[-93.88257,45.10097],[-93.88224,45.10007],[-93.88093,45.10009],[-93.87989,45.0997],[-93.87947,45.09916],[-93.87962,45.09832],[-93.87839,45.09892],[-93.87812,45.09906],[-93.8769,45.0986],[-93.87537,45.1],[-93.87429,45.10026],[-93.87316,45.09953],[-93.87213,45.09779],[-93.87187,45.09771],[-93.87061,45.09759],[-93.87136,45.09279],[-93.86978,45.09005],[-93.86873,45.08984],[-93.86792,45.0898],[-93.86572,45.09226],[-93.86559,45.09228],[-93.86543,45.09245],[-93.86482,45.09237],[-93.86462,45.09239],[-93.86453,45.09233],[-93.86447,45.09232],[-93.86293,45.09121],[-93.86229,45.09024],[-93.862,45.08951],[-93.86217,45.08653],[-93.86195,45.08591],[-93.86027,45.08556],[-93.8583,45.08444],[-93.85642,45.08478],[-93.85628,45.08471],[-93.85612,45.08473],[-93.85612,45.08463],[-93.856,45.08456],[-93.85613,45.08439],[-93.85614,45.08426],[-93.8567,45.08366],[-93.85888,45.08086],[-93.85837,45.08033],[-93.8572,45.08013],[-93.85705,45.08019],[-93.85569,45.08123],[-93.8551,45.0811],[-93.85492,45.08023],[-93.85577,45.07821],[-93.85487,45.07624],[-93.85244,45.0777],[-93.85098,45.07796],[-93.84985,45.07758],[-93.84913,45.07621],[-93.84691,45.07634],[-93.84341,45.07714],[-93.84025,45.07605],[-93.83958,45.07609],[-93.83931,45.07695],[-93.84022,45.07788],[-93.84015,45.07842],[-93.83932,45.07862],[-93.83787,45.0779],[-93.83751,45.07798],[-93.83734,45.07837],[-93.83693,45.07981],[-93.8359,45.08088],[-93.83678,45.08169],[-93.83675,45.08272],[-93.83719,45.08346],[-93.83652,45.08417],[-93.83545,45.08433],[-93.83527,45.08515],[-93.83491,45.08542],[-93.83223,45.08559],[-93.83145,45.08608],[-93.8306,45.08594],[-93.83007,45.08546],[-93.82589,45.08509],[-93.82515,45.08454],[-93.82401,45.08556],[-93.8205,45.08455],[-93.81973,45.08473],[-93.81967,45.08534],[-93.82028,45.08562],[-93.8217,45.08557],[-93.82152,45.08595],[-93.82153,45.08598],[-93.82149,45.086],[-93.82135,45.08631],[-93.82091,45.0864],[-93.82077,45.0865],[-93.81928,45.08674],[-93.81672,45.08728],[-93.81459,45.08502],[-93.80971,45.08479],[-93.80925,45.0845],[-93.80878,45.08339],[-93.80751,45.08312],[-93.80733,45.0835],[-93.8082,45.08482],[-93.80809,45.08564],[-93.80625,45.08716],[-93.80151,45.08788],[-93.79987,45.08782],[-93.79691,45.08706],[-93.79517,45.0873],[-93.79356,45.08797],[-93.79449,45.08915],[-93.79459,45.08972],[-93.79415,45.09048],[-93.79332,45.0909],[-93.7909,45.08964],[-93.78963,45.08963],[-93.79114,45.09275],[-93.79133,45.09455],[-93.79214,45.09618],[-93.79201,45.09685],[-93.79134,45.09715],[-93.78993,45.09616],[-93.78857,45.09584],[-93.78723,45.09488],[-93.78682,45.09471],[-93.78136,45.09424],[-93.77735,45.093],[-93.77431,45.09092],[-93.7724,45.09009],[-93.77151,45.09016],[-93.77095,45.09131],[-93.76993,45.09185],[-93.76806,45.09192],[-93.767,45.09157],[-93.76533,45.09036],[-93.7635,45.08797],[-93.76273,45.08713],[-93.76349,45.08832],[-93.76573,45.09083],[-93.76639,45.09116],[-93.76639,45.09253],[-93.7543,45.09299],[-93.75118,45.09251],[-93.74794,45.09135],[-93.74796,45.09347],[-93.77151,45.0929],[-93.77408,45.09342],[-93.77658,45.09434],[-93.77656,45.09702],[-93.77329,45.09702],[-93.77328,45.09951],[-93.77129,45.09816],[-93.77125,45.097],[-93.77056,45.097],[-93.77055,45.0934],[-93.75839,45.09337],[-93.7582,45.10063],[-93.75315,45.10064],[-93.75322,45.0968],[-93.7521,45.09565],[-93.75229,45.09455],[-93.75194,45.09455],[-93.75194,45.09417],[-93.75114,45.09419],[-93.75102,45.09503],[-93.74954,45.09564],[-93.75001,45.09648],[-93.74885,45.09658],[-93.74884,45.09564],[-93.74809,45.09563],[-93.74797,45.09705],[-93.74287,45.09712],[-93.74288,45.10074],[-93.74574,45.10071],[-93.74564,45.10434],[-93.72764,45.10465],[-93.72765,45.10773],[-93.72581,45.10773],[-93.72684,45.10211],[-93.72919,45.09916],[-93.73122,45.1],[-93.73124,45.10097],[-93.73783,45.10088],[-93.73782,45.09892],[-93.73466,45.09887],[-93.73463,45.09754],[-93.72992,45.09746],[-93.72914,45.09833],[-93.7274,45.09831],[-93.72675,45.09894],[-93.72631,45.10333],[-93.72492,45.106],[-93.72415,45.10864],[-93.72302,45.11002],[-93.72106,45.11449],[-93.71643,45.1188],[-93.71283,45.1229],[-93.70789,45.12589],[-93.7054,45.12998],[-93.70433,45.13106],[-93.7026,45.13198],[-93.70235,45.13351],[-93.70142,45.13527],[-93.70164,45.13609],[-93.70131,45.13668],[-93.69894,45.13786],[-93.69546,45.14122],[-93.68908,45.14404],[-93.68711,45.14616],[-93.68569,45.14887],[-93.6834,45.15084],[-93.68133,45.15163],[-93.68135,45.15207],[-93.68386,45.1507],[-93.68631,45.15228],[-93.69629,45.15211],[-93.69666,45.14483],[-93.69544,45.14481],[-93.69506,45.14386],[-93.69679,45.14188],[-93.69688,45.13991],[-93.69952,45.13768],[-93.70542,45.1376],[-93.70535,45.13888],[-93.70716,45.13886],[-93.70648,45.152],[-93.71433,45.15189],[-93.71447,45.15138],[-93.71525,45.15058],[-93.71812,45.15038],[-93.72,45.15072],[-93.7221,45.14964],[-93.72265,45.14873],[-93.72248,45.14759],[-93.72006,45.14681],[-93.72122,45.14528],[-93.7261,45.14584],[-93.72613,45.14617],[-93.72465,45.14722],[-93.72535,45.14978],[-93.72497,45.1504],[-93.72539,45.15085],[-93.72287,45.15158],[-93.72295,45.15178],[-93.74432,45.15149],[-93.74452,45.15052],[-93.74427,45.14913],[-93.74185,45.14802],[-93.7416,45.1472],[-93.74201,45.14639],[-93.74354,45.14494],[-93.74372,45.14409],[-93.74658,45.14292],[-93.74728,45.1421],[-93.74875,45.14166],[-93.74947,45.14256],[-93.75025,45.14273],[-93.7507,45.14249],[-93.75068,45.14308],[-93.75148,45.14386],[-93.75055,45.14579],[-93.75012,45.14611],[-93.74936,45.14604],[-93.74863,45.14825],[-93.74916,45.14906],[-93.75172,45.15051],[-93.7521,45.15138],[-93.76043,45.15127],[-93.75945,45.1505],[-93.75945,45.14841],[-93.76027,45.14835],[-93.76201,45.1504],[-93.76128,45.14856],[-93.76151,45.14671],[-93.76339,45.1468],[-93.76372,45.14657],[-93.76351,45.14591],[-93.76396,45.14569],[-93.76381,45.14615],[-93.76451,45.14652],[-93.76288,45.14727],[-93.76586,45.14616],[-93.76647,45.1448],[-93.76605,45.14508],[-93.76506,45.14488],[-93.76497,45.14564],[-93.76439,45.14524],[-93.76478,45.14469],[-93.76437,45.14457],[-93.76564,45.14408],[-93.76623,45.14402],[-93.76682,45.14463],[-93.76951,45.14364],[-93.7719,45.14417],[-93.7738,45.1451],[-93.77383,45.14606],[-93.77249,45.146],[-93.77219,45.14633],[-93.77225,45.14734],[-93.77178,45.14778],[-93.77179,45.14912],[-93.77132,45.1498],[-93.77137,45.15036],[-93.77224,45.15111],[-93.78631,45.15092],[-93.85314,45.15104],[-93.85171,45.14996],[-93.85059,45.14967],[-93.84906,45.14781],[-93.8491,45.14673],[-93.85141,45.14385],[-93.85408,45.14144],[-93.8579,45.13901],[-93.85785,45.13861],[-93.85702,45.13841],[-93.85719,45.13798],[-93.85653,45.13741],[-93.85923,45.13853],[-93.86057,45.14003],[-93.8606,45.14252],[-93.8594,45.14309],[-93.86256,45.1469],[-93.86687,45.14684],[-93.86691,45.14798],[-93.8685,45.14796],[-93.86849,45.14768],[-93.86882,45.14767],[-93.86858,45.14235],[-93.86886,45.14041],[-93.86856,45.14041],[-93.86895,45.13879],[-93.8722,45.13859],[-93.87425,45.13791],[-93.87572,45.13794],[-93.87573,45.14222],[-93.87358,45.14223],[-93.87359,45.14403],[-93.88392,45.14392],[-93.88393,45.14581],[-93.88276,45.14591],[-93.88214,45.14673],[-93.88296,45.14681],[-93.88458,45.1488],[-93.88648,45.15],[-93.88886,45.14982],[-93.88992,45.1506],[-93.89049,45.10883]],[[-93.7582,45.10063],[-93.7663,45.1006],[-93.76623,45.1065],[-93.76164,45.10652],[-93.76166,45.10443],[-93.75819,45.1045],[-93.7582,45.10063]],[[-93.86767,45.10409],[-93.8676,45.1046],[-93.86716,45.10492],[-93.86558,45.1054],[-93.86502,45.10509],[-93.86433,45.10519],[-93.86256,45.10401],[-93.8587,45.10301],[-93.85379,45.10252],[-93.85346,45.10212],[-93.85361,45.10093],[-93.85498,45.09906],[-93.85598,45.09918],[-93.85745,45.09845],[-93.85922,45.09839],[-93.86009,45.09889],[-93.86118,45.10019],[-93.86401,45.1006],[-93.86767,45.10409]],[[-93.842,45.11922],[-93.84197,45.11992],[-93.84036,45.12159],[-93.83718,45.12227],[-93.83553,45.12334],[-93.83366,45.12525],[-93.83287,45.12524],[-93.83114,45.12446],[-93.82909,45.12383],[-93.8272,45.12378],[-93.82646,45.12306],[-93.82647,45.12239],[-93.82713,45.12169],[-93.82752,45.12066],[-93.82952,45.1185],[-93.83077,45.11811],[-93.83292,45.11825],[-93.83491,45.11751],[-93.83628,45.11746],[-93.83824,45.11608],[-93.83987,45.11655],[-93.84138,45.11779],[-93.842,45.11922]],[[-93.79384,45.12075],[-93.79319,45.12113],[-93.79142,45.12102],[-93.78993,45.12031],[-93.78934,45.11916],[-93.78841,45.11951],[-93.7874,45.11912],[-93.78657,45.11804],[-93.78495,45.1169],[-93.78466,45.11594],[-93.78544,45.11573],[-93.78799,45.11699],[-93.79193,45.11763],[-93.79362,45.11985],[-93.79384,45.12075]],[[-93.79018,45.12642],[-93.79018,45.12704],[-93.78927,45.128],[-93.78811,45.13014],[-93.78688,45.13122],[-93.78553,45.1317],[-93.78349,45.13124],[-93.78081,45.1298],[-93.78062,45.1293],[-93.78233,45.12809],[-93.78407,45.12735],[-93.78537,45.12582],[-93.78672,45.12533],[-93.78898,45.12555],[-93.79018,45.12642]],[[-93.78517,45.12273],[-93.78517,45.12319],[-93.78428,45.12388],[-93.78234,45.12404],[-93.78135,45.12346],[-93.78141,45.122],[-93.78208,45.12143],[-93.78415,45.12195],[-93.78517,45.12273]],[[-93.76668,45.11154],[-93.76571,45.11239],[-93.7641,45.11282],[-93.76247,45.11249],[-93.76103,45.11241],[-93.75848,45.11168],[-93.75854,45.1106],[-93.75919,45.10928],[-93.76029,45.10912],[-93.76129,45.10958],[-93.76426,45.10889],[-93.76516,45.10901],[-93.76639,45.10976],[-93.76668,45.11154]],[[-93.74396,45.14105],[-93.74396,45.14204],[-93.7436,45.14253],[-93.73995,45.14502],[-93.73876,45.14557],[-93.73663,45.14543],[-93.73463,45.14432],[-93.73421,45.14341],[-93.73425,45.1422],[-93.73534,45.14105],[-93.73634,45.14074],[-93.73585,45.14009],[-93.73653,45.13961],[-93.7365,45.13859],[-93.7373,45.13799],[-93.73807,45.13814],[-93.73656,45.13998],[-93.74138,45.13897],[-93.74309,45.13958],[-93.74396,45.14105]]],[[[-93.88891,45.10692],[-93.88887,45.10688],[-93.88887,45.10689],[-93.88891,45.10692]]],[[[-93.88755,45.10416],[-93.88752,45.10407],[-93.88721,45.1041],[-93.88755,45.10416]]],[[[-93.88598,45.10622],[-93.8854,45.10636],[-93.88584,45.10636],[-93.88598,45.10622]]],[[[-93.88482,45.10408],[-93.88441,45.10464],[-93.8844,45.10483],[-93.88482,45.10408]]],[[[-93.86412,45.15106],[-93.86345,45.14991],[-93.86346,45.14994],[-93.86405,45.15106],[-93.86412,45.15106]]],[[[-93.86344,45.14985],[-93.86315,45.14794],[-93.86302,45.14774],[-93.86344,45.14985]]],[[[-93.85476,45.076],[-93.85467,45.07601],[-93.85412,45.07637],[-93.85476,45.076]]],[[[-93.85,45.07709],[-93.85,45.07709],[-93.85,45.07709],[-93.85,45.07709]]],[[[-93.84079,45.07594],[-93.84056,45.07586],[-93.84009,45.07588],[-93.84079,45.07594]]],[[[-93.83077,45.08556],[-93.83055,45.08544],[-93.8307,45.0856],[-93.83077,45.08556]]],[[[-93.80969,45.0843],[-93.80951,45.08404],[-93.80961,45.08426],[-93.80969,45.0843]]],[[[-93.80891,45.08318],[-93.80885,45.08309],[-93.80848,45.08308],[-93.80891,45.08318]]],[[[-93.8074,45.08609],[-93.80712,45.08629],[-93.8073,45.0862],[-93.8074,45.08609]]],[[[-93.76934,45.15115],[-93.76823,45.15073],[-93.76619,45.15042],[-93.76525,45.1512],[-93.76934,45.15115]]],[[[-93.76555,45.08386],[-93.76483,45.08369],[-93.76406,45.08397],[-93.76368,45.08413],[-93.76363,45.08412],[-93.76343,45.08419],[-93.76352,45.08422],[-93.76539,45.08388],[-93.76528,45.08418],[-93.76555,45.08386]]],[[[-93.76498,45.08432],[-93.76266,45.08483],[-93.76253,45.0851],[-93.76498,45.08432]]],[[[-93.76448,45.14992],[-93.76439,45.14992],[-93.76445,45.1498],[-93.76374,45.14993],[-93.76423,45.15026],[-93.76448,45.14992]]],[[[-93.76273,45.08713],[-93.76253,45.08683],[-93.7626,45.08699],[-93.76273,45.08713]]],[[[-93.76253,45.08683],[-93.76244,45.08658],[-93.76215,45.08621],[-93.76235,45.08545],[-93.76205,45.08607],[-93.76253,45.08683]]],[[[-93.76241,45.08189],[-93.76237,45.08187],[-93.76223,45.08244],[-93.76241,45.08189]]],[[[-93.76218,45.08177],[-93.76216,45.08177],[-93.762,45.08185],[-93.76157,45.08312],[-93.76161,45.08317],[-93.76218,45.08177]]],[[[-93.75979,45.08288],[-93.75945,45.08295],[-93.75961,45.08297],[-93.75979,45.08288]]],[[[-93.75563,45.08035],[-93.75469,45.08004],[-93.75382,45.07993],[-93.75563,45.08035]]],[[[-93.75249,45.08092],[-93.75248,45.07976],[-93.74966,45.0794],[-93.74968,45.08204],[-93.75249,45.08092]]],[[[-93.73784,45.10263],[-93.73783,45.102],[-93.73686,45.10202],[-93.73686,45.10264],[-93.73784,45.10263]]],[[[-93.72624,45.09984],[-93.72622,45.09987],[-93.72622,45.10001],[-93.72624,45.09984]]]]}},
{"type":"Feature","id":"2396406","properties":{"id":"2396406","name":"Rockford","kind":"city","counties":["Hennepin","Wright"],"population":4781,"label":[-93.7452,45.09163]},"geometry":{"type":"MultiPolygon","coordinates":[[[[-93.77658,45.09434],[-93.77281,45.09312],[-93.76892,45.09284],[-93.75839,45.09337],[-93.7664,45.09335],[-93.77055,45.0934],[-93.77056,45.097],[-93.77125,45.097],[-93.77129,45.09816],[-93.77328,45.09951],[-93.77329,45.09702],[-93.77656,45.09702],[-93.77658,45.09434]]],[[[-93.76639,45.09116],[-93.76573,45.09083],[-93.76349,45.08832],[-93.76205,45.08607],[-93.76235,45.08545],[-93.76244,45.08513],[-93.76253,45.0851],[-93.76266,45.08483],[-93.76498,45.08432],[-93.76523,45.08424],[-93.76528,45.08418],[-93.76539,45.08388],[-93.76352,45.08422],[-93.76343,45.08419],[-93.76318,45.08428],[-93.76193,45.08384],[-93.76159,45.08322],[-93.76161,45.08317],[-93.76157,45.08312],[-93.762,45.08185],[-93.76017,45.0828],[-93.75979,45.08288],[-93.75961,45.08297],[-93.75945,45.08295],[-93.75849,45.08316],[-93.75707,45.08259],[-93.75664,45.08099],[-93.75595,45.08045],[-93.75563,45.08035],[-93.75382,45.07993],[-93.75248,45.07976],[-93.75249,45.08092],[-93.74968,45.08204],[-93.74971,45.0794],[-93.74922,45.07934],[-93.74571,45.08048],[-93.74196,45.08049],[-93.73988,45.08093],[-93.73961,45.08108],[-93.7389,45.08179],[-93.73858,45.08232],[-93.73854,45.08258],[-93.73845,45.08332],[-93.73916,45.08492],[-93.73729,45.0841],[-93.73465,45.08664],[-93.7344,45.08688],[-93.73297,45.08825],[-93.7296,45.08973],[-93.72928,45.09003],[-93.72919,45.09027],[-93.72906,45.0925],[-93.73007,45.09729],[-93.72992,45.09746],[-93.73463,45.09754],[-93.73466,45.09887],[-93.73782,45.09892],[-93.73783,45.10088],[-93.73124,45.10097],[-93.73122,45.1],[-93.72919,45.09916],[-93.72684,45.10211],[-93.72581,45.10773],[-93.72765,45.10773],[-93.72764,45.10465],[-93.74564,45.10434],[-93.74574,45.10071],[-93.74288,45.10074],[-93.74287,45.09712],[-93.74797,45.09705],[-93.74809,45.09563],[-93.74884,45.09564],[-93.74885,45.09658],[-93.75001,45.09648],[-93.74954,45.09564],[-93.75102,45.09503],[-93.75114,45.09419],[-93.75194,45.09417],[-93.75194,45.09455],[-93.75229,45.09455],[-93.7521,45.09565],[-93.75322,45.0968],[-93.75315,45.10064],[-93.7582,45.10063],[-93.75839,45.09337],[-93.74796,45.09347],[-93.74794,45.09135],[-93.75118,45.09251],[-93.7543,45.09299],[-93.76639,45.09253],[-93.76639,45.09116]],[[-93.73784,45.10263],[-93.73686,45.10264],[-93.73686,45.10202],[-93.73783,45.102],[-93.73784,45.10263]]],[[[-93.7663,45.1006],[-93.7582,45.10063],[-93.75819,45.1045],[-93.76166,45.10443],[-93.76164,45.10652],[-93.76623,45.1065],[-93.7663,45.1006]]],[[[-93.74173,45.08006],[-93.7415,45.08004],[-93.74116,45.08016],[-93.74173,45.08006]]],[[[-93.73885,45.08096],[-93.73876,45.08099],[-93.73873,45.08104],[-93.73885,45.08096]]],[[[-93.73754,45.08271],[-93.73724,45.08272],[-93.73664,45.08363],[-93.73534,45.08278],[-93.73402,45.08281],[-93.73288,45.08207],[-93.73107,45.08372],[-93.73031,45.08292],[-93.72938,45.08295],[-93.72911,45.08238],[-93.72743,45.08109],[-93.7275,45.08659],[-93.71731,45.08678],[-93.71736,45.09029],[-93.72231,45.09022],[-93.72237,45.0884],[-93.72743,45.08835],[-93.72762,45.09748],[-93.72934,45.09745],[-93.72947,45.09728],[-93.72866,45.09431],[-93.72839,45.09168],[-93.72893,45.08974],[-93.73047,45.08875],[-93.73215,45.08815],[-93.73316,45.08702],[-93.73418,45.08686],[-93.73537,45.08544],[-93.7357,45.08503],[-93.73741,45.08299],[-93.73754,45.08271]]]]}},
{"type":"Feature","id":"2396415","properties":{"id":"2396415","name":"Rogers","kind":"city","counties":["Hennepin"],"population":14430,"label":[-93.57832,45.18658]},"geometry":{"type":"MultiPolygon","coordinates":[[[[-93.65869,45.19332],[-93.65838,45.19173],[-93.65724,45.18949],[-93.65226,45.18541],[-93.65107,45.18269],[-93.64733,45.18017],[-93.64531,45.18011],[-93.64426,45.17957],[-93.643,45.17811],[-93.63914,45.17553],[-93.63832,45.17416],[-93.62994,45.17418],[-93.63039,45.16656],[-93.63038,45.1526],[-93.52184,45.15291],[-93.52143,45.16705],[-93.52247,45.19753],[-93.52213,45.21],[-93.52212,45.23206],[-93.52479,45.23083],[-93.52633,45.22906],[-93.52501,45.22666],[-93.525,45.22511],[-93.52643,45.22364],[-93.52845,45.2223],[-93.52996,45.22242],[-93.53032,45.22245],[-93.53033,45.22245],[-93.53113,45.22252],[-93.53333,45.22499],[-93.53372,45.22571],[-93.53379,45.22709],[-93.53444,45.22803],[-93.53425,45.23028],[-93.53457,45.23087],[-93.5356,45.23121],[-93.54047,45.23088],[-93.54089,45.23101],[-93.54148,45.23207],[-93.54275,45.2324],[-93.54396,45.23051],[-93.5446,45.23007],[-93.54587,45.22862],[-93.54769,45.22633],[-93.54912,45.22621],[-93.55423,45.2267],[-93.55542,45.22626],[-93.55661,45.22502],[-93.55759,45.22469],[-93.55933,45.22584],[-93.56005,45.22686],[-93.56058,45.227],[-93.56126,45.22455],[-93.56286,45.22266],[-93.56673,45.22088],[-93.56855,45.2191],[-93.56967,45.21853],[-93.57537,45.21842],[-93.58043,45.21683],[-93.58277,45.21643],[-93.5864,45.2147],[-93.58709,45.21469],[-93.58729,45.21462],[-93.58782,45.21468],[-93.58896,45.21466],[-93.59092,45.21413],[-93.59208,45.213],[-93.59244,45.21057],[-93.59311,45.20932],[-93.59387,45.20869],[-93.5949,45.20853],[-93.59524,45.20836],[-93.59701,45.20717],[-93.60174,45.20774],[-93.60395,45.20868],[-93.60409,45.20898],[-93.60373,45.20902],[-93.60218,45.20832],[-93.60202,45.20915],[-93.60201,45.20962],[-93.60248,45.2106],[-93.60441,45.21285],[-93.60503,45.21197],[-93.60754,45.21197],[-93.6087,45.20994],[-93.61132,45.20786],[-93.61239,45.20819],[-93.61272,45.20859],[-93.61283,45.20935],[-93.61223,45.21083],[-93.61279,45.2114],[-93.61413,45.21105],[-93.61624,45.2094],[-93.61816,45.20882],[-93.62488,45.20955],[-93.62578,45.20881],[-93.62594,45.20796],[-93.62252,45.20499],[-93.62269,45.20449],[-93.62413,45.20283],[-93.62525,45.20224],[-93.62915,45.20212],[-93.63139,45.20274],[-93.63345,45.20445],[-93.63473,45.20855],[-93.63521,45.20926],[-93.63648,45.20982],[-93.63835,45.20974],[-93.63991,45.20889],[-93.64113,45.20768],[-93.64271,45.20447],[-93.64491,45.20393],[-93.6456,45.20346],[-93.64576,45.20289],[-93.64508,45.2016],[-93.64594,45.20031],[-93.64707,45.19945],[-93.64913,45.19862],[-93.6529,45.1986],[-93.65656,45.19766],[-93.65733,45.19668],[-93.65869,45.19332]],[[-93.62975,45.19569],[-93.62874,45.1966],[-93.62772,45.19652],[-93.62599,45.19505],[-93.6261,45.19421],[-93.62799,45.19421],[-93.62914,45.19473],[-93.62975,45.19569]],[[-93.62886,45.20089],[-93.62817,45.20098],[-93.62767,45.20044],[-93.62796,45.20016],[-93.6277,45.19996],[-93.62421,45.20037],[-93.62391,45.2],[-93.62283,45.20052],[-93.62199,45.19971],[-93.62321,45.19935],[-93.62393,45.19847],[-93.62493,45.19847],[-93.62554,45.19812],[-93.62614,45.19701],[-93.62669,45.19683],[-93.62741,45.19752],[-93.62665,45.19852],[-93.62682,45.19883],[-93.62883,45.20057],[-93.62886,45.20089]],[[-93.61796,45.18845],[-93.61703,45.18864],[-93.61689,45.18916],[-93.61435,45.18862],[-93.61258,45.18909],[-93.612,45.18981],[-93.61239,45.1904],[-93.61369,45.1913],[-93.61384,45.19172],[-93.61404,45.19139],[-93.61518,45.19142],[-93.61567,45.19196],[-93.61496,45.19222],[-93.61464,45.19285],[-93.61363,45.19283],[-93.61303,45.19364],[-93.61156,45.19387],[-93.61095,45.19447],[-93.61037,45.19444],[-93.6089,45.19516],[-93.60784,45.19486],[-93.60777,45.19359],[-93.60667,45.19309],[-93.60576,45.19312],[-93.60502,45.19254],[-93.60522,45.19135],[-93.60602,45.19166],[-93.60666,45.1895],[-93.60539,45.18869],[-93.60723,45.18789],[-93.60834,45.18844],[-93.6094,45.18806],[-93.60947,45.18767],[-93.60865,45.18666],[-93.6092,45.18585],[-93.61212,45.18583],[-93.61329,45.18711],[-93.61658,45.18744],[-93.61747,45.18783],[-93.61796,45.18845]],[[-93.61076,45.1702],[-93.60962,45.171],[-93.60983,45.17138],[-93.60943,45.17129],[-93.60908,45.17144],[-93.60773,45.17098],[-93.60687,45.17127],[-93.60726,45.17059],[-93.60588,45.16931],[-93.6053,45.16985],[-93.60406,45.17009],[-93.60372,45.16952],[-93.60453,45.16986],[-93.60542,45.16952],[-93.60415,45.16874],[-93.60314,45.16874],[-93.603,45.16901],[-93.60355,45.16948],[-93.6027,45.16978],[-93.60118,45.16917],[-93.60073,45.16853],[-93.60128,45.16765],[-93.60152,45.16875],[-93.60261,45.16885],[-93.6032,45.16834],[-93.60302,45.16772],[-93.60334,45.16718],[-93.60487,45.16739],[-93.60694,45.16649],[-93.60756,45.16652],[-93.60822,45.1669],[-93.6085,45.16784],[-93.60816,45.16804],[-93.60841,45.16822],[-93.60829,45.16885],[-93.60888,45.16974],[-93.6096,45.16993],[-93.60998,45.16948],[-93.61076,45.1702]],[[-93.598,45.19554],[-93.59779,45.19593],[-93.59659,45.19581],[-93.59592,45.19575],[-93.59601,45.19532],[-93.59662,45.19518],[-93.598,45.19554]],[[-93.59484,45.19428],[-93.59434,45.19536],[-93.59434,45.19632],[-93.59141,45.19643],[-93.59001,45.1975],[-93.58932,45.19761],[-93.5888,45.19733],[-93.58888,45.19661],[-93.58781,45.19652],[-93.58776,45.19589],[-93.58847,45.19537],[-93.59091,45.19425],[-93.5919,45.19432],[-93.59313,45.19353],[-93.59484,45.19428]],[[-93.59252,45.19902],[-93.59243,45.19935],[-93.59126,45.1997],[-93.59038,45.19934],[-93.58968,45.19911],[-93.5898,45.19861],[-93.59084,45.19787],[-93.59101,45.19837],[-93.59252,45.19902]],[[-93.57066,45.16786],[-93.56844,45.16801],[-93.5671,45.16898],[-93.56542,45.17209],[-93.56411,45.1728],[-93.56183,45.17326],[-93.56066,45.17295],[-93.55949,45.17196],[-93.55997,45.17195],[-93.5604,45.17136],[-93.55995,45.17139],[-93.5602,45.17104],[-93.56074,45.17114],[-93.56039,45.17066],[-93.56063,45.16928],[-93.56194,45.168],[-93.56187,45.16729],[-93.56284,45.16729],[-93.56292,45.16488],[-93.5635,45.16518],[-93.56344,45.16579],[-93.56409,45.16597],[-93.56642,45.16582],[-93.56823,45.16514],[-93.57016,45.16555],[-93.57062,45.166],[-93.57066,45.16786]]],[[[-93.65665,45.19785],[-93.65659,45.19792],[-93.65661,45.19791],[-93.65665,45.19785]]],[[[-93.64688,45.17963],[-93.64506,45.17907],[-93.64556,45.17953],[-93.6456,45.17957],[-93.6458,45.17958],[-93.64688,45.17963]]],[[[-93.64265,45.20566],[-93.64251,45.20586],[-93.6425,45.20595],[-93.64265,45.20566]]],[[[-93.61135,45.20808],[-93.61135,45.20808],[-93.61135,45.20808],[-93.61135,45.20808]]],[[[-93.61093,45.2083],[-93.61084,45.20835],[-93.61057,45.20898],[-93.61093,45.2083]]],[[[-93.60811,45.16911],[-93.60766,45.16867],[-93.60621,45.16914],[-93.60788,45.16945],[-93.60811,45.16911]]],[[[-93.6053,45.21237],[-93.60528,45.21237],[-93.60528,45.21239],[-93.6053,45.21237]]],[[[-93.60097,45.20789],[-93.59807,45.20747],[-93.59782,45.2075],[-93.60097,45.20789]]],[[[-93.59434,45.21484],[-93.59407,45.21406],[-93.59278,45.21293],[-93.5926,45.21337],[-93.5914,45.21445],[-93.58954,45.21505],[-93.58963,45.21512],[-93.59033,45.21649],[-93.59078,45.21844],[-93.59229,45.21848],[-93.5933,45.21814],[-93.59388,45.21766],[-93.59434,45.21484]]],[[[-93.59288,45.21115],[-93.59279,45.21099],[-93.59277,45.21097],[-93.59274,45.21091],[-93.59273,45.21106],[-93.5927,45.21131],[-93.5927,45.21136],[-93.59272,45.21133],[-93.59288,45.21115]]],[[[-93.58626,45.21498],[-93.58621,45.21498],[-93.58614,45.21502],[-93.58626,45.21498]]],[[[-93.5838,45.21622],[-93.58317,45.21654],[-93.58338,45.2165],[-93.5838,45.21622]]],[[[-93.56885,45.21936],[-93.56879,45.21939],[-93.56862,45.21958],[-93.56885,45.21936]]],[[[-93.54159,45.23242],[-93.54139,45.23226],[-93.54153,45.2324],[-93.54159,45.23242]]],[[[-93.53428,45.23106],[-93.53399,45.23042],[-93.53396,45.23067],[-93.53427,45.23106],[-93.53428,45.23106]]],[[[-93.52558,45.22493],[-93.52543,45.22529],[-93.52558,45.22512],[-93.52558,45.22493]]],[[[-93.52545,45.22566],[-93.52543,45.22529],[-93.52524,45.22574],[-93.52521,45.22582],[-93.52524,45.2258],[-93.52545,45.22566]]]]}},
{"type":"Feature","id":"2396433","properties":{"id":"2396433","name":"Rosemount","kind":"city","counties":["Dakota"],"population":26943,"label":[-93.06617,44.74656]},"geometry":{"type":"MultiPolygon","coordinates":[[[[-93.15865,44.75601],[-93.15801,44.75459],[-93.15713,44.75458],[-93.15714,44.75371],[-93.15637,44.75371],[-93.15647,44.71734],[-93.045,44.71731],[-93.04498,44.72585],[-93.0349,44.7259],[-93.03489,44.72453],[-93.02582,44.72444],[-93.02555,44.71718],[-92.97429,44.71684],[-92.97459,44.73138],[-92.97437,44.74996],[-92.97447,44.75523],[-92.97498,44.75546],[-92.97604,44.75632],[-92.98002,44.75817],[-92.98048,44.75872],[-92.98174,44.75872],[-92.98395,44.75987],[-92.98679,44.76073],[-92.98686,44.76123],[-92.98758,44.7609],[-92.99085,44.76141],[-92.99298,44.761],[-92.99342,44.76059],[-92.99462,44.76053],[-92.99534,44.76102],[-92.99533,44.76131],[-92.99311,44.76209],[-92.99466,44.76273],[-92.99376,44.76343],[-92.99447,44.76339],[-92.99532,44.76285],[-92.99833,44.76324],[-92.99871,44.7636],[-92.9997,44.76355],[-92.99987,44.76438],[-93.00144,44.76481],[-93.00243,44.76403],[-93.00388,44.76385],[-93.00488,44.76298],[-93.00517,44.76379],[-93.00579,44.76407],[-93.00482,44.76475],[-93.00479,44.76556],[-93.00552,44.76653],[-93.00818,44.76481],[-93.00882,44.76514],[-93.00667,44.76744],[-93.00624,44.76862],[-93.00657,44.76924],[-93.00591,44.7699],[-93.00627,44.77038],[-93.00676,44.77069],[-93.00715,44.77046],[-93.01126,44.77095],[-93.01176,44.77147],[-93.01003,44.7712],[-93.0154,44.77292],[-93.02213,44.77381],[-93.0218,44.7747],[-93.01682,44.77419],[-93.0183,44.77533],[-93.01849,44.77557],[-93.10614,44.7757],[-93.15642,44.77577],[-93.15642,44.77369],[-93.15273,44.77458],[-93.15242,44.77414],[-93.15149,44.77414],[-93.15147,44.77183],[-93.15255,44.77183],[-93.153,44.77051],[-93.15267,44.76887],[-93.15329,44.76876],[-93.15328,44.76816],[-93.15498,44.76815],[-93.15498,44.76892],[-93.15637,44.76869],[-93.15629,44.76095],[-93.15814,44.76095],[-93.15815,44.75964],[-93.1563,44.75963],[-93.15633,44.75711],[-93.15757,44.75645],[-93.15757,44.75612],[-93.15865,44.75601]]],[[[-93.00476,44.76926],[-93.00459,44.76756],[-93.00376,44.76656],[-93.00306,44.76626],[-93.00289,44.76642],[-93.00363,44.76715],[-93.00333,44.76755],[-93.00352,44.76847],[-93.00199,44.76839],[-93.00173,44.76749],[-93.00066,44.76868],[-93.00068,44.76902],[-93.0029,44.76976],[-93.00441,44.76982],[-93.00476,44.76926]]],[[[-93.00192,44.77052],[-92.99978,44.77012],[-92.99889,44.77029],[-92.99869,44.7705],[-92.99958,44.77065],[-93.00192,44.77052]]],[[[-93.00185,44.76709],[-93.00171,44.76642],[-93.00135,44.76639],[-93.00141,44.76738],[-93.00185,44.76709]]],[[[-93.00135,44.77091],[-92.99809,44.77074],[-92.99732,44.77186],[-92.9993,44.77177],[-93.00135,44.77091]]],[[[-93.00011,44.76686],[-92.9997,44.76606],[-92.99871,44.7656],[-92.9973,44.76641],[-92.99706,44.76656],[-92.99788,44.76723],[-92.99759,44.76831],[-92.99726,44.76783],[-92.99742,44.76719],[-92.9969,44.76675],[-92.9962,44.76669],[-92.99401,44.76734],[-92.996,44.76729],[-92.99674,44.76755],[-92.99663,44.76798],[-92.99581,44.76829],[-92.99527,44.76787],[-92.9959,44.76862],[-92.99724,44.76908],[-92.99742,44.77038],[-92.99981,44.76917],[-92.99962,44.76759],[-93.00011,44.76686]]],[[[-92.99785,44.76554],[-92.99643,44.76522],[-92.99468,44.76522],[-92.99485,44.76578],[-92.99452,44.7662],[-92.99623,44.76632],[-92.99527,44.76654],[-92.99665,44.76642],[-92.99785,44.76554]]],[[[-92.99706,44.77103],[-92.99698,44.7703],[-92.99587,44.7702],[-92.99452,44.76953],[-92.99417,44.76976],[-92.99402,44.77091],[-92.99336,44.77127],[-92.99439,44.77121],[-92.99459,44.7702],[-92.99522,44.77069],[-92.99462,44.77147],[-92.99326,44.77227],[-92.99171,44.77225],[-92.98995,44.77288],[-92.98702,44.7727],[-92.98616,44.7723],[-92.98286,44.77096],[-92.97751,44.76966],[-92.97473,44.76849],[-92.97474,44.76854],[-92.97884,44.77038],[-92.98213,44.77106],[-92.98907,44.7738],[-92.99411,44.77292],[-92.99646,44.7716],[-92.99706,44.77103]]],[[[-92.99692,44.76996],[-92.99679,44.76904],[-92.99553,44.76863],[-92.99455,44.76755],[-92.99329,44.76805],[-92.99476,44.76911],[-92.99546,44.76928],[-92.99598,44.77001],[-92.99692,44.76996]]],[[[-92.99468,44.76584],[-92.99445,44.76539],[-92.99372,44.76568],[-92.9939,44.76535],[-92.99358,44.76533],[-92.99257,44.76589],[-92.99261,44.76687],[-92.99306,44.76675],[-92.99344,44.76603],[-92.99336,44.76646],[-92.99368,44.76668],[-92.99468,44.76584]]],[[[-92.99423,44.76934],[-92.99327,44.7691],[-92.99397,44.76907],[-92.99324,44.76855],[-92.99219,44.7685],[-92.99162,44.76889],[-92.99212,44.76873],[-92.99185,44.76922],[-92.99196,44.76939],[-92.99217,44.76911],[-92.992,44.76986],[-92.9923,44.76988],[-92.99252,44.76935],[-92.99338,44.76982],[-92.99372,44.77071],[-92.99308,44.77109],[-92.99393,44.77073],[-92.99404,44.76964],[-92.99423,44.76934]]],[[[-92.9934,44.76516],[-92.99217,44.76544],[-92.99057,44.76647],[-92.99121,44.76714],[-92.99105,44.76647],[-92.99178,44.76695],[-92.99179,44.76748],[-92.99225,44.76715],[-92.99237,44.76571],[-92.9934,44.76516]]],[[[-92.99079,44.7676],[-92.99023,44.76707],[-92.98927,44.76797],[-92.99044,44.76759],[-92.99064,44.76793],[-92.99079,44.7676]]],[[[-92.98979,44.76557],[-92.98899,44.76559],[-92.98676,44.76648],[-92.98643,44.76708],[-92.98749,44.76711],[-92.98661,44.76764],[-92.98645,44.76814],[-92.9894,44.76612],[-92.98979,44.76557]]],[[[-92.98953,44.76656],[-92.9877,44.76812],[-92.98879,44.76778],[-92.98939,44.76709],[-92.98953,44.76656]]],[[[-92.98854,44.77382],[-92.9849,44.77273],[-92.98377,44.77235],[-92.98344,44.77273],[-92.98376,44.77323],[-92.98338,44.77314],[-92.98194,44.77242],[-92.98243,44.77227],[-92.9809,44.77141],[-92.97645,44.77019],[-92.97498,44.7694],[-92.97475,44.76947],[-92.97478,44.77104],[-92.97974,44.77228],[-92.9835,44.7736],[-92.98383,44.77396],[-92.98596,44.77425],[-92.98854,44.77382]]],[[[-92.98758,44.76363],[-92.98685,44.76351],[-92.9864,44.76361],[-92.98758,44.76363]]],[[[-92.98726,44.7653],[-92.98594,44.76558],[-92.98646,44.76555],[-92.98726,44.7653]]],[[[-92.98664,44.76285],[-92.98592,44.76265],[-92.98455,44.76293],[-92.98533,44.76292],[-92.98493,44.76317],[-92.98664,44.76285]]],[[[-92.98623,44.76621],[-92.98441,44.76689],[-92.98566,44.76699],[-92.98541,44.76746],[-92.98586,44.76718],[-92.98623,44.76621]]],[[[-92.98516,44.77248],[-92.98408,44.77191],[-92.98467,44.7723],[-92.98516,44.77248]]],[[[-92.98499,44.7648],[-92.9828,44.76459],[-92.98482,44.76488],[-92.98499,44.7648]]],[[[-92.98427,44.76235],[-92.98366,44.76224],[-92.98345,44.76258],[-92.98385,44.76268],[-92.98427,44.76235]]],[[[-92.98374,44.77219],[-92.98144,44.77112],[-92.9816,44.7713],[-92.98288,44.77228],[-92.98374,44.77219]]]]}},
{"type":"Feature","id":"2396435","properties":{"id":"2396435","name":"Roseville","kind":"city","counties":["Ramsey"],"population":36810,"label":[-93.15457,45.01553]},"geometry":{"type":"MultiPolygon","coordinates":[[[[-93.20821,45.0358],[-93.2078,45.02061],[-93.20775,45.00067],[-93.19995,45.00072],[-93.19996,44.9989],[-93.15665,44.99904],[-93.15675,44.9918],[-93.10598,44.99189],[-93.10621,45.03588],[-93.11025,45.03588],[-93.11062,45.03539],[-93.11019,45.03515],[-93.11056,45.03415],[-93.11128,45.03394],[-93.11204,45.03456],[-93.11207,45.0351],[-93.11088,45.0355],[-93.11428,45.03522],[-93.11569,45.0354],[-93.11753,45.03431],[-93.11959,45.03384],[-93.12051,45.03306],[-93.12078,45.03341],[-93.12021,45.0341],[-93.12119,45.03419],[-93.1214,45.03457],[-93.12219,45.03481],[-93.12475,45.03308],[-93.12455,45.03213],[-93.12538,45.03135],[-93.12533,45.03065],[-93.12639,45.03114],[-93.1259,45.03065],[-93.12607,45.03013],[-93.12651,45.03008],[-93.12681,45.03047],[-93.12662,45.02977],[-93.12747,45.02931],[-93.12895,45.02764],[-93.12977,45.02734],[-93.12921,45.02718],[-93.12912,45.02684],[-93.13053,45.02683],[-93.13099,45.02605],[-93.13277,45.02452],[-93.13425,45.02419],[-93.13503,45.02351],[-93.13781,45.02396],[-93.13845,45.02435],[-93.13857,45.02563],[-93.13752,45.02596],[-93.13607,45.02711],[-93.13531,45.02725],[-93.1354,45.02778],[-93.13487,45.0275],[-93.13407,45.02759],[-93.1312,45.02877],[-93.13094,45.02944],[-93.13119,45.03006],[-93.12848,45.03423],[-93.12844,45.0357],[-93.12833,45.03587],[-93.14906,45.03585],[-93.14901,45.03502],[-93.14947,45.03395],[-93.14924,45.03321],[-93.14969,45.03171],[-93.1503,45.03127],[-93.15129,45.03117],[-93.15209,45.03148],[-93.15562,45.03341],[-93.15588,45.03477],[-93.15763,45.03517],[-93.15837,45.03585],[-93.18769,45.03583],[-93.20821,45.0358]],[[-93.11852,44.99877],[-93.11828,44.99944],[-93.11695,45.00065],[-93.11555,45.00099],[-93.11005,44.99921],[-93.10893,44.99791],[-93.10744,44.99686],[-93.10868,44.99536],[-93.11405,44.9967],[-93.11528,44.99772],[-93.11676,44.99738],[-93.11823,44.99824],[-93.11852,44.99877]]]]}},
{"type":"Feature","id":"2396471","properties":{"id":"2396471","name":"Saint Anthony","kind":"city","counties":["Ramsey","Hennepin"],"population":9060,"label":[-93.21678,45.02234]},"geometry":{"type":"MultiPolygon","coordinates":[[[[-93.22692,45.03564],[-93.2269,45.01327],[-93.21788,45.01338],[-93.21768,45.00605],[-93.20772,45.00617],[-93.20821,45.0358],[-93.20817,45.04302],[-93.21829,45.0429],[-93.21824,45.05011],[-93.22682,45.05001],[-93.22685,45.04576],[-93.22379,45.04598],[-93.22333,45.04613],[-93.22309,45.04666],[-93.22127,45.04706],[-93.21933,45.04679],[-93.21906,45.04605],[-93.21939,45.04548],[-93.21852,45.04489],[-93.21866,45.04447],[-93.21976,45.04398],[-93.2211,45.04272],[-93.22304,45.04307],[-93.22334,45.04275],[-93.22305,45.04232],[-93.22322,45.04196],[-93.22566,45.04142],[-93.22688,45.04209],[-93.22692,45.03564]]],[[[-93.22425,45.04346],[-93.22321,45.04359],[-93.22311,45.04401],[-93.22361,45.04405],[-93.22425,45.04346]]],[[[-93.22283,45.04589],[-93.22272,45.04483],[-93.22218,45.04426],[-93.22211,45.04515],[-93.22117,45.04493],[-93.22179,45.04553],[-93.22283,45.04589]]]]}},
{"type":"Feature","id":"2396475","properties":{"id":"2396475","name":"Saint Bonifacius","kind":"city","counties":["Hennepin"],"population":2267,"label":[-93.74754,44.90541]},"geometry":{"type":"MultiPolygon","coordinates":[[[[-93.75801,44.90508],[-93.75756,44.90493],[-93.75762,44.89823],[-93.75247,44.8983],[-93.75252,44.89433],[-93.74736,44.89757],[-93.74734,44.89837],[-93.74634,44.89836],[-93.74393,44.9007],[-93.746,44.90073],[-93.746,44.90158],[-93.74298,44.90154],[-93.74242,44.90203],[-93.74053,44.90204],[-93.74069,44.90136],[-93.74171,44.90135],[-93.74404,44.8993],[-93.74449,44.89956],[-93.74584,44.89836],[-93.7372,44.89836],[-93.73716,44.90186],[-93.7377,44.90206],[-93.73715,44.90207],[-93.73711,44.90578],[-93.73708,44.91312],[-93.75754,44.91279],[-93.75756,44.9054],[-93.75801,44.90539],[-93.75801,44.90508]]]]}},
{"type":"Feature","id":"2396487","properties":{"id":"2396487","name":"Saint Francis","kind":"city","counties":["Anoka"],"population":8306,"label":[-93.39081,45.39889]},"geometry":{"type":"MultiPolygon","coordinates":[[[[-93.51015,45.41491],[-93.50992,45.38562],[-93.37331,45.38473],[-93.37338,45.38147],[-93.37813,45.3815],[-93.37818,45.37828],[-93.35744,45.378],[-93.35734,45.378],[-93.35715,45.37799],[-93.3556,45.37862],[-93.35332,45.38024],[-93.35394,45.38102],[-93.35476,45.38113],[-93.35627,45.38027],[-93.35748,45.38013],[-93.35985,45.38104],[-93.36017,45.38201],[-93.35793,45.38351],[-93.35758,45.3841],[-93.35802,45.38757],[-93.35846,45.38791],[-93.35887,45.38937],[-93.35861,45.39038],[-93.35782,45.39107],[-93.35343,45.39181],[-93.35303,45.39237],[-93.35311,45.3934],[-93.35463,45.39426],[-93.35791,45.39395],[-93.36057,45.39459],[-93.36192,45.39577],[-93.36233,45.39761],[-93.36401,45.3987],[-93.36449,45.39942],[-93.36404,45.40067],[-93.36309,45.40191],[-93.36089,45.40275],[-93.35808,45.40251],[-93.35608,45.40287],[-93.35464,45.40394],[-93.35469,45.40495],[-93.35617,45.4056],[-93.35737,45.40561],[-93.3607,45.40489],[-93.36311,45.40499],[-93.36384,45.40534],[-93.36433,45.40668],[-93.36345,45.40845],[-93.36205,45.40931],[-93.35744,45.40829],[-93.35624,45.40862],[-93.34993,45.41356],[-93.34814,45.41369],[-93.39916,45.41367],[-93.39936,45.41165],[-93.39772,45.41043],[-93.39749,45.40962],[-93.39825,45.409],[-93.39738,45.40942],[-93.39718,45.40895],[-93.39632,45.40867],[-93.39652,45.40802],[-93.39874,45.40763],[-93.39912,45.40636],[-93.40006,45.40676],[-93.40087,45.40661],[-93.40104,45.40713],[-93.40046,45.40741],[-93.40029,45.40814],[-93.40139,45.40855],[-93.40092,45.40937],[-93.40352,45.4108],[-93.40481,45.41129],[-93.40611,45.41135],[-93.4071,45.4133],[-93.40712,45.41367],[-93.44981,45.41366],[-93.4907,45.41388],[-93.51015,45.41491]]],[[[-93.40338,45.41367],[-93.40272,45.41336],[-93.40222,45.41367],[-93.40338,45.41367]]],[[[-93.36409,45.39943],[-93.36199,45.39773],[-93.36156,45.39587],[-93.36034,45.39481],[-93.35791,45.39422],[-93.35453,45.39453],[-93.35276,45.39352],[-93.35265,45.39231],[-93.35315,45.39162],[-93.35764,45.39083],[-93.35825,45.39027],[-93.35849,45.3894],[-93.3581,45.38802],[-93.35765,45.38766],[-93.35719,45.38406],[-93.35763,45.38333],[-93.35979,45.38197],[-93.35956,45.38123],[-93.35737,45.38039],[-93.35647,45.3805],[-93.35546,45.38127],[-93.35476,45.3814],[-93.35317,45.38091],[-93.35293,45.38022],[-93.35328,45.37971],[-93.35535,45.37841],[-93.35643,45.37798],[-93.35252,45.37793],[-93.35245,45.38489],[-93.26532,45.38476],[-93.26548,45.39577],[-93.26856,45.39575],[-93.26876,45.39485],[-93.2705,45.39484],[-93.2705,45.39573],[-93.27565,45.3957],[-93.27563,45.39212],[-93.28073,45.39207],[-93.28076,45.39932],[-93.28063,45.41011],[-93.26538,45.41016],[-93.26539,45.41371],[-93.34609,45.41369],[-93.34645,45.41354],[-93.34976,45.41331],[-93.35602,45.40839],[-93.35745,45.40802],[-93.36194,45.40905],[-93.36312,45.40831],[-93.36394,45.40664],[-93.36351,45.40549],[-93.36298,45.40525],[-93.36077,45.40516],[-93.35744,45.40588],[-93.35613,45.40587],[-93.35433,45.40505],[-93.35428,45.40385],[-93.35524,45.40291],[-93.35804,45.40224],[-93.36083,45.40248],[-93.36174,45.40227],[-93.36283,45.40171],[-93.36409,45.39943]]]]}},
{"type":"Feature","id":"665519","properties":{"id":"665519","name":"Saint Lawrence","kind":"township","counties":["Scott"],"population":484,"label":[-93.68638,44.65518]},"geometry":{"type":"MultiPolygon","coordinates":[[[[-93.74715,44.6449],[-93.74606,44.63012],[-93.66412,44.63076],[-93.64386,44.63053],[-93.64415,44.64503],[-93.6443,44.64411],[-93.64916,44.64413],[-93.64918,44.64504],[-93.65422,44.64504],[-93.65483,44.6595],[-93.65479,44.66313],[-93.64471,44.66302],[-93.6445,44.67402],[-93.65126,44.67399],[-93.65129,44.67211],[-93.65093,44.67211],[-93.65095,44.67066],[-93.65478,44.67067],[-93.6547,44.67411],[-93.65446,44.68164],[-93.64415,44.68168],[-93.64391,44.69228],[-93.64535,44.69335],[-93.64507,44.69349],[-93.64509,44.69352],[-93.64704,44.69483],[-93.64722,44.69485],[-93.64773,44.69465],[-93.65014,44.69175],[-93.65514,44.68957],[-93.65659,44.68997],[-93.65734,44.69065],[-93.6581,44.69358],[-93.65829,44.69403],[-93.65868,44.69448],[-93.66122,44.69566],[-93.66247,44.69588],[-93.66415,44.69588],[-93.6688,44.69381],[-93.67416,44.6925],[-93.67491,44.69205],[-93.67755,44.6869],[-93.6832,44.68282],[-93.68784,44.67757],[-93.69237,44.67401],[-93.69784,44.66901],[-93.7022,44.66807],[-93.71081,44.66798],[-93.7181,44.66518],[-93.72011,44.66404],[-93.72073,44.66301],[-93.72023,44.66192],[-93.71792,44.66037],[-93.7157,44.65952],[-93.7148,44.65875],[-93.71467,44.6577],[-93.71585,44.65663],[-93.72055,44.65433],[-93.72334,44.6545],[-93.72634,44.65526],[-93.72737,44.65603],[-93.7283,44.65601],[-93.72973,44.6524],[-93.7378,44.64563],[-93.74715,44.6449]],[[-93.68349,44.68089],[-93.68146,44.68072],[-93.67991,44.68128],[-93.67564,44.68373],[-93.67416,44.68485],[-93.67749,44.68415],[-93.67916,44.68421],[-93.67885,44.68454],[-93.67471,44.68523],[-93.67244,44.68694],[-93.67265,44.68748],[-93.67213,44.68801],[-93.66984,44.68805],[-93.66928,44.68849],[-93.66906,44.68807],[-93.67005,44.68723],[-93.67005,44.68606],[-93.67073,44.68522],[-93.67281,44.68465],[-93.68015,44.68058],[-93.68236,44.68015],[-93.68349,44.68089]],[[-93.67388,44.65595],[-93.67224,44.65652],[-93.67089,44.65816],[-93.66954,44.65898],[-93.66794,44.65958],[-93.66502,44.65958],[-93.66486,44.65595],[-93.67388,44.65595]],[[-93.65481,44.66575],[-93.6548,44.66676],[-93.6522,44.66673],[-93.65481,44.66575]]],[[[-93.65125,44.69242],[-93.65107,44.69251],[-93.64965,44.69404],[-93.649,44.69504],[-93.64914,44.69506],[-93.64984,44.69462],[-93.65125,44.69242]]],[[[-93.64599,44.65293],[-93.64595,44.65236],[-93.64439,44.65236],[-93.64443,44.65292],[-93.64599,44.65293]]]]}},
{"type":"Feature","id":"2396500","properties":{"id":"2396500","name":"Saint Louis Park","kind":"city","counties":["Hennepin"],"population":49786,"label":[-93.3649,44.94876]},"geometry":{"type":"MultiPolygon","coordinates":[[[[-93.41052,44.97308],[-93.4043,44.97325],[-93.40432,44.97137],[-93.40477,44.97137],[-93.40475,44.97013],[-93.40562,44.97013],[-93.40564,44.96773],[-93.4047,44.96773],[-93.40471,44.96712],[-93.40564,44.96712],[-93.40566,44.96409],[-93.40069,44.96405],[-93.40063,44.94231],[-93.3994,44.94232],[-93.39873,44.94089],[-93.39873,44.94051],[-93.40063,44.94052],[-93.40061,44.93509],[-93.3956,44.93515],[-93.3956,44.93449],[-93.38542,44.93565],[-93.38543,44.93523],[-93.38502,44.93538],[-93.38493,44.9351],[-93.38084,44.93503],[-93.38082,44.92961],[-93.37937,44.93007],[-93.38035,44.9294],[-93.37922,44.92912],[-93.37914,44.92603],[-93.37475,44.9263],[-93.37069,44.92738],[-93.37064,44.92051],[-93.34961,44.9205],[-93.3496,44.91974],[-93.33933,44.9197],[-93.33952,44.92018],[-93.33899,44.92031],[-93.33905,44.92071],[-93.34028,44.92346],[-93.33919,44.92346],[-93.33922,44.9306],[-93.32896,44.93059],[-93.3287,44.96649],[-93.34371,44.96663],[-93.34374,44.97038],[-93.34949,44.97033],[-93.3495,44.97112],[-93.37526,44.97089],[-93.38573,44.97107],[-93.38526,44.97036],[-93.38551,44.96999],[-93.38674,44.96959],[-93.38721,44.96817],[-93.38798,44.96743],[-93.38904,44.9675],[-93.3895,44.96804],[-93.39158,44.9691],[-93.39273,44.96909],[-93.39314,44.96965],[-93.39261,44.96998],[-93.39312,44.97065],[-93.39276,44.97084],[-93.39234,44.9701],[-93.39167,44.97023],[-93.39046,44.97115],[-93.40066,44.97133],[-93.40052,44.97851],[-93.41047,44.97856],[-93.41052,44.97308]]]]}},
{"type":"Feature","id":"2396508","properties":{"id":"2396508","name":"Saint Marys Point","kind":"city","counties":["Washington"],"population":350,"label":[-92.77031,44.91291]},"geometry":{"type":"MultiPolygon","coordinates":[[[[-92.77669,44.9159],[-92.77668,44.91288],[-92.77553,44.9129],[-92.7755,44.90682],[-92.77464,44.90659],[-92.77409,44.90564],[-92.77347,44.9055],[-92.76627,44.91109],[-92.76563,44.91147],[-92.76551,44.91156],[-92.76539,44.91161],[-92.76369,44.91261],[-92.76333,44.91435],[-92.76335,44.91455],[-92.7638,44.91582],[-92.76407,44.91853],[-92.76527,44.91852],[-92.76528,44.91807],[-92.76883,44.91807],[-92.76881,44.91875],[-92.77207,44.91869],[-92.77209,44.9176],[-92.77274,44.9176],[-92.77273,44.91723],[-92.77208,44.91721],[-92.77209,44.91589],[-92.77669,44.9159]]]]}},
{"type":"Feature","id":"2396509","properties":{"id":"2396509","name":"Saint Michael","kind":"city","counties":["Wright"],"population":20371,"label":[-93.69201,45.20139]},"geometry":{"type":"MultiPolygon","coordinates":[[[[-93.76598,45.15112],[-93.76534,45.15113],[-93.76483,45.15155],[-93.7648,45.15198],[-93.76597,45.15282],[-93.76598,45.15112]]],[[[-93.76596,45.15364],[-93.76544,45.15412],[-93.76478,45.15572],[-93.76291,45.15583],[-93.76255,45.1561],[-93.76276,45.15666],[-93.76254,45.15691],[-93.76142,45.15584],[-93.75993,45.15481],[-93.76039,45.1533],[-93.76021,45.15284],[-93.76072,45.15225],[-93.76124,45.15219],[-93.76202,45.15325],[-93.76249,45.15301],[-93.76189,45.15276],[-93.76192,45.15159],[-93.7616,45.15141],[-93.76102,45.15174],[-93.76034,45.1512],[-93.75207,45.15132],[-93.75259,45.15251],[-93.75184,45.15532],[-93.75102,45.15675],[-93.75011,45.15741],[-93.74784,45.1578],[-93.74962,45.1581],[-93.75087,45.15764],[-93.75036,45.15858],[-93.7485,45.15923],[-93.74861,45.15974],[-93.74942,45.15998],[-93.74792,45.16043],[-93.74662,45.16008],[-93.74456,45.15928],[-93.7437,45.15839],[-93.74369,45.15784],[-93.74443,45.15718],[-93.74579,45.15714],[-93.74623,45.15672],[-93.74687,45.15693],[-93.7443,45.15438],[-93.74391,45.15344],[-93.74433,45.15143],[-93.72293,45.15173],[-93.7232,45.15244],[-93.72224,45.15424],[-93.7221,45.156],[-93.72068,45.15605],[-93.7199,45.15681],[-93.7201,45.15725],[-93.72133,45.1573],[-93.72155,45.15762],[-93.72069,45.15848],[-93.71981,45.15858],[-93.71939,45.15838],[-93.71903,45.15753],[-93.71806,45.15728],[-93.7179,45.15687],[-93.71845,45.1566],[-93.71926,45.15671],[-93.71929,45.15632],[-93.71751,45.15479],[-93.71667,45.15451],[-93.71573,45.15477],[-93.71415,45.15401],[-93.71402,45.15301],[-93.71434,45.15185],[-93.69629,45.15211],[-93.69638,45.16656],[-93.66599,45.16681],[-93.66574,45.17399],[-93.63921,45.17416],[-93.63959,45.17491],[-93.64369,45.17784],[-93.64694,45.17907],[-93.6516,45.18227],[-93.6522,45.18286],[-93.65297,45.18505],[-93.65746,45.1889],[-93.65846,45.19056],[-93.65912,45.19211],[-93.65923,45.19396],[-93.65831,45.19607],[-93.65717,45.19753],[-93.6568,45.19769],[-93.65665,45.19785],[-93.65661,45.19791],[-93.65659,45.19792],[-93.6565,45.19801],[-93.65497,45.19848],[-93.65436,45.19874],[-93.65405,45.19876],[-93.65339,45.19896],[-93.64953,45.19907],[-93.64709,45.2],[-93.64598,45.20108],[-93.64597,45.20152],[-93.64672,45.20241],[-93.64601,45.20385],[-93.64312,45.20499],[-93.64265,45.20566],[-93.6425,45.20595],[-93.64225,45.20768],[-93.63978,45.20975],[-93.63814,45.21036],[-93.63598,45.21037],[-93.63463,45.20971],[-93.63389,45.20883],[-93.63147,45.20355],[-93.6291,45.20271],[-93.62525,45.20299],[-93.62349,45.20439],[-93.6234,45.205],[-93.62374,45.20558],[-93.62608,45.20696],[-93.62634,45.20683],[-93.62612,45.20608],[-93.6268,45.2059],[-93.62689,45.20548],[-93.62727,45.20565],[-93.62702,45.20626],[-93.62733,45.2076],[-93.62705,45.2078],[-93.6265,45.20748],[-93.62673,45.20863],[-93.62582,45.20996],[-93.62525,45.21019],[-93.61823,45.20923],[-93.61626,45.2098],[-93.61471,45.21124],[-93.61254,45.21174],[-93.61169,45.21093],[-93.61224,45.20873],[-93.61135,45.20808],[-93.61135,45.20808],[-93.61093,45.2083],[-93.61057,45.20898],[-93.61039,45.20938],[-93.60889,45.21038],[-93.60854,45.21135],[-93.60869,45.21209],[-93.60779,45.21252],[-93.6053,45.21237],[-93.60528,45.21239],[-93.60512,45.21311],[-93.60434,45.21322],[-93.60174,45.21031],[-93.60183,45.20854],[-93.60153,45.20797],[-93.60097,45.20789],[-93.59782,45.2075],[-93.59678,45.20764],[-93.5961,45.20844],[-93.59374,45.20938],[-93.5931,45.21043],[-93.59311,45.21209],[-93.59278,45.21293],[-93.59407,45.21406],[-93.59434,45.21484],[-93.59388,45.21766],[-93.5933,45.21814],[-93.59229,45.21848],[-93.59078,45.21844],[-93.59033,45.21649],[-93.58963,45.21512],[-93.58954,45.21505],[-93.58943,45.21508],[-93.5882,45.2148],[-93.58626,45.21498],[-93.58614,45.21502],[-93.5838,45.21622],[-93.58338,45.2165],[-93.58317,45.21654],[-93.58258,45.21684],[-93.5762,45.2186],[-93.56993,45.21875],[-93.56885,45.21936],[-93.56862,45.21958],[-93.56706,45.22134],[-93.56302,45.22317],[-93.56191,45.22444],[-93.56148,45.227],[-93.5609,45.22744],[-93.55991,45.22731],[-93.55875,45.22594],[-93.55703,45.22521],[-93.55563,45.22678],[-93.55385,45.22739],[-93.55243,45.22724],[-93.55255,45.23147],[-93.55535,45.23807],[-93.56838,45.23806],[-93.56889,45.23793],[-93.56897,45.23806],[-93.63381,45.23803],[-93.63405,45.22441],[-93.64948,45.22434],[-93.6495,45.22361],[-93.65202,45.22343],[-93.65208,45.22078],[-93.6849,45.22093],[-93.68469,45.23801],[-93.75078,45.238],[-93.75071,45.23791],[-93.75135,45.23667],[-93.753,45.23563],[-93.7536,45.23558],[-93.75395,45.23489],[-93.75444,45.23471],[-93.75525,45.23489],[-93.75907,45.23425],[-93.75951,45.23477],[-93.75866,45.23531],[-93.75913,45.23538],[-93.76008,45.23631],[-93.76148,45.23592],[-93.76278,45.23504],[-93.76263,45.23359],[-93.76208,45.23375],[-93.76085,45.23326],[-93.7604,45.23259],[-93.76082,45.23163],[-93.76142,45.23156],[-93.76098,45.2306],[-93.76151,45.23034],[-93.76144,45.22899],[-93.76089,45.22899],[-93.7606,45.22954],[-93.75939,45.23004],[-93.75898,45.22873],[-93.75921,45.22823],[-93.75966,45.22811],[-93.76018,45.22867],[-93.761,45.22816],[-93.7597,45.22772],[-93.7599,45.2269],[-93.75898,45.22702],[-93.75844,45.22794],[-93.75632,45.22763],[-93.75521,45.22678],[-93.75658,45.22508],[-93.75665,45.22443],[-93.75746,45.22311],[-93.7471,45.22691],[-93.74693,45.2278],[-93.74502,45.22923],[-93.74151,45.23049],[-93.74146,45.23105],[-93.74393,45.23122],[-93.74426,45.2315],[-93.74527,45.231],[-93.74513,45.2308],[-93.74431,45.23101],[-93.74454,45.23036],[-93.7477,45.23016],[-93.74732,45.22939],[-93.74799,45.22933],[-93.748,45.22982],[-93.7484,45.2301],[-93.74713,45.23055],[-93.74709,45.23126],[-93.74623,45.23103],[-93.74438,45.23228],[-93.74148,45.23338],[-93.74139,45.23374],[-93.7408,45.23394],[-93.74046,45.23277],[-93.73946,45.23206],[-93.73987,45.23165],[-93.74116,45.23142],[-93.74118,45.23108],[-93.74013,45.23047],[-93.73589,45.22985],[-93.73408,45.22828],[-93.73305,45.22825],[-93.73325,45.22791],[-93.73288,45.22764],[-93.73044,45.22799],[-93.729,45.22888],[-93.72702,45.22884],[-93.72574,45.22936],[-93.72563,45.2284],[-93.72599,45.22794],[-93.7257,45.22791],[-93.72568,45.22749],[-93.72617,45.22745],[-93.72677,45.22622],[-93.7288,45.22561],[-93.7303,45.22348],[-93.73594,45.22006],[-93.7362,45.21953],[-93.73532,45.21974],[-93.73492,45.21941],[-93.73526,45.21839],[-93.73672,45.21773],[-93.73755,45.21839],[-93.73719,45.21772],[-93.73734,45.21692],[-93.73576,45.21792],[-93.73366,45.21803],[-93.73335,45.21828],[-93.73319,45.2196],[-93.73176,45.22009],[-93.73167,45.22087],[-93.73053,45.22155],[-93.72958,45.22117],[-93.7293,45.22075],[-93.72967,45.21948],[-93.72934,45.21835],[-93.73018,45.21706],[-93.73175,45.21628],[-93.73135,45.21569],[-93.73164,45.2149],[-93.73303,45.21425],[-93.73356,45.21173],[-93.7329,45.21288],[-93.73315,45.21188],[-93.73253,45.21156],[-93.73295,45.21166],[-93.73316,45.21088],[-93.73402,45.21049],[-93.73502,45.20923],[-93.73545,45.20795],[-93.73651,45.20708],[-93.7377,45.20668],[-93.74018,45.20686],[-93.74327,45.20638],[-93.7473,45.20699],[-93.75003,45.20849],[-93.74943,45.20914],[-93.75083,45.20949],[-93.7519,45.20926],[-93.75304,45.20996],[-93.7565,45.21027],[-93.75897,45.21086],[-93.76145,45.21294],[-93.76362,45.21134],[-93.76496,45.21106],[-93.76581,45.21119],[-93.76587,45.17611],[-93.76391,45.17672],[-93.76324,45.176],[-93.76316,45.17638],[-93.76225,45.17646],[-93.76218,45.17689],[-93.76272,45.17729],[-93.76238,45.17756],[-93.76189,45.17743],[-93.76173,45.17692],[-93.761,45.17645],[-93.7615,45.17614],[-93.76157,45.17554],[-93.76268,45.1739],[-93.76261,45.17351],[-93.76123,45.17344],[-93.76135,45.17284],[-93.7628,45.17179],[-93.76344,45.17312],[-93.76378,45.17323],[-93.76411,45.17226],[-93.76337,45.17185],[-93.76414,45.17139],[-93.76479,45.17316],[-93.76503,45.17139],[-93.76569,45.16984],[-93.76433,45.16789],[-93.76416,45.16694],[-93.76326,45.1662],[-93.7628,45.16621],[-93.76267,45.16586],[-93.76581,45.16573],[-93.76589,45.16577],[-93.76589,45.16554],[-93.76596,45.15364]],[[-93.75431,45.18027],[-93.75314,45.17952],[-93.75297,45.17881],[-93.75248,45.17863],[-93.75203,45.17881],[-93.75275,45.18008],[-93.75145,45.18039],[-93.74874,45.18027],[-93.74847,45.17995],[-93.74884,45.17919],[-93.7486,45.17852],[-93.74771,45.17847],[-93.74603,45.17911],[-93.74484,45.17833],[-93.74246,45.1783],[-93.73919,45.17711],[-93.7383,45.17749],[-93.73817,45.17809],[-93.73776,45.17827],[-93.73329,45.17897],[-93.7327,45.17799],[-93.73285,45.17685],[-93.73447,45.17516],[-93.73526,45.17481],[-93.73736,45.17469],[-93.73729,45.17331],[-93.73603,45.17219],[-93.73635,45.17119],[-93.73745,45.16993],[-93.74232,45.16836],[-93.74435,45.16812],[-93.7454,45.1686],[-93.74557,45.16968],[-93.74758,45.17055],[-93.74894,45.17088],[-93.75023,45.17054],[-93.75092,45.17087],[-93.7512,45.17137],[-93.75105,45.17175],[-93.74985,45.17246],[-93.75038,45.17244],[-93.75168,45.17379],[-93.75185,45.17488],[-93.7524,45.17522],[-93.75282,45.17613],[-93.75254,45.17733],[-93.7533,45.17789],[-93.75377,45.17961],[-93.75431,45.18027]],[[-93.73216,45.17181],[-93.73152,45.17306],[-93.72956,45.1744],[-93.7314,45.17625],[-93.7315,45.17688],[-93.72945,45.17904],[-93.72669,45.17903],[-93.72538,45.17848],[-93.7252,45.17795],[-93.72719,45.17468],[-93.72717,45.17369],[-93.72775,45.17216],[-93.72761,45.17083],[-93.72848,45.17018],[-93.73041,45.17063],[-93.73216,45.17181]],[[-93.72912,45.2041],[-93.72872,45.20472],[-93.72614,45.2043],[-93.72689,45.20418],[-93.72696,45.20385],[-93.72817,45.20314],[-93.72858,45.20316],[-93.72912,45.2041]],[[-93.72911,45.20072],[-93.72842,45.20253],[-93.72725,45.20317],[-93.72222,45.20424],[-93.72213,45.20495],[-93.72445,45.20638],[-93.72466,45.20712],[-93.72405,45.20762],[-93.72266,45.20757],[-93.72247,45.20768],[-93.72274,45.20808],[-93.72215,45.20808],[-93.71985,45.20761],[-93.71826,45.20663],[-93.71622,45.20603],[-93.71619,45.20447],[-93.71712,45.20372],[-93.71922,45.20374],[-93.72095,45.20242],[-93.7228,45.2021],[-93.72579,45.20089],[-93.72797,45.20038],[-93.72911,45.20072]],[[-93.72586,45.16191],[-93.72511,45.16349],[-93.72539,45.1652],[-93.72462,45.16587],[-93.71814,45.16638],[-93.71525,45.1672],[-93.71143,45.16696],[-93.71046,45.16749],[-93.71038,45.16808],[-93.70985,45.16832],[-93.70884,45.16813],[-93.70865,45.16703],[-93.70885,45.16554],[-93.70939,45.16518],[-93.71254,45.16479],[-93.71392,45.16526],[-93.71556,45.1643],[-93.71834,45.16359],[-93.72021,45.16195],[-93.72083,45.15951],[-93.72182,45.1591],[-93.72353,45.15913],[-93.72373,45.1599],[-93.72586,45.16191]],[[-93.71436,45.17642],[-93.71432,45.17669],[-93.71326,45.17699],[-93.71313,45.17763],[-93.71151,45.17871],[-93.71174,45.18088],[-93.71115,45.18124],[-93.71047,45.18261],[-93.70899,45.18353],[-93.70951,45.18493],[-93.70892,45.1853],[-93.70872,45.18604],[-93.70774,45.18581],[-93.70726,45.18509],[-93.70792,45.18409],[-93.70699,45.18337],[-93.70663,45.18344],[-93.7067,45.18426],[-93.70602,45.18528],[-93.70499,45.18554],[-93.70462,45.18546],[-93.705,45.18513],[-93.70422,45.18522],[-93.70539,45.18434],[-93.70545,45.18294],[-93.70624,45.18163],[-93.70598,45.18031],[-93.70637,45.17981],[-93.70631,45.18057],[-93.70658,45.1805],[-93.70676,45.17946],[-93.70993,45.17759],[-93.71358,45.1763],[-93.71436,45.17642]],[[-93.703,45.17598],[-93.70124,45.17706],[-93.69903,45.17727],[-93.69724,45.177],[-93.69658,45.17734],[-93.69546,45.17732],[-93.6938,45.17672],[-93.69181,45.17689],[-93.69087,45.17648],[-93.69103,45.17603],[-93.69196,45.17591],[-93.69218,45.17556],[-93.69108,45.17555],[-93.68859,45.17655],[-93.68778,45.17654],[-93.6869,45.17478],[-93.68634,45.17458],[-93.6866,45.17416],[-93.68699,45.17438],[-93.6881,45.1741],[-93.68981,45.17433],[-93.69269,45.17346],[-93.69165,45.17145],[-93.69228,45.17065],[-93.69224,45.16993],[-93.69029,45.16864],[-93.69098,45.16831],[-93.69087,45.16782],[-93.69113,45.16751],[-93.69274,45.16817],[-93.69273,45.16909],[-93.69321,45.16942],[-93.6946,45.16936],[-93.69496,45.17022],[-93.69436,45.17095],[-93.69414,45.17186],[-93.69467,45.17271],[-93.6946,45.17337],[-93.69519,45.17489],[-93.69608,45.17532],[-93.69788,45.17377],[-93.69938,45.17349],[-93.69991,45.17403],[-93.69772,45.17534],[-93.69912,45.17506],[-93.70069,45.17567],[-93.70186,45.17567],[-93.70208,45.17598],[-93.7018,45.17642],[-93.70258,45.17578],[-93.703,45.17598]],[[-93.58555,45.22656],[-93.58433,45.22818],[-93.58281,45.22909],[-93.57971,45.22999],[-93.57732,45.23017],[-93.57658,45.23113],[-93.57683,45.23176],[-93.57437,45.23339],[-93.57343,45.23408],[-93.57287,45.234],[-93.57134,45.23232],[-93.57021,45.23188],[-93.56937,45.23087],[-93.56962,45.23058],[-93.57282,45.22984],[-93.57479,45.22734],[-93.57627,45.22658],[-93.57689,45.22578],[-93.57783,45.22577],[-93.57809,45.22643],[-93.5794,45.22675],[-93.58246,45.22641],[-93.58555,45.22656]]],[[[-93.76474,45.17524],[-93.76473,45.17479],[-93.76431,45.1744],[-93.76315,45.17463],[-93.76296,45.17502],[-93.76318,45.17533],[-93.764,45.1756],[-93.76474,45.17524]]],[[[-93.75992,45.238],[-93.75931,45.23734],[-93.75904,45.23795],[-93.75893,45.238],[-93.75992,45.238]]],[[[-93.75627,45.21423],[-93.75561,45.21344],[-93.75403,45.21302],[-93.75308,45.21324],[-93.75473,45.2135],[-93.75556,45.21404],[-93.75499,45.21432],[-93.75588,45.21467],[-93.75627,45.21423]]],[[[-93.75067,45.1757],[-93.75011,45.17592],[-93.7493,45.17649],[-93.75067,45.1757]]],[[[-93.74586,45.17621],[-93.74575,45.1759],[-93.74504,45.17576],[-93.74437,45.17619],[-93.74392,45.17721],[-93.74433,45.1775],[-93.74499,45.17699],[-93.74586,45.17621]]],[[[-93.69685,45.17608],[-93.69592,45.17612],[-93.69461,45.17533],[-93.6941,45.17529],[-93.69399,45.17524],[-93.69404,45.17529],[-93.69398,45.17528],[-93.69509,45.17615],[-93.69607,45.17635],[-93.69685,45.17608]]],[[[-93.69425,45.17104],[-93.69415,45.17096],[-93.69411,45.17098],[-93.69409,45.17095],[-93.69387,45.17112],[-93.69416,45.17108],[-93.69415,45.17106],[-93.69425,45.17104]]],[[[-93.68903,45.17546],[-93.68887,45.17546],[-93.68902,45.17534],[-93.68864,45.17542],[-93.68864,45.17545],[-93.68863,45.17545],[-93.68865,45.17549],[-93.68867,45.17561],[-93.6887,45.17558],[-93.68875,45.17567],[-93.68903,45.17546]]],[[[-93.6472,45.17964],[-93.64635,45.17916],[-93.64483,45.17886],[-93.64506,45.17907],[-93.64688,45.17963],[-93.6472,45.17964]]],[[[-93.60202,45.20915],[-93.60195,45.2095],[-93.60201,45.20962],[-93.60202,45.20915]]],[[[-93.59524,45.20836],[-93.5949,45.20853],[-93.59502,45.20851],[-93.59524,45.20836]]],[[[-93.58782,45.21468],[-93.58729,45.21462],[-93.58709,45.21469],[-93.58782,45.21468]]]]}},
{"type":"Feature","id":"2396511","properties":{"id":"2396511","name":"Saint Paul","kind":"city","counties":["Ramsey"],"population":310992,"label":[-93.10397,44.94782]},"geometry":{"type":"MultiPolygon","coordinates":[[[[-93.20787,44.96281],[-93.20766,44.95414],[-93.20754,44.95407],[-93.20538,44.95345],[-93.20219,44.95135],[-93.20112,44.95029],[-93.20042,44.94868],[-93.19994,44.94849],[-93.20043,44.94821],[-93.19959,44.946],[-93.19913,44.94242],[-93.19932,44.94203],[-93.19845,44.93913],[-93.19938,44.93406],[-93.19898,44.92989],[-93.19835,44.92939],[-93.19746,44.92696],[-93.19873,44.92534],[-93.19921,44.92308],[-93.19873,44.92302],[-93.19928,44.92256],[-93.19958,44.92145],[-93.19931,44.92114],[-93.19966,44.9207],[-93.1999,44.91876],[-93.19942,44.91787],[-93.19957,44.91645],[-93.19932,44.91577],[-93.20089,44.91558],[-93.20089,44.91539],[-93.19943,44.91541],[-93.19881,44.91262],[-93.20018,44.911],[-93.19986,44.90955],[-93.198,44.90789],[-93.19533,44.90683],[-93.19084,44.9041],[-93.19028,44.90324],[-93.19037,44.90029],[-93.18953,44.89771],[-93.1879,44.89591],[-93.18496,44.89497],[-93.17179,44.89426],[-93.17166,44.89545],[-93.1707,44.89579],[-93.17086,44.89466],[-93.17027,44.89423],[-93.16925,44.89429],[-93.16818,44.89452],[-93.1685,44.89629],[-93.16769,44.89661],[-93.16702,44.89642],[-93.1669,44.89494],[-93.16721,44.89473],[-93.16677,44.89455],[-93.16301,44.89547],[-93.15691,44.89797],[-93.15235,44.89806],[-93.14999,44.8986],[-93.14633,44.90016],[-93.14048,44.90423],[-93.13994,44.90503],[-93.13906,44.90536],[-93.13696,44.9072],[-93.13472,44.91],[-93.13391,44.91153],[-93.13326,44.91555],[-93.13253,44.91671],[-93.13307,44.91692],[-93.13025,44.9196],[-93.12551,44.92219],[-93.12197,44.92343],[-93.12106,44.92338],[-93.11802,44.92469],[-93.11801,44.92533],[-93.11728,44.92509],[-93.11593,44.92551],[-93.11517,44.92541],[-93.11538,44.92564],[-93.11516,44.92588],[-93.11326,44.92632],[-93.1118,44.92711],[-93.1102,44.92858],[-93.11001,44.92924],[-93.11362,44.92755],[-93.11482,44.92721],[-93.11532,44.92743],[-93.10979,44.93051],[-93.10927,44.93],[-93.1065,44.93267],[-93.10541,44.93424],[-93.10175,44.93768],[-93.09597,44.94187],[-93.09464,44.94261],[-93.08993,44.94388],[-93.07994,44.94754],[-93.07586,44.94833],[-93.07248,44.94842],[-93.06708,44.94738],[-93.05545,44.94313],[-93.05329,44.94137],[-93.05087,44.93872],[-93.04877,44.935],[-93.04778,44.93075],[-93.04778,44.92955],[-93.04836,44.92757],[-93.04959,44.92476],[-93.04985,44.92263],[-93.04956,44.92101],[-93.04994,44.92136],[-93.0502,44.92122],[-93.04966,44.91941],[-93.04547,44.91429],[-93.04472,44.91444],[-93.04519,44.91754],[-93.04763,44.91942],[-93.04481,44.91775],[-93.04485,44.91826],[-93.0445,44.91838],[-93.04439,44.91324],[-93.04228,44.9095],[-93.04144,44.90875],[-93.0418,44.9086],[-93.04125,44.90796],[-93.03988,44.9044],[-93.03608,44.90076],[-93.03511,44.90053],[-93.03496,44.90085],[-93.03533,44.90123],[-93.03425,44.90081],[-93.03364,44.90388],[-93.03401,44.90213],[-93.03441,44.90182],[-93.035,44.9019],[-93.03579,44.90255],[-93.03577,44.90306],[-93.03621,44.90362],[-93.03593,44.90505],[-93.03486,44.90533],[-93.03463,44.90503],[-93.03323,44.9062],[-93.03416,44.90759],[-93.03556,44.90858],[-93.03594,44.90967],[-93.0367,44.91033],[-93.03793,44.91075],[-93.03899,44.91207],[-93.03895,44.91352],[-93.0362,44.91552],[-93.03584,44.91723],[-93.03499,44.91864],[-93.03333,44.91983],[-93.03248,44.9213],[-93.03103,44.92223],[-93.03057,44.92361],[-93.02947,44.9245],[-93.02952,44.92479],[-93.0303,44.92494],[-93.03085,44.92466],[-93.03179,44.92526],[-93.03142,44.92559],[-93.03152,44.92598],[-93.0321,44.92577],[-93.03208,44.92609],[-93.03133,44.92649],[-93.03146,44.92689],[-93.03093,44.92738],[-93.03032,44.92732],[-93.0296,44.92667],[-93.02939,44.92753],[-93.02979,44.92868],[-93.02905,44.92789],[-93.0262,44.92824],[-93.02627,44.92784],[-93.02878,44.92744],[-93.0289,44.92608],[-93.02848,44.92555],[-93.02858,44.92703],[-93.02614,44.9273],[-93.02573,44.92638],[-93.02501,44.92581],[-93.02142,44.92476],[-93.01987,44.92325],[-93.01946,44.92228],[-93.02057,44.92049],[-93.02083,44.91925],[-93.02156,44.91849],[-93.02146,44.91682],[-93.01949,44.91315],[-93.01959,44.91213],[-93.01823,44.91245],[-93.01571,44.91137],[-93.01864,44.91188],[-93.01892,44.9117],[-93.01852,44.91118],[-93.01781,44.91127],[-93.01838,44.9102],[-93.0187,44.91107],[-93.01946,44.91099],[-93.01917,44.91175],[-93.01973,44.91187],[-93.02253,44.90923],[-93.02207,44.90789],[-93.02058,44.90686],[-93.02085,44.90618],[-93.02261,44.90568],[-93.0224,44.90497],[-93.02283,44.90468],[-93.0197,44.89683],[-93.01948,44.89665],[-93.01934,44.89731],[-93.01914,44.89714],[-93.0192,44.8947],[-93.01888,44.89364],[-93.01911,44.89248],[-93.01874,44.89214],[-93.01755,44.89209],[-93.01783,44.89136],[-93.01744,44.8908],[-93.00447,44.8908],[-93.00507,44.9486],[-93.00506,44.97125],[-93.00589,44.97034],[-93.00552,44.96927],[-93.0062,44.96908],[-93.00838,44.96936],[-93.00912,44.97229],[-93.00877,44.97319],[-93.00733,44.9741],[-93.00682,44.97522],[-93.00547,44.97555],[-93.00506,44.97548],[-93.00506,44.99196],[-93.05251,44.99193],[-93.0517,44.99074],[-93.05239,44.98934],[-93.05232,44.98837],[-93.05153,44.98744],[-93.05221,44.98714],[-93.04814,44.98535],[-93.04615,44.98299],[-93.04608,44.98075],[-93.04672,44.97981],[-93.04848,44.97931],[-93.0498,44.97968],[-93.05131,44.98092],[-93.0514,44.98153],[-93.05457,44.98369],[-93.05615,44.9864],[-93.05595,44.98787],[-93.0564,44.99015],[-93.05778,44.99053],[-93.059,44.99192],[-93.10598,44.99189],[-93.15675,44.9918],[-93.15672,44.98822],[-93.16696,44.98815],[-93.16702,44.97733],[-93.18738,44.97733],[-93.18727,44.98805],[-93.20771,44.98809],[-93.20787,44.96281]],[[-93.1611,44.89937],[-93.16078,44.89993],[-93.15878,44.90094],[-93.15769,44.90105],[-93.15952,44.89938],[-93.16024,44.8991],[-93.1611,44.89937]],[[-93.15675,44.90132],[-93.15461,44.90279],[-93.15444,44.90336],[-93.15206,44.90438],[-93.15016,44.9064],[-93.14676,44.90847],[-93.14566,44.90821],[-93.14543,44.90747],[-93.14589,44.90636],[-93.15016,44.90169],[-93.15093,44.90104],[-93.15333,44.90167],[-93.15447,44.90114],[-93.15675,44.90132]],[[-93.14388,44.98051],[-93.14266,44.9822],[-93.14309,44.98282],[-93.14307,44.98384],[-93.14276,44.98418],[-93.14175,44.98423],[-93.14041,44.98368],[-93.14031,44.98289],[-93.14088,44.98213],[-93.13957,44.98134],[-93.14033,44.98072],[-93.13959,44.98109],[-93.13905,44.98093],[-93.13854,44.98028],[-93.13824,44.9785],[-93.13743,44.978],[-93.13613,44.97779],[-93.13592,44.97714],[-93.13612,44.97667],[-93.13754,44.97607],[-93.13967,44.97588],[-93.14109,44.97703],[-93.14258,44.97772],[-93.14276,44.97907],[-93.14388,44.98051]],[[-93.01951,44.90586],[-93.01823,44.90838],[-93.01751,44.90838],[-93.01698,44.90813],[-93.01742,44.90793],[-93.01683,44.90787],[-93.01596,44.90712],[-93.01637,44.90694],[-93.01609,44.90641],[-93.01642,44.90582],[-93.01567,44.9054],[-93.01595,44.90496],[-93.0169,44.90486],[-93.01514,44.90331],[-93.01414,44.90291],[-93.01388,44.90242],[-93.0142,44.90232],[-93.01404,44.90149],[-93.01442,44.90114],[-93.01395,44.90091],[-93.01406,44.90046],[-93.01351,44.90038],[-93.01325,44.89993],[-93.01368,44.89916],[-93.01446,44.89952],[-93.01497,44.89795],[-93.01491,44.89683],[-93.01392,44.89535],[-93.01428,44.89497],[-93.01395,44.89433],[-93.01432,44.89393],[-93.01392,44.89348],[-93.01296,44.89326],[-93.01397,44.8928],[-93.01447,44.89284],[-93.0147,44.89327],[-93.01469,44.89413],[-93.01507,44.89425],[-93.01472,44.89461],[-93.01557,44.89536],[-93.01673,44.8993],[-93.01726,44.89993],[-93.01731,44.90122],[-93.01798,44.90188],[-93.01792,44.90233],[-93.01831,44.90259],[-93.01869,44.90425],[-93.01951,44.90586]]],[[[-93.20081,44.91349],[-93.20077,44.91235],[-93.20015,44.91307],[-93.20041,44.91364],[-93.20081,44.91349]]],[[[-93.19211,44.89841],[-93.19176,44.89717],[-93.19124,44.89681],[-93.1898,44.89595],[-93.19167,44.8994],[-93.19183,44.8995],[-93.19211,44.89841]]],[[[-93.17815,44.8886],[-93.17665,44.88782],[-93.17457,44.88759],[-93.17137,44.88795],[-93.16366,44.89127],[-93.15626,44.89256],[-93.15455,44.89317],[-93.15228,44.89474],[-93.15052,44.8967],[-93.15004,44.89649],[-93.15001,44.89652],[-93.15048,44.89675],[-93.15047,44.89676],[-93.15051,44.89676],[-93.15088,44.89694],[-93.15303,44.89691],[-93.15399,44.89696],[-93.15649,44.89685],[-93.1635,44.89422],[-93.16504,44.89375],[-93.16885,44.89324],[-93.17626,44.89317],[-93.17647,44.89307],[-93.1766,44.89307],[-93.17667,44.89298],[-93.17684,44.8929],[-93.17706,44.89258],[-93.17762,44.89164],[-93.17763,44.89163],[-93.17749,44.89035],[-93.17769,44.89044],[-93.17745,44.89033],[-93.17815,44.8886]]],[[[-93.12708,44.91963],[-93.12045,44.91964],[-93.11871,44.92085],[-93.11683,44.92167],[-93.11565,44.92021],[-93.11616,44.92162],[-93.11499,44.922],[-93.11514,44.92249],[-93.11403,44.92299],[-93.11337,44.92226],[-93.11364,44.92177],[-93.11425,44.92111],[-93.11441,44.92001],[-93.11578,44.92011],[-93.11576,44.91964],[-93.09602,44.91966],[-93.09603,44.92328],[-93.09096,44.92331],[-93.09094,44.91965],[-93.05281,44.91951],[-93.0535,44.92124],[-93.05947,44.92388],[-93.05869,44.92465],[-93.0544,44.9229],[-93.05413,44.92243],[-93.05359,44.92252],[-93.05297,44.92348],[-93.05131,44.92851],[-93.05167,44.93202],[-93.05285,44.93508],[-93.05625,44.93903],[-93.06047,44.94255],[-93.064,44.94413],[-93.06318,44.94287],[-93.06418,44.94304],[-93.06471,44.94458],[-93.06977,44.94604],[-93.07516,44.9464],[-93.08273,44.94474],[-93.08719,44.94301],[-93.08793,44.94262],[-93.08803,44.94223],[-93.09176,44.94068],[-93.09537,44.93982],[-93.09987,44.93644],[-93.10106,44.93446],[-93.10031,44.93455],[-93.09895,44.93548],[-93.09829,44.93524],[-93.09859,44.93484],[-93.10078,44.93363],[-93.10138,44.93421],[-93.10194,44.93412],[-93.10415,44.9314],[-93.10741,44.92887],[-93.11035,44.92583],[-93.11478,44.92351],[-93.12368,44.92137],[-93.12708,44.91963]]],[[[-93.0924,44.94162],[-93.09067,44.9419],[-93.08885,44.94293],[-93.09183,44.94228],[-93.0924,44.94162]]],[[[-93.03462,44.90433],[-93.03397,44.90392],[-93.03372,44.90392],[-93.03364,44.90388],[-93.03226,44.9039],[-93.03066,44.90305],[-93.02955,44.9029],[-93.0289,44.90232],[-93.02907,44.90203],[-93.02767,44.90091],[-93.02701,44.89976],[-93.0252,44.89909],[-93.02515,44.89873],[-93.02572,44.89843],[-93.02721,44.89883],[-93.02644,44.89807],[-93.02531,44.89717],[-93.02459,44.89654],[-93.02447,44.8965],[-93.02442,44.89646],[-93.02432,44.89645],[-93.02344,44.89615],[-93.02255,44.89624],[-93.02183,44.8958],[-93.02176,44.89588],[-93.02135,44.8963],[-93.02267,44.89907],[-93.02421,44.90406],[-93.02507,44.90573],[-93.02543,44.90732],[-93.02484,44.90708],[-93.02482,44.90714],[-93.0247,44.90711],[-93.02477,44.90726],[-93.02475,44.90732],[-93.0248,44.90732],[-93.02483,44.90739],[-93.0275,44.90764],[-93.0307,44.9061],[-93.03319,44.90584],[-93.03331,44.90571],[-93.03351,44.90568],[-93.03361,44.90539],[-93.0339,44.90509],[-93.03411,44.90506],[-93.03462,44.90433]]],[[[-93.03401,44.89994],[-93.03232,44.89847],[-93.02943,44.89794],[-93.02811,44.89793],[-93.03069,44.8987],[-93.03008,44.89886],[-93.03056,44.8997],[-93.03011,44.90019],[-93.0304,44.90095],[-93.02939,44.9004],[-93.02876,44.89955],[-93.02767,44.89932],[-93.03021,44.9019],[-93.03117,44.90203],[-93.03092,44.90227],[-93.03119,44.90238],[-93.03171,44.90188],[-93.03189,44.90117],[-93.03401,44.89994]]],[[[-93.03206,44.90313],[-93.03178,44.90266],[-93.03131,44.90254],[-93.03146,44.90278],[-93.03206,44.90313]]]]}},
{"type":"Feature","id":"2396516","properties":{"id":"2396516","name":"Saint Paul Park","kind":"city","counties":["Washington"],"population":5498,"label":[-92.99495,44.83602]},"geometry":{"type":"MultiPolygon","coordinates":[[[[-93.00988,44.83604],[-93.00901,44.83236],[-93.00736,44.8282],[-93.00619,44.82369],[-93.00529,44.82207],[-93.00511,44.82225],[-93.00578,44.82397],[-93.00535,44.82557],[-93.00515,44.82338],[-93.00438,44.8231],[-93.00436,44.82382],[-93.00472,44.82604],[-93.00509,44.82634],[-93.00495,44.82711],[-93.00545,44.82787],[-93.00576,44.82934],[-93.00523,44.82923],[-93.00537,44.83027],[-93.00482,44.82923],[-93.00462,44.82957],[-93.00568,44.83292],[-93.00599,44.83308],[-93.00607,44.8308],[-93.00717,44.82841],[-93.00719,44.82961],[-93.00671,44.8306],[-93.00707,44.83324],[-93.00634,44.832],[-93.00634,44.83309],[-93.00683,44.83435],[-93.00736,44.83484],[-93.00806,44.83722],[-93.00857,44.83601],[-93.00781,44.83465],[-93.00902,44.83511],[-93.0088,44.83829],[-93.00846,44.83681],[-93.00814,44.83808],[-93.00621,44.83436],[-93.00555,44.83479],[-93.00562,44.83539],[-93.0068,44.83765],[-93.00683,44.83858],[-93.00729,44.83883],[-93.00768,44.83989],[-93.00752,44.84051],[-93.00724,44.83901],[-93.00694,44.83878],[-93.0069,44.84033],[-93.00824,44.84199],[-93.00825,44.84303],[-93.0088,44.84292],[-93.00924,44.84094],[-93.00988,44.83604]]],[[[-93.00884,44.84421],[-93.00877,44.84356],[-93.00835,44.84344],[-93.00786,44.84357],[-93.00802,44.84562],[-93.00833,44.84598],[-93.00884,44.84421]]],[[[-93.00861,44.84723],[-93.00801,44.84623],[-93.00753,44.8468],[-93.00719,44.84678],[-93.0079,44.84602],[-93.00756,44.84431],[-93.00738,44.84393],[-93.0072,44.84439],[-93.0069,44.84315],[-93.00697,44.84128],[-93.00609,44.84231],[-93.00526,44.8414],[-93.00578,44.84103],[-93.00576,44.84042],[-93.00658,44.83989],[-93.00638,44.83769],[-93.00511,44.83513],[-93.00429,44.83533],[-93.00504,44.83485],[-93.00501,44.83448],[-93.00453,44.83401],[-93.00318,44.83072],[-93.00308,44.82957],[-93.00268,44.82936],[-93.00167,44.8273],[-93.00229,44.82586],[-93.00154,44.8256],[-93.00005,44.82599],[-92.9992,44.82527],[-92.99968,44.82486],[-93.0016,44.8248],[-93.00224,44.8243],[-93.00347,44.81752],[-93.0027,44.81625],[-93.00205,44.81615],[-92.99982,44.81713],[-93.0009,44.81741],[-93.00025,44.81771],[-93.00031,44.81748],[-92.99994,44.81746],[-92.99899,44.81782],[-92.99896,44.81782],[-92.99901,44.82259],[-92.99616,44.82258],[-92.99544,44.81879],[-92.9873,44.81485],[-92.98385,44.81392],[-92.98393,44.82611],[-92.97988,44.82609],[-92.97987,44.83096],[-92.97706,44.83099],[-92.97706,44.83342],[-92.97474,44.83343],[-92.97502,44.84016],[-92.984,44.84678],[-92.98403,44.85159],[-92.99205,44.85155],[-92.99419,44.85517],[-93.00655,44.85519],[-93.00681,44.85454],[-93.00647,44.85335],[-93.00677,44.85226],[-93.00801,44.85082],[-93.00861,44.84723]]],[[[-93.00782,44.85268],[-93.00737,44.8523],[-93.00691,44.85252],[-93.00667,44.85344],[-93.007,44.85462],[-93.00693,44.85519],[-93.00753,44.85519],[-93.00782,44.85268]]],[[[-93.00621,44.83339],[-93.00542,44.83296],[-93.0061,44.83412],[-93.00621,44.83339]]],[[[-93.00585,44.83437],[-93.00487,44.83287],[-93.00457,44.83135],[-93.00369,44.83008],[-93.00348,44.83051],[-93.00395,44.83221],[-93.00545,44.83461],[-93.00585,44.83437]]],[[[-93.00474,44.82203],[-93.00442,44.82023],[-93.00409,44.82048],[-93.00413,44.82106],[-93.00474,44.82203]]],[[[-93.00452,44.82864],[-93.00441,44.82794],[-93.00314,44.82699],[-93.00289,44.82713],[-93.00313,44.82788],[-93.00382,44.82826],[-93.00379,44.82874],[-93.00317,44.82819],[-93.00269,44.82717],[-93.00288,44.82571],[-93.00195,44.82733],[-93.00243,44.82861],[-93.00343,44.82988],[-93.00407,44.82931],[-93.00452,44.82864]]],[[[-93.00387,44.81552],[-93.00342,44.81574],[-93.00226,44.81566],[-93.00319,44.81589],[-93.0038,44.81566],[-93.00387,44.81552]]],[[[-93.00246,44.82469],[-93.00127,44.82518],[-93.00228,44.82561],[-93.00246,44.82469]]],[[[-93.00222,44.81565],[-93.00202,44.81564],[-93.00005,44.81662],[-92.99895,44.81682],[-92.99895,44.81686],[-92.99999,44.81666],[-93.00222,44.81565]]]]}},
{"type":"Feature","id":"665551","properties":{"id":"665551","name":"San Francisco","kind":"township","counties":["Carver"],"population":882,"label":[-93.70965,44.69252]},"geometry":{"type":"MultiPolygon","coordinates":[[[[-93.76834,44.64015],[-93.76584,44.63991],[-93.76348,44.63864],[-93.76239,44.63761],[-93.76191,44.63553],[-93.76158,44.63517],[-93.76018,44.63548],[-93.75626,44.63503],[-93.75594,44.63552],[-93.75667,44.63813],[-93.75913,44.63928],[-93.76045,44.64118],[-93.76041,44.64351],[-93.75999,44.64404],[-93.75763,44.64449],[-93.75484,44.64397],[-93.74784,44.64561],[-93.7387,44.64634],[-93.73061,44.65295],[-93.7299,44.65557],[-93.72873,44.65672],[-93.7272,44.65695],[-93.72405,44.65552],[-93.72088,44.65527],[-93.71877,44.65604],[-93.71605,44.65757],[-93.71566,44.65825],[-93.71587,44.65866],[-93.71928,44.66003],[-93.7214,44.66163],[-93.72208,44.66284],[-93.72172,44.66377],[-93.72014,44.66503],[-93.71657,44.66686],[-93.71134,44.66869],[-93.70194,44.66895],[-93.69853,44.66975],[-93.69769,44.67022],[-93.69063,44.67677],[-93.68822,44.67857],[-93.68468,44.68283],[-93.6797,44.68653],[-93.67786,44.68906],[-93.67706,44.69144],[-93.675,44.69306],[-93.66438,44.69674],[-93.66015,44.69675],[-93.65792,44.69572],[-93.65701,44.69472],[-93.65637,44.69377],[-93.65604,44.69108],[-93.65512,44.69052],[-93.65125,44.69242],[-93.64984,44.69462],[-93.64914,44.69506],[-93.649,44.69504],[-93.64838,44.696],[-93.64737,44.69632],[-93.64578,44.69579],[-93.64339,44.69326],[-93.64079,44.69323],[-93.63872,44.69378],[-93.63855,44.69389],[-93.63659,44.69699],[-93.63607,44.69718],[-93.636,44.69778],[-93.63561,44.6984],[-93.63451,44.69887],[-93.63245,44.69912],[-93.63003,44.69877],[-93.63001,44.69881],[-93.63029,44.70034],[-93.62993,44.70077],[-93.6305,44.70174],[-93.62998,44.70293],[-93.62818,44.70386],[-93.62487,44.70388],[-93.62185,44.70659],[-93.61844,44.70801],[-93.61872,44.70837],[-93.61924,44.70892],[-93.62184,44.71022],[-93.62408,44.71191],[-93.6262,44.71453],[-93.62721,44.71643],[-93.62718,44.71895],[-93.62654,44.72101],[-93.62542,44.72303],[-93.62536,44.72375],[-93.62631,44.72386],[-93.62667,44.72343],[-93.62784,44.72304],[-93.63199,44.72288],[-93.63252,44.72303],[-93.63308,44.72381],[-93.63329,44.72492],[-93.63307,44.72634],[-93.62922,44.73173],[-93.62939,44.73279],[-93.63234,44.73282],[-93.63212,44.73214],[-93.63313,44.73019],[-93.6328,44.72938],[-93.63306,44.72893],[-93.63359,44.72869],[-93.63507,44.72911],[-93.63454,44.72848],[-93.6355,44.72712],[-93.63693,44.72614],[-93.63706,44.72548],[-93.63654,44.7245],[-93.63547,44.724],[-93.63555,44.72339],[-93.63612,44.72344],[-93.63622,44.72309],[-93.63442,44.72206],[-93.63623,44.72187],[-93.64199,44.72275],[-93.64194,44.72413],[-93.6423,44.72437],[-93.64348,44.72424],[-93.64395,44.72489],[-93.64422,44.72573],[-93.64381,44.72623],[-93.64406,44.72669],[-93.64455,44.72668],[-93.64439,44.72746],[-93.64372,44.7283],[-93.64284,44.72808],[-93.64294,44.72984],[-93.64245,44.73053],[-93.64239,44.7318],[-93.64132,44.73228],[-93.64127,44.73268],[-93.64168,44.73279],[-93.64157,44.73293],[-93.64293,44.73295],[-93.66366,44.73254],[-93.66385,44.71802],[-93.76814,44.71706],[-93.76834,44.64015]],[[-93.72745,44.6784],[-93.72723,44.67921],[-93.72624,44.68028],[-93.7258,44.68065],[-93.72575,44.68034],[-93.72558,44.68084],[-93.72377,44.68142],[-93.72371,44.68171],[-93.72303,44.68167],[-93.72207,44.68069],[-93.72181,44.67991],[-93.72213,44.6793],[-93.72428,44.67909],[-93.72617,44.67802],[-93.72691,44.6779],[-93.72745,44.6784]],[[-93.72379,44.6847],[-93.72333,44.68598],[-93.72198,44.68637],[-93.7214,44.686],[-93.72156,44.68531],[-93.72379,44.6847]],[[-93.64471,44.70448],[-93.64377,44.70481],[-93.64327,44.7043],[-93.64334,44.70395],[-93.64246,44.70418],[-93.64217,44.70447],[-93.64243,44.70514],[-93.64213,44.70585],[-93.64054,44.70594],[-93.64008,44.70663],[-93.63856,44.70726],[-93.6375,44.70825],[-93.63533,44.7092],[-93.63528,44.71006],[-93.63492,44.71027],[-93.63198,44.71076],[-93.63201,44.71039],[-93.63266,44.70995],[-93.63662,44.70777],[-93.63674,44.70687],[-93.63777,44.70653],[-93.63841,44.70594],[-93.63809,44.70495],[-93.63898,44.70413],[-93.6394,44.70297],[-93.6411,44.70269],[-93.64215,44.70383],[-93.64415,44.70304],[-93.64369,44.70385],[-93.64471,44.70448]]],[[[-93.65829,44.69403],[-93.6581,44.69358],[-93.65818,44.6939],[-93.65829,44.69403]]],[[[-93.64722,44.69485],[-93.64704,44.69483],[-93.64509,44.69352],[-93.64589,44.69481],[-93.64697,44.69495],[-93.64722,44.69485]]],[[[-93.63474,44.69737],[-93.63148,44.69751],[-93.63083,44.69779],[-93.63336,44.69824],[-93.63426,44.69798],[-93.63474,44.69737]]],[[[-93.62908,44.70153],[-93.62907,44.70152],[-93.62706,44.70239],[-93.62617,44.70297],[-93.62782,44.70305],[-93.62887,44.7026],[-93.62908,44.70153]]]]}},
{"type":"Feature","id":"665541","properties":{"id":"665541","name":"Sand Creek","kind":"township","counties":["Scott"],"population":1477,"label":[-93.57631,44.67392]},"geometry":{"type":"MultiPolygon","coordinates":[[[[-93.64418,44.64684],[-93.64386,44.63053],[-93.60324,44.63084],[-93.52199,44.63077],[-93.5218,44.64439],[-93.52225,44.64497],[-93.52712,44.64699],[-93.52888,44.64818],[-93.531,44.64829],[-93.53119,44.64953],[-93.53353,44.65074],[-93.53378,44.65147],[-93.53298,44.65165],[-93.52866,44.65074],[-93.52795,44.65019],[-93.52802,44.6487],[-93.52558,44.6477],[-93.52507,44.64719],[-93.52222,44.64719],[-93.52176,44.64709],[-93.52075,44.7177],[-93.54134,44.71817],[-93.582,44.71849],[-93.59661,44.71844],[-93.59674,44.71829],[-93.59685,44.7171],[-93.59649,44.7164],[-93.59809,44.71674],[-93.59732,44.71755],[-93.59723,44.71843],[-93.62282,44.71834],[-93.6262,44.71831],[-93.62588,44.71636],[-93.62486,44.71457],[-93.62263,44.71197],[-93.61946,44.71017],[-93.61748,44.70843],[-93.6171,44.7075],[-93.61729,44.70705],[-93.61812,44.70659],[-93.62182,44.70534],[-93.62258,44.70413],[-93.6241,44.70317],[-93.62531,44.70293],[-93.62617,44.70297],[-93.62706,44.70239],[-93.62907,44.70152],[-93.62781,44.69957],[-93.62799,44.69843],[-93.62853,44.69788],[-93.62955,44.69756],[-93.63083,44.69779],[-93.63148,44.69751],[-93.63474,44.69737],[-93.63475,44.69736],[-93.63509,44.69529],[-93.63578,44.69406],[-93.63929,44.69264],[-93.64376,44.69217],[-93.64391,44.69228],[-93.64412,44.68306],[-93.63982,44.68307],[-93.63981,44.68154],[-93.63527,44.68152],[-93.63526,44.68296],[-93.63339,44.68305],[-93.63341,44.6796],[-93.62689,44.68516],[-93.62194,44.68511],[-93.62184,44.68044],[-93.62306,44.68044],[-93.62307,44.6794],[-93.6266,44.6769],[-93.62738,44.67577],[-93.62779,44.67433],[-93.62308,44.67434],[-93.62319,44.6671],[-93.60809,44.6672],[-93.60812,44.66443],[-93.6133,44.6644],[-93.61332,44.66359],[-93.61725,44.66355],[-93.61687,44.66339],[-93.61696,44.66295],[-93.61919,44.66271],[-93.6225,44.66278],[-93.62249,44.66317],[-93.62341,44.66327],[-93.62343,44.65479],[-93.62011,44.65296],[-93.6203,44.65262],[-93.61636,44.64892],[-93.62719,44.64882],[-93.62778,44.65054],[-93.62751,44.65057],[-93.62781,44.65238],[-93.62901,44.65218],[-93.62852,44.64991],[-93.62966,44.65128],[-93.62992,44.65236],[-93.63016,44.65236],[-93.62981,44.65107],[-93.62844,44.64949],[-93.62842,44.6488],[-93.63348,44.64875],[-93.63345,44.64695],[-93.64418,44.64684]],[[-93.60144,44.70565],[-93.60076,44.70659],[-93.60048,44.70916],[-93.5996,44.7104],[-93.59873,44.71087],[-93.59955,44.71219],[-93.59979,44.71392],[-93.59843,44.71651],[-93.59636,44.71591],[-93.59856,44.70978],[-93.60116,44.70548],[-93.60139,44.70524],[-93.60144,44.70565]],[[-93.55311,44.68506],[-93.55272,44.6859],[-93.54899,44.68842],[-93.5477,44.69023],[-93.54487,44.69221],[-93.54472,44.69395],[-93.54407,44.69493],[-93.54298,44.69529],[-93.54182,44.6952],[-93.54159,44.69485],[-93.54185,44.69464],[-93.54135,44.69416],[-93.54186,44.69144],[-93.54322,44.68951],[-93.54515,44.68888],[-93.54551,44.68833],[-93.54526,44.68763],[-93.54325,44.6864],[-93.54319,44.68597],[-93.54521,44.68492],[-93.55052,44.68364],[-93.55183,44.68397],[-93.55281,44.68467],[-93.55311,44.68506]],[[-93.54899,44.6739],[-93.54899,44.67452],[-93.54438,44.67553],[-93.54015,44.67571],[-93.53938,44.67518],[-93.53938,44.67459],[-93.54015,44.67395],[-93.54297,44.6732],[-93.54851,44.67352],[-93.54899,44.6739]],[[-93.54089,44.65845],[-93.54086,44.65941],[-93.53938,44.65913],[-93.53897,44.65822],[-93.53951,44.65813],[-93.54089,44.65845]],[[-93.54048,44.65289],[-93.53881,44.65346],[-93.53804,44.65335],[-93.53782,44.65218],[-93.53868,44.65161],[-93.54048,44.65289]]],[[[-93.63861,44.6523],[-93.63356,44.65234],[-93.63361,44.65465],[-93.63685,44.65281],[-93.63861,44.6523]]],[[[-93.63855,44.69389],[-93.63693,44.69489],[-93.63624,44.69571],[-93.63607,44.69718],[-93.63659,44.69699],[-93.63855,44.69389]]],[[[-93.63029,44.70034],[-93.63001,44.69881],[-93.63003,44.69877],[-93.62986,44.69875],[-93.6289,44.69904],[-93.62993,44.70077],[-93.63029,44.70034]]],[[[-93.61924,44.70892],[-93.61872,44.70837],[-93.61907,44.70883],[-93.61924,44.70892]]]]}},
{"type":"Feature","id":"2396543","properties":{"id":"2396543","name":"Savage","kind":"city","counties":["Scott"],"population":33137,"label":[-93.36322,44.75452]},"geometry":{"type":"MultiPolygon","coordinates":[[[[-93.39904,44.74653],[-93.37951,44.74629],[-93.37974,44.74302],[-93.38025,44.74165],[-93.38648,44.73367],[-93.38977,44.73167],[-93.39877,44.72776],[-93.39888,44.71731],[-93.37765,44.71725],[-93.37771,44.71605],[-93.37722,44.71614],[-93.37659,44.7169],[-93.37475,44.71686],[-93.37424,44.7173],[-93.32849,44.71756],[-93.32874,44.77583],[-93.32965,44.77584],[-93.32965,44.78743],[-93.32984,44.78708],[-93.32994,44.78768],[-93.32965,44.78831],[-93.32965,44.79071],[-93.33047,44.79036],[-93.33307,44.78799],[-93.33498,44.78672],[-93.33636,44.78612],[-93.33778,44.78604],[-93.34227,44.78723],[-93.34502,44.78887],[-93.34729,44.79082],[-93.34845,44.79119],[-93.35007,44.79096],[-93.35101,44.79049],[-93.35263,44.78886],[-93.3518,44.78681],[-93.35233,44.78667],[-93.35301,44.78807],[-93.35395,44.78639],[-93.35383,44.78527],[-93.35422,44.78404],[-93.35449,44.78416],[-93.35456,44.78568],[-93.35585,44.78521],[-93.35752,44.78529],[-93.35945,44.78595],[-93.36202,44.78608],[-93.36204,44.78635],[-93.36042,44.78644],[-93.36383,44.78875],[-93.36672,44.78851],[-93.37574,44.78554],[-93.37891,44.78492],[-93.38045,44.78502],[-93.38122,44.78542],[-93.38181,44.78635],[-93.38433,44.79354],[-93.38475,44.79574],[-93.38525,44.79674],[-93.3863,44.79766],[-93.38733,44.79809],[-93.38914,44.79821],[-93.3954,44.79674],[-93.39683,44.79672],[-93.39886,44.79816],[-93.39889,44.79118],[-93.39888,44.79118],[-93.39773,44.7909],[-93.39776,44.79126],[-93.39833,44.79132],[-93.39759,44.79174],[-93.398,44.79201],[-93.39794,44.79238],[-93.3966,44.79281],[-93.39571,44.7927],[-93.39588,44.79297],[-93.39549,44.79314],[-93.39309,44.79298],[-93.39106,44.79342],[-93.38962,44.79297],[-93.38986,44.79279],[-93.3888,44.7928],[-93.38781,44.79237],[-93.3877,44.79195],[-93.38803,44.79184],[-93.38962,44.79243],[-93.38916,44.79176],[-93.38883,44.79179],[-93.38891,44.79138],[-93.3886,44.79135],[-93.38882,44.79113],[-93.38838,44.79075],[-93.38851,44.78971],[-93.38816,44.78894],[-93.38857,44.78805],[-93.39041,44.78664],[-93.39108,44.78673],[-93.39118,44.78629],[-93.39147,44.78683],[-93.39224,44.78651],[-93.39232,44.78702],[-93.39285,44.7866],[-93.39507,44.78807],[-93.39652,44.78828],[-93.39889,44.79003],[-93.39904,44.74653]],[[-93.34886,44.72546],[-93.34823,44.72588],[-93.34742,44.72583],[-93.34712,44.72632],[-93.344,44.72779],[-93.34285,44.72789],[-93.34218,44.72864],[-93.34231,44.72899],[-93.34188,44.72969],[-93.33964,44.72984],[-93.33934,44.73018],[-93.33961,44.73052],[-93.33906,44.73053],[-93.33762,44.72936],[-93.33647,44.72947],[-93.33753,44.73011],[-93.33708,44.73057],[-93.33751,44.7313],[-93.33662,44.73166],[-93.33645,44.73118],[-93.33684,44.73102],[-93.33678,44.73047],[-93.33593,44.73042],[-93.3353,44.73097],[-93.33532,44.73162],[-93.33469,44.73191],[-93.33361,44.73168],[-93.33453,44.73106],[-93.33406,44.73],[-93.33447,44.72991],[-93.33442,44.72911],[-93.33592,44.72865],[-93.33415,44.7277],[-93.33449,44.72726],[-93.33643,44.72793],[-93.33708,44.7272],[-93.33836,44.72655],[-93.33865,44.72582],[-93.33969,44.72524],[-93.33961,44.72472],[-93.34009,44.72463],[-93.34085,44.72516],[-93.34158,44.7246],[-93.34213,44.72465],[-93.34211,44.72569],[-93.34306,44.72534],[-93.34308,44.72469],[-93.34369,44.72449],[-93.34484,44.72551],[-93.34669,44.72512],[-93.34724,44.72527],[-93.34747,44.72569],[-93.34886,44.72546]]],[[[-93.34091,44.72768],[-93.33989,44.72783],[-93.33971,44.72815],[-93.33995,44.72836],[-93.34068,44.72813],[-93.34091,44.72768]]],[[[-93.33915,44.72685],[-93.33885,44.72682],[-93.33876,44.72715],[-93.33906,44.72726],[-93.33915,44.72685]]],[[[-93.33638,44.72978],[-93.33618,44.72982],[-93.33623,44.73015],[-93.33638,44.72978]]],[[[-93.33585,44.7293],[-93.33564,44.72897],[-93.33525,44.72902],[-93.33585,44.7293]]]]}},
{"type":"Feature","id":"2396548","properties":{"id":"2396548","name":"Scandia","kind":"city","counties":["Washington"],"population":4001,"label":[-92.82776,45.25377]},"geometry":{"type":"MultiPolygon","coordinates":[[[[-92.89709,45.21025],[-92.8756,45.21015],[-92.87748,45.2109],[-92.87788,45.21137],[-92.87808,45.21153],[-92.87814,45.21166],[-92.87862,45.21222],[-92.87897,45.21391],[-92.87849,45.2147],[-92.87847,45.21479],[-92.87841,45.21483],[-92.87825,45.21509],[-92.87759,45.21534],[-92.87753,45.21538],[-92.87752,45.21537],[-92.87731,45.21545],[-92.87596,45.21473],[-92.87588,45.21421],[-92.87554,45.21452],[-92.87645,45.21524],[-92.87794,45.21631],[-92.8779,45.21721],[-92.87749,45.21748],[-92.87733,45.21768],[-92.87789,45.21979],[-92.87838,45.21975],[-92.87824,45.21922],[-92.87862,45.21886],[-92.87939,45.21928],[-92.88016,45.22058],[-92.87928,45.22079],[-92.87899,45.22056],[-92.87821,45.22021],[-92.87817,45.22022],[-92.87895,45.22144],[-92.87895,45.22147],[-92.87895,45.22147],[-92.87895,45.22148],[-92.87891,45.22202],[-92.87846,45.2229],[-92.87671,45.22454],[-92.87663,45.22528],[-92.8766,45.2257],[-92.87658,45.22572],[-92.87656,45.22586],[-92.8759,45.22629],[-92.87508,45.22852],[-92.87507,45.22852],[-92.87506,45.22856],[-92.87438,45.2289],[-92.87343,45.22942],[-92.87327,45.22946],[-92.87313,45.22953],[-92.87022,45.23021],[-92.86882,45.23172],[-92.86765,45.23198],[-92.86708,45.23215],[-92.86615,45.23338],[-92.86582,45.23479],[-92.86628,45.23472],[-92.86676,45.23514],[-92.8672,45.23503],[-92.8673,45.23499],[-92.86731,45.235],[-92.86739,45.23498],[-92.86823,45.23564],[-92.86837,45.23603],[-92.86838,45.23604],[-92.86838,45.23606],[-92.86843,45.23621],[-92.86829,45.23704],[-92.86635,45.23854],[-92.86634,45.23855],[-92.8656,45.24],[-92.86554,45.24153],[-92.86597,45.24243],[-92.86579,45.24295],[-92.86585,45.24303],[-92.86646,45.24362],[-92.86599,45.24472],[-92.86611,45.24533],[-92.86443,45.24571],[-92.86441,45.24572],[-92.86439,45.24572],[-92.86369,45.24588],[-92.86333,45.24576],[-92.86319,45.24576],[-92.86314,45.24569],[-92.86276,45.24556],[-92.8617,45.24373],[-92.86253,45.24337],[-92.86249,45.24302],[-92.86245,45.24281],[-92.86212,45.24265],[-92.8608,45.24211],[-92.86064,45.24198],[-92.86028,45.24181],[-92.85931,45.24085],[-92.85993,45.23957],[-92.85934,45.2376],[-92.85924,45.23743],[-92.85826,45.23651],[-92.8578,45.23628],[-92.85715,45.23547],[-92.85722,45.23468],[-92.85787,45.23404],[-92.86079,45.23278],[-92.86099,45.23162],[-92.86044,45.23019],[-92.86222,45.22874],[-92.86182,45.22774],[-92.86162,45.22737],[-92.86115,45.227],[-92.85991,45.22613],[-92.85976,45.22592],[-92.85949,45.22571],[-92.85939,45.2254],[-92.8593,45.22528],[-92.85932,45.2252],[-92.85917,45.22476],[-92.8576,45.22426],[-92.8569,45.22362],[-92.85954,45.22435],[-92.85969,45.22374],[-92.85931,45.22209],[-92.8593,45.2221],[-92.85906,45.22232],[-92.85957,45.22336],[-92.85912,45.22378],[-92.85847,45.22383],[-92.85591,45.22298],[-92.85357,45.22178],[-92.85266,45.22141],[-92.84802,45.22051],[-92.84803,45.22093],[-92.84596,45.2227],[-92.84512,45.22271],[-92.8436,45.22208],[-92.8442,45.222],[-92.84337,45.22176],[-92.84369,45.22157],[-92.84041,45.22235],[-92.84014,45.22165],[-92.83947,45.22166],[-92.8396,45.22251],[-92.84028,45.22251],[-92.84073,45.22289],[-92.83943,45.22351],[-92.83938,45.22407],[-92.83886,45.22411],[-92.83681,45.22305],[-92.83536,45.22174],[-92.83442,45.222],[-92.83374,45.22181],[-92.8336,45.2212],[-92.83319,45.22108],[-92.83296,45.22105],[-92.83289,45.221],[-92.83279,45.22097],[-92.83148,45.21994],[-92.83118,45.21972],[-92.82904,45.21941],[-92.82873,45.21906],[-92.82876,45.21855],[-92.82863,45.21813],[-92.82887,45.21682],[-92.8289,45.21643],[-92.82899,45.21621],[-92.82901,45.2161],[-92.83036,45.21266],[-92.83048,45.21255],[-92.83051,45.21247],[-92.83163,45.21146],[-92.8317,45.21142],[-92.83174,45.21139],[-92.83366,45.21047],[-92.83626,45.21083],[-92.83705,45.21107],[-92.83787,45.21122],[-92.83848,45.21152],[-92.83953,45.21184],[-92.84171,45.21308],[-92.84199,45.21312],[-92.84236,45.21219],[-92.843,45.21206],[-92.84373,45.21216],[-92.84465,45.21313],[-92.84605,45.21306],[-92.84653,45.21319],[-92.84671,45.21318],[-92.84687,45.21328],[-92.84731,45.21339],[-92.84794,45.2139],[-92.84856,45.21426],[-92.84858,45.21442],[-92.84875,45.21455],[-92.84891,45.21547],[-92.84878,45.2157],[-92.84886,45.21624],[-92.84889,45.21626],[-92.8528,45.21488],[-92.85519,45.21607],[-92.85687,45.21396],[-92.85691,45.21393],[-92.85692,45.21392],[-92.85705,45.21384],[-92.85845,45.2129],[-92.85845,45.21286],[-92.85824,45.21216],[-92.85806,45.21196],[-92.85812,45.21177],[-92.85811,45.21175],[-92.85814,45.21171],[-92.85821,45.21147],[-92.8591,45.21035],[-92.85929,45.21008],[-92.79451,45.20978],[-92.79451,45.21706],[-92.76019,45.21696],[-92.7594,45.216],[-92.75942,45.21586],[-92.75933,45.21606],[-92.75996,45.21726],[-92.75931,45.21717],[-92.75902,45.21633],[-92.7574,45.21701],[-92.75548,45.21735],[-92.75479,45.21795],[-92.75471,45.21945],[-92.75513,45.2214],[-92.75705,45.22654],[-92.75843,45.22889],[-92.75915,45.23401],[-92.75869,45.23572],[-92.75912,45.23752],[-92.75911,45.23929],[-92.75928,45.23995],[-92.75981,45.24032],[-92.75976,45.24256],[-92.76013,45.24329],[-92.76005,45.24399],[-92.76137,45.24988],[-92.76128,45.25273],[-92.76098,45.25363],[-92.76131,45.2541],[-92.76069,45.25406],[-92.7606,45.25468],[-92.76191,45.25583],[-92.76168,45.25625],[-92.76266,45.26096],[-92.76229,45.26194],[-92.76285,45.26314],[-92.76282,45.26513],[-92.7632,45.26657],[-92.76285,45.26678],[-92.76285,45.26719],[-92.76323,45.26789],[-92.76356,45.27079],[-92.76178,45.27258],[-92.7601,45.27347],[-92.75993,45.27469],[-92.76047,45.27668],[-92.7613,45.2778],[-92.76218,45.27839],[-92.76259,45.27944],[-92.76343,45.2868],[-92.76336,45.28874],[-92.7629,45.29015],[-92.76138,45.29204],[-92.7617,45.29284],[-92.7613,45.29356],[-92.75996,45.29453],[-92.75703,45.29574],[-92.75655,45.29633],[-92.89673,45.29627],[-92.89692,45.2498],[-92.89471,45.24889],[-92.89451,45.24863],[-92.89475,45.24793],[-92.89318,45.24566],[-92.89387,45.24519],[-92.89694,45.24552],[-92.89709,45.21025]],[[-92.85931,45.24085],[-92.85736,45.24159],[-92.85848,45.24363],[-92.85808,45.24477],[-92.85759,45.24505],[-92.85696,45.24481],[-92.85672,45.24431],[-92.85717,45.24419],[-92.85577,45.24355],[-92.85458,45.24191],[-92.8546,45.24026],[-92.85608,45.23954],[-92.85699,45.23959],[-92.85747,45.23999],[-92.8588,45.2399],[-92.85931,45.24085]],[[-92.89628,45.224],[-92.89544,45.22596],[-92.89485,45.22638],[-92.89233,45.22599],[-92.89062,45.22466],[-92.88929,45.22301],[-92.88994,45.22235],[-92.89204,45.22285],[-92.89191,45.22242],[-92.89114,45.22226],[-92.8912,45.22171],[-92.89224,45.22144],[-92.89243,45.22121],[-92.89214,45.22045],[-92.89263,45.22036],[-92.89534,45.22258],[-92.89628,45.224]],[[-92.88301,45.26019],[-92.88249,45.26083],[-92.88249,45.26181],[-92.88214,45.26245],[-92.88285,45.26309],[-92.88288,45.26362],[-92.88252,45.26369],[-92.88136,45.26298],[-92.88058,45.26298],[-92.87957,45.26176],[-92.87718,45.26073],[-92.87575,45.26024],[-92.87592,45.26078],[-92.87689,45.2616],[-92.87618,45.26172],[-92.87605,45.26336],[-92.87495,45.26284],[-92.87488,45.26247],[-92.8756,45.26184],[-92.8746,45.26004],[-92.87696,45.25959],[-92.87696,45.25907],[-92.87774,45.25847],[-92.87825,45.25877],[-92.87796,45.25968],[-92.87987,45.25886],[-92.88017,45.25822],[-92.8811,45.25824],[-92.88301,45.26019]],[[-92.87771,45.28328],[-92.87625,45.28506],[-92.87293,45.28529],[-92.8727,45.28488],[-92.87308,45.28443],[-92.87241,45.28395],[-92.87227,45.2832],[-92.87179,45.28346],[-92.87193,45.28434],[-92.87108,45.28326],[-92.87038,45.28314],[-92.87043,45.28251],[-92.86978,45.28148],[-92.87001,45.28092],[-92.87056,45.28086],[-92.87182,45.28163],[-92.87369,45.28216],[-92.87527,45.28321],[-92.87648,45.28298],[-92.87771,45.28328]],[[-92.86653,45.29184],[-92.86653,45.29279],[-92.86364,45.29385],[-92.86104,45.29417],[-92.85894,45.29373],[-92.85764,45.2925],[-92.85752,45.29081],[-92.85945,45.288],[-92.85756,45.28665],[-92.85695,45.28444],[-92.85519,45.28359],[-92.85424,45.28239],[-92.85261,45.28126],[-92.85234,45.28054],[-92.85251,45.28008],[-92.85392,45.27902],[-92.85558,45.27838],[-92.85697,45.27824],[-92.85958,45.27937],[-92.85992,45.28005],[-92.85966,45.28226],[-92.86005,45.28312],[-92.85994,45.2836],[-92.8611,45.28463],[-92.86371,45.28581],[-92.86524,45.2874],[-92.86653,45.29184]],[[-92.84797,45.24192],[-92.84737,45.24272],[-92.84638,45.243],[-92.84511,45.24204],[-92.844,45.24117],[-92.84393,45.24046],[-92.84244,45.23991],[-92.84235,45.23934],[-92.84119,45.23865],[-92.84097,45.23728],[-92.84064,45.23694],[-92.84082,45.23549],[-92.84139,45.23583],[-92.84205,45.23557],[-92.84271,45.23574],[-92.84405,45.23668],[-92.84422,45.23712],[-92.84379,45.23784],[-92.8459,45.23917],[-92.84797,45.24192]],[[-92.84174,45.29106],[-92.84129,45.29223],[-92.83978,45.29312],[-92.83828,45.2931],[-92.83679,45.29383],[-92.83471,45.29317],[-92.8342,45.29381],[-92.83212,45.29376],[-92.83199,45.29306],[-92.83384,45.2923],[-92.83595,45.29264],[-92.8362,45.29219],[-92.83585,45.29136],[-92.83653,45.29097],[-92.83688,45.28985],[-92.83747,45.28949],[-92.83909,45.28956],[-92.83964,45.28997],[-92.83909,45.29024],[-92.83938,45.29109],[-92.84122,45.29061],[-92.84174,45.29106]],[[-92.83605,45.22927],[-92.83499,45.22994],[-92.8334,45.22848],[-92.83204,45.2263],[-92.83024,45.22476],[-92.83009,45.22375],[-92.82959,45.22337],[-92.83042,45.22283],[-92.82843,45.22238],[-92.82722,45.22154],[-92.82694,45.22052],[-92.82722,45.22003],[-92.82796,45.21977],[-92.82882,45.22011],[-92.83005,45.21967],[-92.83105,45.22001],[-92.83142,45.22088],[-92.83108,45.2219],[-92.83216,45.2223],[-92.83418,45.22502],[-92.83399,45.22562],[-92.83504,45.22621],[-92.83504,45.2278],[-92.83605,45.22927]],[[-92.82777,45.22969],[-92.82764,45.23042],[-92.82709,45.231],[-92.82628,45.23126],[-92.82597,45.23078],[-92.82621,45.22996],[-92.82517,45.22947],[-92.82518,45.22894],[-92.82722,45.22895],[-92.82777,45.22969]],[[-92.82493,45.22858],[-92.82492,45.22933],[-92.82246,45.22861],[-92.82176,45.22883],[-92.81732,45.22668],[-92.81537,45.22611],[-92.8153,45.22558],[-92.81572,45.22506],[-92.81672,45.22569],[-92.81725,45.22552],[-92.81721,45.22502],[-92.81868,45.22528],[-92.8178,45.22479],[-92.81864,45.22483],[-92.81872,45.22448],[-92.81924,45.22456],[-92.81952,45.22497],[-92.82001,45.22473],[-92.82013,45.22495],[-92.81932,45.22523],[-92.8215,45.22543],[-92.82238,45.22606],[-92.82245,45.22675],[-92.821,45.22733],[-92.82368,45.2284],[-92.82493,45.22858]],[[-92.81603,45.23307],[-92.81597,45.23499],[-92.81568,45.23551],[-92.81503,45.23587],[-92.81396,45.23554],[-92.81321,45.23556],[-92.81264,45.2352],[-92.81272,45.2344],[-92.81204,45.23382],[-92.81201,45.23269],[-92.81133,45.23223],[-92.81168,45.23131],[-92.81371,45.23152],[-92.81603,45.23307]],[[-92.81339,45.26635],[-92.81338,45.26746],[-92.81275,45.26812],[-92.81309,45.26876],[-92.81261,45.26915],[-92.80897,45.27016],[-92.80864,45.27053],[-92.80737,45.27052],[-92.80731,45.27119],[-92.80663,45.27134],[-92.80671,45.27213],[-92.80571,45.27287],[-92.80528,45.27251],[-92.80501,45.27189],[-92.80401,45.27258],[-92.80391,45.2717],[-92.80468,45.27154],[-92.80524,45.27184],[-92.80549,45.27144],[-92.80629,45.27139],[-92.80633,45.27072],[-92.80709,45.2701],[-92.80682,45.27],[-92.8059,45.27071],[-92.80599,45.27014],[-92.80513,45.27009],[-92.8045,45.26959],[-92.80471,45.26902],[-92.80808,45.26654],[-92.8113,45.26333],[-92.81179,45.26239],[-92.81234,45.26236],[-92.81259,45.26312],[-92.81171,45.26338],[-92.81159,45.26466],[-92.81057,45.26572],[-92.81165,45.26626],[-92.81269,45.26603],[-92.81339,45.26635]],[[-92.80732,45.2324],[-92.80715,45.23412],[-92.80513,45.23369],[-92.80394,45.23266],[-92.80426,45.23198],[-92.80399,45.23191],[-92.80346,45.23045],[-92.80369,45.23014],[-92.80266,45.22938],[-92.80248,45.22739],[-92.80233,45.22672],[-92.8039,45.2261],[-92.80444,45.22651],[-92.80399,45.22672],[-92.80507,45.22689],[-92.80556,45.22733],[-92.80645,45.2273],[-92.80582,45.22761],[-92.80592,45.22868],[-92.80552,45.22956],[-92.8062,45.23013],[-92.80639,45.23141],[-92.80732,45.2324]]],[[[-92.87691,45.28399],[-92.87688,45.28403],[-92.87688,45.28412],[-92.87691,45.28399]]],[[[-92.8713,45.28285],[-92.87092,45.28284],[-92.87115,45.28307],[-92.8713,45.28285]]],[[[-92.8667,45.23587],[-92.86548,45.23644],[-92.8655,45.23727],[-92.86656,45.23712],[-92.86627,45.23688],[-92.8667,45.23587]]],[[[-92.86452,45.21683],[-92.8635,45.21703],[-92.86438,45.21692],[-92.86452,45.21683]]],[[[-92.76304,45.2098],[-92.76294,45.20984],[-92.76211,45.21142],[-92.76149,45.21464],[-92.76154,45.2146],[-92.76228,45.21131],[-92.76304,45.2098]]],[[[-92.76282,45.26985],[-92.76258,45.26872],[-92.76236,45.26866],[-92.76232,45.26947],[-92.76124,45.26946],[-92.76083,45.26999],[-92.75931,45.26955],[-92.75917,45.26906],[-92.75824,45.26872],[-92.75729,45.26785],[-92.7573,45.26595],[-92.75916,45.26538],[-92.7593,45.26484],[-92.76051,45.26438],[-92.7603,45.26398],[-92.761,45.26406],[-92.76154,45.26319],[-92.76118,45.26256],[-92.75935,45.26269],[-92.75894,45.26304],[-92.75935,45.26344],[-92.75874,45.26321],[-92.75891,45.26366],[-92.75836,45.26329],[-92.75805,45.26362],[-92.75709,45.26346],[-92.75701,45.26387],[-92.75599,45.26317],[-92.7572,45.26212],[-92.75651,45.26247],[-92.7564,45.26229],[-92.75726,45.26094],[-92.75675,45.26039],[-92.7567,45.25952],[-92.75708,45.25925],[-92.75685,45.25877],[-92.75728,45.25725],[-92.75817,45.25614],[-92.75794,45.25593],[-92.75516,45.2585],[-92.75332,45.26167],[-92.75325,45.26392],[-92.75281,45.26405],[-92.75289,45.2657],[-92.75391,45.26957],[-92.75541,45.27137],[-92.7586,45.27334],[-92.76166,45.27189],[-92.76282,45.26985]]],[[[-92.76246,45.20967],[-92.76202,45.20967],[-92.76143,45.20999],[-92.76126,45.20967],[-92.76067,45.20966],[-92.76087,45.20993],[-92.76046,45.21008],[-92.76057,45.21096],[-92.76216,45.21025],[-92.76246,45.20967]]],[[[-92.76186,45.26736],[-92.76102,45.2652],[-92.76082,45.26564],[-92.76158,45.26725],[-92.76186,45.26736]]],[[[-92.76143,45.26014],[-92.76091,45.26015],[-92.76088,45.25985],[-92.76028,45.25967],[-92.76072,45.25924],[-92.76004,45.25916],[-92.7602,45.25892],[-92.75949,45.25739],[-92.75957,45.25879],[-92.75977,45.25938],[-92.75951,45.25996],[-92.75946,45.25959],[-92.7584,45.25886],[-92.75822,45.25923],[-92.75878,45.25989],[-92.75874,45.26031],[-92.76121,45.26091],[-92.76143,45.26014]]],[[[-92.76143,45.29097],[-92.75895,45.29216],[-92.75923,45.2924],[-92.75619,45.29276],[-92.75004,45.29474],[-92.74744,45.29633],[-92.74943,45.29633],[-92.74975,45.29615],[-92.74985,45.29548],[-92.7502,45.29525],[-92.75254,45.29467],[-92.75295,45.29411],[-92.75462,45.29336],[-92.75498,45.29339],[-92.75323,45.29474],[-92.75423,45.29499],[-92.75847,45.29395],[-92.7595,45.29346],[-92.75957,45.29315],[-92.75763,45.29399],[-92.75618,45.29412],[-92.75616,45.29372],[-92.75566,45.29356],[-92.75642,45.29336],[-92.75719,45.29368],[-92.75819,45.29356],[-92.76017,45.29229],[-92.75976,45.29218],[-92.76143,45.29097]]],[[[-92.76081,45.21436],[-92.7601,45.21424],[-92.76003,45.21393],[-92.76043,45.21372],[-92.76011,45.2136],[-92.76051,45.21194],[-92.76023,45.21195],[-92.7594,45.21311],[-92.75955,45.21439],[-92.76081,45.21436]]],[[[-92.76034,45.20966],[-92.75942,45.20965],[-92.75588,45.21288],[-92.75337,45.21646],[-92.75291,45.21802],[-92.75318,45.21935],[-92.75384,45.21971],[-92.75434,45.21924],[-92.75432,45.2177],[-92.7548,45.21722],[-92.75567,45.21677],[-92.75753,45.21649],[-92.75905,45.21542],[-92.75811,45.21562],[-92.75748,45.21529],[-92.75786,45.21441],[-92.75764,45.21425],[-92.75941,45.21227],[-92.76014,45.21042],[-92.75812,45.2119],[-92.75802,45.21255],[-92.75851,45.21223],[-92.7588,45.21239],[-92.75717,45.21399],[-92.75706,45.21343],[-92.75786,45.21262],[-92.75751,45.21208],[-92.76034,45.20966]]],[[[-92.75958,45.2147],[-92.75946,45.21469],[-92.75954,45.21501],[-92.75958,45.2147]]],[[[-92.75837,45.27352],[-92.75536,45.27159],[-92.75556,45.27217],[-92.75786,45.27437],[-92.75826,45.27437],[-92.75837,45.27352]]],[[[-92.75623,45.29633],[-92.75523,45.29604],[-92.75551,45.29514],[-92.75328,45.2957],[-92.75215,45.29572],[-92.75158,45.29529],[-92.75076,45.29633],[-92.75623,45.29633]]],[[[-92.75418,45.2214],[-92.75374,45.22099],[-92.75352,45.22134],[-92.75278,45.22036],[-92.75303,45.22126],[-92.75375,45.22199],[-92.75418,45.2214]]],[[[-92.7478,45.29554],[-92.7476,45.29516],[-92.74576,45.29608],[-92.74555,45.29633],[-92.74646,45.29633],[-92.7478,45.29554]]]]}},
{"type":"Feature","id":"2395854","properties":{"id":"2395854","name":"Shakopee","kind":"city","counties":["Scott"],"population":45961,"label":[-93.47998,44.77415]},"geometry":{"type":"MultiPolygon","coordinates":[[[[-93.57618,44.76749],[-93.57461,44.76633],[-93.5742,44.76659],[-93.57288,44.76552],[-93.57148,44.7655],[-93.57145,44.76185],[-93.56632,44.76176],[-93.56639,44.76828],[-93.56127,44.7683],[-93.56128,44.76951],[-93.56026,44.76952],[-93.56025,44.76897],[-93.55942,44.76899],[-93.55942,44.76954],[-93.55861,44.76957],[-93.5586,44.76901],[-93.55616,44.76906],[-93.55613,44.7654],[-93.56123,44.76531],[-93.56119,44.76167],[-93.55611,44.76175],[-93.55648,44.74905],[-93.55135,44.74909],[-93.55125,44.75253],[-93.54905,44.75255],[-93.5491,44.75099],[-93.54368,44.75105],[-93.54365,44.75286],[-93.54111,44.75289],[-93.5411,44.75441],[-93.54248,44.75439],[-93.54248,44.75472],[-93.54617,44.75467],[-93.54606,44.75782],[-93.55111,44.75769],[-93.55099,44.76183],[-93.54089,44.76213],[-93.54087,44.76577],[-93.53573,44.76553],[-93.53573,44.76903],[-93.53058,44.76815],[-93.53058,44.76739],[-93.52895,44.76723],[-93.52543,44.76713],[-93.52542,44.76859],[-93.52037,44.76832],[-93.52031,44.74708],[-93.52031,44.74707],[-93.51971,44.74712],[-93.51741,44.74628],[-93.51587,44.74641],[-93.51481,44.74586],[-93.51613,44.7468],[-93.5173,44.74681],[-93.51989,44.74826],[-93.51916,44.74855],[-93.51726,44.74745],[-93.51466,44.7474],[-93.51389,44.74826],[-93.51441,44.74891],[-93.51451,44.74986],[-93.51378,44.75024],[-93.51297,44.74993],[-93.51302,44.74965],[-93.5126,44.74949],[-93.51135,44.7499],[-93.51069,44.74958],[-93.50881,44.74965],[-93.50844,44.74876],[-93.5076,44.74797],[-93.50753,44.74722],[-93.50721,44.74708],[-93.50722,44.74674],[-93.50814,44.74613],[-93.51005,44.74549],[-93.51064,44.74393],[-93.5119,44.74387],[-93.51157,44.74328],[-93.51096,44.74329],[-93.51013,44.74243],[-93.50952,44.74124],[-93.51029,44.74108],[-93.51007,44.74178],[-93.51108,44.74228],[-93.51159,44.74212],[-93.51087,44.74193],[-93.51124,44.74116],[-93.51076,44.74084],[-93.51087,44.74017],[-93.51318,44.73984],[-93.513,44.73853],[-93.51491,44.73915],[-93.51487,44.73979],[-93.51367,44.73997],[-93.51386,44.74078],[-93.51511,44.74077],[-93.51534,44.73993],[-93.51708,44.73971],[-93.51822,44.74024],[-93.51907,44.74015],[-93.51885,44.73964],[-93.51917,44.73979],[-93.51983,44.73945],[-93.5204,44.73876],[-93.51999,44.7381],[-93.51682,44.73815],[-93.51621,44.73861],[-93.51444,44.73762],[-93.51271,44.73735],[-93.5137,44.7367],[-93.51602,44.73604],[-93.51734,44.73626],[-93.5178,44.73557],[-93.51976,44.73508],[-93.5205,44.73418],[-93.52075,44.7177],[-93.49042,44.71764],[-93.49037,44.73206],[-93.48839,44.7321],[-93.48851,44.73214],[-93.48858,44.73258],[-93.48698,44.73303],[-93.487,44.73329],[-93.48744,44.73393],[-93.48857,44.73391],[-93.48954,44.73442],[-93.49051,44.73434],[-93.48975,44.73556],[-93.48995,44.73627],[-93.48952,44.73638],[-93.48874,44.73616],[-93.48906,44.73564],[-93.48692,44.73522],[-93.48295,44.73569],[-93.48287,44.73491],[-93.4803,44.73574],[-93.48008,44.73561],[-93.47978,44.75391],[-93.45954,44.75391],[-93.4596,44.7577],[-93.44936,44.75768],[-93.44946,44.75392],[-93.43968,44.75403],[-93.43958,44.75762],[-93.42931,44.75761],[-93.42933,44.76125],[-93.4193,44.76124],[-93.41933,44.7539],[-93.39901,44.75377],[-93.39889,44.79003],[-93.39989,44.79077],[-93.39889,44.79118],[-93.39886,44.79816],[-93.40044,44.79928],[-93.40458,44.80331],[-93.40924,44.80559],[-93.41484,44.80739],[-93.41932,44.80663],[-93.42157,44.80679],[-93.43329,44.81052],[-93.43576,44.81153],[-93.43654,44.81211],[-93.43834,44.8127],[-93.44,44.81237],[-93.44058,44.81182],[-93.44194,44.80777],[-93.44353,44.8056],[-93.44646,44.80407],[-93.45001,44.80326],[-93.45751,44.80303],[-93.45846,44.80335],[-93.46126,44.80575],[-93.46283,44.80627],[-93.46887,44.80556],[-93.47617,44.80407],[-93.48098,44.80413],[-93.48196,44.80452],[-93.48298,44.80688],[-93.48379,44.8072],[-93.49001,44.8044],[-93.49309,44.80417],[-93.49377,44.80451],[-93.4944,44.80621],[-93.49675,44.80896],[-93.49774,44.80957],[-93.49891,44.80973],[-93.50058,44.80873],[-93.50257,44.80494],[-93.50346,44.80429],[-93.51139,44.80466],[-93.5155,44.80358],[-93.52423,44.80046],[-93.53229,44.7992],[-93.53404,44.79973],[-93.53639,44.80074],[-93.53814,44.80058],[-93.54284,44.79691],[-93.54721,44.79532],[-93.5486,44.79545],[-93.55041,44.79648],[-93.55121,44.79713],[-93.55138,44.79306],[-93.5519,44.7928],[-93.55141,44.79217],[-93.55241,44.79162],[-93.54982,44.79164],[-93.55556,44.78659],[-93.55628,44.7865],[-93.55629,44.78594],[-93.55919,44.78335],[-93.56096,44.78086],[-93.56133,44.78026],[-93.56136,44.77622],[-93.56005,44.77626],[-93.56003,44.77538],[-93.56135,44.77534],[-93.56132,44.7731],[-93.5648,44.77317],[-93.56481,44.77455],[-93.56645,44.77451],[-93.56643,44.77211],[-93.56985,44.77176],[-93.57024,44.772],[-93.57185,44.77076],[-93.57186,44.76915],[-93.57395,44.76919],[-93.57618,44.76749]],[[-93.53404,44.79973],[-93.534,44.79946],[-93.53428,44.79946],[-93.53404,44.79973]],[[-93.54167,44.76995],[-93.54087,44.77015],[-93.54086,44.76941],[-93.54165,44.76938],[-93.54167,44.76995]],[[-93.54101,44.77056],[-93.54089,44.771],[-93.54088,44.77056],[-93.54101,44.77056]],[[-93.45737,44.77553],[-93.45705,44.77584],[-93.45731,44.77693],[-93.45587,44.77689],[-93.45585,44.77821],[-93.45623,44.77908],[-93.45433,44.77869],[-93.45399,44.77921],[-93.45246,44.77918],[-93.45111,44.77862],[-93.45115,44.77811],[-93.4497,44.77742],[-93.44898,44.77788],[-93.44883,44.77891],[-93.45061,44.77882],[-93.45134,44.77934],[-93.45135,44.7799],[-93.45031,44.78074],[-93.44921,44.78054],[-93.44948,44.78012],[-93.44925,44.77954],[-93.44833,44.77971],[-93.4481,44.7794],[-93.44758,44.7794],[-93.44734,44.77959],[-93.44806,44.7799],[-93.44825,44.78045],[-93.44723,44.78115],[-93.44648,44.78076],[-93.44641,44.77986],[-93.44594,44.77944],[-93.44547,44.7791],[-93.44566,44.77862],[-93.44483,44.77781],[-93.44511,44.77712],[-93.44451,44.777],[-93.44398,44.77733],[-93.44399,44.77684],[-93.4435,44.77659],[-93.44447,44.77605],[-93.44451,44.77561],[-93.44335,44.77649],[-93.4429,44.77607],[-93.44303,44.77565],[-93.44252,44.7754],[-93.44266,44.77516],[-93.44253,44.77508],[-93.44278,44.77497],[-93.4428,44.77494],[-93.44346,44.77533],[-93.44344,44.77485],[-93.44163,44.7751],[-93.44157,44.77542],[-93.44218,44.77581],[-93.44142,44.77625],[-93.44018,44.77475],[-93.43855,44.77465],[-93.43762,44.77397],[-93.43599,44.7737],[-93.43612,44.77314],[-93.43775,44.77109],[-93.4389,44.77083],[-93.44376,44.77238],[-93.44562,44.77249],[-93.44631,44.77273],[-93.44637,44.77274],[-93.4464,44.77276],[-93.44676,44.77289],[-93.44856,44.77411],[-93.45131,44.77498],[-93.45322,44.77467],[-93.45458,44.77498],[-93.45465,44.77467],[-93.4553,44.77447],[-93.45737,44.77553]],[[-93.44451,44.80156],[-93.44422,44.80192],[-93.44294,44.80259],[-93.44053,44.80206],[-93.43905,44.8024],[-93.43835,44.80293],[-93.4378,44.8041],[-93.43623,44.80476],[-93.436,44.80524],[-93.43626,44.80597],[-93.43931,44.80744],[-93.43966,44.80789],[-93.43938,44.80819],[-93.43838,44.80842],[-93.43774,44.80787],[-93.43684,44.80773],[-93.43514,44.80867],[-93.43433,44.80876],[-93.43372,44.80776],[-93.43314,44.80702],[-93.4289,44.80435],[-93.42717,44.80186],[-93.42662,44.80156],[-93.42524,44.80154],[-93.42534,44.80083],[-93.42928,44.80099],[-93.43851,44.80027],[-93.44098,44.8013],[-93.44095,44.80099],[-93.44255,44.80064],[-93.44438,44.80099],[-93.44451,44.80156]],[[-93.43852,44.78715],[-93.43847,44.79116],[-93.43641,44.79221],[-93.43313,44.79134],[-93.43314,44.79027],[-93.43227,44.78903],[-93.43229,44.7886],[-93.4311,44.78916],[-93.42972,44.78907],[-93.42986,44.7872],[-93.43852,44.78715]],[[-93.41927,44.80323],[-93.41883,44.80372],[-93.4169,44.80365],[-93.41253,44.8044],[-93.40952,44.80373],[-93.40426,44.80083],[-93.40211,44.79851],[-93.40109,44.79628],[-93.40267,44.79505],[-93.40364,44.79499],[-93.40605,44.79406],[-93.40593,44.79305],[-93.40616,44.79282],[-93.40678,44.79285],[-93.40878,44.79439],[-93.41153,44.79511],[-93.41169,44.79598],[-93.41221,44.79648],[-93.41496,44.79753],[-93.41596,44.79847],[-93.41766,44.79903],[-93.41829,44.80023],[-93.41903,44.80086],[-93.41891,44.80175],[-93.41927,44.80323]]],[[[-93.54111,44.80482],[-93.54109,44.79922],[-93.53986,44.80035],[-93.53773,44.80134],[-93.53632,44.8012],[-93.53303,44.79997],[-93.53138,44.79985],[-93.52328,44.80144],[-93.52033,44.80247],[-93.52042,44.80462],[-93.54111,44.80482]]],[[[-93.52038,44.74251],[-93.51949,44.74287],[-93.51685,44.74203],[-93.51615,44.74264],[-93.51778,44.74273],[-93.51811,44.74305],[-93.51721,44.74321],[-93.51769,44.74347],[-93.52033,44.74362],[-93.52036,44.74353],[-93.52038,44.74251]]],[[[-93.51939,44.7357],[-93.5193,44.7356],[-93.51915,44.73559],[-93.51939,44.7357]]],[[[-93.51565,44.74337],[-93.51506,44.74321],[-93.51474,44.74347],[-93.51491,44.74363],[-93.51565,44.74337]]],[[[-93.51401,44.74546],[-93.51346,44.74477],[-93.51184,44.74448],[-93.5126,44.74498],[-93.5121,44.74503],[-93.51233,44.74553],[-93.51347,44.74574],[-93.51401,44.74546]]],[[[-93.51394,44.74753],[-93.51369,44.74745],[-93.51358,44.74777],[-93.51394,44.74753]]],[[[-93.51231,44.74923],[-93.51208,44.74882],[-93.51206,44.74848],[-93.51182,44.74853],[-93.51165,44.74924],[-93.51231,44.74923]]],[[[-93.51228,44.74225],[-93.51222,44.7421],[-93.51207,44.74215],[-93.51228,44.74225]]],[[[-93.4853,44.73217],[-93.48013,44.73228],[-93.48011,44.73341],[-93.48068,44.73327],[-93.48121,44.73256],[-93.4836,44.73348],[-93.48529,44.73223],[-93.4853,44.73217]]],[[[-93.44601,44.80494],[-93.44594,44.80496],[-93.44583,44.80503],[-93.44601,44.80494]]],[[[-93.44287,44.80744],[-93.44278,44.80754],[-93.44267,44.80795],[-93.44287,44.80744]]]]}},
{"type":"Feature","id":"2395876","properties":{"id":"2395876","name":"Shoreview","kind":"city","counties":["Ramsey"],"population":27141,"label":[-93.1358,45.08421]},"geometry":{"type":"MultiPolygon","coordinates":[[[[-93.18867,45.12433],[-93.1885,45.10804],[-93.14773,45.10806],[-93.14694,45.03581],[-93.12835,45.03584],[-93.12701,45.03793],[-93.1263,45.03853],[-93.12453,45.04207],[-93.12298,45.04305],[-93.12192,45.04313],[-93.12053,45.04275],[-93.12055,45.04184],[-93.12023,45.04125],[-93.11843,45.04026],[-93.11574,45.04035],[-93.11553,45.0407],[-93.11585,45.04165],[-93.11438,45.04218],[-93.11264,45.0423],[-93.11107,45.04177],[-93.11028,45.04013],[-93.10983,45.03642],[-93.11025,45.03587],[-93.10621,45.03588],[-93.10648,45.07913],[-93.11712,45.07943],[-93.11886,45.0829],[-93.11685,45.08291],[-93.11691,45.08836],[-93.12337,45.0884],[-93.12675,45.09131],[-93.12699,45.09167],[-93.12723,45.10823],[-93.11189,45.10829],[-93.11178,45.10834],[-93.11187,45.11194],[-93.10666,45.11197],[-93.1067,45.11883],[-93.10868,45.11935],[-93.10875,45.11963],[-93.10819,45.11985],[-93.10855,45.12082],[-93.10691,45.12166],[-93.10672,45.12185],[-93.10673,45.12409],[-93.15355,45.12423],[-93.18867,45.12433]],[[-93.14584,45.10439],[-93.14528,45.10556],[-93.14433,45.10623],[-93.14195,45.10706],[-93.13796,45.10773],[-93.13366,45.10748],[-93.13181,45.10664],[-93.13156,45.10587],[-93.13197,45.10375],[-93.13075,45.10154],[-93.13063,45.10066],[-93.13097,45.09868],[-93.13211,45.09674],[-93.13232,45.09572],[-93.13195,45.09482],[-93.13066,45.09333],[-93.13078,45.09243],[-93.13188,45.09069],[-93.13369,45.0898],[-93.13605,45.08951],[-93.13639,45.08963],[-93.13603,45.09026],[-93.1365,45.09084],[-93.1383,45.09156],[-93.1402,45.09174],[-93.14322,45.09307],[-93.14438,45.09476],[-93.14446,45.09544],[-93.1443,45.09743],[-93.14362,45.09905],[-93.14291,45.09965],[-93.14275,45.10059],[-93.14313,45.10171],[-93.14456,45.10187],[-93.14553,45.10282],[-93.14584,45.10439]],[[-93.13901,45.05233],[-93.13888,45.05235],[-93.1387,45.0526],[-93.1383,45.05247],[-93.13804,45.05252],[-93.13742,45.05315],[-93.1381,45.05448],[-93.13801,45.05515],[-93.13666,45.05593],[-93.13615,45.0566],[-93.13464,45.05657],[-93.13436,45.05683],[-93.13447,45.05649],[-93.13339,45.05586],[-93.13386,45.05488],[-93.13325,45.05435],[-93.13501,45.05366],[-93.13514,45.05327],[-93.13479,45.05299],[-93.13466,45.05294],[-93.13467,45.0529],[-93.13458,45.05283],[-93.13478,45.05253],[-93.13586,45.05236],[-93.13557,45.05189],[-93.13481,45.0517],[-93.13481,45.05165],[-93.1346,45.05159],[-93.13481,45.05081],[-93.13556,45.05056],[-93.13557,45.05055],[-93.13559,45.05055],[-93.13562,45.05054],[-93.13791,45.05056],[-93.13808,45.05143],[-93.13851,45.05184],[-93.13897,45.05224],[-93.13895,45.05227],[-93.13901,45.05233]],[[-93.13675,45.05784],[-93.13661,45.0582],[-93.13439,45.05854],[-93.13478,45.05892],[-93.13585,45.05906],[-93.13553,45.05977],[-93.13484,45.05984],[-93.1341,45.0598],[-93.13275,45.05864],[-93.13177,45.05839],[-93.13156,45.05761],[-93.13176,45.05685],[-93.1324,45.05681],[-93.13368,45.05753],[-93.13446,45.05707],[-93.1345,45.05751],[-93.13491,45.05731],[-93.13519,45.0576],[-93.13587,45.05745],[-93.136,45.0578],[-93.13675,45.05784]],[[-93.13311,45.07589],[-93.13197,45.07743],[-93.12987,45.07835],[-93.1278,45.07856],[-93.12669,45.07786],[-93.1262,45.07646],[-93.12408,45.07596],[-93.12232,45.07418],[-93.12067,45.07318],[-93.12042,45.07107],[-93.12127,45.06903],[-93.12214,45.06843],[-93.12438,45.06751],[-93.12502,45.06754],[-93.12581,45.06808],[-93.12597,45.06944],[-93.12758,45.07097],[-93.12759,45.07166],[-93.12705,45.07237],[-93.12822,45.07292],[-93.12761,45.07424],[-93.12977,45.07292],[-93.13185,45.07361],[-93.13294,45.07437],[-93.13311,45.07589]],[[-93.11988,45.04419],[-93.11893,45.04571],[-93.11489,45.04714],[-93.11388,45.0472],[-93.11304,45.04698],[-93.11207,45.04617],[-93.11226,45.0455],[-93.11341,45.04439],[-93.11515,45.04354],[-93.11648,45.0435],[-93.11757,45.0441],[-93.11911,45.04376],[-93.11746,45.04346],[-93.11757,45.04289],[-93.11984,45.04333],[-93.11988,45.04419]],[[-93.11953,45.05635],[-93.11908,45.05873],[-93.11757,45.06041],[-93.11584,45.06027],[-93.11489,45.06017],[-93.11306,45.05887],[-93.10995,45.05791],[-93.10956,45.05738],[-93.10966,45.05601],[-93.1103,45.05457],[-93.11213,45.05252],[-93.11634,45.05178],[-93.11847,45.05287],[-93.11908,45.05393],[-93.11953,45.05635]]],[[[-93.13396,45.05856],[-93.13315,45.05818],[-93.13292,45.05861],[-93.13345,45.05892],[-93.13396,45.05856]]],[[[-93.11697,45.05707],[-93.11579,45.05666],[-93.11523,45.0575],[-93.11571,45.05767],[-93.11697,45.05707]]]]}},
{"type":"Feature","id":"2395877","properties":{"id":"2395877","name":"Shorewood","kind":"city","counties":["Carver","Hennepin"],"population":7859,"label":[-93.6423,44.91333]},"geometry":{"type":"MultiPolygon","coordinates":[[[[-93.64542,44.91245],[-93.6454,44.90619],[-93.64311,44.90686],[-93.63993,44.90676],[-93.63993,44.90682],[-93.63981,44.90682],[-93.63995,44.90715],[-93.64005,44.90891],[-93.64077,44.90873],[-93.64205,44.9096],[-93.64204,44.90968],[-93.6416,44.90995],[-93.63891,44.91067],[-93.6388,44.9103],[-93.6398,44.91005],[-93.64027,44.90949],[-93.63936,44.90973],[-93.63906,44.90937],[-93.63967,44.90925],[-93.63851,44.90905],[-93.63842,44.90914],[-93.63833,44.90913],[-93.63784,44.90974],[-93.6368,44.91082],[-93.6368,44.91104],[-93.63678,44.91107],[-93.6368,44.91111],[-93.6368,44.91121],[-93.63704,44.91153],[-93.63932,44.91089],[-93.63988,44.91085],[-93.63989,44.91087],[-93.63907,44.91113],[-93.63851,44.91121],[-93.63834,44.91136],[-93.63806,44.91145],[-93.63807,44.91161],[-93.63799,44.91168],[-93.63808,44.91174],[-93.63808,44.91178],[-93.63834,44.91192],[-93.63854,44.91206],[-93.63862,44.91207],[-93.63865,44.91209],[-93.64004,44.9123],[-93.64004,44.91274],[-93.64109,44.91334],[-93.64226,44.91369],[-93.64253,44.9138],[-93.64337,44.91415],[-93.64363,44.91409],[-93.6439,44.91417],[-93.64398,44.91401],[-93.64404,44.914],[-93.64434,44.91331],[-93.64376,44.91335],[-93.64348,44.91373],[-93.64319,44.91345],[-93.64331,44.91251],[-93.64387,44.912],[-93.64448,44.91312],[-93.64542,44.91245]]],[[[-93.6433,44.91917],[-93.64089,44.91872],[-93.64082,44.91879],[-93.64083,44.91879],[-93.64287,44.91921],[-93.6433,44.91917]]],[[[-93.64139,44.90976],[-93.64095,44.90938],[-93.64057,44.90972],[-93.64077,44.90997],[-93.64139,44.90976]]],[[[-93.63992,44.894],[-93.63964,44.89292],[-93.63892,44.89204],[-93.63757,44.89139],[-93.62969,44.89142],[-93.6295,44.89156],[-93.62994,44.89224],[-93.62911,44.89309],[-93.62971,44.89422],[-93.62881,44.89313],[-93.62958,44.89244],[-93.62953,44.89197],[-93.62833,44.89174],[-93.62831,44.89143],[-93.60459,44.89154],[-93.55382,44.89111],[-93.54657,44.8912],[-93.54686,44.89356],[-93.54788,44.89478],[-93.5483,44.89587],[-93.54763,44.89706],[-93.54765,44.89757],[-93.54798,44.89764],[-93.54862,44.89657],[-93.54915,44.8964],[-93.55003,44.89665],[-93.5509,44.89771],[-93.55104,44.89968],[-93.55053,44.90049],[-93.54969,44.90009],[-93.54929,44.89947],[-93.54852,44.89954],[-93.54807,44.89992],[-93.54811,44.90066],[-93.54903,44.9016],[-93.5464,44.90253],[-93.54499,44.90267],[-93.54486,44.90231],[-93.54543,44.90172],[-93.54475,44.90084],[-93.54482,44.89951],[-93.54449,44.89902],[-93.54373,44.89877],[-93.54284,44.89959],[-93.54403,44.90074],[-93.54265,44.90235],[-93.53976,44.90305],[-93.53789,44.90272],[-93.53669,44.90231],[-93.53547,44.90139],[-93.5365,44.89854],[-93.54127,44.89126],[-93.52336,44.89148],[-93.52333,44.9114],[-93.52843,44.90947],[-93.52843,44.91094],[-93.53353,44.90997],[-93.53329,44.91688],[-93.53837,44.91692],[-93.53834,44.92054],[-93.54654,44.92063],[-93.54656,44.92007],[-93.54771,44.91964],[-93.54771,44.91913],[-93.54883,44.91863],[-93.54848,44.91645],[-93.54846,44.91331],[-93.54721,44.91313],[-93.5451,44.91094],[-93.54302,44.91004],[-93.5436,44.90956],[-93.54302,44.90812],[-93.54415,44.90724],[-93.54399,44.9054],[-93.54538,44.90494],[-93.54924,44.90262],[-93.55294,44.90177],[-93.55295,44.90084],[-93.55255,44.90088],[-93.55245,44.89928],[-93.55359,44.89928],[-93.55362,44.89835],[-93.5582,44.89843],[-93.55823,44.89749],[-93.55734,44.89748],[-93.55791,44.89644],[-93.5585,44.89672],[-93.56082,44.89669],[-93.56027,44.89592],[-93.56036,44.89547],[-93.56133,44.89526],[-93.56285,44.89577],[-93.56471,44.89492],[-93.56712,44.89515],[-93.56761,44.8955],[-93.56751,44.89598],[-93.56916,44.89664],[-93.5688,44.89732],[-93.56772,44.8978],[-93.5678,44.89841],[-93.56878,44.89843],[-93.56923,44.89757],[-93.56978,44.89765],[-93.57074,44.89707],[-93.57096,44.89708],[-93.57062,44.89823],[-93.57087,44.89829],[-93.57168,44.89564],[-93.57193,44.89521],[-93.57238,44.89521],[-93.57238,44.89601],[-93.57315,44.89601],[-93.57336,44.89697],[-93.57391,44.89698],[-93.57391,44.89647],[-93.57497,44.89648],[-93.57497,44.89699],[-93.57531,44.89699],[-93.57526,44.89757],[-93.57714,44.89774],[-93.5773,44.8972],[-93.57912,44.89721],[-93.57911,44.89888],[-93.57763,44.89888],[-93.57763,44.90138],[-93.57652,44.90138],[-93.5767,44.90341],[-93.57667,44.90344],[-93.57857,44.90327],[-93.579,44.90282],[-93.58041,44.90311],[-93.58035,44.90356],[-93.58087,44.90326],[-93.58159,44.90343],[-93.58335,44.9056],[-93.58404,44.9059],[-93.58428,44.90549],[-93.58434,44.90412],[-93.58761,44.90506],[-93.58759,44.90103],[-93.58914,44.90067],[-93.58917,44.90244],[-93.58975,44.90323],[-93.5893,44.90359],[-93.5893,44.90474],[-93.58854,44.90465],[-93.58854,44.905],[-93.58931,44.90529],[-93.59433,44.90545],[-93.59518,44.90606],[-93.60194,44.90613],[-93.60184,44.90978],[-93.60133,44.91039],[-93.60211,44.90983],[-93.60254,44.90944],[-93.60266,44.90943],[-93.60282,44.90932],[-93.60844,44.90912],[-93.61145,44.90799],[-93.61418,44.90749],[-93.61556,44.90758],[-93.61723,44.90835],[-93.62216,44.90704],[-93.62449,44.90724],[-93.62462,44.90673],[-93.62435,44.90657],[-93.62501,44.90636],[-93.62471,44.90733],[-93.62755,44.90897],[-93.62939,44.91099],[-93.62975,44.90917],[-93.62834,44.90657],[-93.62862,44.9052],[-93.62919,44.90473],[-93.63016,44.90458],[-93.62935,44.90431],[-93.63022,44.90371],[-93.63099,44.90372],[-93.63029,44.90435],[-93.63054,44.90444],[-93.63319,44.904],[-93.63456,44.90315],[-93.63514,44.90237],[-93.63693,44.90136],[-93.63892,44.89642],[-93.63894,44.89618],[-93.63784,44.89578],[-93.63894,44.89601],[-93.63992,44.894]]],[[[-93.63701,44.92165],[-93.63699,44.92166],[-93.63672,44.92212],[-93.63678,44.92319],[-93.63633,44.92397],[-93.63645,44.92387],[-93.63684,44.92312],[-93.63701,44.92165]]],[[[-93.63638,44.91208],[-93.63626,44.91205],[-93.63601,44.9119],[-93.63517,44.91182],[-93.63227,44.91249],[-93.63047,44.91361],[-93.63578,44.91546],[-93.63608,44.91555],[-93.63603,44.91521],[-93.63538,44.91415],[-93.63581,44.91264],[-93.63638,44.91213],[-93.63635,44.91211],[-93.63638,44.91208]]],[[[-93.63458,44.92647],[-93.63448,44.92622],[-93.63448,44.92622],[-93.63448,44.92622],[-93.63444,44.92671],[-93.63451,44.9266],[-93.63458,44.92647]]],[[[-93.63447,44.92619],[-93.63442,44.92607],[-93.63412,44.92589],[-93.63447,44.92619]]],[[[-93.63401,44.92747],[-93.63207,44.9294],[-93.63139,44.93008],[-93.63139,44.93013],[-93.63139,44.93014],[-93.63383,44.9278],[-93.63401,44.92747]]],[[[-93.63346,44.92538],[-93.63338,44.92531],[-93.63338,44.92533],[-93.63345,44.92538],[-93.63346,44.92538]]],[[[-93.63335,44.92546],[-93.63327,44.92538],[-93.63327,44.92538],[-93.63335,44.92546]]],[[[-93.63301,44.92411],[-93.63273,44.9239],[-93.63272,44.92401],[-93.63295,44.9241],[-93.63297,44.92415],[-93.63301,44.92411]]],[[[-93.63283,44.92112],[-93.63045,44.92041],[-93.63017,44.92051],[-93.63051,44.92103],[-93.63061,44.92105],[-93.63064,44.92109],[-93.6321,44.92133],[-93.63283,44.92112]]],[[[-93.63265,44.92475],[-93.63265,44.92475],[-93.63264,44.92462],[-93.63263,44.92473],[-93.63265,44.92475]]],[[[-93.63079,44.93225],[-93.63071,44.93222],[-93.63067,44.93224],[-93.63079,44.93225]]],[[[-93.62853,44.9158],[-93.62846,44.91576],[-93.62846,44.9156],[-93.62741,44.91513],[-93.62675,44.91474],[-93.62665,44.91463],[-93.62649,44.91401],[-93.62649,44.91374],[-93.62644,44.91382],[-93.62642,44.91375],[-93.62619,44.9142],[-93.62574,44.91487],[-93.6256,44.91533],[-93.62549,44.91553],[-93.62548,44.91571],[-93.62526,44.91639],[-93.62532,44.91762],[-93.62586,44.91776],[-93.62745,44.91828],[-93.62764,44.91844],[-93.62774,44.91838],[-93.62787,44.91842],[-93.62794,44.91824],[-93.62807,44.91815],[-93.62817,44.91763],[-93.62846,44.91688],[-93.62846,44.91616],[-93.62853,44.9158]]],[[[-93.62749,44.93461],[-93.62664,44.93465],[-93.62731,44.93467],[-93.62749,44.93461]]],[[[-93.61866,44.89135],[-93.61865,44.89017],[-93.61663,44.89019],[-93.61711,44.89136],[-93.61866,44.89135]]],[[[-93.59976,44.91228],[-93.59935,44.91278],[-93.59879,44.91397],[-93.59976,44.91228]]],[[[-93.59874,44.92052],[-93.59868,44.92042],[-93.59756,44.91962],[-93.59549,44.91885],[-93.59552,44.91892],[-93.59791,44.91988],[-93.59874,44.92052]]],[[[-93.5983,44.91974],[-93.5976,44.9185],[-93.59764,44.91878],[-93.5983,44.91974]]],[[[-93.59783,44.916],[-93.59738,44.91695],[-93.59757,44.91826],[-93.59783,44.916]]],[[[-93.59579,44.91818],[-93.59578,44.91817],[-93.59579,44.91818],[-93.59579,44.91818]]],[[[-93.59553,44.91795],[-93.59544,44.91787],[-93.59515,44.91828],[-93.59515,44.91828],[-93.59553,44.91795]]],[[[-93.59552,44.91839],[-93.59533,44.91851],[-93.59534,44.91853],[-93.59552,44.91839]]],[[[-93.59471,44.91832],[-93.59285,44.91832],[-93.59125,44.91863],[-93.59471,44.91832]]],[[[-93.59438,44.9267],[-93.59369,44.92639],[-93.59375,44.92646],[-93.59438,44.9267]]],[[[-93.59082,44.92294],[-93.59064,44.92271],[-93.58992,44.92248],[-93.59042,44.92264],[-93.59082,44.92294]]],[[[-93.59042,44.9188],[-93.59036,44.91881],[-93.59018,44.91902],[-93.59042,44.9188]]],[[[-93.58961,44.91399],[-93.58955,44.91429],[-93.58958,44.91428],[-93.58961,44.91399]]],[[[-93.58919,44.91522],[-93.58912,44.91519],[-93.58875,44.91559],[-93.58676,44.91542],[-93.58678,44.91546],[-93.5888,44.91561],[-93.58919,44.91522]]],[[[-93.58911,44.92024],[-93.58893,44.92044],[-93.58892,44.92064],[-93.58897,44.92053],[-93.58899,44.92041],[-93.58907,44.92032],[-93.58911,44.92024]]],[[[-93.58867,44.91499],[-93.5882,44.91479],[-93.58809,44.91482],[-93.58867,44.91499]]],[[[-93.58788,44.91509],[-93.58781,44.91478],[-93.5877,44.91481],[-93.5877,44.9148],[-93.5869,44.91503],[-93.58782,44.91516],[-93.5878,44.91509],[-93.58788,44.91509]]],[[[-93.58764,44.92768],[-93.58711,44.92761],[-93.58737,44.92768],[-93.58764,44.92768]]],[[[-93.5873,44.9153],[-93.58708,44.91527],[-93.58707,44.91538],[-93.5873,44.9153]]],[[[-93.58682,44.91473],[-93.58545,44.91411],[-93.58579,44.91484],[-93.5862,44.91502],[-93.58639,44.9147],[-93.58652,44.91494],[-93.58682,44.91473]]],[[[-93.58484,44.91281],[-93.58465,44.91219],[-93.58411,44.91207],[-93.58459,44.91228],[-93.58484,44.91281]]],[[[-93.58397,44.90637],[-93.58392,44.90627],[-93.58391,44.90621],[-93.58389,44.90621],[-93.58387,44.90617],[-93.58339,44.90633],[-93.58255,44.90653],[-93.58278,44.90654],[-93.58257,44.90661],[-93.58295,44.90654],[-93.58339,44.90656],[-93.58395,44.90649],[-93.58393,44.90638],[-93.58397,44.90637]]],[[[-93.5839,44.92492],[-93.58386,44.92485],[-93.58387,44.92495],[-93.5839,44.92492]]],[[[-93.58388,44.91202],[-93.5838,44.912],[-93.58301,44.91226],[-93.58388,44.91202]]],[[[-93.5836,44.92431],[-93.58358,44.92426],[-93.58327,44.92447],[-93.5836,44.92431]]],[[[-93.58214,44.92503],[-93.58211,44.92504],[-93.58213,44.92503],[-93.58214,44.92503]]],[[[-93.57966,44.91297],[-93.57863,44.91297],[-93.57765,44.91319],[-93.57966,44.91297]]],[[[-93.57936,44.90668],[-93.57918,44.9061],[-93.57905,44.9061],[-93.57901,44.90603],[-93.57891,44.9061],[-93.57872,44.9061],[-93.57871,44.90623],[-93.57857,44.90633],[-93.5787,44.90648],[-93.57869,44.9066],[-93.57886,44.90666],[-93.57892,44.90673],[-93.57902,44.90672],[-93.57908,44.90674],[-93.57936,44.90668]]],[[[-93.57821,44.91609],[-93.57815,44.91606],[-93.57711,44.91605],[-93.57821,44.91609]]],[[[-93.57794,44.90448],[-93.57768,44.90408],[-93.57678,44.90415],[-93.57695,44.90454],[-93.57636,44.90467],[-93.57794,44.90448]]],[[[-93.57738,44.90375],[-93.57664,44.90371],[-93.57709,44.90385],[-93.57669,44.90393],[-93.57677,44.90412],[-93.57738,44.90375]]],[[[-93.57592,44.90477],[-93.57572,44.90482],[-93.57463,44.90573],[-93.57411,44.90585],[-93.57467,44.90577],[-93.57592,44.90477]]],[[[-93.57329,44.90604],[-93.57324,44.90605],[-93.57093,44.90732],[-93.57042,44.90828],[-93.57145,44.90704],[-93.57329,44.90604]]],[[[-93.57027,44.90858],[-93.57008,44.90893],[-93.56849,44.90864],[-93.57019,44.909],[-93.57027,44.90858]]],[[[-93.56622,44.92014],[-93.56572,44.91965],[-93.56563,44.91966],[-93.56559,44.91963],[-93.56538,44.9197],[-93.56512,44.91974],[-93.56516,44.91978],[-93.56512,44.91979],[-93.5653,44.91993],[-93.56562,44.92026],[-93.56566,44.92164],[-93.56622,44.92014]]],[[[-93.56619,44.90642],[-93.566,44.9061],[-93.56618,44.9068],[-93.56619,44.90642]]],[[[-93.56354,44.9037],[-93.56347,44.90364],[-93.56016,44.90334],[-93.55911,44.90553],[-93.55886,44.90542],[-93.55886,44.90545],[-93.55903,44.9056],[-93.55939,44.90547],[-93.56022,44.9035],[-93.56354,44.9037]]],[[[-93.56122,44.91081],[-93.56111,44.9104],[-93.56041,44.91017],[-93.56113,44.91071],[-93.55929,44.91228],[-93.55865,44.91374],[-93.55394,44.91512],[-93.5515,44.91717],[-93.55169,44.91706],[-93.55392,44.91518],[-93.55855,44.91394],[-93.55943,44.91231],[-93.56122,44.91081]]],[[[-93.56013,44.90771],[-93.55992,44.90773],[-93.55968,44.90797],[-93.56013,44.90771]]],[[[-93.55961,44.90805],[-93.55952,44.90814],[-93.55944,44.90857],[-93.55961,44.90805]]],[[[-93.55889,44.90577],[-93.55889,44.90577],[-93.55888,44.90578],[-93.55889,44.90577]]],[[[-93.55869,44.90377],[-93.55836,44.90362],[-93.55716,44.90388],[-93.55725,44.90394],[-93.55869,44.90377]]],[[[-93.55759,44.90695],[-93.55647,44.90612],[-93.55698,44.90687],[-93.55755,44.90703],[-93.55759,44.90695]]],[[[-93.55735,44.90931],[-93.55655,44.90945],[-93.55666,44.90957],[-93.55735,44.90931]]],[[[-93.5572,44.90772],[-93.55719,44.90772],[-93.5572,44.90772],[-93.5572,44.90772]]],[[[-93.55605,44.90888],[-93.55604,44.90887],[-93.55604,44.90887],[-93.55605,44.90888]]],[[[-93.55559,44.90303],[-93.55535,44.90289],[-93.55445,44.90289],[-93.55367,44.90341],[-93.55319,44.9033],[-93.55315,44.90286],[-93.55266,44.9034],[-93.55136,44.90342],[-93.55204,44.90361],[-93.55189,44.9037],[-93.55371,44.90365],[-93.55401,44.9034],[-93.55415,44.90316],[-93.55437,44.9031],[-93.55449,44.903],[-93.55472,44.90301],[-93.555,44.90293],[-93.5555,44.90303],[-93.55559,44.90303]]],[[[-93.55367,44.90368],[-93.55282,44.9041],[-93.55189,44.9037],[-93.55176,44.90378],[-93.55234,44.90421],[-93.55304,44.90421],[-93.55367,44.90368]]],[[[-93.55077,44.90343],[-93.55074,44.90343],[-93.54898,44.90396],[-93.54855,44.90453],[-93.54865,44.90444],[-93.54868,44.90436],[-93.54889,44.90423],[-93.54917,44.90398],[-93.54943,44.90389],[-93.54961,44.90378],[-93.55077,44.90343]]],[[[-93.55042,44.90606],[-93.55032,44.90597],[-93.55013,44.90596],[-93.55042,44.90606]]],[[[-93.55,44.91843],[-93.54977,44.91862],[-93.54975,44.91867],[-93.55,44.91843]]],[[[-93.54976,44.90547],[-93.54972,44.90543],[-93.54856,44.90508],[-93.54827,44.9053],[-93.54905,44.90558],[-93.54872,44.9053],[-93.54976,44.90547]]],[[[-93.54803,44.92566],[-93.54796,44.92554],[-93.54724,44.92577],[-93.54803,44.92566]]],[[[-93.54754,44.90587],[-93.54749,44.90591],[-93.54727,44.90715],[-93.54745,44.90694],[-93.54754,44.90587]]],[[[-93.5475,44.92222],[-93.54689,44.92281],[-93.54689,44.92283],[-93.5475,44.92222]]],[[[-93.54726,44.90716],[-93.54634,44.90725],[-93.54651,44.90751],[-93.54618,44.9082],[-93.54372,44.90844],[-93.54478,44.90867],[-93.54564,44.90866],[-93.54638,44.90819],[-93.54726,44.90716]]],[[[-93.54712,44.9239],[-93.54694,44.92312],[-93.54706,44.9238],[-93.54712,44.9239]]],[[[-93.54603,44.91006],[-93.54601,44.91004],[-93.54602,44.91005],[-93.54603,44.91006]]],[[[-93.54313,44.92706],[-93.54306,44.92708],[-93.54074,44.9299],[-93.5415,44.92929],[-93.54313,44.92706]]],[[[-93.54033,44.93024],[-93.53981,44.93029],[-93.54021,44.93033],[-93.54033,44.93024]]],[[[-93.53937,44.93025],[-93.53934,44.92973],[-93.53924,44.93024],[-93.53937,44.93025]]],[[[-93.53932,44.92933],[-93.53932,44.92931],[-93.53922,44.9292],[-93.53923,44.92922],[-93.53932,44.92933]]],[[[-93.53896,44.96372],[-93.53859,44.96361],[-93.53831,44.96357],[-93.53875,44.96372],[-93.53896,44.96372]]],[[[-93.53807,44.92404],[-93.53805,44.92403],[-93.53806,44.92408],[-93.53807,44.92409],[-93.53807,44.92404]]],[[[-93.53776,44.92391],[-93.53742,44.92377],[-93.53772,44.92391],[-93.53776,44.92391]]],[[[-93.53753,44.92454],[-93.53726,44.92431],[-93.53721,44.92441],[-93.53713,44.92438],[-93.53717,44.9245],[-93.53714,44.92456],[-93.53718,44.92456],[-93.5372,44.92461],[-93.53753,44.92454]]],[[[-93.53593,44.92313],[-93.53579,44.92307],[-93.53463,44.92395],[-93.53375,44.92396],[-93.53395,44.92406],[-93.53469,44.92406],[-93.53558,44.92324],[-93.53586,44.92318],[-93.53593,44.92313]]],[[[-93.53576,44.96268],[-93.53548,44.96249],[-93.53558,44.96262],[-93.53576,44.96268]]],[[[-93.53474,44.95946],[-93.5313,44.95659],[-93.53163,44.95704],[-93.5347,44.95947],[-93.5344,44.96109],[-93.53459,44.96134],[-93.5346,44.96121],[-93.53449,44.961],[-93.53474,44.95946]]],[[[-93.53399,44.92824],[-93.53397,44.92824],[-93.53248,44.92874],[-93.53091,44.92983],[-93.53249,44.92881],[-93.53399,44.92824]]],[[[-93.53285,44.92355],[-93.53282,44.92353],[-93.53273,44.92356],[-93.53285,44.92355]]],[[[-93.53176,44.93308],[-93.53117,44.93285],[-93.53116,44.93286],[-93.5311,44.93283],[-93.53103,44.93288],[-93.5311,44.9329],[-93.5317,44.93313],[-93.53164,44.93329],[-93.53155,44.93355],[-93.53158,44.93356],[-93.53172,44.93318],[-93.53176,44.93313],[-93.53174,44.93312],[-93.53176,44.93308]]],[[[-93.53169,44.92396],[-93.53169,44.92386],[-93.53122,44.92399],[-93.53169,44.92396]]],[[[-93.53146,44.93354],[-93.53132,44.9335],[-93.53143,44.93358],[-93.53146,44.93354]]],[[[-93.5312,44.92248],[-93.52867,44.92118],[-93.52775,44.9209],[-93.53044,44.92234],[-93.53114,44.92254],[-93.5312,44.92248]]],[[[-93.53119,44.93434],[-93.53102,44.93424],[-93.53118,44.93489],[-93.53119,44.93434]]],[[[-93.53114,44.93675],[-93.53095,44.93783],[-93.5311,44.93876],[-93.53114,44.93675]]],[[[-93.53096,44.92345],[-93.53088,44.92349],[-93.53094,44.9236],[-93.53096,44.92345]]],[[[-93.53081,44.93304],[-93.53075,44.93308],[-93.53078,44.9331],[-93.53081,44.93304]]],[[[-93.53078,44.95538],[-93.53078,44.95533],[-93.53076,44.95536],[-93.53078,44.95538]]],[[[-93.53077,44.95451],[-93.53074,44.95455],[-93.53076,44.95465],[-93.53077,44.95451]]],[[[-93.53076,44.93314],[-93.53062,44.93324],[-93.5307,44.93327],[-93.53076,44.93314]]],[[[-93.53063,44.93403],[-93.53017,44.93377],[-93.53008,44.93397],[-93.53063,44.93403]]],[[[-93.53056,44.95518],[-93.53046,44.95485],[-93.53046,44.95483],[-93.53034,44.95498],[-93.53056,44.95518],[-93.53056,44.95518]]],[[[-93.53054,44.93427],[-93.53006,44.93401],[-93.52998,44.9342],[-93.5304,44.9343],[-93.53054,44.93427]]],[[[-93.53044,44.93013],[-93.52966,44.93012],[-93.52931,44.93026],[-93.53025,44.93025],[-93.53044,44.93013]]],[[[-93.5304,44.92581],[-93.53036,44.9257],[-93.52958,44.92581],[-93.5304,44.92581]]],[[[-93.53037,44.94034],[-93.53026,44.94033],[-93.5303,44.94038],[-93.53037,44.94034]]],[[[-93.52992,44.94111],[-93.52981,44.94122],[-93.52973,44.9414],[-93.52992,44.94111]]],[[[-93.52987,44.93445],[-93.52986,44.93445],[-93.52981,44.93453],[-93.52987,44.93445]]],[[[-93.52971,44.94422],[-93.5294,44.94367],[-93.52948,44.9441],[-93.5273,44.94386],[-93.52971,44.94422]]],[[[-93.52957,44.94178],[-93.52935,44.94229],[-93.52945,44.94213],[-93.52957,44.94178]]],[[[-93.5294,44.93207],[-93.52934,44.93201],[-93.52927,44.93203],[-93.52896,44.93215],[-93.52894,44.93215],[-93.52888,44.93229],[-93.52933,44.93222],[-93.5293,44.93211],[-93.5294,44.93207]]],[[[-93.5293,44.9424],[-93.5292,44.94263],[-93.52923,44.9428],[-93.52928,44.94265],[-93.5293,44.9424]]],[[[-93.52927,44.94292],[-93.52924,44.94284],[-93.52926,44.94297],[-93.52927,44.94292]]],[[[-93.52922,44.93185],[-93.52918,44.93172],[-93.52915,44.93178],[-93.52911,44.93173],[-93.52909,44.93179],[-93.52913,44.93181],[-93.52917,44.93182],[-93.52922,44.93185]]],[[[-93.52877,44.92345],[-93.5285,44.92341],[-93.52853,44.92345],[-93.52877,44.92345]]],[[[-93.52824,44.926],[-93.52743,44.92612],[-93.52612,44.9268],[-93.52607,44.92685],[-93.52658,44.92659],[-93.52676,44.92647],[-93.52688,44.92643],[-93.52739,44.92617],[-93.52791,44.92611],[-93.52824,44.926]]],[[[-93.52814,44.93638],[-93.52747,44.93616],[-93.52813,44.9366],[-93.52814,44.93638]]],[[[-93.52813,44.9229],[-93.52807,44.92279],[-93.52805,44.92279],[-93.52813,44.9229]]],[[[-93.52807,44.96056],[-93.52798,44.96062],[-93.528,44.96062],[-93.52807,44.96056]]],[[[-93.52786,44.93201],[-93.52786,44.93201],[-93.52785,44.93202],[-93.52786,44.93201]]],[[[-93.52785,44.93202],[-93.52772,44.93192],[-93.52618,44.93093],[-93.52619,44.93096],[-93.52785,44.93204],[-93.52785,44.93202]]],[[[-93.52784,44.93206],[-93.52691,44.93579],[-93.527,44.93585],[-93.52699,44.93548],[-93.52719,44.93518],[-93.52777,44.9326],[-93.52784,44.93206]]],[[[-93.5278,44.9603],[-93.52634,44.96083],[-93.52634,44.96089],[-93.52776,44.96033],[-93.52775,44.96036],[-93.5278,44.9603]]],[[[-93.52745,44.94344],[-93.52714,44.94336],[-93.52636,44.9436],[-93.52375,44.94316],[-93.52382,44.94334],[-93.52464,44.94349],[-93.5264,44.94364],[-93.52673,44.94358],[-93.52673,44.94356],[-93.52687,44.94355],[-93.52745,44.94344]]],[[[-93.52742,44.92263],[-93.52648,44.92161],[-93.52648,44.92165],[-93.52732,44.92261],[-93.52742,44.92263]]],[[[-93.52689,44.92072],[-93.52688,44.92071],[-93.52641,44.92082],[-93.52642,44.92096],[-93.52642,44.92087],[-93.52689,44.92072]]],[[[-93.52678,44.94378],[-93.52677,44.94375],[-93.52665,44.94376],[-93.52678,44.94378]]],[[[-93.5256,44.92732],[-93.52507,44.92785],[-93.5251,44.92794],[-93.52556,44.9274],[-93.5256,44.92732]]],[[[-93.52539,44.96376],[-93.52364,44.96532],[-93.52484,44.9644],[-93.52539,44.96376]]],[[[-93.52449,44.95219],[-93.52446,44.95195],[-93.52417,44.95238],[-93.52449,44.95219]]],[[[-93.52434,44.95087],[-93.52424,44.95003],[-93.52425,44.95071],[-93.52434,44.95087]]],[[[-93.52418,44.94957],[-93.52418,44.94954],[-93.52284,44.94714],[-93.52274,44.9471],[-93.52418,44.94957]]],[[[-93.52302,44.9577],[-93.52265,44.95745],[-93.52265,44.95756],[-93.52302,44.9577]]],[[[-93.52216,44.94289],[-93.52215,44.94289],[-93.521,44.94315],[-93.52094,44.94322],[-93.52216,44.94289]]],[[[-93.52032,44.9439],[-93.51934,44.94497],[-93.51945,44.9458],[-93.51973,44.94591],[-93.51957,44.94502],[-93.51965,44.94491],[-93.51964,44.94479],[-93.52032,44.9439]]]]}},
{"type":"Feature","id":"2395918","properties":{"id":"2395918","name":"South Saint Paul","kind":"city","counties":["Dakota"],"population":20489,"label":[-93.041,44.88769]},"geometry":{"type":"MultiPolygon","coordinates":[[[[-93.0653,44.88356],[-93.05242,44.88347],[-93.05236,44.88167],[-93.04996,44.8817],[-93.04994,44.88216],[-93.04496,44.88206],[-93.045,44.87972],[-93.04547,44.87972],[-93.04549,44.87833],[-93.04501,44.87832],[-93.04502,44.87803],[-93.04549,44.87804],[-93.0455,44.87777],[-93.04502,44.87777],[-93.0455,44.87766],[-93.04551,44.87645],[-93.04504,44.87643],[-93.04504,44.87615],[-93.04556,44.87616],[-93.04554,44.87494],[-93.04502,44.87493],[-93.04501,44.87435],[-93.0455,44.87436],[-93.04549,44.8739],[-93.04501,44.87389],[-93.04501,44.87281],[-93.04547,44.87281],[-93.0454,44.8673],[-93.04491,44.8673],[-93.04489,44.8655],[-93.03993,44.86549],[-93.03991,44.86385],[-93.03598,44.86382],[-93.03611,44.85678],[-93.03758,44.85676],[-93.0376,44.85533],[-93.03415,44.85531],[-93.03411,44.85342],[-93.032,44.85341],[-93.03192,44.85012],[-93.0315,44.85012],[-93.03148,44.8484],[-93.02777,44.84843],[-93.02777,44.85006],[-93.0288,44.85008],[-93.02886,44.85169],[-93.0297,44.85171],[-93.02931,44.85528],[-93.02962,44.85528],[-93.02972,44.86031],[-93.02444,44.86032],[-93.02446,44.86151],[-93.02517,44.86174],[-93.02485,44.86195],[-93.02979,44.86194],[-93.02977,44.86414],[-93.01695,44.86411],[-93.01728,44.86458],[-93.01754,44.86424],[-93.01821,44.86437],[-93.01815,44.86496],[-93.01735,44.86522],[-93.01721,44.86559],[-93.01834,44.86641],[-93.01729,44.86615],[-93.01724,44.86703],[-93.01802,44.86927],[-93.01749,44.86919],[-93.01738,44.86803],[-93.01683,44.86725],[-93.01672,44.86645],[-93.01649,44.86664],[-93.01681,44.86483],[-93.01638,44.86447],[-93.01631,44.86411],[-93.01593,44.86411],[-93.01558,44.86462],[-93.01561,44.86601],[-93.01495,44.8686],[-93.01652,44.86946],[-93.02234,44.86984],[-93.02235,44.87014],[-93.01522,44.87052],[-93.01626,44.87327],[-93.01605,44.87384],[-93.01707,44.87735],[-93.01692,44.88048],[-93.01762,44.88229],[-93.01752,44.8829],[-93.01919,44.88646],[-93.0234,44.89207],[-93.02636,44.89426],[-93.03453,44.89743],[-93.04225,44.90327],[-93.04302,44.90408],[-93.04381,44.90577],[-93.0454,44.90741],[-93.04526,44.90766],[-93.04399,44.90622],[-93.04516,44.90937],[-93.04999,44.9163],[-93.05279,44.91946],[-93.05281,44.91951],[-93.06529,44.91953],[-93.0653,44.88356]]],[[[-93.02278,44.89207],[-93.02276,44.89162],[-93.02087,44.88977],[-93.02034,44.88976],[-93.02032,44.88929],[-93.01982,44.88923],[-93.02075,44.89037],[-93.02073,44.89102],[-93.02278,44.89207]]],[[[-93.02054,44.88902],[-93.0199,44.88824],[-93.01959,44.88865],[-93.02054,44.88902]]]]}},
{"type":"Feature","id":"665676","properties":{"id":"665676","name":"Spring Lake","kind":"township","counties":["Scott"],"population":3468,"label":[-93.46376,44.666]},"geometry":{"type":"MultiPolygon","coordinates":[[[[-93.52199,44.63077],[-93.50026,44.63054],[-93.48166,44.63056],[-93.48127,44.63283],[-93.48203,44.63479],[-93.48076,44.63563],[-93.47897,44.63521],[-93.47691,44.63516],[-93.47425,44.6351],[-93.47265,44.63557],[-93.46988,44.63532],[-93.46865,44.63437],[-93.46838,44.63346],[-93.46887,44.63292],[-93.46845,44.63212],[-93.46903,44.6313],[-93.46999,44.63057],[-93.43329,44.6306],[-93.43211,44.63068],[-93.43191,44.6306],[-93.41857,44.63061],[-93.41869,44.63069],[-93.4195,44.63334],[-93.42029,44.6332],[-93.42092,44.63366],[-93.42077,44.63529],[-93.41992,44.63629],[-93.41839,44.63681],[-93.41775,44.6365],[-93.41733,44.63563],[-93.41859,44.63457],[-93.41394,44.63631],[-93.41479,44.63628],[-93.41587,44.63697],[-93.41672,44.63704],[-93.41574,44.63793],[-93.41314,44.63841],[-93.41369,44.63906],[-93.41368,44.6396],[-93.41338,44.63996],[-93.41265,44.63982],[-93.41216,44.6398],[-93.41192,44.63939],[-93.41095,44.63939],[-93.41148,44.63873],[-93.41148,44.63781],[-93.41247,44.63734],[-93.41222,44.63689],[-93.41255,44.63649],[-93.41239,44.63611],[-93.41059,44.63532],[-93.40961,44.63513],[-93.40994,44.63534],[-93.40899,44.63551],[-93.4085,44.63597],[-93.40894,44.63673],[-93.40977,44.63701],[-93.4094,44.6375],[-93.40957,44.63808],[-93.41012,44.63822],[-93.41074,44.63911],[-93.4089,44.63861],[-93.40756,44.63738],[-93.40551,44.63669],[-93.4045,44.63671],[-93.40459,44.63631],[-93.40702,44.63499],[-93.40865,44.635],[-93.40822,44.63395],[-93.40826,44.63305],[-93.40873,44.63239],[-93.40941,44.63229],[-93.40942,44.63146],[-93.4099,44.63076],[-93.41013,44.63062],[-93.39954,44.63063],[-93.39968,44.64519],[-93.39903,44.69084],[-93.40069,44.69091],[-93.4015,44.6917],[-93.40197,44.69174],[-93.40227,44.69241],[-93.40201,44.69286],[-93.40154,44.6929],[-93.40134,44.69182],[-93.40006,44.69126],[-93.39952,44.6922],[-93.40051,44.69245],[-93.40066,44.69344],[-93.39898,44.69396],[-93.39892,44.69823],[-93.40377,44.69396],[-93.40412,44.69339],[-93.40415,44.6924],[-93.40667,44.69244],[-93.40668,44.69063],[-93.40415,44.69059],[-93.40417,44.68878],[-93.41636,44.68898],[-93.41616,44.68913],[-93.41683,44.68939],[-93.41643,44.68994],[-93.41507,44.69127],[-93.41427,44.69124],[-93.41424,44.69435],[-93.42259,44.69446],[-93.42492,44.6956],[-93.42495,44.69229],[-93.42954,44.69228],[-93.42951,44.69616],[-93.43458,44.69612],[-93.43454,44.69881],[-93.43542,44.69881],[-93.43404,44.70256],[-93.43521,44.70274],[-93.43709,44.70216],[-93.43785,44.70158],[-93.43694,44.70214],[-93.43492,44.70261],[-93.43441,44.70247],[-93.43452,44.70147],[-93.43536,44.69914],[-93.4364,44.69932],[-93.43685,44.70022],[-93.43786,44.70101],[-93.4387,44.69996],[-93.43927,44.69973],[-93.4396,44.69989],[-93.43971,44.69625],[-93.44553,44.69601],[-93.44637,44.6945],[-93.44462,44.69354],[-93.44538,44.69235],[-93.4468,44.69232],[-93.4468,44.69189],[-93.44998,44.6918],[-93.44997,44.69271],[-93.45124,44.69269],[-93.45128,44.69061],[-93.45003,44.69044],[-93.45278,44.69029],[-93.45272,44.68865],[-93.46032,44.68845],[-93.46024,44.69206],[-93.45688,44.69212],[-93.45687,44.69256],[-93.45803,44.69268],[-93.45802,44.69312],[-93.46022,44.69309],[-93.46018,44.6942],[-93.45974,44.69477],[-93.45024,44.69904],[-93.44851,44.69948],[-93.44869,44.69969],[-93.44464,44.70162],[-93.43957,44.70345],[-93.44103,44.70338],[-93.45976,44.69526],[-93.46038,44.6955],[-93.45993,44.69811],[-93.45692,44.6992],[-93.4568,44.69982],[-93.45703,44.69917],[-93.46326,44.69706],[-93.4642,44.69708],[-93.46702,44.69812],[-93.46844,44.69686],[-93.46874,44.69614],[-93.47005,44.69558],[-93.47411,44.69685],[-93.47496,44.69786],[-93.47474,44.69849],[-93.47524,44.69863],[-93.4772,44.69754],[-93.4787,44.69619],[-93.47921,44.69499],[-93.4801,44.69399],[-93.48162,44.69343],[-93.48396,44.69357],[-93.48598,44.69442],[-93.48716,44.69566],[-93.48774,44.69571],[-93.48781,44.69628],[-93.49575,44.69631],[-93.49555,44.70364],[-93.50062,44.70365],[-93.5006,44.70439],[-93.49879,44.70421],[-93.50052,44.70444],[-93.50182,44.70492],[-93.50275,44.7057],[-93.50272,44.70613],[-93.50111,44.70748],[-93.49909,44.70763],[-93.4989,44.7081],[-93.5015,44.70786],[-93.50187,44.70754],[-93.50164,44.70746],[-93.50188,44.70706],[-93.50531,44.70702],[-93.50536,44.70362],[-93.50671,44.70361],[-93.50668,44.70704],[-93.51202,44.70692],[-93.51195,44.71056],[-93.51062,44.71057],[-93.51064,44.71409],[-93.5081,44.71411],[-93.50812,44.71573],[-93.5057,44.71574],[-93.5057,44.71772],[-93.52075,44.7177],[-93.52176,44.64709],[-93.52068,44.64687],[-93.51969,44.64614],[-93.51915,44.64522],[-93.51963,44.6441],[-93.52069,44.6436],[-93.52145,44.64394],[-93.5218,44.64439],[-93.52199,44.63077]],[[-93.46668,44.65287],[-93.46631,44.65368],[-93.46489,44.65416],[-93.4647,44.65501],[-93.465,44.65533],[-93.46537,44.65502],[-93.46665,44.65536],[-93.46639,44.6557],[-93.46379,44.65643],[-93.46324,44.65627],[-93.46314,44.65584],[-93.46261,44.65553],[-93.45966,44.65548],[-93.4571,44.65435],[-93.45547,44.6545],[-93.45464,44.65404],[-93.45417,44.65309],[-93.4542,44.65172],[-93.45526,44.64912],[-93.45655,44.64799],[-93.45959,44.64697],[-93.46111,44.64679],[-93.46278,44.64717],[-93.46421,44.6491],[-93.4638,44.64991],[-93.46396,44.65034],[-93.46533,44.65209],[-93.46641,44.65246],[-93.46668,44.65287]],[[-93.40972,44.66066],[-93.40895,44.66154],[-93.40249,44.6626],[-93.40179,44.66213],[-93.40132,44.66112],[-93.40125,44.65998],[-93.40171,44.65963],[-93.40122,44.65831],[-93.40228,44.65772],[-93.4024,44.65684],[-93.40327,44.65616],[-93.40468,44.65622],[-93.40313,44.65701],[-93.40371,44.65749],[-93.40526,44.65624],[-93.40603,44.65613],[-93.40827,44.65783],[-93.40927,44.65824],[-93.40953,44.65936],[-93.4091,44.66021],[-93.40972,44.66066]]],[[[-93.50446,44.71044],[-93.50415,44.70974],[-93.50409,44.70988],[-93.50178,44.71016],[-93.50031,44.7094],[-93.49925,44.70924],[-93.49835,44.70898],[-93.49912,44.70944],[-93.50026,44.70958],[-93.50129,44.71045],[-93.50323,44.71002],[-93.50446,44.71044]]],[[[-93.50241,44.70783],[-93.502,44.70759],[-93.50152,44.70797],[-93.50159,44.70871],[-93.50114,44.70899],[-93.49888,44.70815],[-93.49887,44.70817],[-93.50125,44.70904],[-93.50172,44.7087],[-93.50201,44.70785],[-93.50241,44.70783]]],[[[-93.49834,44.70898],[-93.49577,44.70824],[-93.49657,44.70718],[-93.49654,44.70628],[-93.49647,44.70631],[-93.49641,44.70723],[-93.49542,44.70794],[-93.49543,44.70868],[-93.49834,44.70898]]],[[[-93.49747,44.70599],[-93.49666,44.70512],[-93.49669,44.70416],[-93.49698,44.70403],[-93.49671,44.704],[-93.49645,44.7052],[-93.49719,44.70602],[-93.49685,44.70616],[-93.49747,44.70599]]],[[[-93.49085,44.70697],[-93.49062,44.70697],[-93.49062,44.70634],[-93.49042,44.70705],[-93.48535,44.70701],[-93.48533,44.70811],[-93.48041,44.70812],[-93.48035,44.71056],[-93.49063,44.7105],[-93.49062,44.7071],[-93.49085,44.70697]]],[[[-93.49033,44.71277],[-93.48703,44.71275],[-93.48701,44.71409],[-93.48522,44.71408],[-93.48515,44.71761],[-93.48563,44.71761],[-93.48672,44.71658],[-93.4873,44.71651],[-93.48875,44.71736],[-93.48899,44.71763],[-93.49024,44.71764],[-93.49033,44.71277]]],[[[-93.48793,44.69708],[-93.4879,44.6969],[-93.48792,44.69708],[-93.48756,44.69747],[-93.4877,44.69742],[-93.48793,44.69708]]],[[[-93.48792,44.70052],[-93.48789,44.7002],[-93.48752,44.70207],[-93.48792,44.70052]]],[[[-93.48745,44.70233],[-93.48659,44.70333],[-93.48667,44.70327],[-93.48744,44.70237],[-93.48745,44.70233]]],[[[-93.48504,44.70437],[-93.48352,44.70535],[-93.4837,44.70528],[-93.48504,44.70437]]],[[[-93.48266,44.70567],[-93.47884,44.7062],[-93.48179,44.706],[-93.48266,44.70567]]],[[[-93.47835,44.70623],[-93.4774,44.70611],[-93.47825,44.70624],[-93.47835,44.70623]]],[[[-93.47451,44.70572],[-93.47449,44.70572],[-93.47437,44.70574],[-93.47451,44.70572]]],[[[-93.46609,44.70614],[-93.46396,44.70576],[-93.46074,44.70308],[-93.45826,44.70272],[-93.45692,44.70218],[-93.45655,44.70159],[-93.45655,44.70109],[-93.45643,44.70167],[-93.45673,44.7022],[-93.45834,44.70277],[-93.46083,44.70316],[-93.46138,44.70364],[-93.46104,44.70389],[-93.4634,44.70572],[-93.46382,44.70574],[-93.4637,44.70593],[-93.46609,44.70614]]],[[[-93.43832,44.7015],[-93.43811,44.70142],[-93.43805,44.70146],[-93.43832,44.7015]]],[[[-93.4261,44.69618],[-93.42492,44.6956],[-93.42492,44.69562],[-93.4261,44.69618]]],[[[-93.41443,44.63708],[-93.41405,44.63678],[-93.41352,44.637],[-93.41399,44.63732],[-93.41443,44.63708]]],[[[-93.40662,44.69553],[-93.40226,44.69548],[-93.39905,44.69827],[-93.39889,44.69963],[-93.40116,44.69966],[-93.40118,44.699],[-93.40581,44.69907],[-93.40582,44.69859],[-93.40451,44.69858],[-93.40518,44.69776],[-93.40584,44.69777],[-93.40586,44.69695],[-93.40661,44.69604],[-93.40662,44.69553]]],[[[-93.40409,44.69415],[-93.40372,44.69419],[-93.40409,44.6942],[-93.40409,44.69415]]]]}},
{"type":"Feature","id":"2395934","properties":{"id":"2395934","name":"Spring Lake Park","kind":"city","counties":["Anoka","Ramsey"],"population":7430,"label":[-93.24567,45.11622]},"geometry":{"type":"MultiPolygon","coordinates":[[[[-93.26371,45.12456],[-93.26365,45.10792],[-93.26328,45.10791],[-93.26328,45.10747],[-93.26056,45.10793],[-93.23158,45.10772],[-93.22911,45.10709],[-93.22782,45.10709],[-93.22782,45.10765],[-93.22951,45.10769],[-93.23205,45.10917],[-93.23252,45.10976],[-93.23197,45.11006],[-93.23137,45.10957],[-93.22995,45.11005],[-93.22812,45.11016],[-93.22783,45.11012],[-93.22787,45.12454],[-93.23571,45.12479],[-93.2387,45.12477],[-93.23668,45.1236],[-93.23703,45.12262],[-93.24062,45.12166],[-93.24266,45.12201],[-93.24346,45.12281],[-93.24356,45.12356],[-93.24324,45.12473],[-93.26371,45.12456]]],[[[-93.22772,45.11621],[-93.22765,45.11136],[-93.22483,45.11137],[-93.22486,45.11173],[-93.22296,45.11179],[-93.22296,45.11343],[-93.22772,45.11621]]]]}},
{"type":"Feature","id":"2395935","properties":{"id":"2395935","name":"Spring Park","kind":"city","counties":["Hennepin"],"population":1716,"label":[-93.6327,44.93605]},"geometry":{"type":"MultiPolygon","coordinates":[[[[-93.64527,44.93502],[-93.64519,44.935],[-93.64524,44.9349],[-93.64502,44.93496],[-93.64484,44.93491],[-93.64484,44.935],[-93.64473,44.93503],[-93.64472,44.93529],[-93.64478,44.93565],[-93.64482,44.93566],[-93.64484,44.93562],[-93.64484,44.93573],[-93.64527,44.93502]]],[[[-93.64506,44.93422],[-93.64498,44.93402],[-93.64491,44.93385],[-93.64478,44.93352],[-93.64457,44.93341],[-93.644,44.93312],[-93.644,44.93312],[-93.64375,44.933],[-93.64375,44.93304],[-93.64372,44.93356],[-93.64304,44.93395],[-93.64345,44.93339],[-93.64349,44.93333],[-93.64327,44.93324],[-93.64241,44.93287],[-93.64199,44.93269],[-93.6413,44.93292],[-93.64094,44.93304],[-93.64083,44.93308],[-93.64094,44.93346],[-93.64102,44.93376],[-93.64082,44.93444],[-93.64079,44.93454],[-93.64048,44.93424],[-93.6371,44.93408],[-93.6348,44.93415],[-93.63386,44.93462],[-93.6339,44.93457],[-93.63491,44.93315],[-93.63487,44.93309],[-93.6344,44.93236],[-93.63357,44.93284],[-93.63138,44.93327],[-93.63138,44.93322],[-93.63134,44.93275],[-93.6312,44.93279],[-93.63084,44.93287],[-93.63082,44.93288],[-93.63099,44.93368],[-93.631,44.93374],[-93.62823,44.93458],[-93.62752,44.93461],[-93.62731,44.93467],[-93.62693,44.93464],[-93.625,44.93472],[-93.62469,44.93466],[-93.62338,44.93442],[-93.62329,44.9344],[-93.62324,44.93467],[-93.62228,44.93468],[-93.62227,44.93625],[-93.61929,44.93689],[-93.61932,44.93804],[-93.61983,44.93807],[-93.61988,44.94055],[-93.61842,44.94057],[-93.61662,44.9406],[-93.61588,44.94061],[-93.61676,44.94233],[-93.617,44.9418],[-93.61764,44.94231],[-93.61737,44.94188],[-93.61753,44.9418],[-93.61753,44.94179],[-93.61757,44.94178],[-93.61771,44.94171],[-93.61777,44.94173],[-93.61788,44.9417],[-93.61933,44.94218],[-93.62097,44.94216],[-93.62043,44.94157],[-93.62028,44.9414],[-93.62001,44.94121],[-93.62008,44.94119],[-93.61996,44.94105],[-93.62015,44.94117],[-93.62047,44.94107],[-93.62084,44.94158],[-93.62124,44.94141],[-93.62136,44.94125],[-93.62263,44.94078],[-93.62266,44.94076],[-93.62439,44.93798],[-93.62552,44.93694],[-93.6262,44.93672],[-93.6265,44.93673],[-93.62652,44.93672],[-93.62748,44.93678],[-93.63248,44.93703],[-93.63272,44.93713],[-93.63351,44.93718],[-93.63573,44.93831],[-93.63895,44.93753],[-93.639,44.93755],[-93.6391,44.93752],[-93.64094,44.93822],[-93.64094,44.93822],[-93.64312,44.93838],[-93.64312,44.93838],[-93.64399,44.93841],[-93.64414,44.93807],[-93.64422,44.93731],[-93.6446,44.93663],[-93.64483,44.93622],[-93.64479,44.93619],[-93.6445,44.936],[-93.6441,44.93573],[-93.64403,44.93568],[-93.64445,44.93551],[-93.64506,44.93422]]],[[[-93.6407,44.93384],[-93.63974,44.93371],[-93.63864,44.93401],[-93.63869,44.93402],[-93.63869,44.93402],[-93.63884,44.93404],[-93.63888,44.93404],[-93.63942,44.93412],[-93.64044,44.93414],[-93.6407,44.93384]]],[[[-93.64047,44.93265],[-93.64018,44.93288],[-93.64022,44.93324],[-93.64026,44.93317],[-93.64029,44.93327],[-93.64037,44.93298],[-93.64046,44.93283],[-93.64042,44.93284],[-93.64047,44.93265]]]]}},
{"type":"Feature","id":"2395946","properties":{"id":"2395946","name":"Stacy","kind":"city","counties":["Chisago"],"population":4764,"label":[-92.97122,45.4254]},"geometry":{"type":"MultiPolygon","coordinates":[[[[-93.0217,45.47043],[-93.02102,45.44043],[-93.01853,45.38268],[-93.01895,45.36894],[-92.99813,45.3692],[-92.97762,45.36868],[-92.97703,45.38206],[-92.93631,45.38198],[-92.93788,45.42524],[-92.91725,45.4254],[-92.91756,45.43266],[-92.89699,45.43276],[-92.89799,45.46987],[-92.91866,45.47002],[-92.91825,45.458],[-92.93872,45.45797],[-92.93864,45.45436],[-92.94898,45.4544],[-92.94907,45.45801],[-92.95422,45.45803],[-92.95431,45.46164],[-92.94916,45.46161],[-92.94925,45.46522],[-92.9647,45.4653],[-92.96479,45.46947],[-92.96724,45.46949],[-92.96726,45.47045],[-93.0217,45.47043]],[[-92.97597,45.40135],[-92.97567,45.40206],[-92.97366,45.40348],[-92.97254,45.40483],[-92.97242,45.40545],[-92.97136,45.40688],[-92.97139,45.40757],[-92.96924,45.40872],[-92.96704,45.40848],[-92.96563,45.4082],[-92.96525,45.40761],[-92.9643,45.40721],[-92.96416,45.40657],[-92.96307,45.40575],[-92.96313,45.40503],[-92.96234,45.40422],[-92.9624,45.40339],[-92.96331,45.40193],[-92.96275,45.40122],[-92.96346,45.40055],[-92.96354,45.39908],[-92.96448,45.39847],[-92.96667,45.39873],[-92.96708,45.39862],[-92.9671,45.39828],[-92.96882,45.39825],[-92.96918,45.39858],[-92.97064,45.39831],[-92.97283,45.39901],[-92.97312,45.39938],[-92.97386,45.39931],[-92.97396,45.39972],[-92.97454,45.39955],[-92.97546,45.40018],[-92.97597,45.40135]]]]}},
{"type":"Feature","id":"2395969","properties":{"id":"2395969","name":"Stillwater","kind":"city","counties":["Washington"],"population":19425,"label":[-92.83152,45.05707]},"geometry":{"type":"MultiPolygon","coordinates":[[[[-92.86318,45.0796],[-92.86302,45.03618],[-92.8588,45.03614],[-92.85876,45.03514],[-92.86301,45.03539],[-92.86298,45.03244],[-92.86225,45.0323],[-92.8626,45.03144],[-92.85864,45.03127],[-92.85865,45.03153],[-92.85803,45.03168],[-92.85627,45.03417],[-92.85474,45.03543],[-92.85561,45.03549],[-92.85456,45.03552],[-92.85455,45.0361],[-92.84343,45.036],[-92.84343,45.0363],[-92.81269,45.03564],[-92.81272,45.03915],[-92.80525,45.03915],[-92.8051,45.03631],[-92.80015,45.03628],[-92.80019,45.03917],[-92.80252,45.03916],[-92.80252,45.03964],[-92.80299,45.03964],[-92.803,45.04014],[-92.80252,45.04014],[-92.80251,45.04282],[-92.79671,45.04279],[-92.79671,45.04435],[-92.79589,45.04436],[-92.79555,45.04279],[-92.79291,45.04279],[-92.79409,45.04365],[-92.79559,45.04597],[-92.79666,45.04659],[-92.7993,45.0499],[-92.80178,45.0519],[-92.80301,45.05367],[-92.80295,45.05436],[-92.80402,45.05613],[-92.80192,45.0568],[-92.80192,45.0568],[-92.80403,45.05616],[-92.80478,45.05804],[-92.80425,45.05902],[-92.80563,45.05941],[-92.80596,45.06023],[-92.80592,45.06058],[-92.80535,45.06066],[-92.80511,45.06151],[-92.80535,45.0628],[-92.80509,45.06862],[-92.80546,45.06936],[-92.8054,45.07164],[-92.80567,45.07238],[-92.80537,45.07355],[-92.80497,45.07385],[-92.80525,45.07447],[-92.805,45.07495],[-92.80348,45.07507],[-92.80483,45.07528],[-92.8047,45.07602],[-92.80331,45.07643],[-92.80565,45.0763],[-92.80512,45.07642],[-92.80467,45.0772],[-92.80231,45.07879],[-92.80249,45.07908],[-92.8129,45.07922],[-92.81292,45.07531],[-92.83157,45.07579],[-92.83346,45.07528],[-92.83476,45.07413],[-92.83479,45.07937],[-92.84632,45.08014],[-92.85687,45.07959],[-92.86318,45.0796]],[[-92.85664,45.0494],[-92.85641,45.0503],[-92.85488,45.0518],[-92.8533,45.05128],[-92.8536,45.05087],[-92.85415,45.05107],[-92.85388,45.0506],[-92.85315,45.0504],[-92.8527,45.05063],[-92.85306,45.05174],[-92.85232,45.05329],[-92.85238,45.05424],[-92.85214,45.05473],[-92.85135,45.05485],[-92.85077,45.05467],[-92.84912,45.05295],[-92.84967,45.05244],[-92.84952,45.05191],[-92.85192,45.05111],[-92.85092,45.05055],[-92.85018,45.04933],[-92.8514,45.04883],[-92.8519,45.0472],[-92.85113,45.04694],[-92.85108,45.04634],[-92.85234,45.0461],[-92.85223,45.04507],[-92.85287,45.04455],[-92.85166,45.04371],[-92.85061,45.04448],[-92.84994,45.04425],[-92.85145,45.04361],[-92.85103,45.04204],[-92.85019,45.04124],[-92.85034,45.04056],[-92.8524,45.03965],[-92.85381,45.04009],[-92.85435,45.04082],[-92.85394,45.04118],[-92.8538,45.04223],[-92.85271,45.04318],[-92.85462,45.04441],[-92.8548,45.04585],[-92.85326,45.04716],[-92.8538,45.04764],[-92.85424,45.04709],[-92.85502,45.04722],[-92.85557,45.04827],[-92.85638,45.04843],[-92.85631,45.04899],[-92.85664,45.0494]],[[-92.84947,45.07758],[-92.84902,45.07941],[-92.84518,45.07948],[-92.84463,45.07701],[-92.84579,45.07595],[-92.84663,45.07582],[-92.84925,45.07678],[-92.84947,45.07758]],[[-92.83685,45.04633],[-92.83488,45.04841],[-92.83375,45.05038],[-92.83342,45.05038],[-92.83461,45.04831],[-92.8366,45.0462],[-92.83685,45.04633]],[[-92.83496,45.05774],[-92.83295,45.05701],[-92.83478,45.05746],[-92.83496,45.05774]],[[-92.83436,45.06506],[-92.83369,45.06514],[-92.83338,45.06549],[-92.83229,45.06549],[-92.83125,45.06539],[-92.83004,45.06449],[-92.82945,45.06272],[-92.82812,45.0624],[-92.8272,45.06179],[-92.82415,45.06153],[-92.82322,45.06058],[-92.82158,45.06],[-92.82335,45.05931],[-92.82471,45.05989],[-92.82668,45.05976],[-92.82771,45.06049],[-92.83038,45.06159],[-92.83151,45.0624],[-92.8329,45.06404],[-92.83388,45.06433],[-92.83436,45.06506]],[[-92.82756,45.04905],[-92.82727,45.04998],[-92.82589,45.0503],[-92.82482,45.05008],[-92.82315,45.0501],[-92.82129,45.049],[-92.82026,45.04717],[-92.82055,45.04633],[-92.8215,45.04605],[-92.82419,45.04659],[-92.82533,45.04762],[-92.82638,45.04779],[-92.8269,45.04865],[-92.82756,45.04905]],[[-92.80763,45.04112],[-92.80761,45.04284],[-92.80374,45.04282],[-92.80375,45.04199],[-92.80637,45.042],[-92.80637,45.04112],[-92.80763,45.04112]],[[-92.80116,45.0387],[-92.80116,45.03909],[-92.80068,45.03909],[-92.80067,45.03871],[-92.80116,45.0387]]],[[[-92.85558,45.04941],[-92.85499,45.04863],[-92.85448,45.0488],[-92.85481,45.04975],[-92.8552,45.04983],[-92.85558,45.04941]]],[[[-92.85202,45.04964],[-92.85148,45.04953],[-92.85138,45.05015],[-92.85192,45.05006],[-92.85202,45.04964]]],[[[-92.80569,45.04236],[-92.80501,45.04236],[-92.805,45.04272],[-92.80567,45.04272],[-92.80569,45.04236]]],[[[-92.7992,45.07685],[-92.79808,45.07652],[-92.79736,45.07588],[-92.79666,45.0759],[-92.79695,45.07615],[-92.79811,45.07691],[-92.79657,45.07618],[-92.79636,45.07649],[-92.79717,45.07657],[-92.7983,45.07725],[-92.79858,45.07724],[-92.79838,45.07688],[-92.7992,45.07685]]],[[[-92.79908,45.07307],[-92.79865,45.07268],[-92.79845,45.07305],[-92.79908,45.07307]]]]}},
{"type":"Feature","id":"665712","properties":{"id":"665712","name":"Stillwater","kind":"township","counties":["Washington"],"population":1844,"label":[-92.81034,45.10287]},"geometry":{"type":"MultiPolygon","coordinates":[[[[-92.86374,45.12359],[-92.86318,45.0796],[-92.85687,45.07959],[-92.84632,45.08014],[-92.83479,45.07937],[-92.83476,45.07413],[-92.83346,45.07528],[-92.83157,45.07579],[-92.81292,45.07531],[-92.8129,45.07922],[-92.80249,45.07908],[-92.80252,45.07912],[-92.80216,45.07941],[-92.80253,45.07939],[-92.8023,45.07962],[-92.80111,45.08008],[-92.80007,45.08005],[-92.79961,45.08064],[-92.79778,45.08142],[-92.79623,45.08162],[-92.79629,45.08125],[-92.79584,45.08148],[-92.79546,45.08134],[-92.79517,45.08192],[-92.79346,45.08212],[-92.79347,45.08158],[-92.79292,45.08128],[-92.79363,45.08127],[-92.79365,45.08091],[-92.7926,45.08037],[-92.79225,45.0806],[-92.7924,45.08138],[-92.79205,45.08139],[-92.79203,45.08069],[-92.79015,45.08161],[-92.78689,45.08405],[-92.785,45.08458],[-92.78464,45.08535],[-92.78254,45.08739],[-92.78112,45.08834],[-92.7806,45.08817],[-92.77928,45.08855],[-92.7794,45.08914],[-92.77763,45.09028],[-92.77573,45.09254],[-92.77244,45.09348],[-92.77355,45.09199],[-92.77467,45.09223],[-92.7744,45.09171],[-92.77586,45.09094],[-92.77668,45.08991],[-92.77562,45.09027],[-92.77386,45.09179],[-92.77339,45.09186],[-92.77371,45.09152],[-92.77326,45.09152],[-92.77223,45.09285],[-92.76874,45.09452],[-92.76587,45.09659],[-92.76156,45.10096],[-92.75456,45.10689],[-92.74945,45.11018],[-92.74699,45.11038],[-92.74838,45.10998],[-92.74931,45.10928],[-92.74943,45.10878],[-92.75097,45.10774],[-92.75136,45.10721],[-92.75107,45.10704],[-92.74721,45.11008],[-92.7453,45.11112],[-92.74463,45.11216],[-92.74426,45.11555],[-92.74388,45.11584],[-92.74558,45.12043],[-92.74555,45.12148],[-92.74498,45.12011],[-92.74473,45.12016],[-92.74563,45.12252],[-92.74614,45.12324],[-92.78212,45.12342],[-92.84532,45.12355],[-92.84484,45.12326],[-92.84437,45.12209],[-92.84512,45.12077],[-92.84775,45.11924],[-92.84853,45.11952],[-92.85045,45.12246],[-92.85009,45.12333],[-92.84927,45.12356],[-92.86374,45.12359]],[[-92.85333,45.10055],[-92.8533,45.10149],[-92.85243,45.10222],[-92.85156,45.10247],[-92.85201,45.10275],[-92.85282,45.10254],[-92.85298,45.10279],[-92.85259,45.10318],[-92.85165,45.10334],[-92.85065,45.10286],[-92.85001,45.10296],[-92.84997,45.10332],[-92.8504,45.10364],[-92.85169,45.10401],[-92.85143,45.10437],[-92.84981,45.10472],[-92.84923,45.10424],[-92.84846,45.10417],[-92.84746,45.10481],[-92.84552,45.10502],[-92.84468,45.10433],[-92.84468,45.10401],[-92.84571,45.10348],[-92.84578,45.10191],[-92.84607,45.10168],[-92.85301,45.10039],[-92.85333,45.10055]],[[-92.84925,45.08331],[-92.84903,45.08525],[-92.84848,45.08603],[-92.84909,45.08687],[-92.84861,45.08768],[-92.84773,45.0879],[-92.84702,45.08851],[-92.84543,45.08804],[-92.84559,45.08732],[-92.84509,45.08654],[-92.84482,45.08331],[-92.84382,45.08224],[-92.84313,45.0825],[-92.84262,45.08199],[-92.84252,45.08119],[-92.8431,45.08059],[-92.84503,45.08206],[-92.84551,45.08211],[-92.84731,45.08118],[-92.84812,45.08141],[-92.84925,45.08331]],[[-92.84643,45.09396],[-92.84395,45.09686],[-92.84417,45.09779],[-92.84364,45.09843],[-92.8413,45.09937],[-92.83922,45.09862],[-92.83877,45.09768],[-92.83899,45.09707],[-92.84362,45.09465],[-92.84556,45.09303],[-92.84641,45.09313],[-92.84643,45.09396]],[[-92.84255,45.10847],[-92.84218,45.10915],[-92.84025,45.10998],[-92.83942,45.11036],[-92.83932,45.11292],[-92.83901,45.11346],[-92.83933,45.11482],[-92.83882,45.1155],[-92.83886,45.11555],[-92.83945,45.1163],[-92.83947,45.118],[-92.83863,45.11808],[-92.83801,45.11756],[-92.83793,45.11698],[-92.83733,45.11678],[-92.83709,45.11644],[-92.83617,45.11548],[-92.83538,45.11497],[-92.83533,45.11461],[-92.83532,45.1146],[-92.83472,45.11342],[-92.83562,45.11321],[-92.83571,45.11306],[-92.83566,45.11294],[-92.83453,45.11219],[-92.8356,45.11214],[-92.83569,45.112],[-92.83539,45.11133],[-92.8372,45.11146],[-92.83749,45.11141],[-92.83746,45.11126],[-92.83739,45.11121],[-92.83702,45.11133],[-92.837,45.11136],[-92.83699,45.11134],[-92.83697,45.11135],[-92.83659,45.11037],[-92.83702,45.11031],[-92.83726,45.11022],[-92.83762,45.10966],[-92.83762,45.10966],[-92.83762,45.10966],[-92.83764,45.10963],[-92.84066,45.10913],[-92.84168,45.10854],[-92.84223,45.10813],[-92.84233,45.10817],[-92.84238,45.10814],[-92.84241,45.10819],[-92.84254,45.10824],[-92.84249,45.10836],[-92.84255,45.10847]],[[-92.80696,45.11853],[-92.80313,45.11886],[-92.80388,45.11915],[-92.80513,45.12108],[-92.8024,45.12282],[-92.79831,45.1212],[-92.79329,45.12093],[-92.79261,45.1204],[-92.79269,45.11912],[-92.79112,45.11758],[-92.79147,45.11664],[-92.79234,45.11569],[-92.79427,45.11463],[-92.79637,45.11566],[-92.79927,45.11635],[-92.80064,45.11738],[-92.80047,45.11773],[-92.80188,45.11945],[-92.80342,45.11844],[-92.80397,45.11832],[-92.80412,45.11775],[-92.80456,45.11761],[-92.80696,45.11853]]],[[[-92.84843,45.10257],[-92.84813,45.10245],[-92.84768,45.10325],[-92.84843,45.1033],[-92.84843,45.10257]]],[[[-92.84838,45.12193],[-92.84821,45.12186],[-92.84822,45.1218],[-92.84809,45.12181],[-92.84792,45.12174],[-92.84789,45.12183],[-92.84779,45.12184],[-92.84776,45.12216],[-92.84769,45.12235],[-92.84774,45.12237],[-92.84774,45.12241],[-92.84811,45.1225],[-92.84838,45.12193]]],[[[-92.83685,45.04633],[-92.8366,45.0462],[-92.83489,45.04798],[-92.83342,45.05038],[-92.83375,45.05038],[-92.83488,45.04841],[-92.83685,45.04633]]],[[[-92.83496,45.05774],[-92.8345,45.05726],[-92.83296,45.05714],[-92.83496,45.05774]]],[[[-92.79722,45.08103],[-92.79681,45.08099],[-92.79654,45.08113],[-92.79722,45.08103]]],[[[-92.79515,45.08156],[-92.79499,45.08092],[-92.79421,45.08046],[-92.79439,45.08025],[-92.79397,45.07989],[-92.79414,45.07908],[-92.79303,45.08005],[-92.79347,45.08031],[-92.79395,45.08079],[-92.79413,45.08179],[-92.79515,45.08156]]],[[[-92.78395,45.08484],[-92.78168,45.0858],[-92.78128,45.08628],[-92.78319,45.08553],[-92.78395,45.08484]]],[[[-92.77955,45.08793],[-92.77763,45.08928],[-92.77891,45.08904],[-92.77891,45.08849],[-92.77955,45.08793]]],[[[-92.77775,45.08972],[-92.77726,45.08962],[-92.7771,45.08986],[-92.77775,45.08972]]],[[[-92.77551,45.08896],[-92.77433,45.08963],[-92.77491,45.08963],[-92.77423,45.09013],[-92.77395,45.0908],[-92.7745,45.09069],[-92.77495,45.08999],[-92.77518,45.08968],[-92.77496,45.08936],[-92.77551,45.08896]]],[[[-92.77534,45.0919],[-92.77498,45.09194],[-92.77497,45.09222],[-92.77522,45.09227],[-92.77534,45.0919]]],[[[-92.77438,45.09251],[-92.77339,45.09277],[-92.77418,45.09284],[-92.77438,45.09251]]],[[[-92.76141,45.09989],[-92.75948,45.10077],[-92.75992,45.10066],[-92.76141,45.09989]]],[[[-92.75868,45.10194],[-92.75718,45.10231],[-92.75601,45.103],[-92.75217,45.10603],[-92.75176,45.10652],[-92.75191,45.10697],[-92.75304,45.1072],[-92.75268,45.10676],[-92.75328,45.10652],[-92.75523,45.10404],[-92.7564,45.10304],[-92.75868,45.10194]]],[[[-92.74873,45.10713],[-92.74632,45.10853],[-92.74415,45.11063],[-92.74873,45.10713]]],[[[-92.74459,45.11892],[-92.744,45.11902],[-92.74437,45.11916],[-92.74459,45.11892]]],[[[-92.74385,45.11825],[-92.74308,45.11611],[-92.7432,45.11429],[-92.74351,45.11369],[-92.74312,45.11326],[-92.74361,45.11216],[-92.7431,45.11251],[-92.74244,45.11403],[-92.74223,45.11407],[-92.7423,45.1134],[-92.74202,45.11319],[-92.74146,45.11419],[-92.74141,45.11568],[-92.74215,45.11702],[-92.74134,45.11678],[-92.74223,45.11728],[-92.74237,45.11803],[-92.74099,45.1172],[-92.74006,45.11636],[-92.741,45.11769],[-92.74332,45.11874],[-92.74385,45.11825]]]]}},
{"type":"Feature","id":"2396006","properties":{"id":"2396006","name":"Sunfish Lake","kind":"city","counties":["Dakota"],"population":520,"label":[-93.09427,44.87229]},"geometry":{"type":"MultiPolygon","coordinates":[[[[-93.10613,44.86192],[-93.08512,44.86192],[-93.08069,44.86847],[-93.08058,44.87798],[-93.09245,44.88304],[-93.09586,44.88345],[-93.10595,44.88347],[-93.10613,44.86192]],[[-93.10327,44.87593],[-93.10157,44.87677],[-93.10079,44.87678],[-93.09894,44.87654],[-93.09793,44.87681],[-93.09472,44.87623],[-93.09312,44.87634],[-93.0914,44.87552],[-93.09125,44.87487],[-93.09508,44.87479],[-93.09615,44.87403],[-93.09752,44.87486],[-93.09871,44.87485],[-93.09915,44.87426],[-93.10091,44.87404],[-93.10139,44.87468],[-93.10259,44.87446],[-93.10243,44.87491],[-93.10327,44.87593]]]]}},
{"type":"Feature","id":"2397036","properties":{"id":"2397036","name":"Tonka Bay","kind":"city","counties":["Hennepin"],"population":1608,"label":[-93.58963,44.91523]},"geometry":{"type":"MultiPolygon","coordinates":[[[[-93.60194,44.90613],[-93.59518,44.90606],[-93.59433,44.90545],[-93.58964,44.90532],[-93.58854,44.905],[-93.58854,44.90465],[-93.5893,44.90474],[-93.5893,44.90359],[-93.58975,44.90323],[-93.58917,44.90244],[-93.58914,44.90067],[-93.58759,44.90103],[-93.58761,44.90506],[-93.58434,44.90412],[-93.58428,44.90549],[-93.58429,44.90548],[-93.58454,44.90632],[-93.58471,44.90635],[-93.58871,44.9065],[-93.58925,44.90614],[-93.58863,44.9056],[-93.59072,44.90573],[-93.59065,44.90577],[-93.59079,44.90578],[-93.58876,44.90677],[-93.59013,44.90845],[-93.59059,44.91119],[-93.59203,44.91096],[-93.59339,44.91123],[-93.59314,44.9119],[-93.59416,44.9131],[-93.5939,44.91412],[-93.59324,44.91388],[-93.59327,44.91302],[-93.59265,44.91236],[-93.59255,44.91173],[-93.59231,44.91253],[-93.59255,44.91333],[-93.59159,44.9136],[-93.59189,44.91407],[-93.59074,44.91403],[-93.59092,44.91368],[-93.59077,44.9139],[-93.59033,44.91373],[-93.59115,44.91141],[-93.5906,44.91138],[-93.58979,44.91306],[-93.58961,44.91399],[-93.58958,44.91428],[-93.58955,44.91429],[-93.58953,44.91441],[-93.5882,44.91479],[-93.58867,44.91499],[-93.58917,44.91514],[-93.58912,44.91519],[-93.58919,44.91522],[-93.5888,44.91561],[-93.58678,44.91546],[-93.58676,44.91542],[-93.58634,44.91538],[-93.58628,44.91511],[-93.58652,44.91494],[-93.58639,44.9147],[-93.5862,44.91502],[-93.58579,44.91484],[-93.58545,44.91411],[-93.5852,44.914],[-93.58484,44.91281],[-93.58459,44.91228],[-93.58411,44.91207],[-93.58388,44.91202],[-93.58301,44.91226],[-93.58085,44.91298],[-93.57966,44.91297],[-93.57765,44.91319],[-93.5771,44.91332],[-93.57538,44.91329],[-93.5753,44.91305],[-93.57455,44.91297],[-93.57431,44.91375],[-93.57348,44.91436],[-93.57551,44.91598],[-93.57711,44.91605],[-93.57815,44.91606],[-93.57821,44.91609],[-93.57845,44.9161],[-93.58102,44.91722],[-93.58164,44.91785],[-93.58216,44.92133],[-93.58195,44.92504],[-93.58211,44.92504],[-93.58214,44.92503],[-93.58327,44.92447],[-93.58358,44.92426],[-93.5836,44.92431],[-93.58382,44.9242],[-93.58386,44.92485],[-93.5839,44.92492],[-93.58434,44.92453],[-93.58541,44.92528],[-93.58428,44.92511],[-93.58564,44.92639],[-93.58601,44.92607],[-93.58526,44.92549],[-93.58552,44.92534],[-93.58626,44.92576],[-93.58484,44.9238],[-93.58533,44.92395],[-93.58577,44.92488],[-93.58654,44.92552],[-93.58536,44.92362],[-93.5859,44.92369],[-93.5869,44.92534],[-93.58713,44.92505],[-93.58603,44.9235],[-93.5865,44.92344],[-93.58744,44.92476],[-93.58732,44.92405],[-93.58806,44.92378],[-93.58824,44.92393],[-93.58768,44.92424],[-93.58791,44.92447],[-93.58863,44.92385],[-93.58815,44.92358],[-93.58904,44.92361],[-93.58972,44.92313],[-93.58945,44.92339],[-93.58981,44.9232],[-93.58836,44.92444],[-93.58901,44.92441],[-93.58933,44.92477],[-93.5879,44.92698],[-93.5866,44.92692],[-93.58625,44.92639],[-93.58556,44.92687],[-93.58589,44.92725],[-93.58711,44.92761],[-93.58764,44.92768],[-93.59202,44.92761],[-93.59317,44.92798],[-93.59323,44.9284],[-93.59387,44.92755],[-93.59448,44.92675],[-93.5939,44.92648],[-93.59366,44.92638],[-93.59365,44.92637],[-93.59337,44.92624],[-93.59084,44.92297],[-93.58884,44.92213],[-93.58872,44.92209],[-93.58869,44.92112],[-93.58892,44.92064],[-93.58893,44.92044],[-93.58911,44.92024],[-93.58932,44.91979],[-93.59018,44.91902],[-93.59036,44.91881],[-93.59042,44.9188],[-93.59053,44.9187],[-93.59125,44.91863],[-93.59285,44.91832],[-93.59471,44.91832],[-93.59515,44.91828],[-93.59544,44.91787],[-93.59553,44.91795],[-93.59562,44.91787],[-93.59565,44.91794],[-93.59575,44.91787],[-93.59575,44.91812],[-93.59578,44.91817],[-93.59579,44.91818],[-93.59579,44.91818],[-93.5958,44.91821],[-93.59575,44.91824],[-93.59575,44.91829],[-93.59554,44.91838],[-93.59552,44.91839],[-93.59534,44.91853],[-93.59549,44.91885],[-93.59756,44.91962],[-93.59868,44.92042],[-93.5983,44.91974],[-93.59764,44.91878],[-93.5976,44.9185],[-93.59755,44.91841],[-93.59757,44.91826],[-93.59738,44.91695],[-93.59783,44.916],[-93.59788,44.91554],[-93.59879,44.91397],[-93.59935,44.91278],[-93.59976,44.91228],[-93.60014,44.91163],[-93.60096,44.91066],[-93.60133,44.91039],[-93.60184,44.90978],[-93.60194,44.90613]]],[[[-93.58889,44.92471],[-93.58877,44.92471],[-93.58878,44.92465],[-93.58874,44.92471],[-93.58856,44.92472],[-93.58774,44.9263],[-93.58778,44.92642],[-93.58772,44.92654],[-93.58779,44.92645],[-93.58783,44.92655],[-93.5881,44.92608],[-93.58869,44.92537],[-93.58874,44.92497],[-93.58889,44.92471]]],[[[-93.58812,44.92476],[-93.58805,44.92482],[-93.58808,44.92476],[-93.58756,44.92525],[-93.58653,44.92614],[-93.58658,44.92617],[-93.58656,44.92618],[-93.58669,44.92623],[-93.58699,44.9264],[-93.58702,44.92636],[-93.58719,44.92642],[-93.58794,44.92502],[-93.58812,44.92476]]]]}},
{"type":"Feature","id":"2397106","properties":{"id":"2397106","name":"Vadnais Heights","kind":"city","counties":["Ramsey"],"population":13270,"label":[-93.07472,45.057]},"geometry":{"type":"MultiPolygon","coordinates":[[[[-93.10648,45.07913],[-93.10625,45.04321],[-93.08843,45.04316],[-93.08949,45.0437],[-93.09023,45.04451],[-93.09383,45.04576],[-93.09405,45.0469],[-93.09548,45.04864],[-93.09466,45.04914],[-93.09514,45.04941],[-93.09567,45.04905],[-93.09573,45.0496],[-93.09402,45.05156],[-93.09706,45.05252],[-93.09957,45.05695],[-93.09894,45.05848],[-93.09893,45.06001],[-93.0985,45.06118],[-93.09675,45.06192],[-93.09415,45.06187],[-93.09432,45.0622],[-93.0939,45.06219],[-93.0937,45.06209],[-93.09408,45.06164],[-93.0916,45.06016],[-93.09092,45.05897],[-93.09067,45.05808],[-93.09086,45.05675],[-93.09029,45.05599],[-93.09026,45.05524],[-93.09061,45.0547],[-93.09038,45.05411],[-93.0892,45.05328],[-93.08894,45.05326],[-93.08949,45.05361],[-93.08811,45.05344],[-93.08743,45.0524],[-93.08726,45.05271],[-93.08683,45.05256],[-93.08689,45.05214],[-93.08731,45.05242],[-93.08776,45.05218],[-93.08776,45.05203],[-93.08801,45.05198],[-93.08798,45.05186],[-93.08776,45.052],[-93.08777,45.05173],[-93.08958,45.05055],[-93.09009,45.04977],[-93.08779,45.04992],[-93.08613,45.04966],[-93.08343,45.04786],[-93.07709,45.04631],[-93.07724,45.04467],[-93.07819,45.04331],[-93.08334,45.04299],[-93.08618,45.04202],[-93.08679,45.04233],[-93.08681,45.03964],[-93.0865,45.03948],[-93.08681,45.03904],[-93.08684,45.03593],[-93.03659,45.03577],[-93.03477,45.04299],[-93.03572,45.04299],[-93.0357,45.0466],[-93.03061,45.04664],[-93.03061,45.05029],[-93.03311,45.05031],[-93.03386,45.0476],[-93.03696,45.0476],[-93.03664,45.04849],[-93.03581,45.04849],[-93.03581,45.05032],[-93.05116,45.05033],[-93.0509,45.05202],[-93.0511,45.05281],[-93.05575,45.05806],[-93.05002,45.06198],[-93.04999,45.06473],[-93.05101,45.06473],[-93.05092,45.07209],[-93.05613,45.07212],[-93.0561,45.07934],[-93.10648,45.07913]],[[-93.1062,45.05753],[-93.10543,45.05893],[-93.10506,45.05895],[-93.10468,45.05957],[-93.10248,45.05984],[-93.10011,45.05792],[-93.09942,45.05547],[-93.09725,45.05254],[-93.09698,45.05076],[-93.09605,45.04966],[-93.09628,45.04896],[-93.0989,45.04645],[-93.10287,45.04561],[-93.10419,45.04645],[-93.10559,45.05014],[-93.1061,45.05397],[-93.10572,45.05656],[-93.1062,45.05753]],[[-93.10113,45.07371],[-93.10031,45.07479],[-93.09868,45.07569],[-93.09851,45.07715],[-93.09876,45.079],[-93.09853,45.07894],[-93.0984,45.07744],[-93.09763,45.07729],[-93.09744,45.07812],[-93.09707,45.07823],[-93.09679,45.07788],[-93.09709,45.07887],[-93.09676,45.07896],[-93.09665,45.07789],[-93.09589,45.07755],[-93.09541,45.07638],[-93.0944,45.07572],[-93.09346,45.07581],[-93.09289,45.07475],[-93.09341,45.07428],[-93.09465,45.0745],[-93.09501,45.07368],[-93.09688,45.07335],[-93.09597,45.07111],[-93.0964,45.07049],[-93.09691,45.07034],[-93.09787,45.07129],[-93.09959,45.07169],[-93.10005,45.07286],[-93.10113,45.07371]],[[-93.08084,45.07113],[-93.0805,45.07171],[-93.08002,45.07181],[-93.07871,45.07166],[-93.07892,45.07076],[-93.07802,45.07059],[-93.07689,45.07099],[-93.07304,45.07102],[-93.0721,45.07192],[-93.07162,45.0718],[-93.07148,45.07128],[-93.0696,45.07057],[-93.0695,45.07026],[-93.07223,45.06903],[-93.07422,45.06902],[-93.07943,45.06808],[-93.08025,45.06838],[-93.08014,45.07039],[-93.0807,45.07049],[-93.08057,45.07083],[-93.08084,45.07113]],[[-93.05222,45.04218],[-93.0519,45.04268],[-93.05098,45.04278],[-93.05042,45.04343],[-93.04946,45.04367],[-93.04912,45.04436],[-93.04865,45.04457],[-93.04725,45.04414],[-93.04645,45.04325],[-93.0454,45.04282],[-93.04565,45.04202],[-93.04662,45.04179],[-93.04606,45.04024],[-93.0468,45.03945],[-93.04784,45.03951],[-93.04773,45.03944],[-93.04929,45.03817],[-93.0506,45.03822],[-93.05095,45.03854],[-93.05064,45.0394],[-93.04964,45.03984],[-93.04931,45.03955],[-93.04904,45.03958],[-93.04928,45.03959],[-93.04959,45.03984],[-93.04933,45.04027],[-93.05,45.04094],[-93.05183,45.04121],[-93.05222,45.04218]]],[[[-93.10393,45.05927],[-93.10379,45.05903],[-93.10336,45.05936],[-93.1036,45.05951],[-93.10393,45.05927]]],[[[-93.07436,45.06923],[-93.07371,45.06932],[-93.07361,45.06983],[-93.07387,45.06991],[-93.07436,45.06923]]],[[[-93.07321,45.07044],[-93.0728,45.06999],[-93.07224,45.0697],[-93.07176,45.06992],[-93.07303,45.07067],[-93.07321,45.07044]]],[[[-93.072,45.07079],[-93.07152,45.07068],[-93.07139,45.07108],[-93.072,45.07116],[-93.072,45.07079]]]]}},
{"type":"Feature","id":"2397127","properties":{"id":"2397127","name":"Vermillion","kind":"city","counties":["Dakota"],"population":434,"label":[-92.96431,44.67356]},"geometry":{"type":"MultiPolygon","coordinates":[[[[-92.95422,44.67355],[-92.95419,44.68076],[-92.97443,44.68081],[-92.97446,44.66997],[-92.97357,44.66995],[-92.97447,44.66857],[-92.97447,44.66638],[-92.95426,44.66625],[-92.95422,44.67355]]]]}},
{"type":"Feature","id":"665860","properties":{"id":"665860","name":"Vermillion","kind":"township","counties":["Dakota"],"population":1267,"label":[-93.032,44.67283]},"geometry":{"type":"MultiPolygon","coordinates":[[[[-92.99468,44.71695],[-93.01509,44.71712],[-93.01505,44.71001],[-93.02516,44.71007],[-93.02506,44.70268],[-93.0348,44.70273],[-93.03504,44.63035],[-92.91366,44.63011],[-92.91347,44.71687],[-92.99468,44.71695]],[[-92.97447,44.66638],[-92.97447,44.66857],[-92.97357,44.66995],[-92.97446,44.66997],[-92.97443,44.68081],[-92.95419,44.68076],[-92.95426,44.66625],[-92.97447,44.66638]]],[[[-93.02917,44.70634],[-93.02936,44.70634],[-93.02833,44.70455],[-93.02917,44.70634]]],[[[-93.0303,44.70634],[-93.03054,44.70635],[-93.02913,44.70432],[-93.0303,44.70634]]]]}},
{"type":"Feature","id":"2397135","properties":{"id":"2397135","name":"Victoria","kind":"city","counties":["Carver"],"population":11289,"label":[-93.67134,44.86709]},"geometry":{"type":"MultiPolygon","coordinates":[[[[-93.73474,44.89092],[-93.73472,44.88994],[-93.7346,44.88988],[-93.73371,44.88965],[-93.73199,44.88929],[-93.73093,44.88933],[-93.72954,44.88953],[-93.72819,44.88889],[-93.72818,44.88882],[-93.72814,44.8888],[-93.72811,44.88821],[-93.72792,44.88649],[-93.72803,44.88635],[-93.72802,44.88615],[-93.72824,44.88608],[-93.72826,44.88606],[-93.7291,44.88582],[-93.73065,44.88535],[-93.7308,44.8854],[-93.73147,44.88556],[-93.73163,44.88539],[-93.73182,44.88501],[-93.73249,44.88522],[-93.73258,44.88525],[-93.73249,44.88518],[-93.73127,44.88432],[-93.72869,44.88311],[-93.72513,44.88234],[-93.72507,44.88227],[-93.72488,44.88223],[-93.72447,44.88158],[-93.72416,44.88121],[-93.72416,44.88112],[-93.72345,44.88076],[-93.72329,44.87994],[-93.72402,44.87833],[-93.72324,44.86263],[-93.69694,44.86294],[-93.69476,44.86239],[-93.69059,44.86039],[-93.68845,44.85978],[-93.68577,44.85961],[-93.68198,44.86017],[-93.68486,44.8595],[-93.68704,44.8594],[-93.6896,44.85976],[-93.69252,44.86098],[-93.69267,44.84119],[-93.68355,44.84116],[-93.68352,44.84016],[-93.68294,44.83927],[-93.68294,44.83519],[-93.68341,44.83411],[-93.68297,44.83403],[-93.683,44.83237],[-93.6808,44.83162],[-93.67888,44.83117],[-93.67848,44.83176],[-93.6773,44.83225],[-93.674,44.83048],[-93.67315,44.83088],[-93.67316,44.83191],[-93.66858,44.83056],[-93.66679,44.8293],[-93.65657,44.82615],[-93.65227,44.82533],[-93.65235,44.82784],[-93.65311,44.83171],[-93.65294,44.83362],[-93.65208,44.83363],[-93.65189,44.84779],[-93.65166,44.848],[-93.65188,44.84877],[-93.63205,44.84919],[-93.63231,44.85638],[-93.62265,44.85624],[-93.62254,44.87022],[-93.62476,44.8677],[-93.62267,44.87069],[-93.62626,44.87074],[-93.62733,44.87138],[-93.62785,44.87118],[-93.6278,44.87431],[-93.62745,44.87427],[-93.62749,44.88153],[-93.62805,44.88154],[-93.62749,44.88203],[-93.62749,44.88278],[-93.62807,44.88243],[-93.62972,44.88276],[-93.62578,44.88748],[-93.61973,44.89145],[-93.62831,44.8914],[-93.62829,44.8912],[-93.62727,44.88983],[-93.62621,44.8896],[-93.62576,44.88904],[-93.62635,44.88941],[-93.62729,44.88919],[-93.62778,44.88939],[-93.62878,44.88882],[-93.62908,44.88845],[-93.62889,44.88824],[-93.62925,44.88826],[-93.62979,44.88752],[-93.63011,44.88572],[-93.63123,44.88518],[-93.63076,44.88402],[-93.63152,44.88325],[-93.63336,44.88254],[-93.63417,44.88122],[-93.63401,44.88055],[-93.63456,44.88107],[-93.63569,44.8812],[-93.63813,44.88225],[-93.63869,44.88347],[-93.63829,44.88339],[-93.63658,44.88446],[-93.63543,44.8857],[-93.63499,44.88722],[-93.63448,44.88778],[-93.63196,44.88851],[-93.63166,44.88897],[-93.63164,44.89005],[-93.62973,44.8914],[-93.6375,44.89135],[-93.63634,44.89079],[-93.63618,44.89046],[-93.63644,44.88671],[-93.63915,44.88496],[-93.63942,44.88412],[-93.63896,44.88359],[-93.63969,44.88418],[-93.63945,44.8849],[-93.64082,44.88491],[-93.64123,44.8855],[-93.64448,44.88696],[-93.64619,44.88842],[-93.64688,44.88989],[-93.65338,44.89127],[-93.6628,44.89121],[-93.66132,44.89083],[-93.65898,44.88911],[-93.65948,44.88881],[-93.66033,44.88933],[-93.66241,44.8873],[-93.66256,44.88679],[-93.66194,44.88577],[-93.66228,44.88523],[-93.66551,44.88485],[-93.66602,44.88398],[-93.66455,44.88334],[-93.66341,44.88366],[-93.66207,44.88468],[-93.65765,44.88671],[-93.65819,44.88759],[-93.65751,44.88775],[-93.65726,44.88752],[-93.65766,44.8872],[-93.65618,44.8858],[-93.65591,44.88509],[-93.65653,44.8842],[-93.65741,44.88382],[-93.6582,44.88401],[-93.65864,44.88361],[-93.65897,44.88262],[-93.65866,44.88113],[-93.65904,44.88018],[-93.66,44.87987],[-93.66313,44.87997],[-93.66467,44.87909],[-93.66628,44.8799],[-93.66738,44.88147],[-93.66829,44.88154],[-93.66914,44.88203],[-93.66877,44.88108],[-93.66898,44.88039],[-93.67197,44.88013],[-93.67302,44.87932],[-93.67142,44.87676],[-93.6715,44.87539],[-93.67229,44.87468],[-93.67277,44.87443],[-93.67399,44.87475],[-93.67564,44.87623],[-93.67594,44.87638],[-93.67621,44.87606],[-93.67633,44.87646],[-93.67707,44.87651],[-93.67699,44.87697],[-93.67801,44.87822],[-93.67642,44.87906],[-93.67372,44.87985],[-93.67266,44.88111],[-93.67271,44.88197],[-93.67134,44.8829],[-93.67182,44.88382],[-93.67278,44.88406],[-93.67278,44.88486],[-93.6705,44.88603],[-93.66934,44.88589],[-93.66941,44.88507],[-93.66901,44.88501],[-93.66737,44.88615],[-93.66449,44.88668],[-93.66622,44.88772],[-93.66625,44.88985],[-93.66588,44.89051],[-93.66464,44.8912],[-93.6763,44.89114],[-93.67512,44.89002],[-93.67488,44.8896],[-93.67509,44.88825],[-93.67436,44.88724],[-93.675,44.88615],[-93.67747,44.88517],[-93.68068,44.88612],[-93.6807,44.88678],[-93.68189,44.8868],[-93.68305,44.88629],[-93.68286,44.88665],[-93.68325,44.88692],[-93.68217,44.8871],[-93.68319,44.88837],[-93.6833,44.88935],[-93.68286,44.89067],[-93.68226,44.89111],[-93.69802,44.89102],[-93.69798,44.89033],[-93.69898,44.89032],[-93.69903,44.89101],[-93.73474,44.89092]],[[-93.72036,44.87264],[-93.72016,44.87396],[-93.71775,44.87481],[-93.71707,44.87465],[-93.71668,44.87339],[-93.71527,44.87351],[-93.71484,44.87314],[-93.71453,44.87333],[-93.71465,44.87387],[-93.71415,44.87479],[-93.71279,44.87451],[-93.71231,44.87473],[-93.71352,44.87535],[-93.71189,44.87576],[-93.71006,44.87559],[-93.70881,44.875],[-93.70781,44.8734],[-93.70831,44.87231],[-93.70787,44.87221],[-93.70826,44.87117],[-93.70816,44.86991],[-93.70834,44.8698],[-93.71,44.8713],[-93.7099,44.87019],[-93.70924,44.86982],[-93.70926,44.86944],[-93.70998,44.8696],[-93.71023,44.87039],[-93.71071,44.87071],[-93.71093,44.8706],[-93.71057,44.87006],[-93.71191,44.87012],[-93.71131,44.8708],[-93.71029,44.87127],[-93.71119,44.87161],[-93.71174,44.87152],[-93.71165,44.87111],[-93.71296,44.87022],[-93.71405,44.87031],[-93.71417,44.86971],[-93.71472,44.86931],[-93.71605,44.8693],[-93.71547,44.86987],[-93.71685,44.87089],[-93.71767,44.87195],[-93.71977,44.87215],[-93.72036,44.87264]],[[-93.71575,44.86565],[-93.71509,44.86641],[-93.71117,44.86601],[-93.7101,44.86611],[-93.70916,44.86665],[-93.70897,44.86698],[-93.70963,44.86868],[-93.70813,44.8698],[-93.70785,44.86935],[-93.70838,44.86901],[-93.70817,44.86869],[-93.70662,44.868],[-93.70519,44.86783],[-93.70498,44.86899],[-93.7044,44.86899],[-93.70456,44.86861],[-93.70344,44.8686],[-93.70322,44.868],[-93.70343,44.86709],[-93.70568,44.86507],[-93.70736,44.86482],[-93.708,44.86503],[-93.71031,44.86408],[-93.71182,44.864],[-93.71293,44.86349],[-93.71312,44.86395],[-93.71328,44.8637],[-93.71534,44.86476],[-93.71575,44.86565]],[[-93.71075,44.88146],[-93.70924,44.88198],[-93.70839,44.8828],[-93.70747,44.88285],[-93.70702,44.88233],[-93.70723,44.88152],[-93.70702,44.88073],[-93.70639,44.87993],[-93.70528,44.87993],[-93.70457,44.87951],[-93.70446,44.87888],[-93.70489,44.87784],[-93.70438,44.87759],[-93.70444,44.87732],[-93.70554,44.87795],[-93.70769,44.87822],[-93.71047,44.87906],[-93.71073,44.87984],[-93.70995,44.88067],[-93.71075,44.88146]],[[-93.69996,44.8672],[-93.69893,44.8685],[-93.69819,44.8701],[-93.69719,44.87079],[-93.69648,44.87111],[-93.69716,44.87087],[-93.69735,44.87095],[-93.69605,44.87155],[-93.6959,44.87137],[-93.69564,44.87149],[-93.69192,44.87141],[-93.68884,44.87069],[-93.68793,44.86985],[-93.68807,44.86841],[-93.68996,44.86598],[-93.68936,44.86579],[-93.68802,44.86573],[-93.68518,44.86629],[-93.68294,44.86912],[-93.68286,44.86915],[-93.68282,44.8692],[-93.68244,44.8693],[-93.68062,44.86995],[-93.68054,44.87005],[-93.68046,44.87001],[-93.68037,44.87004],[-93.67912,44.86946],[-93.67669,44.86612],[-93.67538,44.86618],[-93.6744,44.86586],[-93.67356,44.86425],[-93.67356,44.86422],[-93.67353,44.86416],[-93.67352,44.8635],[-93.67359,44.86339],[-93.6736,44.86322],[-93.67373,44.86318],[-93.67386,44.86298],[-93.67514,44.86279],[-93.67581,44.86141],[-93.67695,44.86125],[-93.67765,44.86164],[-93.68067,44.86222],[-93.68187,44.86291],[-93.68189,44.86252],[-93.68222,44.86271],[-93.68193,44.86294],[-93.68414,44.8642],[-93.68443,44.86467],[-93.68659,44.86419],[-93.68784,44.86446],[-93.68898,44.86418],[-93.68915,44.86427],[-93.68945,44.86423],[-93.69027,44.86488],[-93.69008,44.86593],[-93.69373,44.86434],[-93.69603,44.86398],[-93.69641,44.86403],[-93.69659,44.86401],[-93.69672,44.86407],[-93.69716,44.86413],[-93.69859,44.86497],[-93.69983,44.8665],[-93.69996,44.8672]],[[-93.69168,44.8522],[-93.69098,44.85359],[-93.68622,44.85315],[-93.68565,44.85257],[-93.68543,44.8517],[-93.68638,44.84995],[-93.68746,44.84942],[-93.68999,44.8497],[-93.69126,44.85109],[-93.69168,44.8522]],[[-93.68348,44.84037],[-93.68328,44.84102],[-93.68269,44.84122],[-93.68112,44.84088],[-93.68094,44.84032],[-93.6816,44.83976],[-93.68275,44.83967],[-93.68348,44.84037]],[[-93.67988,44.84418],[-93.67961,44.84461],[-93.67959,44.8447],[-93.67956,44.8447],[-93.6789,44.84576],[-93.67582,44.8465],[-93.67473,44.8462],[-93.67496,44.84551],[-93.67377,44.84453],[-93.67085,44.84372],[-93.66838,44.84203],[-93.66748,44.84183],[-93.66791,44.84096],[-93.66884,44.84115],[-93.66911,44.84105],[-93.66943,44.84075],[-93.66915,44.83847],[-93.67106,44.83759],[-93.67561,44.83716],[-93.67743,44.8375],[-93.67758,44.83749],[-93.67774,44.83755],[-93.67822,44.83764],[-93.67851,44.83785],[-93.67901,44.83804],[-93.67952,44.83882],[-93.67912,44.84006],[-93.6792,44.84025],[-93.67901,44.84036],[-93.6784,44.84103],[-93.67867,44.84163],[-93.67934,44.84224],[-93.67988,44.84418]],[[-93.6719,44.86473],[-93.67025,44.86588],[-93.66892,44.86636],[-93.66809,44.86834],[-93.66808,44.86912],[-93.66882,44.86988],[-93.66843,44.87065],[-93.66693,44.87095],[-93.66435,44.87022],[-93.66388,44.8692],[-93.66562,44.86787],[-93.66585,44.86616],[-93.66626,44.86541],[-93.6686,44.8653],[-93.66944,44.86408],[-93.6716,44.86404],[-93.6719,44.86473]],[[-93.66536,44.86698],[-93.66507,44.8675],[-93.66299,44.86836],[-93.66023,44.8708],[-93.65736,44.87131],[-93.65475,44.87059],[-93.65372,44.86919],[-93.65276,44.86918],[-93.65243,44.86885],[-93.65273,44.86746],[-93.65356,44.86589],[-93.65489,44.86509],[-93.65743,44.86532],[-93.65911,44.86376],[-93.65901,44.8629],[-93.66005,44.86192],[-93.66096,44.86155],[-93.66182,44.86145],[-93.66299,44.86214],[-93.66369,44.86202],[-93.66503,44.86391],[-93.66418,44.86495],[-93.66536,44.86698]],[[-93.65111,44.87985],[-93.65094,44.88076],[-93.64868,44.88072],[-93.64651,44.87988],[-93.64538,44.87983],[-93.64415,44.87914],[-93.64362,44.87763],[-93.64415,44.87632],[-93.64389,44.87414],[-93.6406,44.87269],[-93.64051,44.87207],[-93.6412,44.87137],[-93.64316,44.87102],[-93.64459,44.87187],[-93.64647,44.87216],[-93.64713,44.87257],[-93.64739,44.87369],[-93.64907,44.87512],[-93.64884,44.87736],[-93.64932,44.87734],[-93.65053,44.87864],[-93.65111,44.87985]]],[[[-93.71184,44.87476],[-93.71159,44.87466],[-93.709,44.8747],[-93.71032,44.87518],[-93.71167,44.87513],[-93.71184,44.87476]]],[[[-93.70729,44.86634],[-93.70677,44.86633],[-93.70675,44.86661],[-93.70725,44.86676],[-93.70729,44.86634]]],[[[-93.66754,44.81263],[-93.66672,44.81264],[-93.66683,44.81114],[-93.66583,44.81088],[-93.65231,44.81608],[-93.65222,44.82371],[-93.66232,44.82354],[-93.66234,44.81998],[-93.66751,44.81991],[-93.66754,44.81263]]],[[[-93.66533,44.81076],[-93.66344,44.81027],[-93.66313,44.81085],[-93.66239,44.81083],[-93.66232,44.81192],[-93.66533,44.81076]]],[[[-93.66202,44.81203],[-93.66024,44.81266],[-93.65718,44.81274],[-93.65735,44.80824],[-93.65239,44.80772],[-93.65231,44.81577],[-93.66202,44.81203]]]]}},
{"type":"Feature","id":"2397159","properties":{"id":"2397159","name":"Waconia","kind":"city","counties":["Carver"],"population":13593,"label":[-93.78714,44.84044]},"geometry":{"type":"MultiPolygon","coordinates":[[[[-93.82923,44.83686],[-93.8292,44.83323],[-93.82386,44.83326],[-93.82393,44.83154],[-93.82194,44.83152],[-93.82191,44.83318],[-93.819,44.8332],[-93.81898,44.83135],[-93.81493,44.83325],[-93.8134,44.83337],[-93.82406,44.82876],[-93.82404,44.827],[-93.82281,44.82698],[-93.8228,44.82603],[-93.81137,44.82611],[-93.81138,44.82694],[-93.80858,44.82696],[-93.80858,44.82723],[-93.80742,44.8272],[-93.80742,44.82611],[-93.79308,44.82575],[-93.79375,44.82459],[-93.79302,44.82241],[-93.79355,44.82369],[-93.79463,44.82372],[-93.79426,44.82226],[-93.78831,44.82203],[-93.78829,44.82064],[-93.78731,44.82014],[-93.786,44.82014],[-93.78461,44.82059],[-93.78374,44.82201],[-93.78316,44.82201],[-93.78317,44.8233],[-93.77914,44.82317],[-93.77802,44.82347],[-93.77807,44.83282],[-93.77041,44.83282],[-93.77039,44.82919],[-93.76785,44.82919],[-93.76779,44.81853],[-93.76,44.81868],[-93.76003,44.82566],[-93.75507,44.82572],[-93.75508,44.82718],[-93.75999,44.82707],[-93.75982,44.83037],[-93.76021,44.8302],[-93.76023,44.83299],[-93.76061,44.83298],[-93.76064,44.834],[-93.76025,44.83401],[-93.76038,44.83875],[-93.75538,44.83887],[-93.7554,44.83937],[-93.75558,44.83946],[-93.756,44.83966],[-93.75601,44.83968],[-93.75607,44.83971],[-93.75615,44.83998],[-93.75619,44.84006],[-93.75618,44.84007],[-93.75626,44.84033],[-93.75557,44.8409],[-93.75551,44.84099],[-93.75548,44.84098],[-93.75547,44.84099],[-93.75792,44.8431],[-93.75672,44.84389],[-93.75686,44.84421],[-93.75255,44.84878],[-93.75185,44.85],[-93.75156,44.85138],[-93.75062,44.8514],[-93.75006,44.86054],[-93.75247,44.86052],[-93.75366,44.8598],[-93.75517,44.85948],[-93.75518,44.85877],[-93.75564,44.85878],[-93.75577,44.86025],[-93.75667,44.86203],[-93.75847,44.86223],[-93.75856,44.86211],[-93.75858,44.86206],[-93.76074,44.85893],[-93.76121,44.85846],[-93.76142,44.85817],[-93.76187,44.8578],[-93.76311,44.85656],[-93.76433,44.85578],[-93.76538,44.85492],[-93.76635,44.85449],[-93.76709,44.85402],[-93.76946,44.85312],[-93.77007,44.85285],[-93.77025,44.85282],[-93.77138,44.85239],[-93.77466,44.85199],[-93.78483,44.85237],[-93.78693,44.85225],[-93.78806,44.85208],[-93.79434,44.85279],[-93.79446,44.85294],[-93.79499,44.853],[-93.79551,44.8538],[-93.79592,44.854],[-93.79544,44.85754],[-93.79548,44.85765],[-93.79566,44.85778],[-93.79555,44.85781],[-93.79559,44.85792],[-93.79374,44.85862],[-93.79191,44.85695],[-93.7915,44.8572],[-93.79151,44.85769],[-93.7955,44.86089],[-93.79855,44.86232],[-93.79912,44.86205],[-93.79938,44.85911],[-93.79988,44.85801],[-93.80111,44.85716],[-93.80162,44.85701],[-93.80187,44.85685],[-93.80268,44.85669],[-93.80306,44.85657],[-93.80324,44.85657],[-93.80374,44.85647],[-93.80776,44.85638],[-93.80966,44.85697],[-93.81159,44.85815],[-93.81199,44.85881],[-93.81877,44.85871],[-93.8188,44.8533],[-93.81361,44.85334],[-93.81772,44.85166],[-93.81881,44.85169],[-93.81884,44.84784],[-93.81022,44.84796],[-93.81081,44.84852],[-93.81078,44.84911],[-93.81082,44.84932],[-93.81076,44.84943],[-93.81074,44.84977],[-93.81031,44.85021],[-93.81011,44.85056],[-93.80908,44.85085],[-93.80874,44.85085],[-93.80862,44.85088],[-93.80775,44.85085],[-93.80618,44.85086],[-93.80485,44.85146],[-93.80332,44.85217],[-93.80289,44.85295],[-93.80226,44.85298],[-93.80185,44.85282],[-93.80172,44.85232],[-93.80092,44.85118],[-93.80024,44.85034],[-93.80019,44.84998],[-93.80005,44.84919],[-93.80007,44.84906],[-93.80006,44.84895],[-93.80014,44.84873],[-93.80029,44.84794],[-93.80085,44.84689],[-93.80118,44.84674],[-93.80159,44.84631],[-93.80434,44.84646],[-93.80481,44.84667],[-93.80473,44.84693],[-93.80537,44.84656],[-93.8054,44.84623],[-93.80441,44.84496],[-93.80356,44.84462],[-93.8048,44.84507],[-93.80571,44.84634],[-93.80576,44.8467],[-93.80493,44.84713],[-93.8055,44.84764],[-93.80564,44.84774],[-93.80762,44.84766],[-93.80817,44.8476],[-93.80828,44.84419],[-93.81855,44.84413],[-93.8185,44.84274],[-93.81763,44.84221],[-93.81754,44.84155],[-93.81682,44.84155],[-93.81683,44.84086],[-93.81795,44.8414],[-93.8187,44.84248],[-93.81901,44.84245],[-93.81812,44.8412],[-93.81892,44.84064],[-93.81896,44.83693],[-93.82923,44.83686]],[[-93.81883,44.84058],[-93.81802,44.84114],[-93.81671,44.84059],[-93.81883,44.84058]],[[-93.80866,44.83501],[-93.80866,44.83524],[-93.79654,44.83996],[-93.79663,44.84023],[-93.79862,44.84038],[-93.79451,44.84026],[-93.80866,44.83501]],[[-93.7916,44.82571],[-93.78835,44.82563],[-93.78832,44.8233],[-93.79024,44.82335],[-93.7916,44.82571]],[[-93.78813,44.82493],[-93.78812,44.82563],[-93.78642,44.82562],[-93.7864,44.8251],[-93.78696,44.8248],[-93.78813,44.82493]],[[-93.78209,44.84316],[-93.78095,44.84325],[-93.78095,44.84374],[-93.78015,44.84374],[-93.78015,44.84422],[-93.77809,44.84461],[-93.77808,44.84379],[-93.77935,44.84379],[-93.7749,44.84358],[-93.77273,44.84456],[-93.77149,44.8447],[-93.77148,44.84368],[-93.77329,44.84367],[-93.77335,44.83645],[-93.77808,44.83645],[-93.77808,44.83997],[-93.77528,44.83995],[-93.77349,44.83951],[-93.77519,44.84016],[-93.77808,44.84019],[-93.77809,44.84267],[-93.77875,44.84313],[-93.78209,44.84316]],[[-93.77426,44.84733],[-93.77425,44.84808],[-93.77387,44.84809],[-93.77386,44.85031],[-93.77348,44.85031],[-93.7735,44.84734],[-93.77426,44.84733]],[[-93.76916,44.83645],[-93.76786,44.83637],[-93.76873,44.83601],[-93.76916,44.83645]],[[-93.76887,44.83584],[-93.76835,44.83562],[-93.76866,44.83594],[-93.76659,44.83647],[-93.76659,44.83536],[-93.76781,44.83536],[-93.76499,44.83375],[-93.76528,44.8335],[-93.76786,44.83484],[-93.76887,44.83584]],[[-93.76807,44.84665],[-93.76741,44.84648],[-93.76739,44.84593],[-93.76805,44.84592],[-93.76807,44.84665]],[[-93.76523,44.83347],[-93.76354,44.83292],[-93.76191,44.83296],[-93.76425,44.8329],[-93.76523,44.83347]],[[-93.76238,44.84487],[-93.76061,44.84491],[-93.76056,44.84376],[-93.76234,44.84375],[-93.76238,44.84487]],[[-93.75528,44.85671],[-93.75524,44.85754],[-93.75325,44.8578],[-93.75329,44.85698],[-93.75528,44.85671]]]]}},
{"type":"Feature","id":"665887","properties":{"id":"665887","name":"Waconia","kind":"township","counties":["Carver"],"population":1052,"label":[-93.83288,44.84838]},"geometry":{"type":"MultiPolygon","coordinates":[[[[-93.88854,44.81913],[-93.88837,44.8045],[-93.87738,44.80443],[-93.87718,44.80454],[-93.87532,44.8047],[-93.87349,44.80512],[-93.8695,44.80439],[-93.8646,44.80436],[-93.86174,44.80556],[-93.85997,44.80588],[-93.85565,44.80461],[-93.85541,44.8043],[-93.76771,44.80378],[-93.76785,44.82919],[-93.77039,44.82919],[-93.77041,44.83282],[-93.77807,44.83282],[-93.77802,44.82347],[-93.77914,44.82317],[-93.78317,44.8233],[-93.78316,44.82201],[-93.78374,44.82201],[-93.78461,44.82059],[-93.786,44.82014],[-93.78731,44.82014],[-93.78829,44.82064],[-93.78831,44.82203],[-93.79426,44.82226],[-93.79463,44.82372],[-93.79355,44.82369],[-93.79302,44.82241],[-93.79375,44.82459],[-93.79308,44.82575],[-93.80742,44.82611],[-93.80742,44.8272],[-93.80858,44.82723],[-93.80858,44.82696],[-93.81138,44.82694],[-93.81137,44.82611],[-93.8228,44.82603],[-93.82281,44.82698],[-93.82404,44.827],[-93.82406,44.82876],[-93.8134,44.83337],[-93.81493,44.83325],[-93.81898,44.83135],[-93.819,44.8332],[-93.82191,44.83318],[-93.82194,44.83152],[-93.82393,44.83154],[-93.82386,44.83326],[-93.8292,44.83323],[-93.82923,44.83686],[-93.81896,44.83693],[-93.81892,44.84064],[-93.81812,44.8412],[-93.81901,44.84245],[-93.8187,44.84248],[-93.81795,44.8414],[-93.81683,44.84086],[-93.81682,44.84155],[-93.81754,44.84155],[-93.81763,44.84221],[-93.8185,44.84274],[-93.81855,44.84413],[-93.80828,44.84419],[-93.80817,44.8476],[-93.80762,44.84766],[-93.80865,44.84762],[-93.80925,44.84703],[-93.81022,44.84796],[-93.81884,44.84784],[-93.81881,44.85169],[-93.81772,44.85166],[-93.81361,44.85334],[-93.8188,44.8533],[-93.81877,44.85871],[-93.81199,44.85881],[-93.81311,44.86066],[-93.81294,44.86213],[-93.81354,44.86282],[-93.81367,44.86566],[-93.81338,44.86709],[-93.81151,44.86969],[-93.80819,44.87169],[-93.80703,44.87305],[-93.80619,44.87516],[-93.80419,44.87717],[-93.80239,44.87802],[-93.80071,44.88008],[-93.79501,44.88406],[-93.79439,44.88425],[-93.79393,44.88387],[-93.7939,44.88448],[-93.79343,44.88476],[-93.79007,44.88569],[-93.7858,44.8861],[-93.78016,44.88575],[-93.76966,44.88586],[-93.76799,44.88553],[-93.76799,44.89085],[-93.83971,44.89103],[-93.84035,44.89034],[-93.84109,44.89013],[-93.84008,44.88969],[-93.8391,44.88851],[-93.83785,44.88936],[-93.83656,44.88951],[-93.83435,44.88876],[-93.83045,44.88674],[-93.82832,44.88614],[-93.8276,44.88626],[-93.82673,44.88542],[-93.82989,44.88404],[-93.83146,44.88263],[-93.83262,44.88225],[-93.83461,44.8832],[-93.8353,44.885],[-93.83897,44.88642],[-93.84087,44.88756],[-93.84493,44.88744],[-93.84508,44.88729],[-93.84366,44.88526],[-93.84355,44.88399],[-93.84383,44.88318],[-93.84625,44.88124],[-93.84735,44.87921],[-93.84826,44.87878],[-93.84937,44.87893],[-93.84918,44.88025],[-93.8501,44.88123],[-93.85012,44.88301],[-93.84949,44.88513],[-93.84621,44.88825],[-93.84725,44.88902],[-93.8476,44.89013],[-93.84862,44.89099],[-93.84827,44.89102],[-93.84826,44.89105],[-93.87591,44.89112],[-93.87592,44.88918],[-93.87644,44.88918],[-93.8764,44.88835],[-93.8778,44.88682],[-93.87978,44.88683],[-93.87978,44.88469],[-93.88483,44.88467],[-93.88483,44.87736],[-93.88818,44.87734],[-93.88854,44.81913]],[[-93.88228,44.81722],[-93.88103,44.81908],[-93.87907,44.82057],[-93.87623,44.821],[-93.87505,44.82087],[-93.87361,44.81969],[-93.87359,44.81765],[-93.8732,44.81715],[-93.87046,44.81675],[-93.87008,44.81705],[-93.87068,44.81744],[-93.8701,44.81763],[-93.86885,44.81736],[-93.8678,44.81628],[-93.86728,44.81506],[-93.86748,44.81391],[-93.8687,44.81229],[-93.87064,44.81068],[-93.87285,44.80981],[-93.8749,44.81016],[-93.87686,44.81151],[-93.8784,44.81351],[-93.88223,44.8156],[-93.88228,44.81722]],[[-93.86316,44.86889],[-93.86315,44.86973],[-93.86218,44.87133],[-93.86194,44.87254],[-93.86116,44.87327],[-93.85729,44.87308],[-93.85515,44.87298],[-93.85489,44.87233],[-93.85513,44.87119],[-93.85717,44.87073],[-93.86119,44.86827],[-93.86251,44.86838],[-93.86316,44.86889]],[[-93.83812,44.86965],[-93.83796,44.87022],[-93.83555,44.87221],[-93.83471,44.87241],[-93.83353,44.87216],[-93.83221,44.87084],[-93.83217,44.86864],[-93.83056,44.86746],[-93.83052,44.86659],[-93.83111,44.86448],[-93.83274,44.86462],[-93.83209,44.86394],[-93.83001,44.86334],[-93.82989,44.86288],[-93.83106,44.86217],[-93.83249,44.86196],[-93.83228,44.86205],[-93.83249,44.86227],[-93.83274,44.86195],[-93.83503,44.86146],[-93.83565,44.86234],[-93.83545,44.86301],[-93.83652,44.8654],[-93.83655,44.86607],[-93.83628,44.86659],[-93.83404,44.86669],[-93.83385,44.86722],[-93.83556,44.86747],[-93.83701,44.86824],[-93.83812,44.86965]]],[[[-93.88827,44.88247],[-93.88814,44.88247],[-93.88813,44.88327],[-93.88827,44.88247]]],[[[-93.88105,44.88788],[-93.87977,44.88788],[-93.87977,44.89113],[-93.88099,44.89113],[-93.88105,44.88788]]],[[[-93.81883,44.84058],[-93.81671,44.84059],[-93.81802,44.84114],[-93.81883,44.84058]]],[[[-93.81082,44.84932],[-93.81078,44.84911],[-93.81076,44.84943],[-93.81082,44.84932]]],[[[-93.81031,44.85021],[-93.80996,44.85057],[-93.80874,44.85085],[-93.80908,44.85085],[-93.81011,44.85056],[-93.81031,44.85021]]],[[[-93.80866,44.83501],[-93.79451,44.84026],[-93.79862,44.84038],[-93.79663,44.84023],[-93.79654,44.83996],[-93.80866,44.83524],[-93.80866,44.83501]]],[[[-93.80775,44.85085],[-93.80623,44.85081],[-93.80485,44.85146],[-93.80618,44.85086],[-93.80775,44.85085]]],[[[-93.8055,44.84764],[-93.80493,44.84713],[-93.80483,44.84718],[-93.8055,44.84764]]],[[[-93.80324,44.85657],[-93.80306,44.85657],[-93.80268,44.85669],[-93.80324,44.85657]]],[[[-93.80171,44.85231],[-93.80165,44.85207],[-93.80108,44.85137],[-93.80171,44.85231]]],[[[-93.80162,44.85701],[-93.80111,44.85716],[-93.79988,44.85801],[-93.79938,44.85911],[-93.79912,44.86205],[-93.79861,44.86235],[-93.79862,44.86235],[-93.79923,44.86205],[-93.79963,44.86101],[-93.79954,44.85908],[-93.79985,44.8581],[-93.80162,44.85701]]],[[[-93.80119,44.84673],[-93.80092,44.84684],[-93.80041,44.84769],[-93.80014,44.84873],[-93.80064,44.84732],[-93.80119,44.84673]]],[[[-93.80021,44.85008],[-93.80007,44.849],[-93.80006,44.84903],[-93.80018,44.85004],[-93.80021,44.85008]]],[[[-93.79559,44.85792],[-93.79555,44.85781],[-93.79381,44.85836],[-93.79217,44.85682],[-93.7915,44.8571],[-93.7915,44.8572],[-93.79191,44.85695],[-93.79374,44.85862],[-93.79559,44.85792]]],[[[-93.79558,44.85383],[-93.79524,44.85321],[-93.79472,44.85291],[-93.79441,44.85288],[-93.79489,44.8535],[-93.79558,44.85383]]],[[[-93.79548,44.85765],[-93.79544,44.85754],[-93.79543,44.85761],[-93.79548,44.85765]]],[[[-93.7916,44.82571],[-93.79024,44.82335],[-93.78832,44.8233],[-93.78835,44.82563],[-93.7916,44.82571]]],[[[-93.78813,44.82493],[-93.78696,44.8248],[-93.7864,44.8251],[-93.78642,44.82562],[-93.78812,44.82563],[-93.78813,44.82493]]],[[[-93.78749,44.86031],[-93.78642,44.85889],[-93.78558,44.85978],[-93.7849,44.86003],[-93.78315,44.8604],[-93.78087,44.86037],[-93.77954,44.86118],[-93.78112,44.8621],[-93.78421,44.86261],[-93.78679,44.86235],[-93.78723,44.86167],[-93.78749,44.86031]]],[[[-93.78693,44.85225],[-93.78483,44.85237],[-93.78583,44.85241],[-93.78693,44.85225]]],[[[-93.78209,44.84316],[-93.78095,44.84316],[-93.78209,44.84325],[-93.78209,44.84316]]],[[[-93.78095,44.84325],[-93.77875,44.84313],[-93.77809,44.84267],[-93.77808,44.84019],[-93.77519,44.84016],[-93.77349,44.83951],[-93.77528,44.83995],[-93.77808,44.83997],[-93.77808,44.83645],[-93.77335,44.83645],[-93.77329,44.84367],[-93.77148,44.84368],[-93.77149,44.8447],[-93.77273,44.84456],[-93.7749,44.84358],[-93.77935,44.84379],[-93.77808,44.84379],[-93.77809,44.84461],[-93.78015,44.84422],[-93.78015,44.84374],[-93.78095,44.84374],[-93.78095,44.84325]]],[[[-93.77426,44.84733],[-93.7735,44.84734],[-93.77348,44.85031],[-93.77386,44.85031],[-93.77387,44.84809],[-93.77425,44.84808],[-93.77426,44.84733]]],[[[-93.76916,44.83645],[-93.76873,44.83601],[-93.76786,44.83637],[-93.76916,44.83645]]],[[[-93.76887,44.83584],[-93.76786,44.83484],[-93.76786,44.83626],[-93.76866,44.83594],[-93.76835,44.83562],[-93.76887,44.83584]]]]}},
{"type":"Feature","id":"665931","properties":{"id":"665931","name":"Watertown","kind":"township","counties":["Carver"],"population":1193,"label":[-93.82726,44.93268]},"geometry":{"type":"MultiPolygon","coordinates":[[[[-93.89,44.97821],[-93.88975,44.89124],[-93.88882,44.89123],[-93.88962,44.89132],[-93.88963,44.8919],[-93.88883,44.89204],[-93.88649,44.89178],[-93.88552,44.89237],[-93.88447,44.8921],[-93.88589,44.8912],[-93.88533,44.89121],[-93.8796,44.89494],[-93.87958,44.89443],[-93.87788,44.89442],[-93.87789,44.89483],[-93.87446,44.89482],[-93.87446,44.89537],[-93.86423,44.89533],[-93.86419,44.89126],[-93.84824,44.89119],[-93.84815,44.89167],[-93.84883,44.89271],[-93.84886,44.89332],[-93.84797,44.895],[-93.84708,44.89546],[-93.84418,44.89529],[-93.84303,44.89455],[-93.84227,44.89353],[-93.84,44.89259],[-93.83961,44.89181],[-93.83969,44.89116],[-93.76799,44.89085],[-93.7675,44.97764],[-93.77445,44.97767],[-93.77427,44.97752],[-93.77485,44.97662],[-93.775,44.97558],[-93.77619,44.97515],[-93.77886,44.97561],[-93.78234,44.9777],[-93.82372,44.97786],[-93.82372,44.97748],[-93.82605,44.97462],[-93.8275,44.97193],[-93.82913,44.97095],[-93.82862,44.9705],[-93.82613,44.9705],[-93.82599,44.96332],[-93.81844,44.96339],[-93.81847,44.95962],[-93.82859,44.95957],[-93.82852,44.96317],[-93.83758,44.96317],[-93.83872,44.96185],[-93.83872,44.96094],[-93.83908,44.96035],[-93.83881,44.9603],[-93.83883,44.95954],[-93.83356,44.95953],[-93.83117,44.95919],[-93.8312,44.95886],[-93.82911,44.95864],[-93.8245,44.95658],[-93.82433,44.95471],[-93.82247,44.9543],[-93.82555,44.94872],[-93.83596,44.9487],[-93.83842,44.95143],[-93.83859,44.95061],[-93.84111,44.95062],[-93.84111,44.94883],[-93.84714,44.94884],[-93.8466,44.94989],[-93.84783,44.94986],[-93.84782,44.94886],[-93.85426,44.94891],[-93.85428,44.94854],[-93.85541,44.94569],[-93.85627,44.94466],[-93.85662,44.94364],[-93.85749,44.94286],[-93.85906,44.94222],[-93.86069,44.94202],[-93.85997,44.93877],[-93.86055,44.93755],[-93.86344,44.93652],[-93.86233,44.93411],[-93.86289,44.93207],[-93.86461,44.93079],[-93.86678,44.93036],[-93.8696,44.9293],[-93.86921,44.92683],[-93.87362,44.92492],[-93.87366,44.92261],[-93.87456,44.92072],[-93.87606,44.91892],[-93.87778,44.91828],[-93.87873,44.91748],[-93.8798,44.91547],[-93.88204,44.91439],[-93.88213,44.91413],[-93.88155,44.91378],[-93.88176,44.91272],[-93.88323,44.9125],[-93.88293,44.91156],[-93.88326,44.9107],[-93.8867,44.90706],[-93.88567,44.90643],[-93.88508,44.90508],[-93.88423,44.90436],[-93.88517,44.90344],[-93.88511,44.90282],[-93.88604,44.90149],[-93.88602,44.90103],[-93.88523,44.90052],[-93.88395,44.90027],[-93.88369,44.90059],[-93.88459,44.90145],[-93.88451,44.90203],[-93.88379,44.90237],[-93.88278,44.90224],[-93.8822,44.90171],[-93.88234,44.90029],[-93.88118,44.89941],[-93.88113,44.89829],[-93.88379,44.89765],[-93.88378,44.89676],[-93.88411,44.89619],[-93.88427,44.89764],[-93.88166,44.8983],[-93.88136,44.89905],[-93.88171,44.89959],[-93.88268,44.9001],[-93.88246,44.90152],[-93.88298,44.90204],[-93.88378,44.90213],[-93.88423,44.90175],[-93.88338,44.90082],[-93.88345,44.90025],[-93.88386,44.89998],[-93.88521,44.90023],[-93.88643,44.90097],[-93.88606,44.90215],[-93.88552,44.90258],[-93.88566,44.90331],[-93.88464,44.9042],[-93.88543,44.90483],[-93.88587,44.90621],[-93.8869,44.90656],[-93.88712,44.90714],[-93.8837,44.91077],[-93.88342,44.91153],[-93.88376,44.91201],[-93.88367,44.91273],[-93.88195,44.91323],[-93.88195,44.91363],[-93.88267,44.91391],[-93.88268,44.91441],[-93.88008,44.91575],[-93.87883,44.91796],[-93.87787,44.91864],[-93.87629,44.91913],[-93.87489,44.92086],[-93.87415,44.92238],[-93.87406,44.92363],[-93.87433,44.92429],[-93.87391,44.92504],[-93.87298,44.92571],[-93.86959,44.92692],[-93.87022,44.92916],[-93.86989,44.92951],[-93.86465,44.93105],[-93.86299,44.93255],[-93.86274,44.93478],[-93.86317,44.9355],[-93.8639,44.93593],[-93.86393,44.93648],[-93.86072,44.93792],[-93.86049,44.93925],[-93.86111,44.94148],[-93.8609,44.94215],[-93.8582,44.94294],[-93.85729,44.94361],[-93.85731,44.94353],[-93.85699,44.94382],[-93.85708,44.9442],[-93.85593,44.94599],[-93.85479,44.94871],[-93.85477,44.94891],[-93.86932,44.94902],[-93.86922,44.95264],[-93.86294,44.95258],[-93.8627,44.95428],[-93.86329,44.95532],[-93.85945,44.95534],[-93.85958,44.95627],[-93.85914,44.95628],[-93.85911,44.95975],[-93.86428,44.9598],[-93.86424,44.96118],[-93.86032,44.96113],[-93.86029,44.96029],[-93.85937,44.96027],[-93.8591,44.96057],[-93.85875,44.96508],[-93.85732,44.96443],[-93.85462,44.96726],[-93.8569,44.96836],[-93.85615,44.9688],[-93.85483,44.96882],[-93.85466,44.96922],[-93.85948,44.97025],[-93.85925,44.97411],[-93.84946,44.97404],[-93.84957,44.97233],[-93.84423,44.97226],[-93.84426,44.97042],[-93.84224,44.97043],[-93.84157,44.97194],[-93.83659,44.97197],[-93.83702,44.97168],[-93.83572,44.97206],[-93.83572,44.97214],[-93.83552,44.97212],[-93.83441,44.97245],[-93.83445,44.97241],[-93.8339,44.9726],[-93.83348,44.97363],[-93.83338,44.97372],[-93.8334,44.97377],[-93.83342,44.97377],[-93.83341,44.97379],[-93.83346,44.97388],[-93.83513,44.97375],[-93.83504,44.97453],[-93.83387,44.9747],[-93.83305,44.97408],[-93.83293,44.97405],[-93.83289,44.97406],[-93.83282,44.97403],[-93.83132,44.97371],[-93.82899,44.97416],[-93.82689,44.97528],[-93.82523,44.97786],[-93.89,44.97821]],[[-93.83201,44.93013],[-93.83187,44.93068],[-93.83115,44.93108],[-93.83065,44.93234],[-93.82897,44.93437],[-93.82641,44.93562],[-93.82226,44.93581],[-93.82076,44.93556],[-93.8188,44.93597],[-93.81748,44.93578],[-93.81307,44.93412],[-93.8117,44.93324],[-93.81068,44.93108],[-93.80933,44.93001],[-93.80918,44.9288],[-93.80677,44.9282],[-93.80666,44.92776],[-93.80723,44.9267],[-93.80926,44.9268],[-93.81107,44.92491],[-93.81228,44.92452],[-93.81513,44.92486],[-93.82118,44.92413],[-93.82315,44.92459],[-93.82476,44.92601],[-93.8269,44.92695],[-93.82788,44.92851],[-93.82899,44.92951],[-93.82964,44.92901],[-93.83201,44.93013]],[[-93.81301,44.9567],[-93.81246,44.9572],[-93.80912,44.95831],[-93.80937,44.95861],[-93.80794,44.95922],[-93.80635,44.95879],[-93.80578,44.95767],[-93.80418,44.95811],[-93.80308,44.95795],[-93.80273,44.95851],[-93.80296,44.9587],[-93.80263,44.95884],[-93.80214,44.95808],[-93.80133,44.95762],[-93.80187,44.95841],[-93.8014,44.95945],[-93.79934,44.95978],[-93.79918,44.95928],[-93.79753,44.95942],[-93.79688,44.95979],[-93.79806,44.96018],[-93.79818,44.96093],[-93.7957,44.96144],[-93.79214,44.96134],[-93.79,44.96024],[-93.78918,44.95838],[-93.78917,44.95745],[-93.79134,44.95473],[-93.79227,44.95403],[-93.79374,44.9512],[-93.79354,44.95036],[-93.7938,44.94877],[-93.79317,44.94801],[-93.79361,44.94768],[-93.79465,44.9476],[-93.79687,44.94884],[-93.79707,44.94999],[-93.80032,44.95254],[-93.80087,44.95202],[-93.80263,44.95209],[-93.80194,44.95186],[-93.80228,44.95078],[-93.80228,44.94979],[-93.802,44.94955],[-93.80257,44.9495],[-93.80296,44.94903],[-93.80462,44.9488],[-93.80568,44.9483],[-93.80708,44.94881],[-93.8078,44.94843],[-93.80833,44.94876],[-93.8075,44.94962],[-93.80545,44.95038],[-93.80457,44.9515],[-93.80332,44.95184],[-93.8035,44.95281],[-93.80272,44.953],[-93.80198,44.95274],[-93.80095,44.95339],[-93.79853,44.95407],[-93.79795,44.95535],[-93.79934,44.95628],[-93.80018,44.95652],[-93.80108,44.95583],[-93.80238,44.95547],[-93.80257,44.95608],[-93.80318,44.95562],[-93.80359,44.95583],[-93.80454,44.95555],[-93.80489,44.95643],[-93.80665,44.95641],[-93.80732,44.95596],[-93.80738,44.95523],[-93.80697,44.95465],[-93.80572,44.95433],[-93.80468,44.95452],[-93.8042,44.95414],[-93.8044,44.95388],[-93.80403,44.9531],[-93.80514,44.95293],[-93.8055,44.95259],[-93.80834,44.95241],[-93.80917,44.95276],[-93.80855,44.95332],[-93.80941,44.95408],[-93.80945,44.9545],[-93.81135,44.95509],[-93.81239,44.95582],[-93.81301,44.9567]],[[-93.79805,44.9178],[-93.79753,44.91822],[-93.79485,44.91942],[-93.79294,44.91951],[-93.79281,44.92061],[-93.79471,44.92199],[-93.79419,44.92231],[-93.79138,44.92093],[-93.78802,44.9205],[-93.78696,44.91934],[-93.78686,44.91818],[-93.78795,44.9172],[-93.79258,44.91716],[-93.79482,44.91639],[-93.79788,44.91731],[-93.79805,44.9178]],[[-93.79679,44.94255],[-93.796,44.94314],[-93.79414,44.94373],[-93.79303,44.9449],[-93.79185,44.94552],[-93.78775,44.9449],[-93.78604,44.94528],[-93.7843,44.94511],[-93.78166,44.94405],[-93.77854,44.94364],[-93.77685,44.94279],[-93.7769,44.94069],[-93.77729,44.94005],[-93.77791,44.93977],[-93.77798,44.94001],[-93.78089,44.93993],[-93.78506,44.93857],[-93.78662,44.93942],[-93.78925,44.93956],[-93.79279,44.93826],[-93.79418,44.93834],[-93.79463,44.93871],[-93.79534,44.9404],[-93.79668,44.94162],[-93.79679,44.94255]]],[[[-93.86373,44.9502],[-93.86229,44.95004],[-93.86216,44.95054],[-93.86167,44.95054],[-93.86167,44.95136],[-93.86373,44.95141],[-93.86373,44.9502]]],[[[-93.85561,44.95526],[-93.85293,44.9552],[-93.8514,44.95556],[-93.85283,44.95621],[-93.85213,44.95796],[-93.85273,44.95821],[-93.85394,44.95752],[-93.85289,44.95705],[-93.85299,44.9565],[-93.85461,44.95717],[-93.85496,44.95676],[-93.8534,44.95607],[-93.85559,44.95606],[-93.85561,44.95526]]],[[[-93.85553,44.94636],[-93.85528,44.94656],[-93.8553,44.94681],[-93.85553,44.94636]]],[[[-93.85239,44.95647],[-93.85127,44.95616],[-93.85109,44.95525],[-93.85157,44.95517],[-93.84879,44.95511],[-93.84868,44.95611],[-93.84829,44.95634],[-93.85193,44.95787],[-93.85239,44.95647]]],[[[-93.84898,44.95248],[-93.84557,44.95251],[-93.84501,44.95416],[-93.84893,44.95418],[-93.84898,44.95248]]],[[[-93.84567,44.95076],[-93.84371,44.95081],[-93.84369,44.95241],[-93.84505,44.95241],[-93.84567,44.95076]]],[[[-93.83882,44.97045],[-93.83869,44.97045],[-93.83842,44.97072],[-93.83882,44.97045]]],[[[-93.8382,44.97045],[-93.83468,44.97047],[-93.83468,44.97096],[-93.83573,44.97095],[-93.83572,44.97179],[-93.83727,44.97136],[-93.8382,44.97045]]],[[[-93.83638,44.94939],[-93.83578,44.94879],[-93.83452,44.94877],[-93.83448,44.94936],[-93.83638,44.94939]]],[[[-93.83501,44.97407],[-93.83437,44.97386],[-93.83373,44.97412],[-93.8341,44.9745],[-93.83501,44.97407]]],[[[-93.83478,44.97204],[-93.83445,44.97201],[-93.8332,44.9726],[-93.83305,44.97301],[-93.83319,44.97331],[-93.83385,44.9723],[-93.83478,44.97204]]],[[[-93.83316,44.95748],[-93.83258,44.95745],[-93.83252,44.95863],[-93.83316,44.95865],[-93.83316,44.95748]]],[[[-93.83113,44.97333],[-93.83107,44.9733],[-93.83091,44.97346],[-93.83113,44.97333]]],[[[-93.83097,44.93022],[-93.83043,44.93007],[-93.82946,44.93007],[-93.82947,44.9301],[-93.82943,44.9301],[-93.82962,44.93066],[-93.83097,44.93022]]],[[[-93.82998,44.97376],[-93.82894,44.97381],[-93.82775,44.97448],[-93.8289,44.97387],[-93.82998,44.97376]]],[[[-93.82615,44.97574],[-93.826,44.97589],[-93.82586,44.97624],[-93.82615,44.97574]]],[[[-93.80938,44.95555],[-93.80934,44.95528],[-93.80937,44.9552],[-93.80933,44.9552],[-93.80932,44.95514],[-93.80914,44.95522],[-93.80894,44.95524],[-93.80872,44.95541],[-93.80844,44.95554],[-93.80839,44.95568],[-93.80812,44.95589],[-93.80819,44.95617],[-93.80815,44.95628],[-93.80823,44.9563],[-93.80824,44.95635],[-93.80867,44.95648],[-93.80873,44.95642],[-93.80877,44.95643],[-93.80893,44.95621],[-93.80908,44.95604],[-93.80912,44.95593],[-93.80938,44.95555]]],[[[-93.80856,44.95733],[-93.80827,44.95728],[-93.80772,44.95759],[-93.80755,44.95809],[-93.8082,44.95789],[-93.8083,44.95773],[-93.80845,44.95766],[-93.80856,44.95733]]]]}},
{"type":"Feature","id":"2397211","properties":{"id":"2397211","name":"Watertown","kind":"city","counties":["Carver"],"population":4848,"label":[-93.8432,44.96021]},"geometry":{"type":"MultiPolygon","coordinates":[[[[-93.86932,44.94902],[-93.85477,44.94891],[-93.8545,44.95118],[-93.85338,44.95211],[-93.8535,44.95262],[-93.85466,44.95323],[-93.85451,44.95437],[-93.85361,44.95504],[-93.85293,44.9552],[-93.85561,44.95526],[-93.85559,44.95606],[-93.8534,44.95607],[-93.85496,44.95676],[-93.85461,44.95717],[-93.85299,44.9565],[-93.85289,44.95705],[-93.85394,44.95752],[-93.85273,44.95821],[-93.85213,44.95796],[-93.85209,44.95805],[-93.8506,44.95882],[-93.84969,44.95979],[-93.84662,44.96046],[-93.84639,44.96119],[-93.84694,44.96269],[-93.84388,44.96652],[-93.84089,44.96826],[-93.83869,44.97045],[-93.83882,44.97045],[-93.83842,44.97072],[-93.83765,44.97149],[-93.83702,44.97168],[-93.83659,44.97197],[-93.84157,44.97194],[-93.84224,44.97043],[-93.84426,44.97042],[-93.84423,44.97226],[-93.84957,44.97233],[-93.84946,44.97404],[-93.85925,44.97411],[-93.85948,44.97025],[-93.85466,44.96922],[-93.85483,44.96882],[-93.85615,44.9688],[-93.8569,44.96836],[-93.85462,44.96726],[-93.85732,44.96443],[-93.85875,44.96508],[-93.8591,44.96057],[-93.85937,44.96027],[-93.86029,44.96029],[-93.86032,44.96113],[-93.86424,44.96118],[-93.86428,44.9598],[-93.85911,44.95975],[-93.85914,44.95628],[-93.85958,44.95627],[-93.85945,44.95534],[-93.86329,44.95532],[-93.8627,44.95428],[-93.86294,44.95258],[-93.86922,44.95264],[-93.86932,44.94902]],[[-93.86373,44.9502],[-93.86373,44.95141],[-93.86167,44.95136],[-93.86167,44.95054],[-93.86216,44.95054],[-93.86229,44.95004],[-93.86373,44.9502]]],[[[-93.86216,44.9562],[-93.85958,44.95627],[-93.8621,44.95629],[-93.86216,44.9562]]],[[[-93.8543,44.95406],[-93.85369,44.95444],[-93.85421,44.95432],[-93.8543,44.95406]]],[[[-93.85426,44.94891],[-93.84782,44.94886],[-93.84783,44.94986],[-93.8466,44.94989],[-93.84714,44.94884],[-93.84111,44.94883],[-93.84111,44.95062],[-93.83859,44.95061],[-93.83842,44.95143],[-93.83596,44.9487],[-93.82555,44.94872],[-93.82247,44.9543],[-93.82433,44.95471],[-93.8245,44.95658],[-93.82911,44.95864],[-93.8312,44.95886],[-93.83117,44.95919],[-93.83356,44.95953],[-93.83883,44.95954],[-93.83881,44.9603],[-93.83908,44.96035],[-93.83872,44.96094],[-93.83872,44.96185],[-93.83758,44.96317],[-93.82852,44.96317],[-93.82859,44.95957],[-93.81847,44.95962],[-93.81844,44.96339],[-93.82599,44.96332],[-93.82613,44.9705],[-93.82862,44.9705],[-93.82913,44.97095],[-93.8275,44.97193],[-93.82605,44.97462],[-93.82372,44.97748],[-93.82372,44.97786],[-93.82491,44.97786],[-93.82498,44.97779],[-93.82586,44.97624],[-93.826,44.97589],[-93.82615,44.97574],[-93.82648,44.97516],[-93.82775,44.97448],[-93.82894,44.97381],[-93.82998,44.97376],[-93.83049,44.97371],[-93.83091,44.97346],[-93.83107,44.9733],[-93.83113,44.97333],[-93.83133,44.97321],[-93.83192,44.97355],[-93.83191,44.97355],[-93.83192,44.97355],[-93.83226,44.97375],[-93.83248,44.97374],[-93.83259,44.97378],[-93.83255,44.97374],[-93.83292,44.97373],[-93.83319,44.97331],[-93.83305,44.97301],[-93.8332,44.9726],[-93.83445,44.97201],[-93.83478,44.97204],[-93.83572,44.97179],[-93.83573,44.97095],[-93.83468,44.97096],[-93.83468,44.97047],[-93.8382,44.97045],[-93.84067,44.96805],[-93.84278,44.96705],[-93.84647,44.96298],[-93.84666,44.96236],[-93.84602,44.96154],[-93.84614,44.96043],[-93.84773,44.9597],[-93.84945,44.95951],[-93.85047,44.95857],[-93.85191,44.95793],[-93.85193,44.95787],[-93.84829,44.95634],[-93.84868,44.95611],[-93.84879,44.95511],[-93.85157,44.95517],[-93.85323,44.9549],[-93.85347,44.95465],[-93.85329,44.95393],[-93.85396,44.95366],[-93.85312,44.95278],[-93.85295,44.95212],[-93.85415,44.95077],[-93.85426,44.94891]],[[-93.84898,44.95248],[-93.84893,44.95418],[-93.84501,44.95416],[-93.84557,44.95251],[-93.84898,44.95248]],[[-93.84567,44.95076],[-93.84505,44.95241],[-93.84369,44.95241],[-93.84371,44.95081],[-93.84567,44.95076]],[[-93.83638,44.94939],[-93.83448,44.94936],[-93.83452,44.94877],[-93.83578,44.94879],[-93.83638,44.94939]],[[-93.83316,44.95748],[-93.83316,44.95865],[-93.83252,44.95863],[-93.83258,44.95745],[-93.83316,44.95748]]],[[[-93.84022,44.96875],[-93.84015,44.96863],[-93.84001,44.96879],[-93.84022,44.96875]]],[[[-93.83572,44.97206],[-93.83552,44.97212],[-93.83572,44.97214],[-93.83572,44.97206]]],[[[-93.83346,44.97388],[-93.83341,44.97379],[-93.83337,44.97389],[-93.83346,44.97388]]],[[[-93.8334,44.97377],[-93.83338,44.97372],[-93.83334,44.97376],[-93.8334,44.97377]]],[[[-93.83293,44.97405],[-93.83282,44.97403],[-93.83289,44.97406],[-93.83293,44.97405]]]]}},
{"type":"Feature","id":"2397235","properties":{"id":"2397235","name":"Wayzata","kind":"city","counties":["Hennepin"],"population":4437,"label":[-93.51352,44.97075]},"geometry":{"type":"MultiPolygon","coordinates":[[[[-93.54812,44.97452],[-93.543,44.97447],[-93.54299,44.96658],[-93.54428,44.96658],[-93.54299,44.96562],[-93.54299,44.96525],[-93.54392,44.96525],[-93.54392,44.96402],[-93.54365,44.96396],[-93.54349,44.96395],[-93.54234,44.96391],[-93.54074,44.96397],[-93.53978,44.96381],[-93.5392,44.96379],[-93.539,44.96373],[-93.53875,44.96372],[-93.53828,44.96356],[-93.5376,44.96345],[-93.53697,44.96315],[-93.53605,44.96288],[-93.53588,44.96276],[-93.53569,44.9627],[-93.53557,44.96256],[-93.53514,44.96226],[-93.53459,44.96134],[-93.53459,44.96133],[-93.5344,44.96109],[-93.5347,44.95947],[-93.53163,44.95704],[-93.5313,44.95659],[-93.53095,44.9563],[-93.53109,44.95735],[-93.53006,44.95791],[-93.52941,44.95957],[-93.52849,44.96025],[-93.52828,44.96044],[-93.52817,44.96049],[-93.5278,44.96076],[-93.52748,44.96069],[-93.52775,44.96036],[-93.52776,44.96033],[-93.52634,44.96089],[-93.5263,44.96249],[-93.52589,44.96332],[-93.52542,44.96374],[-93.52522,44.96401],[-93.52067,44.96803],[-93.52057,44.96818],[-93.52068,44.96893],[-93.52013,44.96917],[-93.52029,44.96955],[-93.52023,44.9696],[-93.52025,44.96967],[-93.52005,44.96973],[-93.51989,44.96985],[-93.51953,44.96988],[-93.5194,44.9695],[-93.52026,44.96839],[-93.51995,44.96846],[-93.51937,44.96873],[-93.51822,44.96887],[-93.51811,44.96889],[-93.51843,44.9689],[-93.51869,44.96888],[-93.51876,44.96915],[-93.51684,44.96963],[-93.51495,44.96965],[-93.5147,44.96958],[-93.51448,44.96957],[-93.5129,44.96904],[-93.51157,44.96865],[-93.51139,44.96854],[-93.51088,44.96837],[-93.51031,44.96795],[-93.51017,44.96788],[-93.51014,44.96782],[-93.50976,44.96754],[-93.50949,44.9676],[-93.50954,44.96808],[-93.50922,44.96766],[-93.50982,44.96747],[-93.50951,44.967],[-93.50754,44.96564],[-93.5044,44.96548],[-93.50335,44.96593],[-93.50333,44.96593],[-93.50331,44.96603],[-93.50325,44.96592],[-93.50114,44.96574],[-93.50033,44.96535],[-93.50022,44.96533],[-93.49991,44.96515],[-93.49893,44.96467],[-93.49884,44.9645],[-93.49877,44.96446],[-93.49877,44.96445],[-93.49869,44.96441],[-93.49866,44.96417],[-93.4985,44.96387],[-93.49848,44.9634],[-93.49817,44.96224],[-93.49819,44.96216],[-93.49711,44.96211],[-93.49721,44.96201],[-93.49711,44.962],[-93.49723,44.962],[-93.4974,44.96183],[-93.49826,44.96193],[-93.49909,44.9591],[-93.50122,44.95658],[-93.50033,44.95539],[-93.49917,44.95266],[-93.49911,44.9522],[-93.49863,44.95095],[-93.49857,44.95088],[-93.49858,44.95127],[-93.49862,44.95134],[-93.49863,44.95221],[-93.50004,44.95482],[-93.50004,44.95502],[-93.50009,44.95512],[-93.50004,44.95531],[-93.50004,44.95549],[-93.49997,44.95557],[-93.49994,44.95569],[-93.49963,44.95595],[-93.49936,44.95625],[-93.49861,44.9568],[-93.49807,44.95725],[-93.49793,44.9573],[-93.49779,44.9574],[-93.49642,44.9578],[-93.49398,44.95773],[-93.4921,44.95855],[-93.492,44.95855],[-93.49199,44.96411],[-93.48921,44.9641],[-93.48919,44.96574],[-93.48878,44.96575],[-93.48877,44.9674],[-93.48675,44.96739],[-93.48674,44.96585],[-93.47677,44.96579],[-93.47672,44.97132],[-93.48178,44.97132],[-93.4817,44.97411],[-93.4834,44.9741],[-93.48348,44.97144],[-93.48319,44.97131],[-93.48529,44.97129],[-93.48525,44.97275],[-93.48643,44.97274],[-93.48747,44.97466],[-93.48518,44.97625],[-93.48773,44.97818],[-93.48993,44.97672],[-93.48994,44.97671],[-93.48865,44.97564],[-93.48905,44.97493],[-93.48944,44.97471],[-93.48954,44.9746],[-93.48983,44.9745],[-93.49085,44.97394],[-93.49205,44.97374],[-93.49416,44.97409],[-93.49438,44.97435],[-93.49457,44.9744],[-93.4946,44.9746],[-93.49469,44.97471],[-93.49463,44.97482],[-93.49465,44.975],[-93.49407,44.97585],[-93.49412,44.97612],[-93.49423,44.97627],[-93.49546,44.97705],[-93.49608,44.97808],[-93.49606,44.97812],[-93.4961,44.9782],[-93.49592,44.97846],[-93.50218,44.9784],[-93.50217,44.98197],[-93.5086,44.97824],[-93.51051,44.97822],[-93.51069,44.97929],[-93.51136,44.98005],[-93.51194,44.98],[-93.51197,44.98179],[-93.52266,44.98161],[-93.52262,44.97804],[-93.52496,44.97805],[-93.5265,44.97737],[-93.52649,44.97805],[-93.54288,44.97808],[-93.54289,44.97846],[-93.54418,44.97915],[-93.548,44.97916],[-93.54301,44.97649],[-93.543,44.97599],[-93.54812,44.97603],[-93.54812,44.97452]]],[[[-93.53078,44.95535],[-93.53075,44.95502],[-93.53076,44.95469],[-93.53074,44.95455],[-93.53072,44.95457],[-93.53071,44.95449],[-93.53046,44.95483],[-93.53046,44.95485],[-93.53056,44.95518],[-93.53056,44.95518],[-93.53074,44.95534],[-93.53074,44.95534],[-93.53077,44.95537],[-93.53078,44.95535]]]]}},
{"type":"Feature","id":"665945","properties":{"id":"665945","name":"Webster","kind":"township","counties":["Rice"],"population":1815,"label":[-93.34202,44.50071]},"geometry":{"type":"MultiPolygon","coordinates":[[[[-93.40257,44.54383],[-93.40239,44.47914],[-93.40001,44.47915],[-93.4,44.47718],[-93.40234,44.47717],[-93.40246,44.45726],[-93.2818,44.45752],[-93.28144,44.54398],[-93.31778,44.54401],[-93.31775,44.54393],[-93.31687,44.5435],[-93.317,44.54312],[-93.31862,44.54264],[-93.32154,44.54242],[-93.32258,44.54277],[-93.32318,44.54334],[-93.32321,44.54402],[-93.32846,44.54402],[-93.40257,44.54383]]]]}},
{"type":"Feature","id":"665966","properties":{"id":"665966","name":"West Lakeland","kind":"township","counties":["Washington"],"population":3941,"label":[-92.81957,44.97146]},"geometry":{"type":"MultiPolygon","coordinates":[[[[-92.8629,44.99258],[-92.86289,44.98273],[-92.86168,44.98274],[-92.86093,44.98165],[-92.86256,44.98164],[-92.86288,44.98031],[-92.86284,44.97026],[-92.86262,44.97038],[-92.86144,44.96992],[-92.86093,44.97066],[-92.8605,44.97059],[-92.85988,44.97103],[-92.85766,44.96974],[-92.85738,44.96929],[-92.85779,44.96913],[-92.85781,44.96863],[-92.8595,44.96753],[-92.86099,44.96871],[-92.86283,44.96889],[-92.86282,44.96685],[-92.86217,44.96663],[-92.86216,44.96608],[-92.86282,44.96567],[-92.86275,44.94921],[-92.78148,44.94892],[-92.78143,44.97434],[-92.77044,44.97442],[-92.77045,44.97467],[-92.7716,44.97652],[-92.77205,44.97954],[-92.77188,44.98017],[-92.7711,44.98048],[-92.77246,44.98112],[-92.77501,44.98524],[-92.77642,44.98823],[-92.77662,44.99008],[-92.77581,44.99089],[-92.77631,44.99235],[-92.8629,44.99258]]]]}},
{"type":"Feature","id":"2397275","properties":{"id":"2397275","name":"West Saint Paul","kind":"city","counties":["Dakota"],"population":21169,"label":[-93.08576,44.90187]},"geometry":{"type":"MultiPolygon","coordinates":[[[[-93.10596,44.91969],[-93.10595,44.8836],[-93.0693,44.88355],[-93.0653,44.88454],[-93.06529,44.91953],[-93.09094,44.91965],[-93.09096,44.92331],[-93.09603,44.92328],[-93.09602,44.91966],[-93.10596,44.91969]]]]}},
{"type":"Feature","id":"665981","properties":{"id":"665981","name":"White Bear","kind":"township","counties":["Ramsey"],"population":10807,"label":[-93.01813,45.1013]},"geometry":{"type":"MultiPolygon","coordinates":[[[[-93.10673,45.12409],[-93.10672,45.12185],[-93.10553,45.12305],[-93.10492,45.12319],[-93.10433,45.12153],[-93.1037,45.12102],[-93.10263,45.12084],[-93.10261,45.12027],[-93.10405,45.11877],[-93.10574,45.11846],[-93.10625,45.11871],[-93.1067,45.11883],[-93.10668,45.11562],[-93.09698,45.11545],[-93.09698,45.11898],[-93.08677,45.1189],[-93.08678,45.12408],[-93.10673,45.12409]]],[[[-93.07488,45.07932],[-93.0561,45.07934],[-93.05614,45.08659],[-93.04891,45.08659],[-93.04869,45.0881],[-93.04779,45.08893],[-93.04621,45.08934],[-93.04621,45.09026],[-93.03594,45.09197],[-93.03594,45.09253],[-93.01837,45.09545],[-93.00551,45.0991],[-93.00356,45.10021],[-93.00288,45.10093],[-93.00388,45.09928],[-92.99494,45.10188],[-92.99403,45.10094],[-92.9917,45.10094],[-92.99168,45.10026],[-92.99255,45.10027],[-92.99256,45.09999],[-92.99167,45.09999],[-92.99166,45.09948],[-92.99262,45.09947],[-92.99083,45.0978],[-92.99082,45.09744],[-92.98762,45.09772],[-92.98545,45.09715],[-92.98453,45.09668],[-92.98445,45.11472],[-92.98474,45.11551],[-92.98445,45.11564],[-92.98441,45.12363],[-93.01293,45.12379],[-93.01374,45.12371],[-93.013,45.12274],[-93.01147,45.12178],[-93.01142,45.12094],[-93.01165,45.12056],[-93.01273,45.12024],[-93.01369,45.12087],[-93.01441,45.12093],[-93.01422,45.11999],[-93.01026,45.11728],[-93.01021,45.11623],[-93.01071,45.1147],[-93.01013,45.1141],[-93.00785,45.11359],[-93.00655,45.11282],[-93.00528,45.11274],[-93.00478,45.11298],[-93.00582,45.11315],[-93.00573,45.11409],[-93.00493,45.11496],[-93.00291,45.11455],[-93.00204,45.11395],[-93.0011,45.11259],[-93.00054,45.10976],[-93.00072,45.1092],[-93.0016,45.10845],[-93.00733,45.10569],[-93.00821,45.10438],[-93.01031,45.10253],[-93.0106,45.1017],[-93.01151,45.10081],[-93.0157,45.09948],[-93.01949,45.09922],[-93.02202,45.10016],[-93.02522,45.10511],[-93.02621,45.10755],[-93.02545,45.11042],[-93.02602,45.11122],[-93.02684,45.11424],[-93.02772,45.11554],[-93.02701,45.11638],[-93.0253,45.11712],[-93.02434,45.11704],[-93.02264,45.1152],[-93.02279,45.11571],[-93.02215,45.11645],[-93.02239,45.11687],[-93.02167,45.11629],[-93.0207,45.11669],[-93.02065,45.11771],[-93.02286,45.12065],[-93.02295,45.12115],[-93.02218,45.12271],[-93.02288,45.12287],[-93.02208,45.12276],[-93.02021,45.12372],[-93.02009,45.12383],[-93.03637,45.12392],[-93.03653,45.12326],[-93.03572,45.12172],[-93.03621,45.12086],[-93.03619,45.12018],[-93.03433,45.11951],[-93.03413,45.11866],[-93.03321,45.11877],[-93.03328,45.11805],[-93.03254,45.11767],[-93.03272,45.11704],[-93.03322,45.11709],[-93.0339,45.11815],[-93.03483,45.11874],[-93.03624,45.11884],[-93.0368,45.11855],[-93.03668,45.11811],[-93.03472,45.11786],[-93.03559,45.11669],[-93.03765,45.11621],[-93.04059,45.11644],[-93.04205,45.11723],[-93.04236,45.11871],[-93.04378,45.11999],[-93.0441,45.12083],[-93.04597,45.1218],[-93.04755,45.12333],[-93.04753,45.12398],[-93.05642,45.12403],[-93.05615,45.08726],[-93.06043,45.08546],[-93.06702,45.08406],[-93.07488,45.07932]]],[[[-93.05575,45.05806],[-93.05548,45.05774],[-93.04841,45.06235],[-93.0484,45.06207],[-93.04586,45.06289],[-93.04586,45.06329],[-93.036,45.06654],[-93.03094,45.0688],[-93.0305,45.06787],[-93.03048,45.06944],[-93.0255,45.07207],[-93.02548,45.07928],[-93.03574,45.0793],[-93.03569,45.07496],[-93.03972,45.07494],[-93.04101,45.07602],[-93.04105,45.07887],[-93.05146,45.07209],[-93.05092,45.07209],[-93.05101,45.06473],[-93.04999,45.06473],[-93.05002,45.06198],[-93.05575,45.05806]],[[-93.04321,45.0701],[-93.04308,45.07197],[-93.0427,45.07211],[-93.04127,45.07407],[-93.04122,45.07473],[-93.04072,45.07495],[-93.03865,45.07458],[-93.0374,45.07367],[-93.03707,45.07225],[-93.03737,45.07054],[-93.03717,45.0685],[-93.0373,45.06781],[-93.03785,45.06738],[-93.04011,45.06734],[-93.04234,45.06871],[-93.04321,45.0701]]],[[[-93.04818,45.08658],[-93.04621,45.08625],[-93.04621,45.08882],[-93.04773,45.08826],[-93.04812,45.08763],[-93.04818,45.08658]]],[[[-93.03659,45.03577],[-93.03618,45.03577],[-93.03591,45.03682],[-93.03435,45.04299],[-93.03477,45.04299],[-93.03659,45.03577]]],[[[-93.02551,45.06968],[-93.024,45.07038],[-93.02186,45.07201],[-93.0255,45.07207],[-93.02551,45.06968]]],[[[-93.01843,45.11071],[-93.01802,45.11023],[-93.0144,45.10865],[-93.01569,45.10963],[-93.01843,45.11071]]],[[[-93.01514,45.07829],[-93.01418,45.07855],[-93.00902,45.08092],[-93.01514,45.07829]]],[[[-93.00859,45.07043],[-93.00578,45.07032],[-93.00602,45.07045],[-93.00859,45.07056],[-93.00859,45.07043]]],[[[-93.00365,45.0838],[-93.00038,45.08468],[-93.00018,45.08448],[-92.9992,45.08513],[-92.99878,45.08582],[-93.00283,45.08435],[-93.00365,45.0838]]],[[[-93.00072,45.0835],[-93.00039,45.08347],[-93.00042,45.08359],[-93.00072,45.0835]]],[[[-93.0006,45.08278],[-93.00015,45.08293],[-93.00048,45.08298],[-93.0006,45.08278]]],[[[-93.00042,45.06978],[-92.99963,45.07047],[-92.99983,45.07043],[-93.00042,45.06978]]],[[[-92.99909,45.08188],[-92.99834,45.08162],[-92.99778,45.08182],[-92.99909,45.08188]]],[[[-92.99747,45.08598],[-92.99709,45.08583],[-92.9971,45.08591],[-92.99747,45.08598]]],[[[-92.99737,45.07095],[-92.99661,45.07108],[-92.99668,45.0711],[-92.99737,45.07095]]],[[[-92.99735,45.06633],[-92.99632,45.06633],[-92.99631,45.06476],[-92.99327,45.06478],[-92.99327,45.06305],[-92.99487,45.06297],[-92.99486,45.05584],[-92.99455,45.05585],[-92.99453,45.05901],[-92.99211,45.05898],[-92.99212,45.05876],[-92.99137,45.0587],[-92.99158,45.05898],[-92.99118,45.05926],[-92.99053,45.05887],[-92.98646,45.05875],[-92.98593,45.05917],[-92.98544,45.05898],[-92.98524,45.06024],[-92.9847,45.06023],[-92.98467,45.06597],[-92.98565,45.06606],[-92.98631,45.06656],[-92.98647,45.06753],[-92.98942,45.07004],[-92.99229,45.07],[-92.99604,45.07094],[-92.99602,45.06769],[-92.99633,45.0677],[-92.99632,45.06691],[-92.99735,45.06691],[-92.99735,45.06633]]],[[[-92.99704,45.08437],[-92.99684,45.08432],[-92.99686,45.08433],[-92.99703,45.08546],[-92.99704,45.08437]]],[[[-92.99543,45.08184],[-92.99528,45.08165],[-92.99503,45.08198],[-92.99543,45.08184]]],[[[-92.99502,45.08356],[-92.9948,45.08338],[-92.99438,45.08133],[-92.99086,45.07948],[-92.99022,45.07857],[-92.98981,45.07701],[-92.98972,45.07705],[-92.98979,45.07802],[-92.99072,45.07951],[-92.994,45.08134],[-92.99482,45.08348],[-92.99502,45.08356]]],[[[-92.98962,45.07711],[-92.98961,45.07711],[-92.98958,45.07713],[-92.98962,45.07711]]],[[[-92.98848,45.08046],[-92.98845,45.08045],[-92.98825,45.08049],[-92.98848,45.08046]]]]}},
{"type":"Feature","id":"2397299","properties":{"id":"2397299","name":"White Bear Lake","kind":"city","counties":["Washington","Ramsey"],"population":24689,"label":[-93.01534,45.06561]},"geometry":{"type":"MultiPolygon","coordinates":[[[[-93.05614,45.08659],[-93.05613,45.07212],[-93.05146,45.07209],[-93.04105,45.07887],[-93.04101,45.07602],[-93.03972,45.07494],[-93.03569,45.07496],[-93.03574,45.0793],[-93.02548,45.07928],[-93.0255,45.07207],[-93.02584,45.07207],[-93.03048,45.06944],[-93.0305,45.06787],[-93.02921,45.06846],[-93.02864,45.06813],[-93.02885,45.06756],[-93.02813,45.06746],[-93.03311,45.05031],[-93.03061,45.05029],[-93.03061,45.04664],[-93.0357,45.0466],[-93.03572,45.04299],[-93.03435,45.04299],[-93.03591,45.03682],[-93.03226,45.03652],[-93.02138,45.03676],[-93.01804,45.03639],[-93.01801,45.03575],[-93.01716,45.03575],[-93.01722,45.0364],[-93.01366,45.03678],[-93.00996,45.03673],[-93.00573,45.03631],[-93.00574,45.03577],[-93.00454,45.03577],[-93.00453,45.03624],[-92.99623,45.03514],[-92.99501,45.03472],[-92.99474,45.03527],[-92.98922,45.03457],[-92.98469,45.03308],[-92.9847,45.05035],[-92.98209,45.05035],[-92.98207,45.05234],[-92.9847,45.05234],[-92.9847,45.05392],[-92.98011,45.05392],[-92.98003,45.05756],[-92.9847,45.05759],[-92.9847,45.06023],[-92.98524,45.06024],[-92.98544,45.05898],[-92.98593,45.05917],[-92.98646,45.05875],[-92.99053,45.05887],[-92.99118,45.05926],[-92.99158,45.05898],[-92.99137,45.0587],[-92.99212,45.05876],[-92.99211,45.05898],[-92.99453,45.05901],[-92.99455,45.05585],[-92.99486,45.05584],[-92.99487,45.06297],[-92.99327,45.06305],[-92.99327,45.06478],[-92.99631,45.06476],[-92.99632,45.06633],[-92.99735,45.06633],[-92.99735,45.06691],[-92.99632,45.06691],[-92.99633,45.0677],[-92.99602,45.06769],[-92.99604,45.07094],[-92.99661,45.07108],[-92.99737,45.07095],[-92.99963,45.07047],[-93.00042,45.06978],[-93.00102,45.06911],[-93.00319,45.06888],[-93.00578,45.07032],[-93.00859,45.07043],[-93.00859,45.07056],[-93.0104,45.07064],[-93.01081,45.07138],[-93.01047,45.0734],[-93.01092,45.07387],[-93.01177,45.07439],[-93.01323,45.07464],[-93.01346,45.07435],[-93.013,45.07414],[-93.0131,45.0739],[-93.01474,45.07383],[-93.01567,45.07428],[-93.01635,45.07535],[-93.01633,45.07686],[-93.01593,45.07807],[-93.01514,45.07829],[-93.00902,45.08092],[-93.00729,45.08171],[-93.00392,45.08373],[-93.00365,45.0838],[-93.00283,45.08435],[-92.99878,45.08582],[-92.99876,45.08585],[-92.998,45.08619],[-92.99747,45.08598],[-92.9971,45.08591],[-92.99709,45.08583],[-92.99703,45.08581],[-92.99703,45.08546],[-92.99686,45.08433],[-92.99684,45.08432],[-92.99556,45.08401],[-92.99502,45.08356],[-92.99482,45.08348],[-92.994,45.08134],[-92.99072,45.07951],[-92.98979,45.07802],[-92.98972,45.07705],[-92.98962,45.07711],[-92.98958,45.07713],[-92.98649,45.07969],[-92.98694,45.08064],[-92.98773,45.08055],[-92.9882,45.08045],[-92.98836,45.08047],[-92.98889,45.08041],[-92.99003,45.08063],[-92.99109,45.08163],[-92.99188,45.08375],[-92.99336,45.08417],[-92.99486,45.08527],[-92.9983,45.08646],[-92.99907,45.087],[-92.99982,45.08813],[-93.00002,45.09039],[-92.99949,45.09195],[-92.99834,45.09264],[-92.99832,45.09267],[-92.99827,45.09269],[-92.99685,45.09355],[-92.99644,45.09512],[-92.99575,45.09594],[-92.99192,45.09735],[-92.99082,45.09744],[-92.99083,45.0978],[-92.99262,45.09947],[-92.99166,45.09948],[-92.99167,45.09999],[-92.99256,45.09999],[-92.99255,45.10027],[-92.99168,45.10026],[-92.9917,45.10094],[-92.99403,45.10094],[-92.99494,45.10188],[-92.99524,45.10184],[-93.00388,45.09928],[-93.00288,45.10093],[-93.00356,45.10021],[-93.00551,45.0991],[-93.01667,45.09584],[-93.03594,45.09253],[-93.03594,45.09197],[-93.04621,45.09026],[-93.04621,45.08934],[-93.04779,45.08893],[-93.04869,45.0881],[-93.04891,45.08659],[-93.05614,45.08659]],[[-93.0255,45.07207],[-93.02186,45.07201],[-93.024,45.07038],[-93.02551,45.06968],[-93.0255,45.07207]],[[-93.04966,45.0787],[-93.04957,45.0787],[-93.04961,45.07851],[-93.04966,45.0787]],[[-93.04925,45.07817],[-93.04917,45.07872],[-93.04682,45.07882],[-93.04624,45.07826],[-93.04516,45.07804],[-93.04524,45.07726],[-93.04811,45.07692],[-93.04925,45.07817]],[[-93.04869,45.07978],[-93.04494,45.08275],[-93.04372,45.08474],[-93.04123,45.08556],[-93.03981,45.08643],[-93.03923,45.08629],[-93.03823,45.08519],[-93.03497,45.08408],[-93.03501,45.0828],[-93.03597,45.08152],[-93.0392,45.08037],[-93.04485,45.08062],[-93.04643,45.08117],[-93.04664,45.07993],[-93.04869,45.07978]],[[-93.04818,45.08658],[-93.04812,45.08763],[-93.04773,45.08826],[-93.04621,45.08882],[-93.04621,45.08625],[-93.04818,45.08658]],[[-93.02363,45.06644],[-93.02252,45.06875],[-93.02015,45.0695],[-93.02108,45.06992],[-93.02201,45.06965],[-93.01988,45.07304],[-93.01688,45.07336],[-93.01519,45.07322],[-93.01397,45.07261],[-93.01247,45.07095],[-93.01197,45.07019],[-93.01201,45.06903],[-93.01397,45.06822],[-93.01538,45.06825],[-93.01797,45.06734],[-93.01865,45.06739],[-93.0191,45.06717],[-93.01936,45.06612],[-93.02011,45.06562],[-93.02363,45.06644]]]]}},
{"type":"Feature","id":"2397314","properties":{"id":"2397314","name":"Willernie","kind":"city","counties":["Washington"],"population":515,"label":[-92.95698,45.05401]},"geometry":{"type":"MultiPolygon","coordinates":[[[[-92.95275,45.05787],[-92.95832,45.05757],[-92.95859,45.05627],[-92.96,45.0562],[-92.95998,45.0503],[-92.95478,45.0503],[-92.95478,45.05215],[-92.95412,45.05206],[-92.95412,45.05231],[-92.95478,45.05232],[-92.95478,45.05254],[-92.95412,45.05253],[-92.95412,45.05307],[-92.95477,45.05321],[-92.95477,45.05391],[-92.95381,45.05401],[-92.95477,45.05417],[-92.95477,45.05518],[-92.95412,45.0552],[-92.95412,45.05565],[-92.95477,45.05564],[-92.95477,45.05673],[-92.95215,45.05701],[-92.95214,45.05755],[-92.95276,45.05754],[-92.95275,45.05787]],[[-92.95355,45.0574],[-92.95355,45.05718],[-92.95462,45.05718],[-92.95462,45.0574],[-92.95355,45.0574]]]]}},
{"type":"Feature","id":"2397369","properties":{"id":"2397369","name":"Woodbury","kind":"city","counties":["Washington"],"population":77224,"label":[-92.923,44.90553]},"geometry":{"type":"MultiPolygon","coordinates":[[[[-92.98455,44.94871],[-92.98424,44.90746],[-92.98362,44.90868],[-92.98229,44.90913],[-92.98189,44.90878],[-92.98122,44.9087],[-92.98097,44.90798],[-92.97997,44.9077],[-92.97824,44.90649],[-92.97815,44.90587],[-92.97847,44.90564],[-92.97858,44.9047],[-92.9809,44.90472],[-92.98097,44.90395],[-92.98154,44.90376],[-92.98422,44.90473],[-92.98415,44.89461],[-92.97958,44.89463],[-92.97942,44.88922],[-92.97433,44.88927],[-92.97417,44.88385],[-92.97727,44.88382],[-92.98025,44.88547],[-92.98028,44.8865],[-92.98133,44.88651],[-92.9807,44.88743],[-92.98413,44.88743],[-92.98409,44.86196],[-92.86213,44.86194],[-92.86251,44.89114],[-92.86252,44.94895],[-92.92012,44.94883],[-92.92553,44.94916],[-92.94601,44.94891],[-92.95284,44.94914],[-92.98175,44.94848],[-92.98455,44.94871]],[[-92.97726,44.94582],[-92.97724,44.94727],[-92.97664,44.94805],[-92.97332,44.94824],[-92.97177,44.94807],[-92.97037,44.94665],[-92.96804,44.94589],[-92.9662,44.94442],[-92.96633,44.94412],[-92.96698,44.9442],[-92.9673,44.94321],[-92.96877,44.94276],[-92.96975,44.94134],[-92.9707,44.94091],[-92.97056,44.94039],[-92.97112,44.94101],[-92.9729,44.94172],[-92.97459,44.94293],[-92.97726,44.94582]],[[-92.97374,44.88703],[-92.97289,44.8885],[-92.96988,44.88916],[-92.96871,44.88899],[-92.96578,44.89004],[-92.96565,44.88973],[-92.96612,44.88896],[-92.96851,44.88814],[-92.9684,44.88755],[-92.96753,44.8873],[-92.96705,44.88739],[-92.96679,44.88801],[-92.96648,44.88788],[-92.96692,44.88732],[-92.96664,44.88698],[-92.96672,44.88646],[-92.96757,44.88544],[-92.96958,44.88598],[-92.97122,44.88567],[-92.97329,44.88638],[-92.97374,44.88703]],[[-92.91904,44.93547],[-92.91824,44.93651],[-92.91762,44.93546],[-92.91699,44.93532],[-92.91697,44.93494],[-92.91612,44.93414],[-92.91594,44.93335],[-92.91544,44.93297],[-92.91583,44.93174],[-92.9152,44.93061],[-92.91534,44.93028],[-92.91605,44.93055],[-92.91675,44.93139],[-92.91648,44.93262],[-92.91807,44.93337],[-92.91904,44.93547]],[[-92.9152,44.93032],[-92.91461,44.93044],[-92.91387,44.93],[-92.91136,44.92831],[-92.91203,44.92649],[-92.91151,44.92621],[-92.91222,44.92524],[-92.91267,44.92531],[-92.91278,44.92595],[-92.91319,44.92601],[-92.91325,44.92727],[-92.91465,44.92869],[-92.91498,44.92942],[-92.91469,44.92987],[-92.9152,44.93032]],[[-92.91427,44.9018],[-92.9137,44.90486],[-92.91315,44.90566],[-92.91201,44.9057],[-92.91159,44.90649],[-92.91166,44.90727],[-92.91035,44.90831],[-92.91025,44.90952],[-92.90951,44.91059],[-92.90974,44.91171],[-92.90909,44.91252],[-92.90808,44.91253],[-92.90721,44.91206],[-92.90736,44.91117],[-92.90689,44.90956],[-92.90746,44.90883],[-92.90696,44.90876],[-92.90623,44.90728],[-92.9074,44.90753],[-92.90779,44.90811],[-92.9073,44.90833],[-92.90842,44.90853],[-92.90776,44.90736],[-92.90916,44.90581],[-92.90961,44.90473],[-92.91031,44.90424],[-92.90968,44.90426],[-92.90977,44.90344],[-92.91061,44.90309],[-92.91193,44.90339],[-92.91228,44.90206],[-92.91427,44.9018]],[[-92.90431,44.92794],[-92.90311,44.92891],[-92.90204,44.929],[-92.90128,44.9282],[-92.89825,44.92704],[-92.89672,44.92556],[-92.89614,44.92555],[-92.89586,44.92593],[-92.89574,44.92512],[-92.89412,44.92397],[-92.8941,44.92351],[-92.89534,44.92241],[-92.89592,44.92245],[-92.89539,44.92267],[-92.89762,44.92297],[-92.89916,44.92473],[-92.90275,44.92628],[-92.90399,44.92719],[-92.90431,44.92794]],[[-92.90377,44.93503],[-92.90333,44.93589],[-92.90157,44.9363],[-92.90075,44.93691],[-92.90084,44.93754],[-92.9001,44.93843],[-92.90022,44.93922],[-92.89862,44.93953],[-92.8989,44.9414],[-92.89854,44.94182],[-92.89791,44.94191],[-92.89625,44.94117],[-92.89566,44.94035],[-92.89611,44.93871],[-92.89761,44.93776],[-92.89656,44.93675],[-92.89782,44.93712],[-92.89915,44.93638],[-92.9014,44.93579],[-92.90258,44.93413],[-92.90355,44.93384],[-92.90377,44.93503]]],[[[-92.98424,44.90709],[-92.98423,44.90585],[-92.98403,44.90587],[-92.98424,44.90709]]],[[[-92.97134,44.943],[-92.97085,44.94286],[-92.97122,44.94322],[-92.97134,44.943]]]]}},
{"type":"Feature","id":"2397370","properties":{"id":"2397370","name":"Woodland","kind":"city","counties":["Hennepin"],"population":386,"label":[-93.51373,44.95024]},"geometry":{"type":"MultiPolygon","coordinates":[[[[-93.52446,44.95197],[-93.52434,44.95088],[-93.52425,44.95071],[-93.52421,44.94979],[-93.52418,44.94955],[-93.52267,44.94708],[-93.51974,44.94599],[-93.51971,44.94584],[-93.51937,44.94571],[-93.50728,44.94562],[-93.50221,44.94553],[-93.50208,44.95193],[-93.50218,44.95204],[-93.50295,44.95228],[-93.50709,44.95193],[-93.50712,44.95195],[-93.50731,44.95193],[-93.51035,44.95373],[-93.51176,44.95384],[-93.51174,44.95357],[-93.51468,44.95242],[-93.51504,44.95157],[-93.51449,44.95116],[-93.51415,44.95022],[-93.51541,44.95012],[-93.51611,44.95057],[-93.5162,44.95101],[-93.5154,44.95158],[-93.51513,44.95257],[-93.5122,44.95398],[-93.51376,44.95479],[-93.51399,44.95502],[-93.51422,44.95515],[-93.51516,44.95608],[-93.51489,44.95722],[-93.51408,44.958],[-93.51439,44.95886],[-93.51441,44.95882],[-93.51435,44.95833],[-93.51471,44.95774],[-93.51523,44.95725],[-93.51531,44.9571],[-93.51545,44.95704],[-93.51555,44.95695],[-93.51648,44.95662],[-93.51764,44.95615],[-93.5199,44.9564],[-93.52223,44.95717],[-93.52119,44.95648],[-93.52059,44.95556],[-93.52136,44.95457],[-93.52178,44.95395],[-93.52189,44.95388],[-93.52213,44.95357],[-93.52414,44.9524],[-93.52446,44.95197]]]]}},
{"type":"Feature","id":"2397388","properties":{"id":"2397388","name":"Wyoming","kind":"city","counties":["Chisago"],"population":8228,"label":[-92.97673,45.33644]},"geometry":{"type":"MultiPolygon","coordinates":[[[[-93.01987,45.32575],[-93.01961,45.29851],[-93.01909,45.29837],[-93.01866,45.29844],[-93.01827,45.29901],[-93.0173,45.29894],[-93.01625,45.29834],[-93.01633,45.29744],[-93.01718,45.29689],[-92.94088,45.29638],[-92.94111,45.30357],[-92.93733,45.30351],[-92.93731,45.31071],[-92.93818,45.31089],[-92.9385,45.31134],[-92.93812,45.31159],[-92.93838,45.31237],[-92.93963,45.31378],[-92.93862,45.31457],[-92.93808,45.31441],[-92.9373,45.31459],[-92.93722,45.34425],[-92.93756,45.34452],[-92.93944,45.3474],[-92.93823,45.34756],[-92.93825,45.34722],[-92.93721,45.34724],[-92.93719,45.35408],[-92.93631,45.38198],[-92.97703,45.38206],[-92.97762,45.36868],[-92.99813,45.3692],[-93.01895,45.36894],[-93.01987,45.32575]],[[-92.99911,45.31262],[-92.99861,45.31338],[-92.99896,45.31398],[-92.99836,45.31401],[-92.99881,45.31542],[-92.99703,45.31669],[-92.99615,45.3183],[-92.99377,45.31916],[-92.9911,45.319],[-92.98996,45.3183],[-92.98951,45.31754],[-92.98988,45.31561],[-92.99246,45.3143],[-92.9952,45.31231],[-92.99577,45.31229],[-92.99738,45.31137],[-92.99747,45.31164],[-92.99669,45.31288],[-92.99673,45.31357],[-92.99759,45.31368],[-92.99859,45.31271],[-92.99911,45.31262]],[[-92.97652,45.31171],[-92.97598,45.31279],[-92.974,45.31457],[-92.97342,45.31582],[-92.97187,45.31615],[-92.97074,45.31486],[-92.96896,45.31426],[-92.96918,45.31344],[-92.96982,45.31271],[-92.96978,45.31092],[-92.96919,45.31117],[-92.96945,45.31241],[-92.96855,45.31305],[-92.96684,45.31307],[-92.96519,45.31232],[-92.96493,45.31127],[-92.96352,45.30995],[-92.96304,45.30992],[-92.96434,45.30786],[-92.96434,45.3075],[-92.96381,45.30751],[-92.96315,45.3068],[-92.96424,45.30503],[-92.96602,45.30496],[-92.96608,45.30526],[-92.96523,45.30523],[-92.96536,45.30608],[-92.96495,45.3066],[-92.96597,45.30616],[-92.96612,45.30657],[-92.96654,45.30594],[-92.96713,45.30571],[-92.96655,45.30536],[-92.96657,45.30498],[-92.96747,45.30477],[-92.96785,45.30423],[-92.96803,45.30446],[-92.96763,45.30544],[-92.96827,45.30567],[-92.9685,45.30632],[-92.96762,45.30595],[-92.96733,45.30618],[-92.96954,45.30693],[-92.97009,45.30759],[-92.97123,45.30744],[-92.97313,45.30803],[-92.97401,45.30882],[-92.97463,45.31033],[-92.97525,45.31013],[-92.97497,45.31039],[-92.97534,45.31049],[-92.97629,45.30957],[-92.97652,45.31171]],[[-92.97517,45.35447],[-92.97484,45.35527],[-92.97392,45.35596],[-92.97289,45.35602],[-92.9722,45.35713],[-92.97053,45.35857],[-92.97053,45.35907],[-92.97006,45.35925],[-92.9699,45.36029],[-92.96908,45.36044],[-92.96935,45.36113],[-92.96979,45.36108],[-92.96967,45.36156],[-92.97006,45.36196],[-92.96907,45.3622],[-92.9693,45.36274],[-92.9702,45.36259],[-92.97036,45.36282],[-92.96942,45.36331],[-92.97111,45.36484],[-92.97078,45.3657],[-92.97115,45.3666],[-92.97068,45.36742],[-92.9718,45.36726],[-92.97187,45.36809],[-92.97285,45.36859],[-92.97291,45.36929],[-92.97342,45.36936],[-92.974,45.36993],[-92.97379,45.37081],[-92.97447,45.37114],[-92.9728,45.37123],[-92.97255,45.37099],[-92.97213,45.37127],[-92.97216,45.37101],[-92.97185,45.3706],[-92.97255,45.37045],[-92.97255,45.36972],[-92.97212,45.36947],[-92.97157,45.36815],[-92.97054,45.36748],[-92.97045,45.36639],[-92.96995,45.36622],[-92.9703,45.36489],[-92.96978,45.36471],[-92.96943,45.36387],[-92.96858,45.36315],[-92.96904,45.36281],[-92.96837,45.36253],[-92.9686,45.36177],[-92.96831,45.36165],[-92.96841,45.36114],[-92.9687,45.36081],[-92.96905,45.361],[-92.96886,45.36059],[-92.96839,45.36068],[-92.96831,45.36043],[-92.96898,45.36003],[-92.96866,45.3598],[-92.96892,45.35959],[-92.96975,45.36006],[-92.96877,45.3589],[-92.9692,45.35865],[-92.97003,45.3588],[-92.9707,45.35786],[-92.97034,45.35761],[-92.97104,45.35763],[-92.97226,45.35621],[-92.97235,45.35527],[-92.97436,45.35521],[-92.97453,45.35465],[-92.97422,45.35434],[-92.97454,45.35418],[-92.97517,45.35447]],[[-92.95731,45.3257],[-92.95635,45.32582],[-92.95446,45.32705],[-92.95268,45.32776],[-92.95068,45.32799],[-92.94642,45.32479],[-92.94578,45.32373],[-92.94515,45.32141],[-92.94397,45.32049],[-92.9436,45.31921],[-92.94268,45.31809],[-92.94127,45.3184],[-92.94015,45.31757],[-92.93796,45.31664],[-92.93782,45.31607],[-92.93827,45.3152],[-92.93919,45.31471],[-92.94188,45.31467],[-92.94351,45.3143],[-92.94563,45.31433],[-92.94765,45.31495],[-92.94914,45.31678],[-92.94835,45.31953],[-92.95049,45.32024],[-92.95154,45.32136],[-92.95164,45.32221],[-92.95119,45.32347],[-92.95262,45.32293],[-92.95431,45.32319],[-92.95505,45.32392],[-92.95537,45.32475],[-92.95731,45.3257]]]]}}
]}
