{"type":"FeatureCollection","features":[
{"type":"Feature","id":"2393887","properties":{"id":"2393887","name":"Afton","kind":"city","counties":["Washington"],"population":2983,"label":[-92.81749,44.90423]},"geometry":{"type":"MultiPolygon","coordinates":[[[[-92.78148,44.94892],[-92.86252,44.94921],[-92.86251,44.89114],[-92.86213,44.86194],[-92.76946,44.86195],[-92.76812,44.86565],[-92.76432,44.87171],[-92.76404,44.87418],[-92.76521,44.87654],[-92.76956,44.88187],[-92.77495,44.89096],[-92.77546,44.89398],[-92.77514,44.89796],[-92.77431,44.90039],[-92.77312,44.90204],[-92.76014,44.90774],[-92.75803,44.91109],[-92.75659,44.91518],[-92.75609,44.91863],[-92.76407,44.91853],[-92.7638,44.91582],[-92.76318,44.91405],[-92.76351,44.9124],[-92.76387,44.91206],[-92.76366,44.91173],[-92.76478,44.91185],[-92.76551,44.91156],[-92.77345,44.90542],[-92.77393,44.90535],[-92.77477,44.90582],[-92.77499,44.90567],[-92.77464,44.90531],[-92.77549,44.90565],[-92.77553,44.9129],[-92.77668,44.91288],[-92.77657,44.931],[-92.78178,44.93097],[-92.78148,44.94892]]]]}},
{"type":"Feature","id":"2393904","properties":{"id":"2393904","name":"Albertville","kind":"city","counties":["Wright"],"population":8220,"label":[-93.6619,45.23638]},"geometry":{"type":"MultiPolygon","coordinates":[[[[-93.63381,45.23803],[-93.64796,45.23796],[-93.64796,45.23938],[-93.64623,45.23858],[-93.64624,45.24061],[-93.64298,45.24062],[-93.64295,45.25245],[-93.66329,45.25258],[-93.68379,45.25227],[-93.68392,45.23802],[-93.68469,45.23801],[-93.6849,45.22093],[-93.65208,45.22078],[-93.65202,45.22343],[-93.6495,45.22361],[-93.64948,45.22434],[-93.63405,45.22441],[-93.63381,45.23803]]]]}},
{"type":"Feature","id":"2393954","properties":{"id":"2393954","name":"Andover","kind":"city","counties":["Anoka"],"population":32822,"label":[-93.32653,45.25708]},"geometry":{"type":"MultiPolygon","coordinates":[[[[-93.26538,45.29807],[-93.32665,45.29801],[-93.37748,45.29875],[-93.37751,45.2972],[-93.37474,45.29488],[-93.37377,45.29463],[-93.37141,45.29548],[-93.37058,45.29513],[-93.37056,45.29392],[-93.3718,45.29326],[-93.37191,45.29283],[-93.37139,45.29251],[-93.36939,45.29228],[-93.36932,45.29175],[-93.37098,45.29136],[-93.37342,45.29246],[-93.37471,45.29261],[-93.37526,45.29252],[-93.3762,45.29163],[-93.37608,45.29132],[-93.3745,45.29109],[-93.37342,45.29041],[-93.37302,45.28995],[-93.3726,45.28788],[-93.3714,45.28654],[-93.37018,45.28607],[-93.36897,45.28639],[-93.36836,45.28623],[-93.36803,45.28453],[-93.36839,45.28344],[-93.36896,45.28288],[-93.36989,45.28285],[-93.37092,45.28434],[-93.37246,45.28489],[-93.3746,45.2852],[-93.37687,45.28478],[-93.37869,45.2853],[-93.38068,45.28717],[-93.38176,45.28876],[-93.38216,45.29034],[-93.38277,45.2906],[-93.3866,45.29053],[-93.38939,45.29128],[-93.3939,45.28982],[-93.39698,45.28846],[-93.39982,45.28944],[-93.40048,45.28931],[-93.40161,45.28832],[-93.4031,45.28582],[-93.40282,45.28359],[-93.40393,45.28279],[-93.40634,45.28237],[-93.40705,45.28151],[-93.40689,45.28008],[-93.40607,45.27836],[-93.4067,45.27656],[-93.4062,45.27519],[-93.40629,45.27339],[-93.40582,45.2727],[-93.40481,45.27218],[-93.40215,45.27181],[-93.40143,45.2714],[-93.40227,45.26737],[-93.40233,45.26528],[-93.40125,45.26422],[-93.39764,45.26315],[-93.39803,45.26054],[-93.39765,45.2594],[-93.39585,45.25848],[-93.3935,45.25847],[-93.39318,45.25792],[-93.39344,45.25598],[-93.39237,45.25499],[-93.39119,45.25477],[-93.38818,45.25575],[-93.38606,45.25552],[-93.38425,45.25487],[-93.38376,45.25391],[-93.38475,45.25167],[-93.38469,45.25118],[-93.38373,45.25014],[-93.38171,45.24929],[-93.38047,45.2482],[-93.38024,45.24742],[-93.38062,45.2463],[-93.38182,45.24523],[-93.38347,45.24453],[-93.38671,45.24442],[-93.38837,45.24332],[-93.38896,45.24257],[-93.38968,45.2411],[-93.38864,45.2411],[-93.38867,45.23728],[-93.38273,45.23731],[-93.38276,45.2336],[-93.37764,45.23357],[-93.37773,45.22738],[-93.36748,45.22733],[-93.36759,45.22144],[-93.36233,45.21956],[-93.35745,45.21946],[-93.35761,45.21229],[-93.3216,45.21221],[-93.31902,45.21278],[-93.31669,45.21219],[-93.31039,45.21187],[-93.30653,45.21219],[-93.26587,45.21153],[-93.26515,45.26926],[-93.26538,45.29807]]]]}},
{"type":"Feature","id":"2393964","properties":{"id":"2393964","name":"Anoka","kind":"city","counties":["Anoka"],"population":18127,"label":[-93.38926,45.20991]},"geometry":{"type":"MultiPolygon","coordinates":[[[[-93.42602,45.21502],[-93.42501,45.21445],[-93.42273,45.2121],[-93.4197,45.20791],[-93.41599,45.20179],[-93.41435,45.20005],[-93.41282,45.19899],[-93.40877,45.19676],[-93.39541,45.19173],[-93.3926,45.19003],[-93.38924,45.18699],[-93.38411,45.18461],[-93.38085,45.18202],[-93.37663,45.17938],[-93.37331,45.17832],[-93.37323,45.19033],[-93.36822,45.19027],[-93.36821,45.1975],[-93.36156,45.19751],[-93.36312,45.19847],[-93.36303,45.20116],[-93.36567,45.20116],[-93.36561,45.20296],[-93.36728,45.20296],[-93.36721,45.2048],[-93.36545,45.2048],[-93.36538,45.20672],[-93.36501,45.20697],[-93.36491,45.20972],[-93.36267,45.21122],[-93.36263,45.21232],[-93.35761,45.21229],[-93.35745,45.21946],[-93.36233,45.21956],[-93.36759,45.22144],[-93.36748,45.22733],[-93.37773,45.22738],[-93.37764,45.23357],[-93.38276,45.2336],[-93.38273,45.23731],[-93.38867,45.23728],[-93.38864,45.2411],[-93.38968,45.2411],[-93.38996,45.23958],[-93.3905,45.2389],[-93.39263,45.23852],[-93.39479,45.23866],[-93.39549,45.23811],[-93.39591,45.23643],[-93.39555,45.23485],[-93.39633,45.23321],[-93.39591,45.23249],[-93.39312,45.23105],[-93.38984,45.23039],[-93.38925,45.22999],[-93.38931,45.22915],[-93.39185,45.22531],[-93.39119,45.22436],[-93.38975,45.22334],[-93.39103,45.22382],[-93.39207,45.22311],[-93.39573,45.22311],[-93.39703,45.22434],[-93.39868,45.22404],[-93.41628,45.2252],[-93.41704,45.22532],[-93.41929,45.22655],[-93.42022,45.22663],[-93.42022,45.21946],[-93.41964,45.21947],[-93.41957,45.21877],[-93.42017,45.21747],[-93.42097,45.21784],[-93.42171,45.21762],[-93.42184,45.21731],[-93.42159,45.21725],[-93.42255,45.21596],[-93.42602,45.21502]]]]}},
{"type":"Feature","id":"2393967","properties":{"id":"2393967","name":"Apple Valley","kind":"city","counties":["Dakota"],"population":55673,"label":[-93.20069,44.74574]},"geometry":{"type":"MultiPolygon","coordinates":[[[[-93.15642,44.77577],[-93.22281,44.77584],[-93.24808,44.75976],[-93.24813,44.7556],[-93.24755,44.75416],[-93.24816,44.75397],[-93.2482,44.75363],[-93.24845,44.71741],[-93.15647,44.71734],[-93.15637,44.75371],[-93.15714,44.75371],[-93.15713,44.75458],[-93.15801,44.75459],[-93.15865,44.75601],[-93.15757,44.75612],[-93.15757,44.75645],[-93.15633,44.75711],[-93.1563,44.75963],[-93.15815,44.75964],[-93.15814,44.76095],[-93.15629,44.76095],[-93.15637,44.76869],[-93.15498,44.76892],[-93.15498,44.76815],[-93.15328,44.76816],[-93.15329,44.76876],[-93.15267,44.76887],[-93.153,44.77051],[-93.15255,44.77183],[-93.15147,44.77183],[-93.15149,44.77414],[-93.15242,44.77414],[-93.15273,44.77458],[-93.15642,44.77369],[-93.15642,44.77577]]]]}},
{"type":"Feature","id":"2393979","properties":{"id":"2393979","name":"Arden Hills","kind":"city","counties":["Ramsey"],"population":9682,"label":[-93.16713,45.07222]},"geometry":{"type":"MultiPolygon","coordinates":[[[[-93.14694,45.03581],[-93.14773,45.10806],[-93.1885,45.10804],[-93.18827,45.08641],[-93.18711,45.08641],[-93.18618,45.08382],[-93.18522,45.07589],[-93.18628,45.06473],[-93.18813,45.06468],[-93.18813,45.0644],[-93.18676,45.06441],[-93.1873,45.06297],[-93.18739,45.06099],[-93.18804,45.05971],[-93.18776,45.05022],[-93.18264,45.05024],[-93.1826,45.043],[-93.18772,45.04299],[-93.18769,45.03583],[-93.14694,45.03581]]]]}},
{"type":"Feature","id":"2394090","properties":{"id":"2394090","name":"Bayport","kind":"city","counties":["Washington"],"population":3691,"label":[-92.78338,45.01679]},"geometry":{"type":"MultiPolygon","coordinates":[[[[-92.7975,45.01809],[-92.79722,45.01704],[-92.79691,45.01704],[-92.79738,45.0169],[-92.79703,45.0151],[-92.79365,45.00505],[-92.79128,45.00506],[-92.79162,45.00703],[-92.78392,45.00706],[-92.7841,45.00349],[-92.78155,45.00348],[-92.78163,44.99951],[-92.77779,44.9995],[-92.77828,45.00226],[-92.77743,45.00303],[-92.77608,45.00319],[-92.77567,45.00356],[-92.77537,45.00536],[-92.77476,45.00662],[-92.77484,45.00742],[-92.77366,45.00791],[-92.77332,45.01193],[-92.77211,45.01266],[-92.77193,45.01373],[-92.77231,45.01652],[-92.77468,45.02217],[-92.77693,45.02497],[-92.77784,45.02687],[-92.77688,45.02719],[-92.77561,45.02692],[-92.77358,45.02523],[-92.77229,45.02352],[-92.77006,45.01807],[-92.7698,45.01883],[-92.76878,45.01972],[-92.76835,45.02116],[-92.76982,45.02888],[-92.78491,45.02884],[-92.78598,45.0302],[-92.79117,45.0301],[-92.79177,45.02847],[-92.79202,45.02558],[-92.79342,45.02448],[-92.7954,45.02149],[-92.79353,45.02151],[-92.79352,45.0206],[-92.79556,45.02059],[-92.79557,45.02116],[-92.7973,45.01976],[-92.7975,45.01809]]]]}},
{"type":"Feature","id":"663529","properties":{"id":"663529","name":"Baytown","kind":"township","counties":["Washington"],"population":2115,"label":[-92.82005,45.00851]},"geometry":{"type":"MultiPolygon","coordinates":[[[[-92.76328,45.01926],[-92.76204,45.02218],[-92.76199,45.02337],[-92.76253,45.02539],[-92.76458,45.02889],[-92.76982,45.02888],[-92.76835,45.02116],[-92.76878,45.01972],[-92.7698,45.01883],[-92.77006,45.01807],[-92.77229,45.02352],[-92.77352,45.02517],[-92.77561,45.02692],[-92.77688,45.02719],[-92.77781,45.02694],[-92.77697,45.02503],[-92.77478,45.02237],[-92.77313,45.01852],[-92.77227,45.01638],[-92.77199,45.01308],[-92.77211,45.01266],[-92.77332,45.01193],[-92.77366,45.00791],[-92.77484,45.00742],[-92.77476,45.00662],[-92.77537,45.00536],[-92.77571,45.00349],[-92.77743,45.00303],[-92.77828,45.00226],[-92.77779,44.9995],[-92.78163,44.99951],[-92.78155,45.00348],[-92.7841,45.00349],[-92.78392,45.00706],[-92.79162,45.00703],[-92.79128,45.00506],[-92.79365,45.00505],[-92.79703,45.0151],[-92.79738,45.0169],[-92.79691,45.01704],[-92.79722,45.01704],[-92.7975,45.01809],[-92.79743,45.01938],[-92.79693,45.02021],[-92.79557,45.02116],[-92.79556,45.02059],[-92.79352,45.0206],[-92.79353,45.02151],[-92.80725,45.02146],[-92.80741,45.02883],[-92.8175,45.0288],[-92.81758,45.02519],[-92.8226,45.02519],[-92.82269,45.02878],[-92.83282,45.02888],[-92.83293,45.02527],[-92.83801,45.02533],[-92.83806,45.02652],[-92.85622,45.02634],[-92.86106,45.01461],[-92.86279,45.01459],[-92.8629,44.99258],[-92.7705,44.99233],[-92.77159,44.99845],[-92.77062,45.00321],[-92.76328,45.01926]]]]}},
{"type":"Feature","id":"663571","properties":{"id":"663571","name":"Benton","kind":"township","counties":["Carver"],"population":738,"label":[-93.8283,44.76058]},"geometry":{"type":"MultiPolygon","coordinates":[[[[-93.76771,44.80378],[-93.88837,44.8045],[-93.88866,44.71721],[-93.84941,44.71689],[-93.76814,44.71706],[-93.76771,44.80378]],[[-93.77546,44.77002],[-93.7773,44.76962],[-93.77719,44.76603],[-93.77858,44.76572],[-93.78383,44.76567],[-93.78386,44.76757],[-93.78636,44.76757],[-93.78636,44.76641],[-93.78808,44.76708],[-93.78808,44.76909],[-93.78863,44.76909],[-93.78846,44.76852],[-93.79181,44.76792],[-93.79619,44.76773],[-93.79824,44.76801],[-93.79819,44.7815],[-93.79052,44.78161],[-93.7906,44.77946],[-93.78803,44.77947],[-93.78801,44.78165],[-93.77776,44.7818],[-93.77774,44.77133],[-93.77686,44.77131],[-93.77679,44.77031],[-93.7771,44.77016],[-93.77604,44.7704],[-93.77603,44.77011],[-93.77546,44.77002]],[[-93.7875,44.76616],[-93.78343,44.76513],[-93.78349,44.76488],[-93.78206,44.76492],[-93.78151,44.76438],[-93.78129,44.76143],[-93.78187,44.76034],[-93.79512,44.76036],[-93.79514,44.76134],[-93.79597,44.76135],[-93.79599,44.76037],[-93.7983,44.7604],[-93.79829,44.7614],[-93.79964,44.7614],[-93.79964,44.76042],[-93.80446,44.7605],[-93.80443,44.76213],[-93.80627,44.76216],[-93.80635,44.76052],[-93.81095,44.76052],[-93.81096,44.76161],[-93.81197,44.76162],[-93.81197,44.76053],[-93.81752,44.76049],[-93.81756,44.76186],[-93.81839,44.76186],[-93.81852,44.7661],[-93.80132,44.76699],[-93.79548,44.76701],[-93.79041,44.76749],[-93.7875,44.76616]],[[-93.78105,44.76057],[-93.78078,44.76152],[-93.781,44.7644],[-93.78057,44.76468],[-93.78038,44.7603],[-93.78125,44.76029],[-93.78105,44.76057]],[[-93.8084,44.7669],[-93.81846,44.76639],[-93.81855,44.7676],[-93.80841,44.76763],[-93.8084,44.7669]],[[-93.80335,44.7673],[-93.79829,44.76747],[-93.80335,44.76708],[-93.80335,44.7673]]]]}},
{"type":"Feature","id":"2394156","properties":{"id":"2394156","name":"Bethel","kind":"city","counties":["Anoka"],"population":479,"label":[-93.27106,45.40231]},"geometry":{"type":"MultiPolygon","coordinates":[[[[-93.26029,45.39604],[-93.26085,45.41015],[-93.28063,45.41011],[-93.28073,45.39207],[-93.27563,45.39212],[-93.27565,45.3957],[-93.2705,45.39573],[-93.2705,45.39484],[-93.26876,45.39485],[-93.26856,45.39575],[-93.26028,45.39572],[-93.26029,45.39604]]]]}},
{"type":"Feature","id":"663589","properties":{"id":"663589","name":"Big Lake","kind":"township","counties":["Sherburne"],"population":8147,"label":[-93.71566,45.34253]},"geometry":{"type":"MultiPolygon","coordinates":[[[[-93.79957,45.31486],[-93.7996,45.31034],[-93.7968,45.31013],[-93.78807,45.30733],[-93.7822,45.30418],[-93.77845,45.30268],[-93.77461,45.30034],[-93.76811,45.29747],[-93.76419,45.29678],[-93.75663,45.2948],[-93.75484,45.29466],[-93.75137,45.29525],[-93.74919,45.29643],[-93.74431,45.2983],[-93.73519,45.29997],[-93.72779,45.30015],[-93.71834,45.29989],[-93.70439,45.2979],[-93.69344,45.29992],[-93.69203,45.30079],[-93.68822,45.30427],[-93.68711,45.30483],[-93.68546,45.30508],[-93.68394,45.30488],[-93.68277,45.30428],[-93.68158,45.30301],[-93.68017,45.3006],[-93.67595,45.2976],[-93.67258,45.29599],[-93.6702,45.29536],[-93.6646,45.29534],[-93.65936,45.29604],[-93.6504,45.29535],[-93.64665,45.2962],[-93.64386,45.29637],[-93.63833,45.29588],[-93.63403,45.29615],[-93.63408,45.34276],[-93.63454,45.34831],[-93.63466,45.35712],[-93.63394,45.37907],[-93.63408,45.38585],[-93.6955,45.38602],[-93.72597,45.38558],[-93.75731,45.38616],[-93.79849,45.38629],[-93.79926,45.37239],[-93.79955,45.35804],[-93.79957,45.31486]],[[-93.79447,45.34197],[-93.7945,45.34348],[-93.79191,45.34347],[-93.79205,45.35065],[-93.78434,45.35063],[-93.78414,45.34344],[-93.77899,45.3434],[-93.77894,45.34737],[-93.77502,45.34567],[-93.77392,45.34432],[-93.77396,45.33976],[-93.78683,45.33984],[-93.78933,45.34096],[-93.79447,45.34197]],[[-93.77892,45.3477],[-93.77888,45.35414],[-93.76867,45.35413],[-93.76861,45.35876],[-93.77018,45.36161],[-93.76344,45.36156],[-93.76334,45.36745],[-93.76505,45.36741],[-93.76505,45.36767],[-93.76598,45.36765],[-93.76595,45.36426],[-93.76651,45.36286],[-93.76781,45.3621],[-93.77036,45.36564],[-93.77136,45.36562],[-93.77269,45.36332],[-93.77104,45.36332],[-93.77134,45.36217],[-93.77184,45.36217],[-93.77184,45.36312],[-93.7743,45.36312],[-93.7743,45.36222],[-93.77787,45.36231],[-93.7786,45.36291],[-93.77862,45.36565],[-93.7768,45.36569],[-93.77679,45.36859],[-93.77604,45.3686],[-93.77603,45.37042],[-93.7786,45.37035],[-93.77836,45.3762],[-93.77574,45.3762],[-93.77557,45.37917],[-93.76796,45.37918],[-93.76816,45.3757],[-93.76305,45.3757],[-93.76327,45.36858],[-93.75791,45.36855],[-93.75769,45.3679],[-93.75682,45.36771],[-93.75606,45.36671],[-93.75406,45.36675],[-93.75287,45.36504],[-93.75193,45.36504],[-93.7519,45.36406],[-93.74854,45.36404],[-93.74987,45.36388],[-93.74985,45.36305],[-93.74833,45.36312],[-93.74786,45.36136],[-93.74636,45.36137],[-93.74673,45.36031],[-93.74633,45.35906],[-93.74698,45.35893],[-93.74698,45.35821],[-93.74726,45.35899],[-93.74894,45.35864],[-93.7488,45.35748],[-93.74655,45.35718],[-93.74647,45.35695],[-93.74412,45.35711],[-93.74449,45.35729],[-93.74449,45.35864],[-93.74271,45.35975],[-93.74173,45.35976],[-93.74174,45.35773],[-93.7405,45.35772],[-93.74128,45.35646],[-93.73895,45.35573],[-93.73868,45.35506],[-93.73935,45.35417],[-93.74075,45.35361],[-93.73992,45.35126],[-93.74291,45.35127],[-93.74248,45.35052],[-93.73672,45.3505],[-93.73675,45.34703],[-93.73165,45.34693],[-93.73166,45.34324],[-93.72149,45.34316],[-93.72137,45.33952],[-93.71624,45.3395],[-93.71623,45.34131],[-93.70595,45.34125],[-93.70592,45.34306],[-93.70077,45.34303],[-93.70079,45.3403],[-93.70139,45.34036],[-93.7014,45.33916],[-93.7008,45.33744],[-93.70081,45.33577],[-93.68536,45.33578],[-93.68535,45.34026],[-93.68018,45.3403],[-93.6802,45.32855],[-93.66573,45.32853],[-93.66573,45.32796],[-93.66476,45.32795],[-93.66482,45.32539],[-93.66739,45.32541],[-93.6674,45.32406],[-93.68285,45.32554],[-93.68533,45.32992],[-93.68768,45.33181],[-93.69051,45.33252],[-93.6905,45.33195],[-93.70084,45.33193],[-93.70079,45.33425],[-93.70601,45.33429],[-93.70599,45.3359],[-93.71105,45.33592],[-93.71118,45.33378],[-93.71281,45.33379],[-93.71283,45.33223],[-93.71458,45.33224],[-93.71458,45.33266],[-93.72146,45.33269],[-93.72146,45.33228],[-93.72841,45.33233],[-93.72841,45.33273],[-93.73175,45.33275],[-93.73178,45.33196],[-93.72933,45.33215],[-93.7274,45.33193],[-93.72742,45.33112],[-93.7282,45.33108],[-93.72664,45.33107],[-93.72667,45.32975],[-93.73181,45.33024],[-93.73181,45.3299],[-93.71127,45.32786],[-93.71126,45.32752],[-93.71879,45.32715],[-93.72093,45.32737],[-93.72501,45.32876],[-93.7267,45.32876],[-93.72667,45.32591],[-93.73189,45.32591],[-93.73189,45.32508],[-93.73313,45.32509],[-93.73315,45.32403],[-93.73194,45.32402],[-93.73198,45.32151],[-93.7371,45.32156],[-93.73725,45.3143],[-93.74795,45.31449],[-93.74789,45.31897],[-93.74691,45.31916],[-93.74688,45.32106],[-93.74741,45.32107],[-93.7474,45.32168],[-93.74589,45.32173],[-93.75636,45.32181],[-93.75807,45.32093],[-93.75955,45.31943],[-93.7616,45.32002],[-93.76243,45.32072],[-93.75846,45.32286],[-93.75845,45.32354],[-93.75912,45.32347],[-93.75912,45.32312],[-93.76359,45.32091],[-93.76354,45.3328],[-93.75842,45.33243],[-93.75867,45.33313],[-93.76864,45.33405],[-93.76859,45.3435],[-93.76796,45.34351],[-93.76793,45.34501],[-93.76963,45.34503],[-93.77422,45.3475],[-93.77511,45.34642],[-93.77892,45.3477]],[[-93.77684,45.31769],[-93.77682,45.32183],[-93.77384,45.32186],[-93.77385,45.31772],[-93.77684,45.31769]],[[-93.7506,45.30017],[-93.75063,45.3038],[-93.74603,45.30374],[-93.74599,45.29891],[-93.74992,45.29707],[-93.75,45.30017],[-93.7506,45.30017]],[[-93.73175,45.32367],[-93.73173,45.3253],[-93.73052,45.32529],[-93.73048,45.32366],[-93.73175,45.32367]],[[-93.72551,45.32962],[-93.72548,45.33208],[-93.71322,45.332],[-93.71332,45.32841],[-93.72551,45.32962]],[[-93.70879,45.3302],[-93.70881,45.33185],[-93.70789,45.33099],[-93.70699,45.33081],[-93.70699,45.33021],[-93.70879,45.3302]],[[-93.70821,45.33178],[-93.70701,45.33187],[-93.707,45.33125],[-93.70786,45.33125],[-93.70821,45.33178]],[[-93.70746,45.34211],[-93.70744,45.34298],[-93.70612,45.34297],[-93.70611,45.3421],[-93.70746,45.34211]],[[-93.70729,45.33478],[-93.70729,45.33533],[-93.70612,45.33534],[-93.70612,45.33479],[-93.70729,45.33478]],[[-93.70718,45.33369],[-93.70718,45.33396],[-93.70602,45.33396],[-93.70602,45.33369],[-93.70718,45.33369]],[[-93.7065,45.32949],[-93.70539,45.32958],[-93.7054,45.33061],[-93.70633,45.3306],[-93.70634,45.33182],[-93.69075,45.33185],[-93.69066,45.32851],[-93.68974,45.32636],[-93.70356,45.32745],[-93.70356,45.32939],[-93.7065,45.32949]],[[-93.69045,45.3305],[-93.69049,45.33185],[-93.68752,45.33092],[-93.68575,45.32918],[-93.68375,45.32563],[-93.6896,45.32635],[-93.69036,45.32798],[-93.69045,45.3305]]],[[[-93.68452,45.33578],[-93.68452,45.33487],[-93.68181,45.33488],[-93.68181,45.33579],[-93.68452,45.33578]]],[[[-93.73164,45.33958],[-93.73167,45.33786],[-93.72987,45.3378],[-93.72985,45.33854],[-93.72652,45.33852],[-93.72658,45.34311],[-93.73166,45.34315],[-93.73164,45.33958]]]]}},
{"type":"Feature","id":"2394171","properties":{"id":"2394171","name":"Birchwood Village","kind":"city","counties":["Washington"],"population":851,"label":[-92.97764,45.05973]},"geometry":{"type":"MultiPolygon","coordinates":[[[[-92.98003,45.05756],[-92.97526,45.05752],[-92.97523,45.05386],[-92.96966,45.05382],[-92.96959,45.0581],[-92.97096,45.05901],[-92.97162,45.06058],[-92.9723,45.06095],[-92.97523,45.06148],[-92.97654,45.06329],[-92.97795,45.06417],[-92.98047,45.06473],[-92.98337,45.06592],[-92.98469,45.06601],[-92.9847,45.05759],[-92.98003,45.05756]]]]}},
{"type":"Feature","id":"2394183","properties":{"id":"2394183","name":"Blaine","kind":"city","counties":["Ramsey","Anoka"],"population":71891,"label":[-93.20789,45.16983]},"geometry":{"type":"MultiPolygon","coordinates":[[[[-93.18867,45.12433],[-93.19888,45.12438],[-93.1988,45.11862],[-93.18861,45.11858],[-93.18867,45.12433]]],[[[-93.17892,45.14611],[-93.17868,45.14793],[-93.17383,45.1479],[-93.17381,45.14606],[-93.16347,45.146],[-93.16335,45.15327],[-93.14296,45.15304],[-93.14235,45.21096],[-93.26587,45.21153],[-93.2669,45.12456],[-93.23571,45.12479],[-93.22509,45.1245],[-93.15355,45.12423],[-93.15352,45.12761],[-93.15864,45.12764],[-93.15842,45.13879],[-93.16359,45.13889],[-93.16371,45.13153],[-93.18417,45.13157],[-93.18418,45.13519],[-93.17429,45.13516],[-93.17391,45.13539],[-93.17389,45.13766],[-93.18062,45.1377],[-93.18103,45.13893],[-93.1739,45.13892],[-93.17381,45.14606],[-93.17892,45.14611]]]]}},
{"type":"Feature","id":"2394198","properties":{"id":"2394198","name":"Bloomington","kind":"city","counties":["Hennepin"],"population":91330,"label":[-93.31535,44.83061]},"geometry":{"type":"MultiPolygon","coordinates":[[[[-93.31883,44.8619],[-93.32393,44.86085],[-93.3239,44.86193],[-93.35076,44.86208],[-93.35077,44.86282],[-93.35163,44.86326],[-93.35449,44.86325],[-93.35448,44.86206],[-93.38655,44.862],[-93.38657,44.86003],[-93.39031,44.85984],[-93.39247,44.86017],[-93.39536,44.86203],[-93.3988,44.86204],[-93.39886,44.79872],[-93.39685,44.79731],[-93.39544,44.79715],[-93.38942,44.79859],[-93.38634,44.7982],[-93.38532,44.79757],[-93.38461,44.79664],[-93.38392,44.79329],[-93.38152,44.78682],[-93.3805,44.78552],[-93.37881,44.78534],[-93.36542,44.78906],[-93.36372,44.78898],[-93.3589,44.78602],[-93.35586,44.78552],[-93.35426,44.78663],[-93.3531,44.78875],[-93.35135,44.7907],[-93.3504,44.79123],[-93.34852,44.79148],[-93.34689,44.79102],[-93.34477,44.78901],[-93.34095,44.78715],[-93.33929,44.7866],[-93.33657,44.78649],[-93.33474,44.78724],[-93.33125,44.79009],[-93.32878,44.79167],[-93.32682,44.79247],[-93.32035,44.79288],[-93.31378,44.79262],[-93.30494,44.79438],[-93.29583,44.79851],[-93.28678,44.80129],[-93.28525,44.80225],[-93.28413,44.80469],[-93.28279,44.80584],[-93.28193,44.80616],[-93.27012,44.80739],[-93.25427,44.81103],[-93.25146,44.81213],[-93.24829,44.81509],[-93.24068,44.81948],[-93.23431,44.82529],[-93.23167,44.8271],[-93.22746,44.82921],[-93.22198,44.83054],[-93.22005,44.83159],[-93.2198,44.83222],[-93.21995,44.83287],[-93.22179,44.8355],[-93.22183,44.83772],[-93.22112,44.83848],[-93.22018,44.83888],[-93.21649,44.83871],[-93.21315,44.83947],[-93.21031,44.84085],[-93.20907,44.84196],[-93.20826,44.84288],[-93.20417,44.85119],[-93.20153,44.85479],[-93.19819,44.85847],[-93.19762,44.85948],[-93.19757,44.86032],[-93.19792,44.86192],[-93.31883,44.8619]]]]}},
{"type":"Feature","id":"2393428","properties":{"id":"2393428","name":"Brooklyn Center","kind":"city","counties":["Hennepin"],"population":33938,"label":[-93.31616,45.0681]},"geometry":{"type":"MultiPolygon","coordinates":[[[[-93.28076,45.07172],[-93.2816,45.07173],[-93.2832,45.07366],[-93.284,45.07536],[-93.28443,45.0776],[-93.28377,45.08044],[-93.28169,45.08266],[-93.28087,45.08398],[-93.28069,45.08571],[-93.28107,45.08721],[-93.35131,45.08724],[-93.3511,45.08002],[-93.34983,45.0657],[-93.3397,45.06573],[-93.33961,45.05831],[-93.33845,45.0583],[-93.33836,45.05709],[-93.33926,45.05605],[-93.3398,45.05365],[-93.33984,45.04034],[-93.33467,45.04038],[-93.3305,45.0423],[-93.32959,45.04041],[-93.32324,45.04046],[-93.32261,45.04265],[-93.31944,45.04191],[-93.31954,45.05131],[-93.28196,45.05117],[-93.28477,45.05753],[-93.28504,45.05883],[-93.28342,45.06633],[-93.28076,45.07172]]]]}},
{"type":"Feature","id":"2393429","properties":{"id":"2393429","name":"Brooklyn Park","kind":"city","counties":["Hennepin"],"population":84993,"label":[-93.35034,45.11121]},"geometry":{"type":"MultiPolygon","coordinates":[[[[-93.32827,45.15151],[-93.33117,45.15155],[-93.33161,45.15179],[-93.33201,45.15136],[-93.33282,45.15181],[-93.33322,45.15157],[-93.40162,45.15205],[-93.40217,45.12325],[-93.38899,45.12331],[-93.3892,45.12109],[-93.39119,45.11472],[-93.39181,45.11077],[-93.39621,45.11069],[-93.39551,45.10973],[-93.3974,45.10972],[-93.39829,45.11069],[-93.40236,45.11069],[-93.40196,45.08022],[-93.40069,45.06574],[-93.34983,45.0657],[-93.3511,45.08002],[-93.35131,45.08724],[-93.28107,45.08721],[-93.28069,45.08571],[-93.28087,45.08398],[-93.28169,45.08266],[-93.28377,45.08044],[-93.28443,45.0776],[-93.284,45.07536],[-93.2832,45.07366],[-93.2816,45.07173],[-93.28076,45.07172],[-93.27987,45.07416],[-93.27909,45.0804],[-93.28024,45.08405],[-93.28025,45.08674],[-93.27989,45.09145],[-93.27831,45.10213],[-93.27874,45.10392],[-93.28079,45.10625],[-93.28907,45.11151],[-93.29124,45.11506],[-93.29457,45.1185],[-93.29438,45.11926],[-93.29651,45.1227],[-93.29695,45.12668],[-93.29732,45.12738],[-93.29962,45.12989],[-93.30092,45.13191],[-93.30227,45.13317],[-93.30579,45.13554],[-93.30794,45.13772],[-93.30908,45.13916],[-93.30945,45.14078],[-93.31126,45.14354],[-93.31383,45.14484],[-93.32172,45.14664],[-93.32333,45.14741],[-93.32542,45.14943],[-93.32827,45.15151]]]]}},
{"type":"Feature","id":"663696","properties":{"id":"663696","name":"Buffalo","kind":"township","counties":["Wright"],"population":1732,"label":[-93.81591,45.19956]},"geometry":{"type":"MultiPolygon","coordinates":[[[[-93.7869,45.23759],[-93.88994,45.23789],[-93.88977,45.19305],[-93.88908,45.19305],[-93.88908,45.19347],[-93.88869,45.19347],[-93.88869,45.19429],[-93.87816,45.19435],[-93.87817,45.19614],[-93.87438,45.19616],[-93.87439,45.19756],[-93.87306,45.19757],[-93.87308,45.19976],[-93.8712,45.19977],[-93.87122,45.2015],[-93.87761,45.20142],[-93.87762,45.20204],[-93.87819,45.20204],[-93.87821,45.20552],[-93.87434,45.20553],[-93.87432,45.20305],[-93.87494,45.20305],[-93.87493,45.20169],[-93.868,45.20167],[-93.86802,45.20883],[-93.86133,45.20883],[-93.85992,45.20751],[-93.86205,45.20578],[-93.86135,45.20572],[-93.8537,45.20914],[-93.85273,45.20913],[-93.85272,45.20968],[-93.85176,45.20942],[-93.84898,45.20969],[-93.84905,45.20922],[-93.84853,45.20914],[-93.84541,45.21206],[-93.84585,45.21079],[-93.84412,45.21038],[-93.8434,45.21093],[-93.84326,45.21158],[-93.84429,45.2123],[-93.83542,45.21224],[-93.83538,45.20878],[-93.82691,45.20868],[-93.82692,45.17985],[-93.8456,45.17979],[-93.84562,45.17807],[-93.84719,45.17808],[-93.84732,45.16604],[-93.84688,45.16574],[-93.84688,45.16538],[-93.84729,45.16524],[-93.8474,45.16305],[-93.84438,45.16303],[-93.84473,45.16653],[-93.84241,45.16651],[-93.84242,45.16554],[-93.83733,45.1655],[-93.83739,45.16189],[-93.84229,45.16192],[-93.84234,45.15885],[-93.84119,45.15885],[-93.8412,45.1583],[-93.84155,45.1583],[-93.84155,45.15801],[-93.84239,45.15801],[-93.84243,45.15584],[-93.84124,45.15558],[-93.84123,45.15528],[-93.84041,45.15529],[-93.84038,45.15387],[-93.84086,45.15231],[-93.84141,45.15231],[-93.84139,45.15111],[-93.8068,45.15084],[-93.76598,45.15112],[-93.76577,45.238],[-93.7869,45.23759]]],[[[-93.85022,45.15808],[-93.85022,45.15833],[-93.8511,45.15833],[-93.85102,45.16105],[-93.85273,45.16104],[-93.8528,45.15848],[-93.85146,45.15736],[-93.85022,45.15808]]],[[[-93.85526,45.15992],[-93.8564,45.16113],[-93.85778,45.16339],[-93.85799,45.15767],[-93.86118,45.15921],[-93.8611,45.16101],[-93.86209,45.16103],[-93.86217,45.15982],[-93.86175,45.15953],[-93.86174,45.15765],[-93.86337,45.1572],[-93.86352,45.15602],[-93.86436,45.15493],[-93.86436,45.15181],[-93.86412,45.15106],[-93.8448,45.15111],[-93.85526,45.15992]]],[[[-93.84762,45.16919],[-93.85258,45.1692],[-93.8526,45.16561],[-93.84818,45.16558],[-93.84778,45.16604],[-93.84762,45.16919]]],[[[-93.88447,45.17506],[-93.88721,45.17537],[-93.88976,45.17492],[-93.8899,45.1518],[-93.8836,45.17474],[-93.88447,45.17506]]],[[[-93.84772,45.17983],[-93.85201,45.17977],[-93.8555,45.17855],[-93.85973,45.17816],[-93.85972,45.17637],[-93.84995,45.17638],[-93.84993,45.17818],[-93.8475,45.17818],[-93.84772,45.17983]]],[[[-93.86247,45.17814],[-93.85574,45.17884],[-93.85386,45.1795],[-93.85469,45.17984],[-93.8629,45.17989],[-93.8629,45.17798],[-93.86247,45.17814]]],[[[-93.85253,45.18819],[-93.85253,45.18898],[-93.85661,45.18822],[-93.85662,45.18719],[-93.85253,45.18719],[-93.85253,45.18819]]],[[[-93.88493,45.1917],[-93.88676,45.19193],[-93.88711,45.19007],[-93.88977,45.19145],[-93.88976,45.18933],[-93.88586,45.18933],[-93.88493,45.1917]]],[[[-93.82729,45.19406],[-93.83221,45.19411],[-93.83217,45.19064],[-93.82961,45.19062],[-93.8296,45.18919],[-93.82725,45.18912],[-93.82729,45.19406]]],[[[-93.82933,45.19579],[-93.8322,45.19582],[-93.83221,45.19429],[-93.82937,45.19426],[-93.82933,45.19579]]],[[[-93.82727,45.19918],[-93.82884,45.19919],[-93.82884,45.19821],[-93.82826,45.19777],[-93.82728,45.19776],[-93.82727,45.19918]]],[[[-93.82716,45.2085],[-93.82865,45.20851],[-93.82866,45.20746],[-93.82717,45.20744],[-93.82716,45.2085]]]]}},
{"type":"Feature","id":"2393472","properties":{"id":"2393472","name":"Burnsville","kind":"city","counties":["Dakota"],"population":64522,"label":[-93.27949,44.76487]},"geometry":{"type":"MultiPolygon","coordinates":[[[[-93.22281,44.77584],[-93.22785,44.77577],[-93.22762,44.82915],[-93.22986,44.82819],[-93.23338,44.82598],[-93.24068,44.81948],[-93.24829,44.81509],[-93.25146,44.81213],[-93.25264,44.81148],[-93.27012,44.80739],[-93.28193,44.80616],[-93.28279,44.80584],[-93.28413,44.80469],[-93.28525,44.80225],[-93.28678,44.80129],[-93.29583,44.79851],[-93.30494,44.79438],[-93.31378,44.79262],[-93.32035,44.79288],[-93.32594,44.79267],[-93.32878,44.79167],[-93.32965,44.79109],[-93.32965,44.77584],[-93.32874,44.77583],[-93.32849,44.71756],[-93.24845,44.71741],[-93.2482,44.75363],[-93.24816,44.75397],[-93.24755,44.75416],[-93.24813,44.7556],[-93.24808,44.75976],[-93.22281,44.77584]]]]}},
{"type":"Feature","id":"2393762","properties":{"id":"2393762","name":"Carver","kind":"city","counties":["Carver"],"population":6371,"label":[-93.63419,44.76097]},"geometry":{"type":"MultiPolygon","coordinates":[[[[-93.67248,44.77613],[-93.67247,44.77425],[-93.67147,44.77423],[-93.67146,44.77242],[-93.6684,44.77237],[-93.66841,44.76948],[-93.66703,44.76866],[-93.66841,44.76915],[-93.66838,44.76635],[-93.66729,44.76581],[-93.66587,44.76576],[-93.66567,44.76532],[-93.66496,44.76534],[-93.66386,44.76447],[-93.66332,44.76454],[-93.66322,44.76148],[-93.66168,44.76153],[-93.66172,44.76377],[-93.6601,44.76381],[-93.65802,44.765],[-93.65473,44.76294],[-93.6549,44.76089],[-93.65403,44.76117],[-93.65394,44.7657],[-93.65103,44.76588],[-93.64904,44.76636],[-93.6495,44.76277],[-93.64945,44.76077],[-93.64792,44.7611],[-93.64792,44.76184],[-93.64475,44.76173],[-93.64479,44.75895],[-93.6428,44.759],[-93.64296,44.75219],[-93.64511,44.75101],[-93.64816,44.7504],[-93.64954,44.75052],[-93.6509,44.74976],[-93.65155,44.75023],[-93.65242,44.74932],[-93.65168,44.74903],[-93.65201,44.74857],[-93.65323,44.74894],[-93.65325,44.74725],[-93.65294,44.74726],[-93.65212,44.74842],[-93.65045,44.74727],[-93.65136,44.74706],[-93.65175,44.74663],[-93.65197,44.74521],[-93.65397,44.74616],[-93.65506,44.74499],[-93.65333,44.74399],[-93.65275,44.74407],[-93.65276,44.74363],[-93.64294,44.7439],[-93.64293,44.73295],[-93.62884,44.73278],[-93.63098,44.73656],[-93.63124,44.73806],[-93.63043,44.73933],[-93.62672,44.74214],[-93.62352,44.74528],[-93.62189,44.74773],[-93.62138,44.75108],[-93.62195,44.75283],[-93.62174,44.75323],[-93.62072,44.75361],[-93.61896,44.75316],[-93.61668,44.75153],[-93.61506,44.74944],[-93.61383,44.74898],[-93.61243,44.74963],[-93.6101,44.75166],[-93.60891,44.75361],[-93.60901,44.7549],[-93.61015,44.75604],[-93.61567,44.75839],[-93.62176,44.76021],[-93.62176,44.76292],[-93.6206,44.76386],[-93.61535,44.76671],[-93.60721,44.76764],[-93.60172,44.76922],[-93.59915,44.77067],[-93.5972,44.77221],[-93.59511,44.77431],[-93.59415,44.77583],[-93.59416,44.77623],[-93.64254,44.77657],[-93.64255,44.77549],[-93.64279,44.77546],[-93.6431,44.77641],[-93.64771,44.77628],[-93.64772,44.77584],[-93.64852,44.77582],[-93.64851,44.77625],[-93.65289,44.77613],[-93.65289,44.77569],[-93.65389,44.77566],[-93.65388,44.77623],[-93.66326,44.77596],[-93.66327,44.77475],[-93.66758,44.77483],[-93.66756,44.77604],[-93.67248,44.77613]],[[-93.64419,44.75036],[-93.64445,44.75077],[-93.64399,44.75093],[-93.64412,44.75112],[-93.64288,44.75116],[-93.64289,44.75075],[-93.64419,44.75036]],[[-93.65807,44.77597],[-93.65693,44.77601],[-93.65685,44.77539],[-93.65809,44.77496],[-93.65807,44.77597]]],[[[-93.65208,44.73633],[-93.65213,44.73361],[-93.64831,44.73373],[-93.64825,44.73644],[-93.65208,44.73633]]],[[[-93.65264,44.78542],[-93.65286,44.77727],[-93.64769,44.77744],[-93.64761,44.78122],[-93.64247,44.78125],[-93.64218,44.79113],[-93.64746,44.79095],[-93.64748,44.78651],[-93.64775,44.78559],[-93.64913,44.78495],[-93.65264,44.78542]]],[[[-93.66879,44.74335],[-93.66881,44.73973],[-93.6651,44.73972],[-93.66509,44.74063],[-93.66356,44.74062],[-93.66355,44.74213],[-93.65945,44.74212],[-93.65944,44.74396],[-93.65818,44.74395],[-93.65682,44.7433],[-93.65483,44.7454],[-93.65828,44.74518],[-93.65827,44.74701],[-93.6585,44.74701],[-93.65851,44.74517],[-93.66353,44.74503],[-93.66352,44.74696],[-93.66814,44.74696],[-93.66816,44.74335],[-93.66879,44.74335]]],[[[-93.64218,44.79133],[-93.64212,44.7984],[-93.64466,44.79833],[-93.64473,44.79653],[-93.64538,44.79633],[-93.6456,44.79569],[-93.64513,44.79523],[-93.64513,44.7945],[-93.64218,44.79133]]]]}},
{"type":"Feature","id":"663763","properties":{"id":"663763","name":"Castle Rock","kind":"township","counties":["Dakota"],"population":1330,"label":[-93.09515,44.58596]},"geometry":{"type":"MultiPolygon","coordinates":[[[[-93.13692,44.62704],[-93.13687,44.62459],[-93.13875,44.62455],[-93.13875,44.62427],[-93.13764,44.62427],[-93.13764,44.62367],[-93.13856,44.62367],[-93.13856,44.6234],[-93.14453,44.62344],[-93.14454,44.62535],[-93.14193,44.62534],[-93.14199,44.6301],[-93.14359,44.63011],[-93.14359,44.63066],[-93.1407,44.63073],[-93.15225,44.63078],[-93.1523,44.62725],[-93.15084,44.62827],[-93.14968,44.63061],[-93.15153,44.62349],[-93.15702,44.62353],[-93.15726,44.57269],[-93.15696,44.54374],[-93.03541,44.5435],[-93.03504,44.63035],[-93.11649,44.63059],[-93.11647,44.62329],[-93.11695,44.62329],[-93.11694,44.62216],[-93.11647,44.62216],[-93.11646,44.61748],[-93.1176,44.61749],[-93.1176,44.61604],[-93.12918,44.61608],[-93.1292,44.6219],[-93.12762,44.6219],[-93.12762,44.62253],[-93.12579,44.62252],[-93.12579,44.62334],[-93.12665,44.62334],[-93.12665,44.62404],[-93.12763,44.62405],[-93.12763,44.62335],[-93.12788,44.62335],[-93.12788,44.6243],[-93.1303,44.62431],[-93.1303,44.62336],[-93.13512,44.62338],[-93.13511,44.62469],[-93.1356,44.6247],[-93.13563,44.62565],[-93.13669,44.62563],[-93.13671,44.62703],[-93.13692,44.62704]],[[-93.13664,44.62412],[-93.13664,44.62421],[-93.13639,44.6242],[-93.13664,44.62412]]],[[[-93.13671,44.62703],[-93.13426,44.62705],[-93.13422,44.6297],[-93.13514,44.6297],[-93.13514,44.6307],[-93.13973,44.63073],[-93.13841,44.63058],[-93.13882,44.62969],[-93.13833,44.62937],[-93.13776,44.62975],[-93.13818,44.63058],[-93.13698,44.63043],[-93.13671,44.62703]],[[-93.13859,44.62967],[-93.13839,44.62996],[-93.138,44.62974],[-93.13859,44.62967]]],[[[-93.13171,44.62967],[-93.13172,44.62867],[-93.13026,44.62867],[-93.13024,44.63066],[-93.13116,44.63066],[-93.13117,44.62967],[-93.13171,44.62967]]],[[[-93.12804,44.62914],[-93.12665,44.62913],[-93.12665,44.63065],[-93.12803,44.63065],[-93.12804,44.62914]]],[[[-93.12802,44.62829],[-93.12665,44.62828],[-93.12665,44.62838],[-93.12802,44.62829]]]]}},
{"type":"Feature","id":"663767","properties":{"id":"663767","name":"Cedar Lake","kind":"township","counties":["Scott"],"population":3078,"label":[-93.46093,44.58719]},"geometry":{"type":"MultiPolygon","coordinates":[[[[-93.39954,44.63063],[-93.50026,44.63054],[-93.52199,44.63077],[-93.52212,44.57272],[-93.52251,44.54363],[-93.40049,44.54386],[-93.3995,44.57285],[-93.39963,44.60201],[-93.3993,44.61639],[-93.39954,44.63063]]]]}},
{"type":"Feature","id":"2393784","properties":{"id":"2393784","name":"Centerville","kind":"city","counties":["Anoka"],"population":3912,"label":[-93.05404,45.16404]},"geometry":{"type":"MultiPolygon","coordinates":[[[[-93.04074,45.17466],[-93.08156,45.17484],[-93.0816,45.16759],[-93.06122,45.16757],[-93.06113,45.14948],[-93.04578,45.14937],[-93.04581,45.15302],[-93.03569,45.15308],[-93.03572,45.16759],[-93.0407,45.16755],[-93.04074,45.17466]]]]}},
{"type":"Feature","id":"2393797","properties":{"id":"2393797","name":"Champlin","kind":"city","counties":["Hennepin"],"population":24007,"label":[-93.39022,45.1703]},"geometry":{"type":"MultiPolygon","coordinates":[[[[-93.37331,45.17832],[-93.37663,45.17938],[-93.38085,45.18202],[-93.38411,45.18461],[-93.38924,45.18699],[-93.3926,45.19003],[-93.39541,45.19173],[-93.40877,45.19676],[-93.41282,45.19899],[-93.41435,45.20005],[-93.41599,45.20179],[-93.4197,45.20791],[-93.42246,45.21175],[-93.42164,45.15225],[-93.33322,45.15157],[-93.33282,45.15181],[-93.33201,45.15136],[-93.33161,45.15179],[-93.33117,45.15155],[-93.32827,45.15151],[-93.33094,45.15307],[-93.33415,45.15417],[-93.34376,45.1587],[-93.34659,45.1604],[-93.34818,45.16251],[-93.35002,45.16602],[-93.35567,45.17285],[-93.35794,45.1746],[-93.3609,45.17578],[-93.37038,45.17742],[-93.37331,45.17832]]]]}},
{"type":"Feature","id":"2393799","properties":{"id":"2393799","name":"Chanhassen","kind":"city","counties":["Hennepin","Carver"],"population":25885,"label":[-93.56255,44.85449]},"geometry":{"type":"MultiPolygon","coordinates":[[[[-93.51133,44.86755],[-93.5208,44.86364],[-93.52081,44.85857],[-93.51131,44.85858],[-93.51133,44.86755]]],[[[-93.5682,44.89138],[-93.5682,44.89124],[-93.56674,44.89137],[-93.5682,44.89138]]],[[[-93.62834,44.8845],[-93.62972,44.88276],[-93.62807,44.88243],[-93.62749,44.88278],[-93.62749,44.88203],[-93.62805,44.88154],[-93.62749,44.88153],[-93.62745,44.87427],[-93.6278,44.87431],[-93.62785,44.87118],[-93.62733,44.87138],[-93.62626,44.87074],[-93.62267,44.87069],[-93.62476,44.8677],[-93.62254,44.87022],[-93.62265,44.85562],[-93.61825,44.85286],[-93.61208,44.85049],[-93.60594,44.8519],[-93.60226,44.85515],[-93.60226,44.85616],[-93.58699,44.85595],[-93.58703,44.84397],[-93.57987,44.84707],[-93.57616,44.84176],[-93.57269,44.84037],[-93.57331,44.83855],[-93.57356,44.83513],[-93.57264,44.83201],[-93.5726,44.82658],[-93.5697,44.82655],[-93.56966,44.82628],[-93.56714,44.8258],[-93.56638,44.80865],[-93.57776,44.8022],[-93.57804,44.80099],[-93.57775,44.80037],[-93.57312,44.80249],[-93.5731,44.80297],[-93.57262,44.8032],[-93.57258,44.80479],[-93.57007,44.80478],[-93.5701,44.80269],[-93.56616,44.80465],[-93.56608,44.79656],[-93.56287,44.7972],[-93.5576,44.79914],[-93.5542,44.79968],[-93.55024,44.79679],[-93.54735,44.79561],[-93.54341,44.79714],[-93.54109,44.79894],[-93.54119,44.80481],[-93.52042,44.80462],[-93.52076,44.81934],[-93.52066,44.8915],[-93.55382,44.89111],[-93.61973,44.89145],[-93.62491,44.88822],[-93.62834,44.8845]],[[-93.61865,44.89017],[-93.61866,44.89135],[-93.61711,44.89136],[-93.61663,44.89019],[-93.61865,44.89017]]]]}},
{"type":"Feature","id":"2393809","properties":{"id":"2393809","name":"Chaska","kind":"city","counties":["Carver"],"population":28170,"label":[-93.60927,44.81621]},"geometry":{"type":"MultiPolygon","coordinates":[[[[-93.65202,44.83817],[-93.65207,44.83454],[-93.6485,44.83461],[-93.64737,44.83629],[-93.64796,44.83713],[-93.65016,44.83821],[-93.64995,44.83956],[-93.64926,44.84029],[-93.64727,44.84027],[-93.64565,44.83956],[-93.64381,44.84027],[-93.64165,44.83979],[-93.64208,44.82897],[-93.64531,44.831],[-93.64709,44.83096],[-93.64702,44.8288],[-93.64577,44.82608],[-93.64574,44.82489],[-93.64212,44.82435],[-93.64209,44.82018],[-93.64337,44.82018],[-93.64683,44.81827],[-93.65139,44.81647],[-93.64209,44.82001],[-93.64209,44.8197],[-93.65046,44.81648],[-93.64719,44.8165],[-93.64721,44.81283],[-93.64208,44.81288],[-93.64254,44.77657],[-93.59416,44.77623],[-93.59441,44.77706],[-93.59508,44.77777],[-93.5993,44.78061],[-93.59976,44.78173],[-93.59953,44.78255],[-93.59555,44.78339],[-93.59084,44.78366],[-93.58849,44.78351],[-93.58347,44.78187],[-93.58229,44.78212],[-93.58178,44.78249],[-93.58149,44.78347],[-93.58171,44.79042],[-93.58115,44.79221],[-93.58018,44.79343],[-93.57801,44.79461],[-93.57386,44.79581],[-93.56608,44.79656],[-93.56616,44.80465],[-93.5701,44.80269],[-93.57007,44.80478],[-93.57258,44.80479],[-93.57262,44.8032],[-93.5731,44.80297],[-93.57312,44.80249],[-93.57775,44.80037],[-93.57804,44.80099],[-93.57776,44.8022],[-93.56638,44.80865],[-93.56714,44.8258],[-93.56966,44.82628],[-93.5697,44.82655],[-93.5726,44.82658],[-93.57264,44.83201],[-93.57356,44.83513],[-93.57331,44.83855],[-93.57269,44.84037],[-93.57616,44.84176],[-93.57987,44.84707],[-93.58703,44.84397],[-93.58699,44.85595],[-93.60226,44.85616],[-93.60226,44.85515],[-93.60594,44.8519],[-93.61208,44.85049],[-93.61825,44.85286],[-93.62265,44.85562],[-93.62265,44.85624],[-93.63231,44.85638],[-93.63205,44.84919],[-93.65188,44.84877],[-93.65166,44.848],[-93.65189,44.84779],[-93.65202,44.83817]]]]}},
{"type":"Feature","id":"663797","properties":{"id":"663797","name":"Chisago City","kind":"city","counties":["Chisago"],"population":5765,"label":[-92.91369,45.36352]},"geometry":{"type":"MultiPolygon","coordinates":[[[[-92.94111,45.30357],[-92.94088,45.29638],[-92.89673,45.29627],[-92.89657,45.3213],[-92.89521,45.32772],[-92.89471,45.32869],[-92.89649,45.32869],[-92.89593,45.36015],[-92.89073,45.35978],[-92.88837,45.35864],[-92.88766,45.35795],[-92.88709,45.35557],[-92.88823,45.35207],[-92.88858,45.34794],[-92.88489,45.34796],[-92.88497,45.35231],[-92.88295,45.35286],[-92.88158,45.35037],[-92.87748,45.3515],[-92.87849,45.35335],[-92.87554,45.35336],[-92.87594,45.35399],[-92.87727,45.354],[-92.87728,45.35437],[-92.87905,45.35439],[-92.8808,45.35759],[-92.87584,45.35763],[-92.87714,45.35952],[-92.87894,45.36116],[-92.8821,45.36172],[-92.88418,45.36274],[-92.8876,45.36732],[-92.88748,45.36845],[-92.8856,45.37209],[-92.88473,45.37171],[-92.88009,45.37257],[-92.87864,45.37336],[-92.87752,45.375],[-92.87657,45.3755],[-92.87244,45.37549],[-92.87229,45.37625],[-92.87039,45.37681],[-92.86869,45.37828],[-92.86656,45.3791],[-92.86619,45.37973],[-92.86526,45.38351],[-92.86635,45.38359],[-92.8669,45.38295],[-92.86632,45.38403],[-92.86865,45.38402],[-92.87009,45.38148],[-92.8707,45.38148],[-92.86983,45.38313],[-92.87175,45.38313],[-92.87255,45.38226],[-92.87555,45.38221],[-92.87851,45.38354],[-92.87878,45.38323],[-92.87963,45.3832],[-92.88109,45.38161],[-92.89556,45.38173],[-92.89589,45.3963],[-92.8938,45.39688],[-92.89352,45.39767],[-92.89288,45.39775],[-92.8929,45.39833],[-92.89166,45.3987],[-92.89092,45.39863],[-92.89027,45.39816],[-92.89117,45.39812],[-92.89147,45.39763],[-92.89111,45.39711],[-92.89031,45.39702],[-92.89009,45.39668],[-92.89018,45.39638],[-92.89111,45.39626],[-92.89101,45.39596],[-92.88928,45.39535],[-92.88935,45.39497],[-92.88988,45.39486],[-92.89091,45.39559],[-92.89074,45.39459],[-92.88763,45.39426],[-92.88763,45.39486],[-92.88574,45.39443],[-92.88558,45.39562],[-92.88773,45.39607],[-92.88745,45.39608],[-92.88903,45.39694],[-92.89074,45.39871],[-92.89293,45.39971],[-92.89294,45.4],[-92.88782,45.39989],[-92.88786,45.40361],[-92.89375,45.40374],[-92.89393,45.41105],[-92.89624,45.41114],[-92.89699,45.43276],[-92.91756,45.43266],[-92.91725,45.4254],[-92.93788,45.42524],[-92.93631,45.38198],[-92.93719,45.35408],[-92.93733,45.30351],[-92.94111,45.30357]],[[-92.88684,45.35098],[-92.88673,45.3516],[-92.88671,45.35098],[-92.88684,45.35098]],[[-92.89592,45.36102],[-92.89576,45.36946],[-92.89394,45.37111],[-92.89261,45.37118],[-92.89111,45.37046],[-92.89058,45.36979],[-92.89085,45.36922],[-92.89169,45.36935],[-92.89222,45.36826],[-92.89179,45.36187],[-92.89309,45.36101],[-92.89592,45.36102]],[[-92.88062,45.35349],[-92.87951,45.35378],[-92.87938,45.35357],[-92.88049,45.35327],[-92.88062,45.35349]]],[[[-92.86613,45.38401],[-92.86625,45.38378],[-92.86518,45.38373],[-92.86508,45.384],[-92.86613,45.38401]]],[[[-92.86713,45.38471],[-92.86752,45.38403],[-92.86529,45.38403],[-92.86516,45.38471],[-92.86713,45.38471]]],[[[-92.86837,45.38507],[-92.86519,45.38512],[-92.86518,45.38546],[-92.86818,45.38541],[-92.86837,45.38507]]],[[[-92.87609,45.39602],[-92.87607,45.39547],[-92.87501,45.39548],[-92.87504,45.39603],[-92.87609,45.39602]]],[[[-92.87759,45.39983],[-92.87745,45.39623],[-92.87067,45.39627],[-92.87077,45.39989],[-92.87759,45.39983]]],[[[-92.8786,45.39557],[-92.87849,45.39259],[-92.87733,45.3926],[-92.87744,45.39591],[-92.8786,45.39557]]],[[[-92.87929,45.34956],[-92.87806,45.34675],[-92.87656,45.34676],[-92.8766,45.34958],[-92.87929,45.34956]]],[[[-92.88008,45.35055],[-92.87965,45.34974],[-92.8766,45.34976],[-92.87662,45.35095],[-92.87862,45.35093],[-92.88008,45.35055]]],[[[-92.88399,45.39388],[-92.88307,45.39353],[-92.88274,45.39376],[-92.88387,45.39412],[-92.88399,45.39388]]],[[[-92.88419,45.39356],[-92.88444,45.39314],[-92.88383,45.39301],[-92.8834,45.39331],[-92.88419,45.39356]]],[[[-92.88718,45.38537],[-92.88219,45.38537],[-92.88077,45.38603],[-92.88134,45.3868],[-92.88632,45.38654],[-92.88718,45.38537]]],[[[-92.88764,45.34763],[-92.88764,45.34734],[-92.88488,45.34736],[-92.88488,45.34765],[-92.88764,45.34763]]],[[[-92.88809,45.39088],[-92.88844,45.39047],[-92.88565,45.39047],[-92.88556,45.39135],[-92.88732,45.39181],[-92.88809,45.39088]]],[[[-92.88861,45.34661],[-92.88717,45.34308],[-92.8861,45.34137],[-92.8837,45.33997],[-92.8837,45.34095],[-92.88345,45.34107],[-92.88237,45.33954],[-92.88148,45.33952],[-92.88164,45.34955],[-92.87972,45.34953],[-92.8803,45.3506],[-92.88167,45.35023],[-92.88299,45.35262],[-92.88471,45.35215],[-92.88455,45.3431],[-92.8848,45.3431],[-92.88487,45.34663],[-92.88861,45.34661]]]]}},
{"type":"Feature","id":"663798","properties":{"id":"663798","name":"Chisago Lake","kind":"township","counties":["Chisago"],"population":4928,"label":[-92.8949,45.39232]},"geometry":{"type":"MultiPolygon","coordinates":[[[[-92.89799,45.46987],[-92.89735,45.44004],[-92.89624,45.41114],[-92.89393,45.41105],[-92.89375,45.40374],[-92.88786,45.40361],[-92.88782,45.39989],[-92.89294,45.4],[-92.89293,45.39971],[-92.89074,45.39871],[-92.88903,45.39694],[-92.88745,45.39608],[-92.88773,45.39607],[-92.88558,45.39562],[-92.88574,45.39443],[-92.88763,45.39486],[-92.88763,45.39426],[-92.89074,45.39459],[-92.89091,45.39559],[-92.88988,45.39486],[-92.88935,45.39497],[-92.88928,45.39535],[-92.89101,45.39596],[-92.89111,45.39626],[-92.89018,45.39638],[-92.89009,45.39668],[-92.89031,45.39702],[-92.89111,45.39711],[-92.89147,45.39763],[-92.89117,45.39812],[-92.89027,45.39816],[-92.89092,45.39863],[-92.89166,45.3987],[-92.8929,45.39833],[-92.89288,45.39775],[-92.89352,45.39767],[-92.8938,45.39688],[-92.89589,45.3963],[-92.89556,45.38173],[-92.88109,45.38161],[-92.87963,45.3832],[-92.87878,45.38323],[-92.87851,45.38354],[-92.87555,45.38221],[-92.87255,45.38226],[-92.87175,45.38313],[-92.86983,45.38313],[-92.8707,45.38148],[-92.87009,45.38148],[-92.86865,45.38402],[-92.86632,45.38403],[-92.86672,45.3829],[-92.86635,45.38359],[-92.86526,45.38351],[-92.86656,45.3791],[-92.86869,45.37828],[-92.87039,45.37681],[-92.87229,45.37625],[-92.87244,45.37549],[-92.87491,45.37567],[-92.87706,45.37532],[-92.87864,45.37336],[-92.88018,45.37253],[-92.88473,45.37171],[-92.8856,45.37209],[-92.88748,45.36845],[-92.8876,45.36732],[-92.88418,45.36274],[-92.8821,45.36172],[-92.87894,45.36116],[-92.87714,45.35952],[-92.87584,45.35763],[-92.8808,45.35759],[-92.87905,45.35439],[-92.87728,45.35437],[-92.87727,45.354],[-92.87594,45.35399],[-92.87554,45.35336],[-92.87849,45.35335],[-92.87748,45.3515],[-92.88158,45.35037],[-92.88295,45.35286],[-92.88497,45.35231],[-92.88489,45.34796],[-92.88858,45.34794],[-92.88823,45.35207],[-92.88709,45.35557],[-92.88766,45.35795],[-92.88837,45.35864],[-92.89073,45.35978],[-92.89593,45.36015],[-92.89649,45.32869],[-92.89471,45.32869],[-92.89521,45.32772],[-92.89657,45.3213],[-92.89673,45.29627],[-92.81517,45.29635],[-92.81467,45.31082],[-92.81469,45.32533],[-92.81529,45.3611],[-92.82051,45.36107],[-92.82066,45.3588],[-92.82228,45.35846],[-92.82508,45.35963],[-92.82399,45.36139],[-92.82421,45.36222],[-92.82488,45.36284],[-92.82585,45.36468],[-92.82046,45.36471],[-92.82046,45.36219],[-92.81575,45.36192],[-92.81528,45.3625],[-92.81549,45.38254],[-92.79516,45.38277],[-92.79777,45.38342],[-92.80333,45.38604],[-92.80494,45.38493],[-92.80615,45.38547],[-92.80614,45.38589],[-92.80688,45.38692],[-92.80773,45.38701],[-92.8087,45.38659],[-92.80846,45.38613],[-92.80772,45.38578],[-92.80786,45.38561],[-92.80961,45.38584],[-92.81071,45.38633],[-92.81021,45.38695],[-92.81076,45.38748],[-92.81002,45.3886],[-92.80434,45.38652],[-92.80032,45.38644],[-92.80033,45.38813],[-92.79521,45.38815],[-92.79516,45.38277],[-92.77458,45.38262],[-92.77531,45.41164],[-92.7756,45.46973],[-92.89799,45.46987]],[[-92.86625,45.38378],[-92.86613,45.38401],[-92.86508,45.384],[-92.86518,45.38373],[-92.86625,45.38378]],[[-92.88444,45.39314],[-92.88419,45.39356],[-92.8834,45.39331],[-92.88383,45.39301],[-92.88444,45.39314]],[[-92.88402,45.39384],[-92.88387,45.39412],[-92.88274,45.39376],[-92.88307,45.39353],[-92.88402,45.39384]],[[-92.8581,45.39715],[-92.85692,45.39716],[-92.85689,45.39639],[-92.85773,45.39638],[-92.8581,45.39715]],[[-92.88764,45.34763],[-92.88488,45.34765],[-92.88488,45.34736],[-92.88764,45.34734],[-92.88764,45.34763]],[[-92.86837,45.38507],[-92.86818,45.38541],[-92.86518,45.38546],[-92.86519,45.38512],[-92.86837,45.38507]],[[-92.85642,45.4037],[-92.85386,45.40454],[-92.85334,45.40375],[-92.85642,45.4037]],[[-92.86752,45.38403],[-92.86713,45.38471],[-92.86516,45.38471],[-92.86529,45.38403],[-92.86752,45.38403]],[[-92.85847,45.35776],[-92.85825,45.35858],[-92.85636,45.35861],[-92.85634,45.35779],[-92.85847,45.35776]],[[-92.85291,45.35669],[-92.85119,45.35668],[-92.85156,45.3557],[-92.85123,45.35513],[-92.85287,45.35513],[-92.85291,45.35669]],[[-92.88844,45.39047],[-92.88732,45.39181],[-92.88556,45.39135],[-92.88565,45.39047],[-92.88844,45.39047]],[[-92.88008,45.35055],[-92.87862,45.35093],[-92.87662,45.35095],[-92.8766,45.34976],[-92.87965,45.34974],[-92.88008,45.35055]],[[-92.8786,45.39557],[-92.87744,45.39591],[-92.87733,45.3926],[-92.87849,45.39259],[-92.8786,45.39557]],[[-92.87939,45.34946],[-92.8766,45.34958],[-92.87656,45.34676],[-92.87806,45.34675],[-92.87939,45.34946]],[[-92.88718,45.38537],[-92.88632,45.38654],[-92.88134,45.3868],[-92.88077,45.38603],[-92.88219,45.38537],[-92.88718,45.38537]],[[-92.88861,45.34661],[-92.88487,45.34663],[-92.8848,45.3431],[-92.88455,45.3431],[-92.88471,45.35215],[-92.88299,45.35262],[-92.88167,45.35023],[-92.8803,45.3506],[-92.87972,45.34953],[-92.88164,45.34955],[-92.88148,45.33952],[-92.88237,45.33954],[-92.88345,45.34107],[-92.8837,45.34095],[-92.8837,45.33997],[-92.8861,45.34137],[-92.88717,45.34308],[-92.88861,45.34661]],[[-92.8782,45.4208],[-92.87259,45.42085],[-92.87007,45.41833],[-92.86541,45.41569],[-92.86421,45.41592],[-92.86244,45.41696],[-92.86244,45.41446],[-92.85728,45.41452],[-92.85706,45.40573],[-92.85415,45.40578],[-92.85415,45.40464],[-92.85706,45.40368],[-92.86511,45.40352],[-92.86725,45.40384],[-92.86804,45.40497],[-92.86687,45.40522],[-92.86324,45.40713],[-92.86583,45.40711],[-92.86588,45.40938],[-92.87051,45.40934],[-92.87397,45.4155],[-92.8781,45.41845],[-92.8782,45.4208]],[[-92.87745,45.39623],[-92.87759,45.39983],[-92.86207,45.39995],[-92.862,45.39815],[-92.85869,45.39817],[-92.85781,45.39638],[-92.86234,45.39635],[-92.86211,45.39454],[-92.85949,45.39458],[-92.85924,45.39272],[-92.85954,45.39244],[-92.85554,45.39282],[-92.85671,45.39295],[-92.85674,45.39474],[-92.85601,45.39487],[-92.85461,45.39485],[-92.85461,45.39315],[-92.85554,45.39282],[-92.85482,45.39264],[-92.85441,45.39314],[-92.85433,45.39491],[-92.85341,45.39493],[-92.85294,45.39398],[-92.85281,45.39253],[-92.85309,45.39217],[-92.85309,45.39106],[-92.85033,45.39132],[-92.84788,45.39247],[-92.84699,45.39476],[-92.84728,45.39705],[-92.84675,45.39821],[-92.84776,45.40025],[-92.85269,45.40205],[-92.85272,45.40227],[-92.85211,45.40219],[-92.85204,45.40284],[-92.8532,45.40372],[-92.85117,45.40376],[-92.852,45.40485],[-92.85102,45.40376],[-92.84692,45.40384],[-92.84691,45.3999],[-92.84652,45.39995],[-92.84506,45.40209],[-92.84452,45.40242],[-92.84383,45.4011],[-92.84405,45.39991],[-92.84329,45.39977],[-92.84327,45.39911],[-92.84291,45.39906],[-92.84224,45.39932],[-92.84229,45.39985],[-92.84172,45.4002],[-92.84175,45.40065],[-92.84127,45.40117],[-92.84161,45.40149],[-92.84208,45.40114],[-92.8426,45.40184],[-92.84385,45.40163],[-92.84414,45.40232],[-92.84352,45.4029],[-92.84409,45.40316],[-92.84294,45.40456],[-92.84162,45.40493],[-92.84005,45.40436],[-92.83997,45.4039],[-92.83917,45.4045],[-92.83742,45.4033],[-92.8371,45.40115],[-92.83665,45.40056],[-92.83665,45.40088],[-92.83497,45.40064],[-92.83384,45.40174],[-92.83329,45.40189],[-92.83401,45.40364],[-92.83348,45.40421],[-92.83278,45.40436],[-92.83182,45.40423],[-92.83019,45.40344],[-92.83048,45.40237],[-92.83034,45.40122],[-92.8306,45.40102],[-92.83276,45.40145],[-92.83421,45.39881],[-92.83388,45.39747],[-92.8321,45.3969],[-92.83106,45.39574],[-92.83032,45.39566],[-92.83024,45.39529],[-92.83074,45.39495],[-92.83061,45.39441],[-92.82791,45.39339],[-92.82688,45.39218],[-92.82635,45.39069],[-92.82573,45.39074],[-92.82546,45.3903],[-92.8246,45.3901],[-92.82351,45.39051],[-92.82317,45.39156],[-92.8247,45.39209],[-92.82574,45.39321],[-92.82557,45.3936],[-92.82452,45.39383],[-92.82236,45.39325],[-92.82308,45.392],[-92.82141,45.39137],[-92.82102,45.39057],[-92.81893,45.39047],[-92.81746,45.39225],[-92.81743,45.39411],[-92.81844,45.3951],[-92.81967,45.39706],[-92.82258,45.39786],[-92.82362,45.39787],[-92.82219,45.40202],[-92.82396,45.40475],[-92.82486,45.40554],[-92.82552,45.40745],[-92.82627,45.4083],[-92.82259,45.40855],[-92.82261,45.40938],[-92.82172,45.40938],[-92.82172,45.40854],[-92.8182,45.40848],[-92.82099,45.40829],[-92.82107,45.40739],[-92.8218,45.407],[-92.82102,45.40513],[-92.82218,45.40365],[-92.82138,45.40206],[-92.8218,45.40041],[-92.81846,45.39741],[-92.81783,45.3972],[-92.81577,45.39749],[-92.81579,45.39973],[-92.81733,45.39975],[-92.81728,45.40064],[-92.81794,45.40233],[-92.81585,45.40239],[-92.81586,45.40472],[-92.81455,45.40472],[-92.8146,45.40286],[-92.81261,45.40283],[-92.81256,45.4047],[-92.81066,45.40467],[-92.81065,45.40104],[-92.81144,45.40105],[-92.81127,45.39499],[-92.81375,45.39612],[-92.81572,45.39621],[-92.81572,45.39596],[-92.81471,45.39567],[-92.81385,45.39478],[-92.81238,45.39394],[-92.81285,45.39255],[-92.81353,45.39174],[-92.813,45.39092],[-92.81316,45.38992],[-92.81284,45.3897],[-92.81317,45.38856],[-92.81266,45.38764],[-92.81346,45.38546],[-92.81317,45.38456],[-92.81188,45.38357],[-92.81202,45.38311],[-92.81425,45.38394],[-92.81428,45.38477],[-92.81497,45.38632],[-92.81481,45.38812],[-92.81417,45.38886],[-92.8157,45.3902],[-92.81573,45.39069],[-92.81822,45.39031],[-92.81822,45.39007],[-92.81666,45.38967],[-92.81649,45.38938],[-92.81673,45.38912],[-92.81784,45.38902],[-92.819,45.38978],[-92.82046,45.38892],[-92.8203,45.38839],[-92.81933,45.38798],[-92.81834,45.3881],[-92.81817,45.38858],[-92.81728,45.38817],[-92.81764,45.38775],[-92.81903,45.3875],[-92.82285,45.38841],[-92.82493,45.38927],[-92.82579,45.38927],[-92.8269,45.38858],[-92.82714,45.38872],[-92.82735,45.38847],[-92.82706,45.38813],[-92.8273,45.3881],[-92.82937,45.39003],[-92.83102,45.39055],[-92.83275,45.39046],[-92.8339,45.38986],[-92.83391,45.38928],[-92.83308,45.38848],[-92.83075,45.38722],[-92.82805,45.3874],[-92.82741,45.38619],[-92.82676,45.38668],[-92.82641,45.38656],[-92.82547,45.38545],[-92.82548,45.38493],[-92.82603,45.38436],[-92.82643,45.38456],[-92.827,45.38572],[-92.82798,45.38584],[-92.82782,45.38462],[-92.82712,45.38358],[-92.82728,45.38244],[-92.82428,45.38081],[-92.82724,45.38149],[-92.83251,45.38137],[-92.83267,45.38172],[-92.83198,45.3816],[-92.83172,45.38184],[-92.83195,45.3837],[-92.83169,45.38455],[-92.83236,45.38462],[-92.8326,45.38415],[-92.8335,45.38362],[-92.8336,45.3832],[-92.83319,45.38264],[-92.83498,45.38047],[-92.83541,45.37891],[-92.83462,45.37832],[-92.83279,45.37827],[-92.83109,45.37728],[-92.83064,45.37566],[-92.8313,45.37517],[-92.83131,45.37353],[-92.83254,45.37329],[-92.83635,45.3747],[-92.83635,45.37519],[-92.83815,45.37519],[-92.83807,45.37413],[-92.8394,45.3724],[-92.83954,45.37102],[-92.83841,45.36835],[-92.83671,45.36717],[-92.83482,45.36783],[-92.82992,45.36851],[-92.82553,45.36871],[-92.82629,45.3682],[-92.82743,45.36804],[-92.82689,45.36798],[-92.82687,45.36558],[-92.82986,45.36528],[-92.83201,45.3645],[-92.83266,45.36254],[-92.83158,45.36144],[-92.83726,45.36139],[-92.83895,45.36314],[-92.83953,45.36647],[-92.83952,45.36508],[-92.84378,45.36497],[-92.84384,45.3666],[-92.84522,45.3666],[-92.84534,45.3677],[-92.84433,45.36786],[-92.84435,45.36855],[-92.84634,45.36853],[-92.84622,45.36496],[-92.85125,45.36498],[-92.85114,45.3614],[-92.8502,45.3614],[-92.85084,45.35982],[-92.84964,45.35819],[-92.84917,45.35603],[-92.84993,45.35508],[-92.84998,45.35456],[-92.84868,45.35332],[-92.84579,45.35188],[-92.84577,45.35057],[-92.85082,45.35057],[-92.85092,45.35418],[-92.84946,45.35295],[-92.84827,45.35254],[-92.8505,45.35411],[-92.8508,45.35521],[-92.85125,45.3555],[-92.85094,45.35674],[-92.85122,45.35835],[-92.85609,45.35851],[-92.85628,45.365],[-92.8532,45.36499],[-92.8532,45.36559],[-92.85412,45.36559],[-92.85581,45.36734],[-92.85635,45.36735],[-92.85637,45.37223],[-92.85131,45.37227],[-92.85257,45.37247],[-92.85622,45.37408],[-92.85622,45.37513],[-92.85455,45.37512],[-92.85455,45.37585],[-92.85276,45.37585],[-92.85276,45.37614],[-92.85113,45.37723],[-92.84992,45.37743],[-92.85144,45.37725],[-92.85144,45.37795],[-92.84917,45.3785],[-92.84753,45.37974],[-92.84564,45.38216],[-92.8451,45.38354],[-92.84135,45.38362],[-92.84137,45.38402],[-92.84503,45.38398],[-92.84527,45.3861],[-92.84643,45.38726],[-92.84822,45.38797],[-92.84994,45.38797],[-92.85139,45.3874],[-92.85246,45.38787],[-92.85506,45.38787],[-92.85464,45.38893],[-92.85337,45.38963],[-92.85388,45.3902],[-92.8583,45.38945],[-92.86016,45.38854],[-92.86485,45.38889],[-92.86613,45.38789],[-92.8661,45.38717],[-92.86682,45.38716],[-92.866,45.38881],[-92.86514,45.38909],[-92.86495,45.38999],[-92.86272,45.39085],[-92.86274,45.3911],[-92.85959,45.39114],[-92.85956,45.38995],[-92.86071,45.38968],[-92.8607,45.38929],[-92.85991,45.38899],[-92.86058,45.38932],[-92.86059,45.38965],[-92.85987,45.38955],[-92.85973,45.38903],[-92.85983,45.38957],[-92.86048,45.38976],[-92.85944,45.38988],[-92.85947,45.39115],[-92.85633,45.39133],[-92.85338,45.39057],[-92.85313,45.39073],[-92.85693,45.3915],[-92.85694,45.39185],[-92.86164,45.39153],[-92.86455,45.39086],[-92.86456,45.39108],[-92.86613,45.3898],[-92.86634,45.39024],[-92.86708,45.39022],[-92.86717,45.39268],[-92.87424,45.39262],[-92.87496,45.39416],[-92.87501,45.39548],[-92.87607,45.39547],[-92.87609,45.39602],[-92.87502,45.39602],[-92.87503,45.39624],[-92.87745,45.39623]]],[[[-92.89592,45.36102],[-92.89309,45.36101],[-92.89179,45.36187],[-92.89222,45.36826],[-92.89169,45.36935],[-92.89085,45.36922],[-92.89058,45.36979],[-92.89111,45.37046],[-92.89261,45.37118],[-92.89394,45.37111],[-92.89576,45.36946],[-92.89592,45.36102]]],[[[-92.84178,45.37192],[-92.84156,45.36983],[-92.83976,45.36737],[-92.83978,45.36778],[-92.84121,45.36957],[-92.84037,45.36971],[-92.84011,45.36879],[-92.8396,45.36867],[-92.8402,45.36991],[-92.84133,45.36979],[-92.84155,45.37192],[-92.84178,45.37192]]],[[[-92.83412,45.39243],[-92.83409,45.39202],[-92.83383,45.392],[-92.83384,45.3923],[-92.83165,45.39281],[-92.83143,45.3917],[-92.83151,45.39292],[-92.82911,45.39358],[-92.83412,45.39243]]],[[[-92.82883,45.39043],[-92.82687,45.38938],[-92.82613,45.39007],[-92.82682,45.38958],[-92.82883,45.39043]]],[[[-92.84182,45.37519],[-92.84166,45.3724],[-92.84161,45.37519],[-92.84182,45.37519]]],[[[-92.84245,45.37958],[-92.84152,45.37939],[-92.84146,45.3798],[-92.8424,45.37999],[-92.84245,45.37958]]],[[[-92.83628,45.3861],[-92.83628,45.38601],[-92.83271,45.38609],[-92.83628,45.3861]]],[[[-92.86204,45.39186],[-92.86203,45.39167],[-92.86041,45.39217],[-92.86204,45.39186]]],[[[-92.88062,45.35349],[-92.88049,45.35327],[-92.87938,45.35357],[-92.87951,45.35378],[-92.88062,45.35349]]],[[[-92.84785,45.3521],[-92.8472,45.35183],[-92.84761,45.3522],[-92.84785,45.3521]]],[[[-92.83947,45.37392],[-92.83924,45.37384],[-92.83909,45.37424],[-92.83947,45.37392]]],[[[-92.88686,45.35159],[-92.88671,45.35098],[-92.88673,45.3516],[-92.88686,45.35159]]],[[[-92.82993,45.36798],[-92.82935,45.36807],[-92.82993,45.36812],[-92.82993,45.36798]]],[[[-92.83621,45.39949],[-92.8362,45.39849],[-92.83614,45.3995],[-92.83621,45.39949]]],[[[-92.82881,45.36789],[-92.82835,45.36785],[-92.82835,45.36799],[-92.82881,45.36789]]],[[[-92.84836,45.35237],[-92.84794,45.35214],[-92.84778,45.35229],[-92.84836,45.35237]]],[[[-92.82781,45.36799],[-92.8278,45.36785],[-92.82761,45.36788],[-92.82781,45.36799]]]]}},
{"type":"Feature","id":"2393526","properties":{"id":"2393526","name":"Circle Pines","kind":"city","counties":["Anoka"],"population":4915,"label":[-93.15052,45.14091]},"geometry":{"type":"MultiPolygon","coordinates":[[[[-93.14296,45.15304],[-93.16335,45.15327],[-93.16359,45.13889],[-93.15842,45.13879],[-93.15864,45.12764],[-93.15352,45.12761],[-93.15355,45.12423],[-93.14317,45.1242],[-93.14302,45.13857],[-93.13775,45.13859],[-93.1377,45.15305],[-93.14296,45.15304]]]]}},
{"type":"Feature","id":"2393579","properties":{"id":"2393579","name":"Coates","kind":"city","counties":["Dakota"],"population":144,"label":[-93.03204,44.71512]},"geometry":{"type":"MultiPolygon","coordinates":[[[[-93.04498,44.72585],[-93.04496,44.71005],[-93.03479,44.71001],[-93.0348,44.70273],[-93.02506,44.70268],[-93.02516,44.71007],[-93.01505,44.71001],[-93.01509,44.71712],[-93.02555,44.71718],[-93.02582,44.72444],[-93.03489,44.72453],[-93.0349,44.7259],[-93.04498,44.72585]],[[-93.0303,44.70634],[-93.02913,44.70432],[-93.03054,44.70635],[-93.0303,44.70634]],[[-93.02917,44.70634],[-93.02833,44.70455],[-93.02936,44.70634],[-93.02917,44.70634]]]]}},
{"type":"Feature","id":"2393601","properties":{"id":"2393601","name":"Cologne","kind":"city","counties":["Carver"],"population":2062,"label":[-93.78745,44.77418]},"geometry":{"type":"MultiPolygon","coordinates":[[[[-93.79824,44.76801],[-93.79619,44.76773],[-93.79181,44.76792],[-93.78846,44.76852],[-93.78863,44.76909],[-93.78808,44.76909],[-93.78808,44.76708],[-93.78636,44.76641],[-93.78636,44.76757],[-93.78386,44.76757],[-93.78383,44.76567],[-93.77858,44.76572],[-93.77719,44.76603],[-93.7773,44.76962],[-93.77546,44.77002],[-93.77603,44.77011],[-93.77604,44.7704],[-93.7771,44.77016],[-93.77679,44.77031],[-93.77686,44.77131],[-93.77774,44.77133],[-93.77776,44.7818],[-93.78801,44.78165],[-93.78803,44.77947],[-93.7906,44.77946],[-93.79052,44.78161],[-93.79819,44.7815],[-93.79824,44.76801]]],[[[-93.78105,44.76057],[-93.78125,44.76029],[-93.78038,44.7603],[-93.78057,44.76468],[-93.781,44.7644],[-93.78078,44.76152],[-93.78105,44.76057]]],[[[-93.80335,44.7673],[-93.80335,44.76708],[-93.79829,44.76747],[-93.80335,44.7673]]],[[[-93.81852,44.7661],[-93.81839,44.76186],[-93.81756,44.76186],[-93.81752,44.76049],[-93.81197,44.76053],[-93.81197,44.76162],[-93.81096,44.76161],[-93.81095,44.76052],[-93.80635,44.76052],[-93.80627,44.76216],[-93.80443,44.76213],[-93.80446,44.7605],[-93.79964,44.76042],[-93.79964,44.7614],[-93.79829,44.7614],[-93.7983,44.7604],[-93.79599,44.76037],[-93.79597,44.76135],[-93.79514,44.76134],[-93.79512,44.76036],[-93.78187,44.76034],[-93.78129,44.76143],[-93.78151,44.76438],[-93.78206,44.76492],[-93.78349,44.76488],[-93.78343,44.76513],[-93.7875,44.76616],[-93.79041,44.76749],[-93.79548,44.76701],[-93.80132,44.76699],[-93.81852,44.7661]]],[[[-93.81855,44.7676],[-93.81846,44.76639],[-93.8084,44.7669],[-93.80841,44.76763],[-93.81855,44.7676]]]]}},
{"type":"Feature","id":"2393607","properties":{"id":"2393607","name":"Columbia Heights","kind":"city","counties":["Anoka"],"population":21592,"label":[-93.2472,45.04855]},"geometry":{"type":"MultiPolygon","coordinates":[[[[-93.22699,45.06163],[-93.24742,45.06164],[-93.24742,45.06449],[-93.26265,45.06445],[-93.26251,45.05001],[-93.2681,45.05],[-93.26778,45.04093],[-93.27209,45.04095],[-93.27204,45.03551],[-93.22692,45.03564],[-93.22699,45.06163]],[[-93.24743,45.05719],[-93.24735,45.04994],[-93.25259,45.05003],[-93.25266,45.05724],[-93.24743,45.05719]]]]}},
{"type":"Feature","id":"2393610","properties":{"id":"2393610","name":"Columbus","kind":"city","counties":["Anoka"],"population":4172,"label":[-93.08099,45.26843]},"geometry":{"type":"MultiPolygon","coordinates":[[[[-93.01987,45.32575],[-93.14279,45.32627],[-93.14278,45.32176],[-93.14176,45.3205],[-93.14213,45.31993],[-93.14278,45.31968],[-93.14237,45.30454],[-93.14218,45.26876],[-93.14235,45.21096],[-93.0197,45.21075],[-93.01936,45.2396],[-93.01987,45.32575]]]]}},
{"type":"Feature","id":"2393628","properties":{"id":"2393628","name":"Coon Rapids","kind":"city","counties":["Anoka"],"population":63415,"label":[-93.30942,45.17549]},"geometry":{"type":"MultiPolygon","coordinates":[[[[-93.31718,45.21234],[-93.31902,45.21278],[-93.3216,45.21221],[-93.36263,45.21232],[-93.36267,45.21122],[-93.36491,45.20972],[-93.36501,45.20697],[-93.36538,45.20672],[-93.36545,45.2048],[-93.36721,45.2048],[-93.36728,45.20296],[-93.36561,45.20296],[-93.36567,45.20116],[-93.36303,45.20116],[-93.36312,45.19847],[-93.36156,45.19751],[-93.36821,45.1975],[-93.36822,45.19027],[-93.37323,45.19033],[-93.37331,45.17832],[-93.37038,45.17742],[-93.3609,45.17578],[-93.35794,45.1746],[-93.35567,45.17285],[-93.35002,45.16602],[-93.34818,45.16251],[-93.34659,45.1604],[-93.34376,45.1587],[-93.33415,45.15417],[-93.32943,45.15228],[-93.32542,45.14943],[-93.32333,45.14741],[-93.32172,45.14664],[-93.31383,45.14484],[-93.31126,45.14354],[-93.30945,45.14078],[-93.30908,45.13916],[-93.30794,45.13772],[-93.30579,45.13554],[-93.30227,45.13317],[-93.30092,45.13191],[-93.29962,45.12989],[-93.29732,45.12738],[-93.29695,45.12668],[-93.29651,45.1227],[-93.29438,45.11926],[-93.29459,45.11877],[-93.29055,45.11872],[-93.29109,45.1194],[-93.28812,45.11946],[-93.28476,45.12021],[-93.2842,45.11878],[-93.27719,45.11879],[-93.27997,45.12451],[-93.2669,45.12456],[-93.26587,45.21153],[-93.30653,45.21219],[-93.31039,45.21187],[-93.31718,45.21234]]]]}},
{"type":"Feature","id":"2393634","properties":{"id":"2393634","name":"Corcoran","kind":"city","counties":["Hennepin"],"population":7430,"label":[-93.58361,45.10897]},"geometry":{"type":"MultiPolygon","coordinates":[[[[-93.63038,45.1526],[-93.6355,45.15259],[-93.63563,45.14529],[-93.64601,45.14525],[-93.64569,45.06577],[-93.52204,45.06563],[-93.52228,45.10041],[-93.5237,45.10041],[-93.52337,45.10113],[-93.52228,45.10111],[-93.52226,45.10347],[-93.52425,45.10356],[-93.52565,45.10329],[-93.52565,45.10397],[-93.52846,45.10484],[-93.52764,45.10541],[-93.52553,45.10487],[-93.52646,45.10615],[-93.52303,45.10859],[-93.52406,45.10441],[-93.52352,45.10431],[-93.52222,45.10924],[-93.52184,45.15291],[-93.63038,45.1526]]]]}},
{"type":"Feature","id":"2393644","properties":{"id":"2393644","name":"Cottage Grove","kind":"city","counties":["Washington"],"population":41027,"label":[-92.9269,44.81611]},"geometry":{"type":"MultiPolygon","coordinates":[[[[-92.86234,44.86194],[-92.98409,44.86196],[-92.984,44.84678],[-92.97502,44.84016],[-92.97474,44.83343],[-92.97706,44.83342],[-92.97706,44.83099],[-92.97987,44.83096],[-92.97988,44.82609],[-92.98393,44.82611],[-92.98386,44.80086],[-92.97751,44.80092],[-92.97746,44.79971],[-92.97795,44.79971],[-92.97793,44.79915],[-92.97873,44.79913],[-92.98009,44.79833],[-92.98004,44.79711],[-92.97816,44.79709],[-92.97879,44.79586],[-92.98115,44.79582],[-92.9823,44.79356],[-92.98261,44.79385],[-92.98258,44.79465],[-92.98383,44.79519],[-92.9838,44.79013],[-92.99386,44.7901],[-92.99379,44.79373],[-93.0089,44.79388],[-93.00885,44.79012],[-93.02003,44.79008],[-93.02009,44.78835],[-93.01956,44.78568],[-93.01815,44.78247],[-93.01205,44.77766],[-93.00656,44.77552],[-93.00254,44.77502],[-92.99814,44.77546],[-92.98373,44.77569],[-92.98373,44.7749],[-92.97802,44.77342],[-92.96434,44.76849],[-92.96024,44.76749],[-92.95301,44.76678],[-92.95077,44.76711],[-92.94581,44.76876],[-92.94212,44.7707],[-92.94057,44.77257],[-92.93886,44.77629],[-92.93725,44.77832],[-92.93559,44.77959],[-92.93142,44.78124],[-92.92915,44.78137],[-92.92569,44.78079],[-92.92371,44.77993],[-92.91966,44.77739],[-92.91648,44.77604],[-92.91053,44.77461],[-92.90512,44.7739],[-92.89815,44.77379],[-92.89383,44.77406],[-92.88488,44.77559],[-92.86279,44.77555],[-92.86287,44.80456],[-92.86234,44.86194]]]]}},
{"type":"Feature","id":"2830139","properties":{"id":"2830139","name":"Credit River","kind":"city","counties":["Scott"],"population":5498,"label":[-93.35875,44.67387]},"geometry":{"type":"MultiPolygon","coordinates":[[[[-93.39892,44.69854],[-93.39968,44.64519],[-93.39954,44.63063],[-93.31874,44.63058],[-93.31834,44.67413],[-93.31835,44.71754],[-93.37424,44.7173],[-93.37475,44.71686],[-93.37659,44.7169],[-93.37722,44.71614],[-93.37771,44.71605],[-93.37765,44.71725],[-93.39888,44.71731],[-93.39884,44.70699],[-93.39711,44.70698],[-93.39709,44.70319],[-93.39528,44.70318],[-93.39533,44.70122],[-93.39779,44.70214],[-93.39863,44.70088],[-93.39892,44.69854]]]]}},
{"type":"Feature","id":"2393683","properties":{"id":"2393683","name":"Crystal","kind":"city","counties":["Hennepin"],"population":22791,"label":[-93.35968,45.03798]},"geometry":{"type":"MultiPolygon","coordinates":[[[[-93.3397,45.06573],[-93.37021,45.06572],[-93.37026,45.0611],[-93.37068,45.0611],[-93.37067,45.06195],[-93.38037,45.06198],[-93.38031,45.05829],[-93.37832,45.05828],[-93.3784,45.0548],[-93.37728,45.05478],[-93.37725,45.05562],[-93.37671,45.05563],[-93.37665,45.05839],[-93.37526,45.05838],[-93.37508,45.05476],[-93.37611,45.05477],[-93.37611,45.05384],[-93.37572,45.05384],[-93.37578,45.05206],[-93.37308,45.05202],[-93.37306,45.0538],[-93.37284,45.0538],[-93.37288,45.0473],[-93.3704,45.0473],[-93.37033,45.04372],[-93.37279,45.04374],[-93.37279,45.03646],[-93.37102,45.03645],[-93.371,45.03373],[-93.37028,45.03372],[-93.37017,45.02184],[-93.37271,45.02185],[-93.37276,45.01818],[-93.37776,45.01825],[-93.37772,45.01467],[-93.38029,45.01468],[-93.38028,45.0201],[-93.3854,45.0201],[-93.38541,45.01651],[-93.39044,45.01656],[-93.39039,45.01105],[-93.37516,45.01094],[-93.37516,45.01366],[-93.37027,45.01363],[-93.37031,45.00729],[-93.35783,45.00727],[-93.35785,45.00689],[-93.35648,45.00689],[-93.35647,45.00727],[-93.34971,45.00724],[-93.34964,45.01696],[-93.3338,45.01697],[-93.33377,45.02057],[-93.34962,45.02052],[-93.34957,45.02535],[-93.35626,45.02536],[-93.35627,45.03272],[-93.34948,45.03263],[-93.34944,45.03544],[-93.35001,45.03545],[-93.35006,45.03994],[-93.33984,45.04],[-93.3398,45.05365],[-93.33926,45.05605],[-93.33836,45.05709],[-93.33845,45.0583],[-93.33961,45.05831],[-93.3397,45.06573]],[[-93.3712,45.05477],[-93.37085,45.05477],[-93.37085,45.05569],[-93.36997,45.05568],[-93.36999,45.05478],[-93.36929,45.05478],[-93.36933,45.05377],[-93.37016,45.05377],[-93.37015,45.05477],[-93.37036,45.05477],[-93.37037,45.05378],[-93.37121,45.05378],[-93.3712,45.05477]],[[-93.37412,45.05624],[-93.37283,45.05623],[-93.37286,45.05477],[-93.37412,45.05478],[-93.37412,45.05624]],[[-93.37155,45.05379],[-93.37263,45.0538],[-93.37262,45.05476],[-93.37154,45.05477],[-93.37155,45.05379]]],[[[-93.37515,45.02689],[-93.38025,45.02694],[-93.38026,45.02196],[-93.37514,45.02193],[-93.37515,45.02689]]]]}},
{"type":"Feature","id":"663913","properties":{"id":"663913","name":"Dahlgren","kind":"township","counties":["Carver"],"population":1442,"label":[-93.70942,44.76191]},"geometry":{"type":"MultiPolygon","coordinates":[[[[-93.64213,44.80567],[-93.74431,44.80438],[-93.76771,44.80378],[-93.76814,44.71706],[-93.66385,44.71802],[-93.66366,44.73254],[-93.64293,44.73295],[-93.64294,44.7439],[-93.65276,44.74363],[-93.65275,44.74407],[-93.65333,44.74399],[-93.65506,44.74499],[-93.65397,44.74616],[-93.65197,44.74521],[-93.65175,44.74663],[-93.65136,44.74706],[-93.65045,44.74727],[-93.65212,44.74842],[-93.65294,44.74726],[-93.65325,44.74725],[-93.65323,44.74894],[-93.65201,44.74857],[-93.65168,44.74903],[-93.65242,44.74932],[-93.65155,44.75023],[-93.6509,44.74976],[-93.64954,44.75052],[-93.64816,44.7504],[-93.64511,44.75101],[-93.64296,44.75219],[-93.6428,44.759],[-93.64479,44.75895],[-93.64475,44.76173],[-93.64792,44.76184],[-93.64792,44.7611],[-93.64945,44.76077],[-93.6495,44.76277],[-93.64904,44.76636],[-93.65103,44.76588],[-93.65394,44.7657],[-93.65403,44.76117],[-93.6549,44.76089],[-93.65473,44.76294],[-93.65802,44.765],[-93.6601,44.76381],[-93.66172,44.76377],[-93.66168,44.76153],[-93.66322,44.76148],[-93.66332,44.76454],[-93.66386,44.76447],[-93.66496,44.76534],[-93.66567,44.76532],[-93.66587,44.76576],[-93.66729,44.76581],[-93.66838,44.76635],[-93.66841,44.76915],[-93.66703,44.76866],[-93.66841,44.76948],[-93.6684,44.77237],[-93.67146,44.77242],[-93.67147,44.77423],[-93.67247,44.77425],[-93.67248,44.77613],[-93.66756,44.77604],[-93.66758,44.77483],[-93.66327,44.77475],[-93.66326,44.77596],[-93.65388,44.77623],[-93.65389,44.77566],[-93.65289,44.77569],[-93.65289,44.77613],[-93.64851,44.77625],[-93.64852,44.77582],[-93.64772,44.77584],[-93.64771,44.77628],[-93.6431,44.77641],[-93.64279,44.77546],[-93.64255,44.77549],[-93.64247,44.78125],[-93.64761,44.78122],[-93.64769,44.77744],[-93.65286,44.77727],[-93.65264,44.78542],[-93.64913,44.78495],[-93.64775,44.78559],[-93.64748,44.78651],[-93.64746,44.79095],[-93.64218,44.79113],[-93.64513,44.7945],[-93.64513,44.79523],[-93.64563,44.79595],[-93.64473,44.79653],[-93.64466,44.79833],[-93.64212,44.7984],[-93.64213,44.80567]],[[-93.66814,44.74696],[-93.66352,44.74696],[-93.66353,44.74503],[-93.65851,44.74517],[-93.6585,44.74701],[-93.65827,44.74701],[-93.65828,44.74518],[-93.65483,44.7454],[-93.65682,44.7433],[-93.65818,44.74395],[-93.65944,44.74396],[-93.65945,44.74212],[-93.66355,44.74213],[-93.66356,44.74062],[-93.66509,44.74063],[-93.6651,44.73972],[-93.66881,44.73973],[-93.66879,44.74335],[-93.66816,44.74335],[-93.66814,44.74696]],[[-93.65208,44.73633],[-93.64825,44.73644],[-93.64831,44.73373],[-93.65213,44.73361],[-93.65208,44.73633]]],[[[-93.64371,44.75052],[-93.64289,44.75075],[-93.64288,44.75116],[-93.64412,44.75112],[-93.64399,44.75093],[-93.64445,44.75077],[-93.64419,44.75036],[-93.64371,44.75052]]],[[[-93.65744,44.775],[-93.65685,44.77539],[-93.65693,44.77601],[-93.65807,44.77597],[-93.65809,44.77496],[-93.65744,44.775]]]]}},
{"type":"Feature","id":"2394471","properties":{"id":"2394471","name":"Dayton","kind":"city","counties":["Hennepin","Wright"],"population":9281,"label":[-93.47564,45.19055]},"geometry":{"type":"MultiPolygon","coordinates":[[[[-93.51232,45.24575],[-93.5159,45.24637],[-93.52177,45.24661],[-93.52217,45.24505],[-93.52202,45.24363],[-93.52129,45.24276],[-93.52035,45.24234],[-93.51689,45.24195],[-93.51597,45.24143],[-93.51494,45.2402],[-93.51499,45.23902],[-93.51561,45.23858],[-93.51887,45.23863],[-93.52,45.23825],[-93.52122,45.23631],[-93.52141,45.2331],[-93.52212,45.23231],[-93.52213,45.21],[-93.52247,45.19753],[-93.52143,45.16705],[-93.52184,45.15291],[-93.48213,45.15241],[-93.42164,45.15225],[-93.42246,45.21175],[-93.42396,45.2135],[-93.42682,45.21546],[-93.43302,45.2181],[-93.43593,45.21797],[-93.44248,45.21661],[-93.4461,45.21729],[-93.45082,45.21921],[-93.45702,45.22027],[-93.45902,45.22117],[-93.46503,45.2252],[-93.46677,45.22566],[-93.46995,45.22597],[-93.47659,45.22523],[-93.48163,45.22516],[-93.48541,45.22594],[-93.49069,45.22944],[-93.49634,45.23402],[-93.49776,45.23612],[-93.49868,45.23843],[-93.50132,45.24143],[-93.50291,45.24229],[-93.51232,45.24575]]],[[[-93.51988,45.23837],[-93.51887,45.23863],[-93.51561,45.23858],[-93.51499,45.23902],[-93.51494,45.2402],[-93.51597,45.24143],[-93.51689,45.24195],[-93.52004,45.24231],[-93.51993,45.24012],[-93.51959,45.24011],[-93.51954,45.23878],[-93.51988,45.23869],[-93.51988,45.23837]]]]}},
{"type":"Feature","id":"2394486","properties":{"id":"2394486","name":"Deephaven","kind":"city","counties":["Hennepin"],"population":3840,"label":[-93.52373,44.92948]},"geometry":{"type":"MultiPolygon","coordinates":[[[[-93.54909,44.92052],[-93.5478,44.92034],[-93.54771,44.91964],[-93.54656,44.92007],[-93.54654,44.92063],[-93.53834,44.92054],[-93.53837,44.91692],[-93.53329,44.91688],[-93.53353,44.90997],[-93.52843,44.91094],[-93.52843,44.90947],[-93.52582,44.9104],[-93.52333,44.9114],[-93.5234,44.91678],[-93.52083,44.9167],[-93.52067,44.92037],[-93.51831,44.9204],[-93.51833,44.92588],[-93.51307,44.92729],[-93.51303,44.92766],[-93.51179,44.92766],[-93.50782,44.92881],[-93.50762,44.9345],[-93.50585,44.93566],[-93.50538,44.93574],[-93.50613,44.93551],[-93.50389,44.93622],[-93.5024,44.93633],[-93.50235,44.9392],[-93.50746,44.93922],[-93.50728,44.94562],[-93.51937,44.94571],[-93.51946,44.94477],[-93.521,44.94315],[-93.52265,44.94285],[-93.52425,44.94337],[-93.5275,44.94342],[-93.52668,44.94366],[-93.52948,44.9441],[-93.5292,44.94263],[-93.52981,44.94122],[-93.53046,44.94055],[-93.53026,44.94033],[-93.53064,44.94035],[-93.53116,44.9392],[-93.53095,44.93783],[-93.53135,44.93557],[-93.53118,44.93436],[-93.53052,44.93382],[-93.52996,44.93396],[-93.53054,44.93427],[-93.52991,44.93439],[-93.52829,44.93671],[-93.52705,44.93599],[-93.52785,44.93204],[-93.52619,44.93096],[-93.52502,44.92807],[-93.52571,44.92712],[-93.52708,44.92627],[-93.52845,44.92581],[-93.53041,44.92569],[-93.52968,44.92344],[-93.52853,44.92345],[-93.528,44.92272],[-93.52732,44.92261],[-93.52648,44.92165],[-93.52641,44.92082],[-93.52701,44.92068],[-93.52867,44.92118],[-93.53168,44.92273],[-93.53097,44.92341],[-93.53085,44.9241],[-93.53282,44.92353],[-93.53364,44.92396],[-93.53463,44.92395],[-93.53579,44.92307],[-93.53807,44.92404],[-93.53803,44.92462],[-93.53754,44.92498],[-93.53596,44.92534],[-93.53441,44.92624],[-93.53197,44.92671],[-93.53148,44.92741],[-93.52977,44.92849],[-93.52983,44.92944],[-93.52935,44.93012],[-93.53047,44.93013],[-93.53248,44.92874],[-93.53404,44.92824],[-93.53892,44.92884],[-93.53932,44.92931],[-93.53931,44.93029],[-93.53961,44.93036],[-93.54071,44.93008],[-93.54306,44.92708],[-93.54806,44.92551],[-93.54714,44.92399],[-93.54687,44.92288],[-93.54909,44.92052]]],[[[-93.5317,44.93313],[-93.53091,44.93283],[-93.53068,44.9333],[-93.53154,44.93357],[-93.5317,44.93313]]],[[[-93.52947,44.93196],[-93.52896,44.93173],[-93.52881,44.9322],[-93.52947,44.93196]]]]}},
{"type":"Feature","id":"2394495","properties":{"id":"2394495","name":"Delano","kind":"city","counties":["Wright"],"population":7023,"label":[-93.79024,45.03577]},"geometry":{"type":"MultiPolygon","coordinates":[[[[-93.82006,45.03574],[-93.82005,45.03212],[-93.81749,45.03211],[-93.81746,45.02488],[-93.81232,45.02487],[-93.81238,45.03207],[-93.80727,45.03204],[-93.80723,45.02903],[-93.80567,45.02904],[-93.80566,45.02844],[-93.80222,45.02845],[-93.80219,45.02486],[-93.80728,45.02486],[-93.80697,45.02125],[-93.80721,45.02125],[-93.80782,45.01401],[-93.8027,45.01399],[-93.8028,45.01011],[-93.79252,45.01034],[-93.79246,45.01397],[-93.79341,45.01397],[-93.79455,45.01566],[-93.79385,45.01702],[-93.7932,45.0176],[-93.79239,45.0176],[-93.79237,45.01912],[-93.80189,45.01913],[-93.8003,45.02125],[-93.79739,45.02124],[-93.79736,45.02845],[-93.79839,45.02845],[-93.79839,45.02931],[-93.79735,45.0293],[-93.79734,45.03206],[-93.79479,45.03206],[-93.7948,45.02844],[-93.7918,45.02844],[-93.79053,45.02956],[-93.78722,45.02955],[-93.78722,45.02843],[-93.78612,45.02843],[-93.78573,45.02931],[-93.78721,45.03014],[-93.78721,45.03076],[-93.78637,45.03206],[-93.78558,45.03206],[-93.7846,45.02942],[-93.78462,45.02842],[-93.77705,45.02838],[-93.77708,45.02477],[-93.78725,45.02483],[-93.78728,45.02122],[-93.77201,45.02113],[-93.77196,45.02835],[-93.76684,45.02833],[-93.76683,45.0292],[-93.76805,45.0292],[-93.76805,45.02961],[-93.76683,45.03029],[-93.76682,45.03926],[-93.77693,45.03973],[-93.77692,45.04005],[-93.76682,45.03985],[-93.76684,45.05002],[-93.77702,45.05011],[-93.77694,45.0554],[-93.77894,45.05462],[-93.7796,45.05708],[-93.78171,45.0554],[-93.78451,45.0552],[-93.78653,45.05321],[-93.78716,45.05379],[-93.79472,45.05381],[-93.79475,45.05742],[-93.79727,45.05744],[-93.79727,45.05698],[-93.79862,45.05698],[-93.79855,45.05102],[-93.80033,45.05103],[-93.8,45.05021],[-93.7985,45.04818],[-93.79873,45.04911],[-93.79856,45.05078],[-93.79518,45.05076],[-93.79517,45.0502],[-93.79673,45.04918],[-93.7971,45.04826],[-93.79618,45.04797],[-93.7953,45.04887],[-93.79457,45.0489],[-93.79289,45.04792],[-93.79271,45.04731],[-93.79333,45.04624],[-93.79673,45.04604],[-93.79823,45.04709],[-93.80003,45.04652],[-93.80007,45.04297],[-93.79997,45.04402],[-93.79822,45.044],[-93.79821,45.0445],[-93.79727,45.0445],[-93.7973,45.04061],[-93.79973,45.04136],[-93.80738,45.04487],[-93.80738,45.0445],[-93.81247,45.04451],[-93.81241,45.03595],[-93.82006,45.03574]],[[-93.79812,45.05126],[-93.79779,45.05091],[-93.79785,45.05091],[-93.79812,45.05126]],[[-93.7797,45.035],[-93.77971,45.03559],[-93.77916,45.03558],[-93.77916,45.035],[-93.7797,45.035]],[[-93.80336,45.0351],[-93.80337,45.03562],[-93.80223,45.03562],[-93.80224,45.03511],[-93.80336,45.0351]],[[-93.7872,45.03136],[-93.7904,45.03136],[-93.79051,45.03207],[-93.7872,45.03206],[-93.7872,45.03136]]],[[[-93.81789,45.06466],[-93.81773,45.06075],[-93.81487,45.06077],[-93.81481,45.05748],[-93.81767,45.05746],[-93.81755,45.05011],[-93.80741,45.04536],[-93.80751,45.06123],[-93.81042,45.0632],[-93.8131,45.06417],[-93.81789,45.06466]],[[-93.81247,45.04841],[-93.81246,45.04928],[-93.81131,45.04928],[-93.81132,45.04842],[-93.81247,45.04841]]],[[[-93.8024,45.061],[-93.80237,45.05748],[-93.79727,45.05744],[-93.7973,45.06096],[-93.8024,45.061]]],[[[-93.80569,45.05105],[-93.80557,45.04896],[-93.80016,45.04894],[-93.80013,45.04659],[-93.79842,45.04713],[-93.80233,45.05317],[-93.8023,45.05103],[-93.80569,45.05105]]],[[[-93.81755,45.04731],[-93.81512,45.0472],[-93.81294,45.04758],[-93.81755,45.0497],[-93.81755,45.04731]]],[[[-93.79153,45.02844],[-93.7906,45.02844],[-93.7906,45.02871],[-93.791,45.02883],[-93.79153,45.02844]]]]}},
{"type":"Feature","id":"2394503","properties":{"id":"2394503","name":"Dellwood","kind":"city","counties":["Washington"],"population":1156,"label":[-92.96715,45.09857]},"geometry":{"type":"MultiPolygon","coordinates":[[[[-92.95514,45.11595],[-92.96003,45.11599],[-92.95998,45.11889],[-92.96521,45.11895],[-92.96529,45.11046],[-92.9755,45.11056],[-92.97552,45.11189],[-92.98061,45.11202],[-92.98068,45.11565],[-92.98455,45.11574],[-92.98453,45.09675],[-92.98346,45.09558],[-92.98424,45.09439],[-92.98331,45.09393],[-92.98183,45.09381],[-92.97935,45.09166],[-92.97667,45.09048],[-92.97499,45.08925],[-92.97374,45.08934],[-92.97322,45.08907],[-92.97249,45.08825],[-92.97188,45.08587],[-92.96968,45.08475],[-92.96992,45.08387],[-92.9706,45.08334],[-92.97557,45.08208],[-92.97583,45.08108],[-92.97678,45.08002],[-92.97736,45.07873],[-92.97747,45.07732],[-92.97545,45.07796],[-92.97422,45.0791],[-92.97354,45.08064],[-92.97102,45.08224],[-92.96746,45.08219],[-92.96508,45.08152],[-92.96447,45.08074],[-92.96481,45.07907],[-92.96437,45.07767],[-92.96201,45.07785],[-92.96198,45.07744],[-92.95912,45.07745],[-92.96328,45.08068],[-92.96081,45.08222],[-92.9608,45.08331],[-92.95473,45.08326],[-92.95455,45.08128],[-92.94946,45.08121],[-92.94943,45.08294],[-92.94444,45.0829],[-92.94453,45.08818],[-92.94487,45.08887],[-92.94742,45.08934],[-92.95336,45.0887],[-92.95326,45.08893],[-92.95532,45.08896],[-92.95971,45.09056],[-92.95976,45.09386],[-92.96489,45.09382],[-92.96379,45.09572],[-92.96435,45.09622],[-92.96337,45.09704],[-92.96359,45.09736],[-92.96497,45.09656],[-92.96509,45.10087],[-92.95485,45.10095],[-92.95493,45.10533],[-92.95057,45.10641],[-92.94623,45.10813],[-92.94766,45.10813],[-92.94765,45.10869],[-92.95506,45.10858],[-92.95514,45.11595]]]]}},
{"type":"Feature","id":"663965","properties":{"id":"663965","name":"Denmark","kind":"township","counties":["Washington"],"population":1843,"label":[-92.82255,44.8113]},"geometry":{"type":"MultiPolygon","coordinates":[[[[-92.80251,44.7459],[-92.80488,44.74924],[-92.8079,44.75091],[-92.80846,44.75246],[-92.80825,44.75636],[-92.80747,44.76058],[-92.80575,44.76713],[-92.8039,44.77236],[-92.80004,44.77829],[-92.79778,44.78059],[-92.7884,44.78868],[-92.78552,44.79215],[-92.78359,44.79648],[-92.78305,44.79864],[-92.78218,44.80454],[-92.78208,44.80777],[-92.78101,44.81203],[-92.77878,44.81525],[-92.77644,44.81738],[-92.77271,44.82185],[-92.77219,44.82357],[-92.7729,44.82649],[-92.77261,44.82765],[-92.77116,44.82992],[-92.76689,44.83432],[-92.76573,44.83663],[-92.7656,44.83977],[-92.76643,44.84416],[-92.76846,44.85103],[-92.76952,44.85737],[-92.76946,44.86195],[-92.86234,44.86194],[-92.86287,44.80456],[-92.86279,44.77555],[-92.88374,44.77558],[-92.88093,44.77468],[-92.87749,44.77226],[-92.86395,44.75775],[-92.84718,44.75788],[-92.8474,44.74678],[-92.83796,44.74706],[-92.83604,44.74738],[-92.83023,44.75007],[-92.82617,44.75069],[-92.82363,44.75044],[-92.81894,44.74896],[-92.80251,44.7459]]]]}},
{"type":"Feature","id":"663994","properties":{"id":"663994","name":"Douglas","kind":"township","counties":["Dakota"],"population":742,"label":[-92.85334,44.58659]},"geometry":{"type":"MultiPolygon","coordinates":[[[[-92.79267,44.62975],[-92.91366,44.63011],[-92.91403,44.58679],[-92.91396,44.5433],[-92.7927,44.54326],[-92.79267,44.62975]],[[-92.83093,44.60806],[-92.80261,44.60802],[-92.80271,44.59709],[-92.81285,44.597],[-92.81281,44.58798],[-92.833,44.58817],[-92.83298,44.60808],[-92.83093,44.60806]]]]}},
{"type":"Feature","id":"2394586","properties":{"id":"2394586","name":"Eagan","kind":"city","counties":["Dakota"],"population":68889,"label":[-93.16393,44.81691]},"geometry":{"type":"MultiPolygon","coordinates":[[[[-93.10613,44.86192],[-93.15978,44.86172],[-93.16272,44.86195],[-93.19792,44.86192],[-93.19762,44.86124],[-93.19762,44.85948],[-93.20339,44.85241],[-93.20598,44.8479],[-93.20826,44.84288],[-93.20907,44.84196],[-93.21031,44.84085],[-93.21315,44.83947],[-93.21649,44.83871],[-93.21901,44.83894],[-93.22112,44.83848],[-93.22183,44.83772],[-93.22198,44.8363],[-93.22141,44.83483],[-93.21995,44.83287],[-93.2198,44.83222],[-93.22005,44.83159],[-93.22198,44.83054],[-93.22762,44.82915],[-93.22785,44.77577],[-93.10614,44.7757],[-93.10618,44.80129],[-93.10594,44.80232],[-93.10649,44.8062],[-93.10614,44.80727],[-93.10614,44.84064],[-93.10581,44.84179],[-93.10614,44.84188],[-93.10613,44.86192]]]]}},
{"type":"Feature","id":"2394596","properties":{"id":"2394596","name":"East Bethel","kind":"city","counties":["Anoka"],"population":11961,"label":[-93.20381,45.35568]},"geometry":{"type":"MultiPolygon","coordinates":[[[[-93.14225,45.41373],[-93.16295,45.41428],[-93.26539,45.41371],[-93.26538,45.41016],[-93.26085,45.41015],[-93.26028,45.39572],[-93.26548,45.39577],[-93.26532,45.38476],[-93.26592,45.33398],[-93.26538,45.29807],[-93.22409,45.29803],[-93.14245,45.29734],[-93.14278,45.31968],[-93.14213,45.31993],[-93.14176,45.3205],[-93.14278,45.32176],[-93.14382,45.36989],[-93.14216,45.38512],[-93.14225,45.41373]]]]}},
{"type":"Feature","id":"2394614","properties":{"id":"2394614","name":"Eden Prairie","kind":"city","counties":["Hennepin"],"population":64023,"label":[-93.4596,44.84884]},"geometry":{"type":"MultiPolygon","coordinates":[[[[-93.52081,44.84775],[-93.52076,44.81934],[-93.52031,44.80209],[-93.51672,44.80357],[-93.51244,44.80485],[-93.50963,44.80507],[-93.50362,44.80478],[-93.50283,44.80533],[-93.50173,44.80804],[-93.50085,44.80917],[-93.49955,44.80987],[-93.49845,44.81002],[-93.4975,44.80985],[-93.49659,44.80924],[-93.49312,44.80457],[-93.49211,44.80441],[-93.49076,44.80467],[-93.48448,44.80757],[-93.48366,44.80759],[-93.48294,44.80709],[-93.48182,44.8049],[-93.48086,44.80444],[-93.4773,44.80437],[-93.46342,44.80668],[-93.46142,44.80611],[-93.45755,44.80345],[-93.4549,44.80328],[-93.44915,44.80381],[-93.44627,44.80463],[-93.44386,44.80596],[-93.4431,44.80684],[-93.44125,44.81165],[-93.4404,44.81259],[-93.43887,44.81288],[-93.42154,44.80715],[-93.41895,44.80708],[-93.41543,44.80767],[-93.4112,44.80658],[-93.40761,44.80527],[-93.40375,44.80331],[-93.39886,44.79872],[-93.3988,44.86204],[-93.39845,44.86885],[-93.39964,44.89162],[-93.41169,44.89229],[-93.41843,44.89202],[-93.41863,44.89227],[-93.42186,44.89183],[-93.48235,44.89157],[-93.49248,44.89208],[-93.52066,44.8915],[-93.5208,44.86364],[-93.51133,44.86755],[-93.51131,44.85858],[-93.52081,44.85857],[-93.52081,44.84775]]]]}},
{"type":"Feature","id":"2394621","properties":{"id":"2394621","name":"Edina","kind":"city","counties":["Hennepin"],"population":54048,"label":[-93.3602,44.8914]},"geometry":{"type":"MultiPolygon","coordinates":[[[[-93.32896,44.93059],[-93.33922,44.9306],[-93.33919,44.92346],[-93.34028,44.92346],[-93.33905,44.92071],[-93.33899,44.92031],[-93.33952,44.92018],[-93.33933,44.9197],[-93.3496,44.91974],[-93.34961,44.9205],[-93.38585,44.92035],[-93.3961,44.92081],[-93.39613,44.92042],[-93.40129,44.92045],[-93.40163,44.89165],[-93.39964,44.89162],[-93.39845,44.86885],[-93.3988,44.86204],[-93.39536,44.86203],[-93.39247,44.86017],[-93.39031,44.85984],[-93.38657,44.86003],[-93.38655,44.862],[-93.35448,44.86206],[-93.35449,44.86325],[-93.35163,44.86326],[-93.35077,44.86282],[-93.35076,44.86208],[-93.3239,44.86193],[-93.32393,44.86085],[-93.31883,44.8619],[-93.3188,44.90536],[-93.329,44.90542],[-93.32896,44.93059]]]]}},
{"type":"Feature","id":"2394650","properties":{"id":"2394650","name":"Elk River","kind":"city","counties":["Sherburne"],"population":27001,"label":[-93.56698,45.33138]},"geometry":{"type":"MultiPolygon","coordinates":[[[[-93.50992,45.38562],[-93.63408,45.38585],[-93.63394,45.37907],[-93.63466,45.35712],[-93.63454,45.34831],[-93.63408,45.34276],[-93.63403,45.29615],[-93.62693,45.29645],[-93.6184,45.29453],[-93.61399,45.29305],[-93.60934,45.2924],[-93.60048,45.29208],[-93.58937,45.29277],[-93.58075,45.29192],[-93.5766,45.293],[-93.57346,45.2947],[-93.57257,45.29559],[-93.57204,45.29671],[-93.57173,45.30004],[-93.57039,45.30146],[-93.56793,45.30194],[-93.56427,45.30139],[-93.56318,45.30065],[-93.56205,45.29879],[-93.56029,45.29156],[-93.55743,45.28791],[-93.55573,45.28491],[-93.5543,45.27997],[-93.5533,45.26766],[-93.55194,45.26496],[-93.54821,45.26239],[-93.5445,45.25841],[-93.54056,45.25585],[-93.53814,45.25508],[-93.53179,45.25433],[-93.52831,45.25258],[-93.52522,45.25005],[-93.52345,45.24748],[-93.52248,45.24684],[-93.5205,45.24641],[-93.5159,45.24637],[-93.51232,45.24575],[-93.51251,45.25589],[-93.51109,45.29931],[-93.51024,45.34254],[-93.50992,45.38562]]]]}},
{"type":"Feature","id":"2394658","properties":{"id":"2394658","name":"Elko New Market","kind":"city","counties":["Scott"],"population":5003,"label":[-93.33397,44.56547]},"geometry":{"type":"MultiPolygon","coordinates":[[[[-93.36397,44.56943],[-93.36405,44.56586],[-93.35403,44.56582],[-93.35407,44.56403],[-93.3503,44.56401],[-93.35034,44.56223],[-93.3541,44.56224],[-93.35417,44.55866],[-93.34912,44.55867],[-93.34903,44.56217],[-93.34395,44.56215],[-93.34388,44.56581],[-93.33883,44.56581],[-93.33891,44.56148],[-93.33822,44.56003],[-93.33843,44.55911],[-93.33765,44.55913],[-93.33766,44.55847],[-93.33894,44.55843],[-93.33915,44.55376],[-93.3341,44.55391],[-93.33406,44.55499],[-93.32907,44.555],[-93.32919,44.55146],[-93.32976,44.55145],[-93.32988,44.54769],[-93.33055,44.54768],[-93.33063,44.54607],[-93.32838,44.54604],[-93.32846,44.54402],[-93.32577,44.54402],[-93.32577,44.54457],[-93.3241,44.54457],[-93.324,44.54402],[-93.32333,44.55141],[-93.32209,44.55197],[-93.32121,44.55371],[-93.31998,44.55341],[-93.31998,44.55145],[-93.31894,44.55146],[-93.31893,44.55518],[-93.3172,44.55516],[-93.31719,44.55702],[-93.31893,44.55704],[-93.31892,44.5589],[-93.30864,44.55874],[-93.30858,44.57321],[-93.31383,44.57338],[-93.33868,44.57293],[-93.33857,44.57663],[-93.34371,44.57661],[-93.34368,44.57843],[-93.35129,44.57847],[-93.35128,44.58029],[-93.35378,44.58029],[-93.35382,44.57721],[-93.35766,44.57722],[-93.35765,44.57793],[-93.35866,44.57793],[-93.35868,44.57666],[-93.36134,44.57665],[-93.36115,44.57406],[-93.36178,44.57406],[-93.36179,44.57302],[-93.36261,44.57302],[-93.3627,44.56943],[-93.36397,44.56943]]],[[[-93.29792,44.57062],[-93.29792,44.56571],[-93.28722,44.56568],[-93.28717,44.56928],[-93.28591,44.56927],[-93.28842,44.56965],[-93.28843,44.56928],[-93.29121,44.56929],[-93.29118,44.57065],[-93.29313,44.57179],[-93.29347,44.57126],[-93.29711,44.57227],[-93.29792,44.57062]]],[[[-93.30697,44.57671],[-93.30701,44.57364],[-93.30472,44.57381],[-93.30132,44.57354],[-93.30006,44.57366],[-93.29912,44.57533],[-93.299,44.57658],[-93.30697,44.57671]]],[[[-93.33854,44.58036],[-93.3287,44.58038],[-93.32863,44.58757],[-93.33115,44.58754],[-93.33116,44.58044],[-93.33854,44.58036]]],[[[-93.36811,44.55933],[-93.36811,44.5587],[-93.35929,44.55863],[-93.35909,44.56449],[-93.36006,44.56449],[-93.36002,44.56567],[-93.36098,44.56567],[-93.36102,44.5645],[-93.36272,44.56322],[-93.36546,44.56239],[-93.36712,44.56243],[-93.3672,44.56063],[-93.36811,44.55933]]],[[[-93.36892,44.56213],[-93.36911,44.55871],[-93.36837,44.55871],[-93.36822,44.55978],[-93.36747,44.56063],[-93.36738,44.56214],[-93.36892,44.56213]]],[[[-93.3789,44.58396],[-93.37874,44.58021],[-93.37379,44.58023],[-93.3738,44.57661],[-93.36384,44.57663],[-93.369,44.57679],[-93.36902,44.58025],[-93.35873,44.5803],[-93.35881,44.58393],[-93.3688,44.58392],[-93.36881,44.58759],[-93.36892,44.58392],[-93.3789,44.58396]]]]}},
{"type":"Feature","id":"2831011","properties":{"id":"2831011","name":"Empire","kind":"city","counties":["Dakota"],"population":3152,"label":[-93.08863,44.67668]},"geometry":{"type":"MultiPolygon","coordinates":[[[[-93.0348,44.70273],[-93.03479,44.71001],[-93.04496,44.71005],[-93.045,44.71731],[-93.15647,44.71734],[-93.15639,44.68857],[-93.14662,44.68854],[-93.14665,44.69215],[-93.13649,44.69212],[-93.13663,44.66929],[-93.14057,44.6693],[-93.14038,44.6686],[-93.14107,44.6686],[-93.14108,44.66802],[-93.14479,44.66803],[-93.14168,44.66245],[-93.14116,44.65993],[-93.14523,44.64522],[-93.14192,44.6452],[-93.14192,44.64561],[-93.14081,44.64575],[-93.13847,44.64573],[-93.13847,44.64519],[-93.13824,44.64518],[-93.13824,44.64592],[-93.13728,44.64591],[-93.1373,44.64518],[-93.1367,44.64518],[-93.1367,44.64927],[-93.13487,44.64942],[-93.13368,44.64986],[-93.13074,44.65237],[-93.13263,44.65238],[-93.13262,44.65279],[-93.13017,44.65278],[-93.1277,44.65397],[-93.12456,44.65464],[-93.1246,44.6552],[-93.12652,44.6549],[-93.12651,44.65649],[-93.12532,44.65711],[-93.12363,44.65711],[-93.12336,44.65332],[-93.12601,44.65333],[-93.12602,44.65252],[-93.12634,44.65235],[-93.11635,44.65232],[-93.11649,44.63059],[-93.03504,44.63035],[-93.0348,44.70273]]]]}},
{"type":"Feature","id":"664113","properties":{"id":"664113","name":"Eureka","kind":"township","counties":["Dakota"],"population":1362,"label":[-93.21774,44.58585]},"geometry":{"type":"MultiPolygon","coordinates":[[[[-93.16558,44.63078],[-93.20002,44.63074],[-93.20007,44.62542],[-93.20129,44.62542],[-93.2013,44.62353],[-93.2077,44.6235],[-93.20767,44.62625],[-93.21777,44.62621],[-93.21781,44.62347],[-93.22798,44.62347],[-93.22797,44.62405],[-93.22966,44.62405],[-93.22966,44.62428],[-93.2323,44.62428],[-93.23231,44.62346],[-93.23528,44.62346],[-93.23796,44.63049],[-93.238,44.6283],[-93.24434,44.62832],[-93.2443,44.63076],[-93.25938,44.63077],[-93.26047,44.62891],[-93.26124,44.6262],[-93.26402,44.62621],[-93.26403,44.62484],[-93.26838,44.62486],[-93.26841,44.63076],[-93.27818,44.63076],[-93.27784,44.60896],[-93.27852,44.55118],[-93.27838,44.54403],[-93.15696,44.54374],[-93.15726,44.57269],[-93.15702,44.62353],[-93.16717,44.62349],[-93.16709,44.63002],[-93.16559,44.63002],[-93.16558,44.63078]]]]}},
{"type":"Feature","id":"2394717","properties":{"id":"2394717","name":"Excelsior","kind":"city","counties":["Hennepin"],"population":2335,"label":[-93.56656,44.90131]},"geometry":{"type":"MultiPolygon","coordinates":[[[[-93.57911,44.89888],[-93.57912,44.89721],[-93.5773,44.8972],[-93.57714,44.89774],[-93.57526,44.89757],[-93.57531,44.89699],[-93.57497,44.89699],[-93.57497,44.89648],[-93.57391,44.89647],[-93.57391,44.89698],[-93.57336,44.89697],[-93.57315,44.89601],[-93.57238,44.89601],[-93.57238,44.89521],[-93.57193,44.89521],[-93.57087,44.89829],[-93.57062,44.89823],[-93.57096,44.89708],[-93.57074,44.89707],[-93.56978,44.89765],[-93.56923,44.89757],[-93.56878,44.89843],[-93.5678,44.89841],[-93.56768,44.89674],[-93.56658,44.89597],[-93.56291,44.89666],[-93.5585,44.89672],[-93.55791,44.89644],[-93.55734,44.89748],[-93.55823,44.89749],[-93.5582,44.89843],[-93.55362,44.89835],[-93.55359,44.89928],[-93.55245,44.89928],[-93.55246,44.90011],[-93.55255,44.90088],[-93.55295,44.90084],[-93.55294,44.90177],[-93.55351,44.90166],[-93.55343,44.90263],[-93.55306,44.90265],[-93.55319,44.9033],[-93.55378,44.90341],[-93.55445,44.90289],[-93.55514,44.90287],[-93.55706,44.9039],[-93.55848,44.90364],[-93.55892,44.90403],[-93.55867,44.90533],[-93.55911,44.90553],[-93.56016,44.90334],[-93.56347,44.90364],[-93.56564,44.90548],[-93.56619,44.90642],[-93.56617,44.9079],[-93.56647,44.90827],[-93.57008,44.90893],[-93.57093,44.90732],[-93.57324,44.90605],[-93.57463,44.90573],[-93.57572,44.90482],[-93.57695,44.90454],[-93.57669,44.90393],[-93.57709,44.90385],[-93.5765,44.90367],[-93.5767,44.90341],[-93.57652,44.90138],[-93.57763,44.90138],[-93.57763,44.89888],[-93.57911,44.89888]]]]}},
{"type":"Feature","id":"2394738","properties":{"id":"2394738","name":"Falcon Heights","kind":"city","counties":["Ramsey"],"population":5379,"label":[-93.17709,44.98995]},"geometry":{"type":"MultiPolygon","coordinates":[[[[-93.15675,44.9918],[-93.15665,44.99904],[-93.19733,44.99891],[-93.19746,44.9881],[-93.18727,44.98805],[-93.18738,44.97733],[-93.16702,44.97733],[-93.16696,44.98815],[-93.15672,44.98822],[-93.15675,44.9918]]]]}},
{"type":"Feature","id":"2394747","properties":{"id":"2394747","name":"Farmington","kind":"city","counties":["Dakota"],"population":23719,"label":[-93.16579,44.65562]},"geometry":{"type":"MultiPolygon","coordinates":[[[[-93.20734,44.65972],[-93.20763,44.63072],[-93.16558,44.63078],[-93.16559,44.63002],[-93.16709,44.63002],[-93.16717,44.62349],[-93.15153,44.62349],[-93.14968,44.63061],[-93.15084,44.62827],[-93.1523,44.62725],[-93.15225,44.63078],[-93.1407,44.63073],[-93.14359,44.63066],[-93.14359,44.63011],[-93.14199,44.6301],[-93.14193,44.62534],[-93.14454,44.62535],[-93.14453,44.62344],[-93.13856,44.6234],[-93.13856,44.62367],[-93.13764,44.62367],[-93.13764,44.62427],[-93.13875,44.62427],[-93.13875,44.62455],[-93.13687,44.62459],[-93.1367,44.62898],[-93.13696,44.62898],[-93.13718,44.63057],[-93.13818,44.63058],[-93.13776,44.62975],[-93.13833,44.62937],[-93.13882,44.62969],[-93.13841,44.63058],[-93.13973,44.63073],[-93.13514,44.6307],[-93.13514,44.6297],[-93.13422,44.6297],[-93.13426,44.62705],[-93.13671,44.62703],[-93.13669,44.62563],[-93.13563,44.62565],[-93.1356,44.6247],[-93.13511,44.62469],[-93.13512,44.62338],[-93.1303,44.62336],[-93.1303,44.62431],[-93.12788,44.6243],[-93.12788,44.62335],[-93.12763,44.62335],[-93.12763,44.62405],[-93.12665,44.62404],[-93.12665,44.62334],[-93.12579,44.62334],[-93.12579,44.62252],[-93.12762,44.62253],[-93.12762,44.6219],[-93.1292,44.6219],[-93.12918,44.61608],[-93.1176,44.61604],[-93.1176,44.61749],[-93.11646,44.61748],[-93.11647,44.62216],[-93.11694,44.62216],[-93.11695,44.62329],[-93.11647,44.62329],[-93.11635,44.65232],[-93.12634,44.65235],[-93.12602,44.65252],[-93.12601,44.65333],[-93.12336,44.65332],[-93.12363,44.65711],[-93.12532,44.65711],[-93.12651,44.65649],[-93.12652,44.6549],[-93.1246,44.6552],[-93.12456,44.65464],[-93.1277,44.65397],[-93.13017,44.65278],[-93.13262,44.65279],[-93.13263,44.65238],[-93.13074,44.65237],[-93.13368,44.64986],[-93.13487,44.64942],[-93.1367,44.64927],[-93.1367,44.64518],[-93.1373,44.64518],[-93.13728,44.64591],[-93.13824,44.64592],[-93.13824,44.64518],[-93.13847,44.64519],[-93.13847,44.64573],[-93.14081,44.64575],[-93.14192,44.64561],[-93.14192,44.6452],[-93.14523,44.64522],[-93.14116,44.65993],[-93.14168,44.66245],[-93.14479,44.66803],[-93.14108,44.66802],[-93.14107,44.6686],[-93.14038,44.6686],[-93.14057,44.6693],[-93.13663,44.66929],[-93.13649,44.69212],[-93.14665,44.69215],[-93.14662,44.68854],[-93.20728,44.68854],[-93.20734,44.65972]],[[-93.12802,44.62829],[-93.12665,44.62838],[-93.12665,44.62828],[-93.12802,44.62829]],[[-93.12804,44.62914],[-93.12803,44.63065],[-93.12665,44.63065],[-93.12665,44.62913],[-93.12804,44.62914]],[[-93.13172,44.62867],[-93.13171,44.62967],[-93.13117,44.62967],[-93.13116,44.63066],[-93.13024,44.63066],[-93.13026,44.62867],[-93.13172,44.62867]]],[[[-93.13861,44.62973],[-93.13828,44.62953],[-93.138,44.62974],[-93.13828,44.62997],[-93.13861,44.62973]]],[[[-93.13664,44.62412],[-93.13639,44.6242],[-93.13664,44.62421],[-93.13664,44.62412]]]]}},
{"type":"Feature","id":"2394789","properties":{"id":"2394789","name":"Forest Lake","kind":"city","counties":["Washington"],"population":20862,"label":[-92.95826,45.25355]},"geometry":{"type":"MultiPolygon","coordinates":[[[[-92.94088,45.29638],[-93.0196,45.29691],[-93.01971,45.26831],[-93.01936,45.2396],[-93.0197,45.21075],[-92.89709,45.21025],[-92.89673,45.29627],[-92.94088,45.29638]]]]}},
{"type":"Feature","id":"664202","properties":{"id":"664202","name":"Fort Snelling","kind":"unorganized","counties":["Hennepin"],"population":0,"label":[-93.21616,44.88166]},"geometry":{"type":"MultiPolygon","coordinates":[[[[-93.25539,44.89717],[-93.25544,44.89556],[-93.25471,44.89556],[-93.2547,44.89434],[-93.25396,44.89434],[-93.254,44.89261],[-93.25272,44.89261],[-93.2528,44.8908],[-93.2478,44.89072],[-93.24786,44.88876],[-93.24647,44.88877],[-93.24651,44.88351],[-93.24574,44.88352],[-93.24484,44.88273],[-93.24501,44.88219],[-93.24573,44.8818],[-93.24646,44.88008],[-93.24656,44.87811],[-93.24794,44.87811],[-93.24794,44.86194],[-93.19792,44.86192],[-93.20038,44.86421],[-93.20042,44.86497],[-93.19956,44.86602],[-93.19812,44.86715],[-93.19326,44.86949],[-93.19074,44.87106],[-93.18967,44.87219],[-93.18804,44.87498],[-93.18666,44.87604],[-93.18122,44.87806],[-93.17883,44.88018],[-93.17861,44.88127],[-93.1789,44.88191],[-93.18228,44.88447],[-93.18282,44.88504],[-93.18317,44.8861],[-93.18263,44.88714],[-93.18192,44.88755],[-93.17817,44.88861],[-93.1777,44.89177],[-93.17668,44.89345],[-93.17752,44.89378],[-93.18691,44.89496],[-93.1905,44.89616],[-93.19176,44.89717],[-93.19211,44.89841],[-93.19132,44.90096],[-93.19144,44.90329],[-93.1926,44.90472],[-93.19388,44.90542],[-93.20749,44.9054],[-93.20758,44.89625],[-93.21088,44.89625],[-93.21091,44.89341],[-93.21613,44.8934],[-93.21709,44.8938],[-93.21707,44.89599],[-93.21906,44.89599],[-93.21907,44.89497],[-93.22039,44.89497],[-93.22249,44.89602],[-93.22251,44.89688],[-93.21905,44.89688],[-93.21904,44.89789],[-93.22055,44.89711],[-93.23174,44.89691],[-93.23175,44.89548],[-93.2323,44.89548],[-93.23231,44.89511],[-93.23509,44.89509],[-93.23508,44.89619],[-93.23253,44.89621],[-93.23258,44.89704],[-93.2414,44.89713],[-93.24139,44.89738],[-93.24266,44.89709],[-93.24265,44.89764],[-93.24314,44.89764],[-93.24315,44.89736],[-93.24369,44.89736],[-93.2437,44.897],[-93.24497,44.89721],[-93.24511,44.89616],[-93.24765,44.89616],[-93.24761,44.8976],[-93.24825,44.8976],[-93.24825,44.89787],[-93.25464,44.89786],[-93.25466,44.89717],[-93.25539,44.89717]]]]}},
{"type":"Feature","id":"664219","properties":{"id":"664219","name":"Franklin","kind":"township","counties":["Wright"],"population":2937,"label":[-93.83232,45.03378]},"geometry":{"type":"MultiPolygon","coordinates":[[[[-93.80237,45.05748],[-93.8024,45.061],[-93.7973,45.06096],[-93.79727,45.05744],[-93.79475,45.05742],[-93.79472,45.05381],[-93.78716,45.05379],[-93.78689,45.05331],[-93.78636,45.05325],[-93.78451,45.0552],[-93.78171,45.0554],[-93.7796,45.05708],[-93.77894,45.05462],[-93.77694,45.0554],[-93.77702,45.05011],[-93.76684,45.05002],[-93.76676,45.06041],[-93.76636,45.05992],[-93.76579,45.0598],[-93.76536,45.05995],[-93.76503,45.06062],[-93.7658,45.06322],[-93.76586,45.06524],[-93.76555,45.06647],[-93.7646,45.06708],[-93.76356,45.06668],[-93.76305,45.06685],[-93.76168,45.06776],[-93.76081,45.06922],[-93.76155,45.06965],[-93.76433,45.07012],[-93.76459,45.07086],[-93.76294,45.07222],[-93.76156,45.0729],[-93.76079,45.0731],[-93.7591,45.07269],[-93.75866,45.07289],[-93.75844,45.07355],[-93.75892,45.07455],[-93.75952,45.07486],[-93.76004,45.07484],[-93.76025,45.07402],[-93.76072,45.07357],[-93.76153,45.07365],[-93.76143,45.07453],[-93.75992,45.07624],[-93.76003,45.07718],[-93.75882,45.07766],[-93.76159,45.08038],[-93.76171,45.08154],[-93.76241,45.08189],[-93.76197,45.08299],[-93.76214,45.0836],[-93.76324,45.0841],[-93.76488,45.08361],[-93.76576,45.08402],[-93.76561,45.08432],[-93.76346,45.08477],[-93.76249,45.08532],[-93.76223,45.08607],[-93.7626,45.08699],[-93.76629,45.09093],[-93.76732,45.0915],[-93.76966,45.09178],[-93.77067,45.09126],[-93.77142,45.09007],[-93.77269,45.09005],[-93.77458,45.0909],[-93.77745,45.09291],[-93.78121,45.09394],[-93.78679,45.0947],[-93.78977,45.09592],[-93.79144,45.09703],[-93.79181,45.09679],[-93.79182,45.09605],[-93.79101,45.09435],[-93.79088,45.09266],[-93.78938,45.09001],[-93.78942,45.08953],[-93.79065,45.08932],[-93.79347,45.09069],[-93.79413,45.09016],[-93.79434,45.08938],[-93.79328,45.08789],[-93.79423,45.08743],[-93.79712,45.08693],[-93.80121,45.08772],[-93.80587,45.08716],[-93.80797,45.08569],[-93.80797,45.08454],[-93.80714,45.08341],[-93.80729,45.08304],[-93.80885,45.08309],[-93.8099,45.0846],[-93.8145,45.08482],[-93.81525,45.08529],[-93.81632,45.08683],[-93.8171,45.0871],[-93.82077,45.0865],[-93.82153,45.08598],[-93.82146,45.08568],[-93.82024,45.08577],[-93.81958,45.08536],[-93.81955,45.08473],[-93.82013,45.08444],[-93.8221,45.0847],[-93.82396,45.08543],[-93.82511,45.08436],[-93.82606,45.08496],[-93.83039,45.08535],[-93.83147,45.08595],[-93.83223,45.08554],[-93.83489,45.08522],[-93.83553,45.08416],[-93.8369,45.08347],[-93.83654,45.08248],[-93.83664,45.08169],[-93.83574,45.08083],[-93.83677,45.07973],[-93.83759,45.07778],[-93.8394,45.07844],[-93.83992,45.07836],[-93.84,45.07787],[-93.83912,45.07672],[-93.83971,45.07589],[-93.84056,45.07586],[-93.84374,45.07696],[-93.84716,45.07606],[-93.84894,45.07605],[-93.84976,45.07642],[-93.85014,45.07748],[-93.85112,45.0778],[-93.85239,45.07752],[-93.85467,45.07601],[-93.85515,45.07598],[-93.8559,45.07829],[-93.85514,45.08022],[-93.85527,45.08097],[-93.85579,45.08107],[-93.85639,45.08043],[-93.85756,45.08],[-93.85842,45.0801],[-93.85905,45.08063],[-93.85881,45.08158],[-93.85654,45.08412],[-93.85646,45.08453],[-93.8587,45.08434],[-93.86077,45.08548],[-93.86235,45.08583],[-93.86224,45.08934],[-93.86369,45.09151],[-93.86463,45.09227],[-93.86528,45.09234],[-93.86651,45.09135],[-93.8677,45.0897],[-93.86883,45.08953],[-93.86996,45.08985],[-93.87145,45.09252],[-93.8708,45.09739],[-93.87262,45.09793],[-93.87344,45.0995],[-93.87448,45.10009],[-93.87549,45.0998],[-93.87685,45.09845],[-93.87828,45.09897],[-93.87981,45.09823],[-93.87962,45.09898],[-93.87998,45.09955],[-93.88076,45.0999],[-93.88235,45.09996],[-93.88257,45.10082],[-93.8848,45.10167],[-93.88512,45.10354],[-93.88417,45.10525],[-93.88491,45.10648],[-93.88649,45.10609],[-93.88673,45.10415],[-93.88752,45.10407],[-93.88849,45.10655],[-93.8905,45.10833],[-93.89087,45.07937],[-93.89079,45.06481],[-93.89018,45.04335],[-93.89,44.97821],[-93.84919,44.9778],[-93.7675,44.97764],[-93.76684,45.02833],[-93.77196,45.02835],[-93.77201,45.02113],[-93.78728,45.02122],[-93.78725,45.02483],[-93.77708,45.02477],[-93.77705,45.02838],[-93.78462,45.02842],[-93.7846,45.02942],[-93.78558,45.03206],[-93.78637,45.03206],[-93.78721,45.03076],[-93.78721,45.03014],[-93.78573,45.02931],[-93.78612,45.02843],[-93.78722,45.02843],[-93.78722,45.02955],[-93.79053,45.02956],[-93.7918,45.02844],[-93.7948,45.02844],[-93.79479,45.03206],[-93.79734,45.03206],[-93.79735,45.0293],[-93.79839,45.02931],[-93.79839,45.02845],[-93.79736,45.02845],[-93.79739,45.02124],[-93.8003,45.02125],[-93.80189,45.01913],[-93.79237,45.01912],[-93.79239,45.0176],[-93.7932,45.0176],[-93.79385,45.01702],[-93.79455,45.01566],[-93.79341,45.01397],[-93.79246,45.01397],[-93.79252,45.01034],[-93.8028,45.01011],[-93.8027,45.01399],[-93.80782,45.01401],[-93.80721,45.02125],[-93.80697,45.02125],[-93.80728,45.02486],[-93.80219,45.02486],[-93.80222,45.02845],[-93.80566,45.02844],[-93.80567,45.02904],[-93.80723,45.02903],[-93.80727,45.03204],[-93.81238,45.03207],[-93.81232,45.02487],[-93.81746,45.02488],[-93.81749,45.03211],[-93.82005,45.03212],[-93.82006,45.03574],[-93.81241,45.03595],[-93.81247,45.04451],[-93.80738,45.0445],[-93.80738,45.04487],[-93.79973,45.04136],[-93.7973,45.04061],[-93.79727,45.0445],[-93.79821,45.0445],[-93.79822,45.044],[-93.79997,45.04402],[-93.80007,45.04297],[-93.80003,45.04652],[-93.79788,45.04706],[-93.79673,45.04604],[-93.79333,45.04624],[-93.79284,45.04671],[-93.79284,45.04786],[-93.79431,45.04882],[-93.7953,45.04887],[-93.79618,45.04797],[-93.7971,45.04826],[-93.79673,45.04918],[-93.79517,45.0502],[-93.79518,45.05076],[-93.79856,45.05078],[-93.79873,45.04911],[-93.7985,45.04818],[-93.8,45.05021],[-93.80033,45.05103],[-93.79855,45.05102],[-93.79862,45.05698],[-93.79727,45.05698],[-93.79727,45.05744],[-93.80237,45.05748]],[[-93.79153,45.02844],[-93.791,45.02883],[-93.7906,45.02871],[-93.7906,45.02844],[-93.79153,45.02844]],[[-93.8131,45.04753],[-93.81512,45.0472],[-93.81755,45.04731],[-93.81755,45.0497],[-93.8131,45.04753]],[[-93.80233,45.05317],[-93.79842,45.04713],[-93.80013,45.04659],[-93.80016,45.04894],[-93.80557,45.04896],[-93.80569,45.05105],[-93.8023,45.05103],[-93.80233,45.05317]],[[-93.81681,45.06465],[-93.81366,45.0643],[-93.81042,45.0632],[-93.80751,45.06123],[-93.80741,45.04536],[-93.81755,45.05011],[-93.81767,45.05746],[-93.81481,45.05748],[-93.81487,45.06077],[-93.81773,45.06075],[-93.81789,45.06466],[-93.81681,45.06465]]],[[[-93.77693,45.03973],[-93.76682,45.03926],[-93.76682,45.03985],[-93.77692,45.04005],[-93.77693,45.03973]]],[[[-93.79051,45.03207],[-93.7904,45.03136],[-93.7872,45.03136],[-93.7872,45.03206],[-93.79051,45.03207]]],[[[-93.76805,45.02961],[-93.76805,45.0292],[-93.76683,45.0292],[-93.76683,45.03029],[-93.76805,45.02961]]],[[[-93.81247,45.04841],[-93.81132,45.04842],[-93.81131,45.04928],[-93.81246,45.04928],[-93.81247,45.04841]]],[[[-93.80336,45.0351],[-93.80224,45.03511],[-93.80223,45.03562],[-93.80337,45.03562],[-93.80336,45.0351]]],[[[-93.7797,45.035],[-93.77916,45.035],[-93.77916,45.03558],[-93.77971,45.03559],[-93.7797,45.035]]],[[[-93.79812,45.05126],[-93.79785,45.05091],[-93.79779,45.05091],[-93.79812,45.05126]]]]}},
{"type":"Feature","id":"2394826","properties":{"id":"2394826","name":"Fridley","kind":"city","counties":["Anoka"],"population":29962,"label":[-93.25915,45.0839]},"geometry":{"type":"MultiPolygon","coordinates":[[[[-93.26328,45.10791],[-93.26365,45.10792],[-93.26371,45.12456],[-93.27997,45.12451],[-93.27719,45.11879],[-93.2842,45.11878],[-93.28476,45.12021],[-93.28812,45.11946],[-93.29109,45.1194],[-93.29055,45.11872],[-93.29459,45.11877],[-93.29431,45.11814],[-93.29124,45.11506],[-93.28907,45.11151],[-93.28079,45.10625],[-93.27926,45.10479],[-93.27842,45.10307],[-93.27831,45.10213],[-93.27989,45.09145],[-93.28025,45.08674],[-93.28024,45.08405],[-93.27911,45.08105],[-93.27962,45.07557],[-93.28012,45.07305],[-93.28342,45.06633],[-93.28498,45.05978],[-93.28477,45.05753],[-93.28196,45.05117],[-93.28111,45.04843],[-93.28079,45.04588],[-93.28094,45.04269],[-93.2832,45.03543],[-93.27204,45.03551],[-93.27209,45.04095],[-93.26778,45.04093],[-93.2681,45.05],[-93.26251,45.05001],[-93.26265,45.06445],[-93.24742,45.06449],[-93.24742,45.06164],[-93.22699,45.06163],[-93.22782,45.10709],[-93.22911,45.10709],[-93.23158,45.10772],[-93.26056,45.10793],[-93.26315,45.10742],[-93.26328,45.10791]]]]}},
{"type":"Feature","id":"2394871","properties":{"id":"2394871","name":"Gem Lake","kind":"city","counties":["Ramsey"],"population":530,"label":[-93.04039,45.05796]},"geometry":{"type":"MultiPolygon","coordinates":[[[[-93.05548,45.05774],[-93.0511,45.05281],[-93.0509,45.05202],[-93.05116,45.05033],[-93.03581,45.05032],[-93.03581,45.04849],[-93.03664,45.04849],[-93.03696,45.0476],[-93.03386,45.0476],[-93.02813,45.06746],[-93.02885,45.06756],[-93.02864,45.06813],[-93.02921,45.06846],[-93.0305,45.06787],[-93.03094,45.0688],[-93.036,45.06654],[-93.04586,45.06329],[-93.04586,45.06289],[-93.0484,45.06207],[-93.04841,45.06235],[-93.05548,45.05774]]]]}},
{"type":"Feature","id":"2394924","properties":{"id":"2394924","name":"Golden Valley","kind":"city","counties":["Hennepin"],"population":22034,"label":[-93.35908,44.99005]},"geometry":{"type":"MultiPolygon","coordinates":[[[[-93.3338,45.01697],[-93.34964,45.01696],[-93.34971,45.00724],[-93.35647,45.00727],[-93.35648,45.00689],[-93.35785,45.00689],[-93.35783,45.00727],[-93.40075,45.00743],[-93.40042,44.98581],[-93.40066,44.97133],[-93.37526,44.97089],[-93.3495,44.97112],[-93.34949,44.97033],[-93.34374,44.97038],[-93.34371,44.96663],[-93.3287,44.96649],[-93.32866,44.9772],[-93.31848,44.97718],[-93.31859,45.00607],[-93.33388,45.00612],[-93.3338,45.01697]]]]}},
{"type":"Feature","id":"2394963","properties":{"id":"2394963","name":"Grant","kind":"city","counties":["Washington"],"population":3991,"label":[-92.90902,45.08249]},"geometry":{"type":"MultiPolygon","coordinates":[[[[-92.89767,45.12358],[-92.98441,45.12363],[-92.98455,45.11574],[-92.98068,45.11565],[-92.98061,45.11202],[-92.97552,45.11189],[-92.9755,45.11056],[-92.96529,45.11046],[-92.96521,45.11895],[-92.95998,45.11889],[-92.96003,45.11599],[-92.95514,45.11595],[-92.95506,45.10858],[-92.94765,45.10869],[-92.94766,45.10813],[-92.94623,45.10813],[-92.95057,45.10641],[-92.95493,45.10533],[-92.95485,45.10095],[-92.96509,45.10087],[-92.96497,45.09656],[-92.96359,45.09736],[-92.96337,45.09704],[-92.96435,45.09622],[-92.96379,45.09572],[-92.96489,45.09382],[-92.95976,45.09386],[-92.95971,45.09056],[-92.95507,45.08892],[-92.95326,45.08893],[-92.95336,45.0887],[-92.94722,45.08932],[-92.94487,45.08887],[-92.94453,45.08818],[-92.94469,45.03588],[-92.86302,45.03618],[-92.86301,45.06877],[-92.86374,45.12359],[-92.89767,45.12358]]]]}},
{"type":"Feature","id":"2394988","properties":{"id":"2394988","name":"Greenfield","kind":"city","counties":["Hennepin"],"population":2947,"label":[-93.68834,45.09973]},"geometry":{"type":"MultiPolygon","coordinates":[[[[-93.67628,45.1512],[-93.67828,45.15066],[-93.68123,45.1513],[-93.6822,45.15116],[-93.68373,45.1503],[-93.68487,45.14928],[-93.68604,45.14721],[-93.68868,45.14408],[-93.69454,45.14125],[-93.69649,45.13984],[-93.69844,45.13791],[-93.70047,45.13657],[-93.70102,45.13598],[-93.7023,45.1316],[-93.70465,45.13036],[-93.70768,45.12576],[-93.71234,45.12276],[-93.71694,45.1178],[-93.7205,45.11447],[-93.72575,45.10406],[-93.72624,45.10202],[-93.72636,45.09931],[-93.72711,45.0983],[-93.72903,45.09808],[-93.72952,45.09745],[-93.72762,45.09748],[-93.72743,45.08835],[-93.72237,45.0884],[-93.72231,45.09022],[-93.71736,45.09029],[-93.71731,45.08678],[-93.7275,45.08659],[-93.72743,45.08109],[-93.72911,45.08238],[-93.72938,45.08295],[-93.73031,45.08292],[-93.73107,45.08372],[-93.73288,45.08207],[-93.73402,45.08281],[-93.73534,45.08278],[-93.73664,45.08363],[-93.73724,45.08272],[-93.73775,45.08271],[-93.73854,45.08112],[-93.74036,45.08034],[-93.74194,45.08],[-93.74504,45.08024],[-93.74935,45.07892],[-93.75591,45.08016],[-93.75706,45.08102],[-93.75743,45.08243],[-93.75888,45.08285],[-93.75981,45.08263],[-93.76171,45.08154],[-93.76184,45.08106],[-93.76093,45.07955],[-93.75886,45.07746],[-93.76003,45.07718],[-93.76017,45.07568],[-93.76165,45.07405],[-93.76153,45.07365],[-93.76072,45.07357],[-93.76025,45.07402],[-93.76004,45.07484],[-93.75952,45.07486],[-93.75892,45.07455],[-93.75844,45.07355],[-93.75866,45.07289],[-93.7591,45.07269],[-93.76079,45.0731],[-93.76156,45.0729],[-93.76294,45.07222],[-93.76459,45.07086],[-93.76433,45.07012],[-93.76155,45.06965],[-93.76081,45.06922],[-93.76168,45.06776],[-93.76305,45.06685],[-93.76519,45.06693],[-93.76555,45.06647],[-93.76588,45.06448],[-93.64569,45.06577],[-93.64601,45.14525],[-93.67642,45.14513],[-93.67628,45.1512]]]]}},
{"type":"Feature","id":"664346","properties":{"id":"664346","name":"Greenvale","kind":"township","counties":["Dakota"],"population":784,"label":[-93.22217,44.50931]},"geometry":{"type":"MultiPolygon","coordinates":[[[[-93.16042,44.54372],[-93.28144,44.54398],[-93.28185,44.47205],[-93.22131,44.47133],[-93.22126,44.48239],[-93.21454,44.4824],[-93.21456,44.48603],[-93.21101,44.48603],[-93.21097,44.4824],[-93.20345,44.48238],[-93.20341,44.47694],[-93.19585,44.47688],[-93.19585,44.47643],[-93.19307,44.47641],[-93.19307,44.47559],[-93.18925,44.47555],[-93.18925,44.47501],[-93.18083,44.47492],[-93.18079,44.47853],[-93.17065,44.47853],[-93.17074,44.48204],[-93.17,44.48202],[-93.1661,44.47132],[-93.16058,44.47134],[-93.16052,44.47904],[-93.16251,44.47905],[-93.16251,44.47853],[-93.16805,44.47761],[-93.1691,44.48055],[-93.16249,44.48052],[-93.1625,44.47992],[-93.16051,44.47991],[-93.16014,44.52219],[-93.16042,44.54372]]]]}},
{"type":"Feature","id":"2394245","properties":{"id":"2394245","name":"Greenwood","kind":"city","counties":["Hennepin"],"population":720,"label":[-93.5517,44.91109]},"geometry":{"type":"MultiPolygon","coordinates":[[[[-93.56114,44.91064],[-93.55961,44.90981],[-93.5593,44.90933],[-93.55952,44.90814],[-93.55997,44.90768],[-93.55951,44.90735],[-93.55906,44.90567],[-93.55787,44.90639],[-93.5572,44.90772],[-93.5561,44.90812],[-93.55583,44.90853],[-93.55642,44.90947],[-93.55742,44.9093],[-93.5557,44.91094],[-93.55425,44.91078],[-93.55233,44.91118],[-93.55099,44.91079],[-93.54756,44.91063],[-93.54602,44.91005],[-93.5454,44.90881],[-93.54372,44.90844],[-93.54618,44.9082],[-93.54651,44.90751],[-93.54634,44.90725],[-93.54727,44.90716],[-93.54749,44.90591],[-93.54862,44.90503],[-93.54849,44.90461],[-93.5489,44.90403],[-93.55074,44.90343],[-93.5528,44.90335],[-93.55306,44.90265],[-93.55343,44.90263],[-93.55351,44.90166],[-93.54924,44.90262],[-93.54538,44.90494],[-93.54399,44.9054],[-93.54415,44.90724],[-93.54302,44.90812],[-93.5436,44.90956],[-93.54302,44.91004],[-93.5451,44.91094],[-93.54721,44.91313],[-93.54846,44.91331],[-93.54848,44.91645],[-93.54889,44.9185],[-93.54771,44.91913],[-93.5478,44.92034],[-93.54912,44.92038],[-93.54972,44.91867],[-93.55394,44.91512],[-93.55865,44.91374],[-93.55929,44.91228],[-93.56114,44.91064]]],[[[-93.55036,44.90603],[-93.54978,44.90547],[-93.54872,44.9053],[-93.54947,44.90593],[-93.55036,44.90603]]],[[[-93.55376,44.90372],[-93.5531,44.90348],[-93.55188,44.9037],[-93.55282,44.9041],[-93.55376,44.90372]]]]}},
{"type":"Feature","id":"664354","properties":{"id":"664354","name":"Grey Cloud Island","kind":"township","counties":["Washington"],"population":285,"label":[-93.00026,44.79992]},"geometry":{"type":"MultiPolygon","coordinates":[[[[-92.9873,44.81485],[-92.99544,44.81879],[-92.99616,44.82258],[-92.99901,44.82259],[-92.99895,44.81682],[-92.99917,44.8167],[-93.00005,44.81662],[-93.00202,44.81564],[-93.00342,44.81574],[-93.00402,44.81544],[-93.00405,44.81897],[-93.00561,44.81898],[-93.00493,44.81717],[-93.00498,44.81589],[-93.00601,44.81331],[-93.01765,44.8],[-93.02202,44.79404],[-93.02247,44.78987],[-93.02077,44.78344],[-93.01911,44.77965],[-93.01707,44.77676],[-93.01576,44.77557],[-93.01235,44.7737],[-93.00959,44.77281],[-93.00433,44.77197],[-93.00024,44.7727],[-92.99389,44.77512],[-92.99023,44.77546],[-92.98373,44.7749],[-92.98373,44.77569],[-92.99814,44.77546],[-93.00373,44.77506],[-93.00656,44.77552],[-93.00841,44.77617],[-93.01212,44.7777],[-93.01785,44.78216],[-93.0195,44.78547],[-93.02009,44.78835],[-93.02003,44.79008],[-93.00885,44.79012],[-93.0089,44.79388],[-92.99379,44.79373],[-92.99386,44.7901],[-92.9838,44.79013],[-92.98383,44.79519],[-92.98258,44.79465],[-92.98261,44.79385],[-92.9823,44.79356],[-92.98115,44.79582],[-92.97879,44.79586],[-92.97816,44.79709],[-92.98004,44.79711],[-92.98009,44.79833],[-92.97873,44.79913],[-92.97793,44.79915],[-92.97795,44.79971],[-92.97746,44.79971],[-92.97751,44.80092],[-92.98386,44.80086],[-92.98385,44.81392],[-92.9873,44.81485]]]]}},
{"type":"Feature","id":"2394273","properties":{"id":"2394273","name":"Ham Lake","kind":"city","counties":["Anoka"],"population":16524,"label":[-93.20388,45.25449]},"geometry":{"type":"MultiPolygon","coordinates":[[[[-93.14245,45.29734],[-93.22409,45.29803],[-93.26538,45.29807],[-93.26515,45.26926],[-93.26587,45.21153],[-93.14235,45.21096],[-93.14218,45.26876],[-93.14245,45.29734]]]]}},
{"type":"Feature","id":"2394282","properties":{"id":"2394282","name":"Hampton","kind":"city","counties":["Dakota"],"population":743,"label":[-93.00237,44.60864]},"geometry":{"type":"MultiPolygon","coordinates":[[[[-93.01493,44.60857],[-93.01505,44.60133],[-92.98972,44.60124],[-92.98975,44.61572],[-92.99355,44.61576],[-92.99376,44.6163],[-92.99159,44.61827],[-92.99264,44.61789],[-92.99295,44.61727],[-92.99435,44.6165],[-92.99441,44.61577],[-93.00409,44.61578],[-93.01036,44.61837],[-93.00717,44.61578],[-93.01501,44.61579],[-93.01493,44.60857]]]]}},
{"type":"Feature","id":"664386","properties":{"id":"664386","name":"Hampton","kind":"township","counties":["Dakota"],"population":826,"label":[-92.97458,44.58681]},"geometry":{"type":"MultiPolygon","coordinates":[[[[-93.01505,44.63031],[-93.03504,44.63035],[-93.03541,44.5435],[-92.91396,44.5433],[-92.91403,44.58679],[-92.91366,44.63011],[-93.01505,44.63031]],[[-92.99355,44.61576],[-92.98975,44.61572],[-92.98972,44.60124],[-93.01505,44.60133],[-93.01501,44.61579],[-93.00717,44.61578],[-93.01036,44.61837],[-93.00409,44.61578],[-92.99441,44.61577],[-92.99435,44.6165],[-92.99295,44.61727],[-92.99264,44.61789],[-92.99159,44.61827],[-92.99376,44.6163],[-92.99355,44.61576]],[[-92.9382,44.60258],[-92.93718,44.60258],[-92.93716,44.60485],[-92.93412,44.60485],[-92.9341,44.60846],[-92.92903,44.60845],[-92.92907,44.60123],[-92.9326,44.60123],[-92.93231,44.59844],[-92.93416,44.59844],[-92.93415,44.59958],[-92.93485,44.59958],[-92.93485,44.60015],[-92.93566,44.60015],[-92.93565,44.60123],[-92.9382,44.60123],[-92.9382,44.60258]]]]}},
{"type":"Feature","id":"2394288","properties":{"id":"2394288","name":"Hanover","kind":"city","counties":["Wright","Hennepin"],"population":3874,"label":[-93.66771,45.16245]},"geometry":{"type":"MultiPolygon","coordinates":[[[[-93.69629,45.15211],[-93.68631,45.15228],[-93.68386,45.1507],[-93.68135,45.15207],[-93.68132,45.15129],[-93.67828,45.15066],[-93.67251,45.15236],[-93.669,45.15418],[-93.66595,45.1545],[-93.66238,45.15341],[-93.66094,45.1536],[-93.6567,45.15553],[-93.6516,45.15686],[-93.64748,45.1588],[-93.64399,45.16262],[-93.64082,45.16403],[-93.63904,45.16534],[-93.63852,45.16608],[-93.63841,45.16693],[-93.63905,45.16947],[-93.63909,45.17101],[-93.63858,45.17416],[-93.66574,45.17399],[-93.66599,45.16681],[-93.69638,45.16656],[-93.69629,45.15211]]],[[[-93.70648,45.152],[-93.70716,45.13886],[-93.70535,45.13888],[-93.70542,45.1376],[-93.69952,45.13768],[-93.69688,45.13991],[-93.69679,45.14188],[-93.69506,45.14386],[-93.69544,45.14481],[-93.69666,45.14483],[-93.69629,45.15211],[-93.70648,45.152]]],[[[-93.63038,45.1526],[-93.63039,45.16656],[-93.62994,45.17418],[-93.63858,45.17416],[-93.63909,45.17101],[-93.63905,45.16947],[-93.63849,45.16804],[-93.63852,45.16608],[-93.63995,45.16455],[-93.64399,45.16262],[-93.64748,45.1588],[-93.6516,45.15686],[-93.6567,45.15553],[-93.66094,45.1536],[-93.66238,45.15341],[-93.66595,45.1545],[-93.669,45.15418],[-93.67251,45.15236],[-93.67628,45.1512],[-93.67642,45.14513],[-93.63563,45.14529],[-93.6355,45.15259],[-93.63038,45.1526]]]]}},
{"type":"Feature","id":"2394320","properties":{"id":"2394320","name":"Hastings","kind":"city","counties":["Dakota","Washington"],"population":22155,"label":[-92.85382,44.73093]},"geometry":{"type":"MultiPolygon","coordinates":[[[[-92.90032,44.73587],[-92.90033,44.73489],[-92.89902,44.73489],[-92.89885,44.73135],[-92.89737,44.73134],[-92.89726,44.72856],[-92.89385,44.72857],[-92.89382,44.72764],[-92.8989,44.72764],[-92.89879,44.72403],[-92.89371,44.72401],[-92.89344,44.71683],[-92.88848,44.71684],[-92.88848,44.71861],[-92.88633,44.71957],[-92.88356,44.71947],[-92.88347,44.71683],[-92.8734,44.71685],[-92.87341,44.70952],[-92.84307,44.70959],[-92.84313,44.70235],[-92.83299,44.70229],[-92.83298,44.70514],[-92.82666,44.70061],[-92.82665,44.70228],[-92.82287,44.70227],[-92.82279,44.70954],[-92.83296,44.70958],[-92.83286,44.7168],[-92.81261,44.7167],[-92.81265,44.74775],[-92.81812,44.74875],[-92.82457,44.75056],[-92.82617,44.75069],[-92.82962,44.75027],[-92.83604,44.74738],[-92.83786,44.74707],[-92.84984,44.74661],[-92.85385,44.747],[-92.85551,44.74786],[-92.85669,44.74936],[-92.85833,44.7524],[-92.86281,44.75584],[-92.86447,44.75826],[-92.86643,44.76041],[-92.87714,44.75443],[-92.87926,44.75569],[-92.87997,44.75659],[-92.88203,44.75775],[-92.88369,44.75928],[-92.88394,44.74669],[-92.88477,44.74661],[-92.88476,44.74737],[-92.88583,44.74738],[-92.88583,44.74673],[-92.8851,44.74673],[-92.88511,44.74576],[-92.89396,44.74576],[-92.89396,44.74179],[-92.89579,44.74165],[-92.8958,44.73864],[-92.89397,44.73857],[-92.89414,44.73648],[-92.89931,44.73651],[-92.89932,44.73587],[-92.90032,44.73587]]],[[[-92.86502,44.75895],[-92.86281,44.75584],[-92.85833,44.7524],[-92.85614,44.74853],[-92.85456,44.74726],[-92.85266,44.74675],[-92.84984,44.74661],[-92.83796,44.74706],[-92.8474,44.74678],[-92.84718,44.75788],[-92.86395,44.75775],[-92.86502,44.75895]]],[[[-92.81894,44.74896],[-92.81812,44.74875],[-92.81383,44.74795],[-92.81894,44.74896]]],[[[-92.82457,44.75056],[-92.82254,44.75004],[-92.82363,44.75044],[-92.82457,44.75056]]],[[[-92.86632,44.76044],[-92.86643,44.76041],[-92.86502,44.75895],[-92.86632,44.76044]]]]}},
{"type":"Feature","id":"664443","properties":{"id":"664443","name":"Helena","kind":"township","counties":["Scott"],"population":1817,"label":[-93.58364,44.58955]},"geometry":{"type":"MultiPolygon","coordinates":[[[[-93.58296,44.6308],[-93.64386,44.63053],[-93.64446,44.58742],[-93.64588,44.54397],[-93.60545,44.54372],[-93.60518,44.5511],[-93.60404,44.55108],[-93.60396,44.55327],[-93.60497,44.55328],[-93.60406,44.5533],[-93.60402,44.55447],[-93.60493,44.55455],[-93.59982,44.55452],[-93.59974,44.55681],[-93.59779,44.55679],[-93.59668,44.55805],[-93.59458,44.55804],[-93.5948,44.55153],[-93.59212,44.55152],[-93.59182,44.55087],[-93.58463,44.55083],[-93.58436,44.56],[-93.58343,44.558],[-93.58305,44.558],[-93.58556,44.56398],[-93.58402,44.56374],[-93.58418,44.56284],[-93.5807,44.56279],[-93.58067,44.56424],[-93.57859,44.56424],[-93.5741,44.56302],[-93.57408,44.56162],[-93.56272,44.56186],[-93.56259,44.55835],[-93.56356,44.55107],[-93.55539,44.55097],[-93.5552,44.55455],[-93.55395,44.55456],[-93.55285,44.55241],[-93.55289,44.55005],[-93.55541,44.54995],[-93.55558,44.54539],[-93.55433,44.5454],[-93.55433,44.54465],[-93.55383,44.54465],[-93.55382,44.54363],[-93.52251,44.54363],[-93.52212,44.57272],[-93.52199,44.63077],[-93.58296,44.6308]]],[[[-93.55937,44.54378],[-93.56322,44.5438],[-93.56321,44.54359],[-93.55937,44.54378]]],[[[-93.59505,44.54392],[-93.6023,44.54396],[-93.60225,44.54523],[-93.60517,44.54524],[-93.60523,44.54372],[-93.59505,44.54368],[-93.59505,44.54392]]]]}},
{"type":"Feature","id":"2394389","properties":{"id":"2394389","name":"Hilltop","kind":"city","counties":["Anoka"],"population":967,"label":[-93.25,45.0536]},"geometry":{"type":"MultiPolygon","coordinates":[[[[-93.24743,45.05719],[-93.25266,45.05724],[-93.25259,45.05003],[-93.24735,45.04994],[-93.24743,45.05719]]]]}},
{"type":"Feature","id":"2394417","properties":{"id":"2394417","name":"Hopkins","kind":"city","counties":["Hennepin"],"population":18608,"label":[-93.40558,44.926]},"geometry":{"type":"MultiPolygon","coordinates":[[[[-93.42941,44.92976],[-93.42908,44.92878],[-93.42728,44.92614],[-93.42667,44.92616],[-93.42679,44.92459],[-93.42788,44.92465],[-93.42794,44.92196],[-93.42701,44.92184],[-93.42707,44.92098],[-93.42314,44.92088],[-93.42337,44.91724],[-93.42194,44.91758],[-93.42178,44.90614],[-93.40139,44.90614],[-93.40129,44.92045],[-93.39613,44.92042],[-93.3961,44.92081],[-93.38585,44.92035],[-93.37064,44.92051],[-93.37069,44.92738],[-93.37475,44.9263],[-93.37914,44.92603],[-93.37922,44.92912],[-93.38035,44.9294],[-93.37937,44.93007],[-93.38082,44.92961],[-93.38084,44.93503],[-93.38493,44.9351],[-93.38502,44.93538],[-93.38543,44.93523],[-93.38542,44.93565],[-93.3956,44.93449],[-93.3956,44.93515],[-93.40061,44.93509],[-93.40062,44.93876],[-93.40579,44.93871],[-93.40578,44.94048],[-93.41097,44.94049],[-93.41089,44.94956],[-93.42098,44.94889],[-93.42101,44.9485],[-93.42556,44.94761],[-93.42559,44.94599],[-93.42536,44.94599],[-93.425,44.9447],[-93.42363,44.94487],[-93.42362,44.94547],[-93.42107,44.94568],[-93.42106,44.94244],[-93.41642,44.94242],[-93.41634,44.93918],[-93.41958,44.93914],[-93.41959,44.93691],[-93.42099,44.93691],[-93.42106,44.93266],[-93.42402,44.93229],[-93.42264,44.93158],[-93.42624,44.93154],[-93.42679,44.93119],[-93.42683,44.92974],[-93.42941,44.92976]]]]}},
{"type":"Feature","id":"2394440","properties":{"id":"2394440","name":"Hugo","kind":"city","counties":["Washington"],"population":16354,"label":[-92.95874,45.16709]},"geometry":{"type":"MultiPolygon","coordinates":[[[[-92.89709,45.21025],[-93.0197,45.21075],[-93.02037,45.12381],[-92.89767,45.12358],[-92.89709,45.21025]]]]}},
{"type":"Feature","id":"2395420","properties":{"id":"2395420","name":"Independence","kind":"city","counties":["Hennepin"],"population":3771,"label":[-93.70767,45.02191]},"geometry":{"type":"MultiPolygon","coordinates":[[[[-93.64568,45.01252],[-93.64599,45.05846],[-93.64569,45.06577],[-93.76588,45.06448],[-93.76503,45.06062],[-93.76536,45.05995],[-93.76579,45.0598],[-93.76636,45.05992],[-93.76676,45.06041],[-93.76687,45.02109],[-93.7675,44.97764],[-93.64544,44.9786],[-93.64564,45.00292],[-93.6473,45.0034],[-93.65072,45.00336],[-93.65067,45.00162],[-93.65583,45.00164],[-93.65587,45.00397],[-93.67624,45.00409],[-93.67631,45.01492],[-93.66881,45.01491],[-93.66877,45.01858],[-93.66615,45.01857],[-93.66613,45.01491],[-93.66105,45.01489],[-93.66102,45.01282],[-93.65588,45.01281],[-93.65587,45.0111],[-93.65072,45.0111],[-93.65075,45.01252],[-93.64568,45.01252]]]]}},
{"type":"Feature","id":"2395429","properties":{"id":"2395429","name":"Inver Grove Heights","kind":"city","counties":["Dakota"],"population":35652,"label":[-93.05965,44.82473]},"geometry":{"type":"MultiPolygon","coordinates":[[[[-93.0653,44.88356],[-93.0653,44.88454],[-93.0693,44.88355],[-93.10595,44.8836],[-93.09586,44.88345],[-93.09245,44.88304],[-93.08058,44.87798],[-93.08055,44.87532],[-93.08069,44.86847],[-93.08512,44.86192],[-93.10613,44.86192],[-93.10614,44.84188],[-93.10581,44.84179],[-93.10614,44.84064],[-93.10614,44.80727],[-93.10649,44.8062],[-93.10594,44.80232],[-93.10618,44.80129],[-93.10614,44.7757],[-93.01576,44.77557],[-93.01707,44.77676],[-93.01911,44.77965],[-93.02077,44.78344],[-93.02247,44.78987],[-93.02202,44.79404],[-93.01765,44.8],[-93.00695,44.81209],[-93.00601,44.81331],[-93.00498,44.81589],[-93.00493,44.81717],[-93.00884,44.82641],[-93.00899,44.82776],[-93.01094,44.83343],[-93.01192,44.83844],[-93.01133,44.84008],[-93.00869,44.85763],[-93.00899,44.86198],[-93.01016,44.86577],[-93.0114,44.86694],[-93.01526,44.8669],[-93.01561,44.86411],[-93.02977,44.86414],[-93.02979,44.86194],[-93.02485,44.86195],[-93.02517,44.86174],[-93.02446,44.86151],[-93.02444,44.86032],[-93.02972,44.86031],[-93.02962,44.85528],[-93.02931,44.85528],[-93.0297,44.85171],[-93.02886,44.85169],[-93.0288,44.85008],[-93.02777,44.85006],[-93.02777,44.84843],[-93.03148,44.8484],[-93.0315,44.85012],[-93.03192,44.85012],[-93.032,44.85341],[-93.03411,44.85342],[-93.03415,44.85531],[-93.0376,44.85533],[-93.03758,44.85676],[-93.03611,44.85678],[-93.03598,44.86382],[-93.03991,44.86385],[-93.03993,44.86549],[-93.04489,44.8655],[-93.04491,44.8673],[-93.0454,44.8673],[-93.04547,44.87281],[-93.04501,44.87281],[-93.04501,44.87389],[-93.04549,44.8739],[-93.0455,44.87436],[-93.04501,44.87435],[-93.04502,44.87493],[-93.04554,44.87494],[-93.04556,44.87616],[-93.04504,44.87615],[-93.04504,44.87643],[-93.04551,44.87645],[-93.0455,44.87766],[-93.04502,44.87777],[-93.0455,44.87777],[-93.04549,44.87804],[-93.04502,44.87803],[-93.04501,44.87832],[-93.04549,44.87833],[-93.04547,44.87972],[-93.045,44.87972],[-93.04496,44.88206],[-93.04994,44.88216],[-93.04996,44.8817],[-93.05236,44.88167],[-93.05242,44.88347],[-93.0653,44.88356]]]]}},
{"type":"Feature","id":"664569","properties":{"id":"664569","name":"Jackson","kind":"township","counties":["Scott"],"population":1513,"label":[-93.57208,44.78284]},"geometry":{"type":"MultiPolygon","coordinates":[[[[-93.5519,44.7928],[-93.55138,44.79306],[-93.55119,44.79751],[-93.5542,44.79968],[-93.5576,44.79914],[-93.56421,44.79686],[-93.57386,44.79581],[-93.57901,44.7942],[-93.58018,44.79343],[-93.58115,44.79221],[-93.58179,44.78964],[-93.58149,44.78347],[-93.5821,44.78221],[-93.58347,44.78187],[-93.58849,44.78351],[-93.59133,44.78365],[-93.59555,44.78339],[-93.59904,44.78275],[-93.59971,44.78232],[-93.59973,44.78159],[-93.59899,44.78033],[-93.59469,44.77741],[-93.59416,44.77623],[-93.58161,44.77619],[-93.58181,44.76192],[-93.57145,44.76185],[-93.57148,44.7655],[-93.57288,44.76552],[-93.5742,44.76659],[-93.57461,44.76633],[-93.57622,44.76746],[-93.57395,44.76919],[-93.57186,44.76915],[-93.57185,44.77076],[-93.57024,44.772],[-93.56985,44.77176],[-93.56643,44.77211],[-93.56645,44.77451],[-93.56481,44.77455],[-93.5648,44.77317],[-93.56132,44.7731],[-93.56135,44.77534],[-93.56003,44.77538],[-93.56005,44.77626],[-93.56136,44.77622],[-93.56133,44.78026],[-93.55919,44.78335],[-93.55629,44.78594],[-93.55628,44.7865],[-93.55556,44.78659],[-93.54982,44.79164],[-93.55241,44.79162],[-93.55141,44.79217],[-93.5519,44.7928]]],[[[-93.56164,44.74998],[-93.56177,44.74729],[-93.54118,44.74742],[-93.52031,44.74714],[-93.52037,44.76832],[-93.52542,44.76859],[-93.52543,44.76713],[-93.52895,44.76723],[-93.53058,44.76739],[-93.53058,44.76815],[-93.53573,44.76903],[-93.53573,44.76553],[-93.54087,44.76577],[-93.54089,44.76213],[-93.55099,44.76183],[-93.55111,44.75769],[-93.54606,44.75782],[-93.54617,44.75467],[-93.54248,44.75472],[-93.54248,44.75439],[-93.5411,44.75441],[-93.54111,44.75289],[-93.54365,44.75286],[-93.54368,44.75105],[-93.5491,44.75099],[-93.54905,44.75255],[-93.55125,44.75253],[-93.55135,44.74909],[-93.55648,44.74905],[-93.55611,44.76175],[-93.56119,44.76167],[-93.56164,44.74998]]],[[[-93.56123,44.76531],[-93.55613,44.7654],[-93.55616,44.76906],[-93.5586,44.76901],[-93.55861,44.76957],[-93.55942,44.76954],[-93.55942,44.76899],[-93.56025,44.76897],[-93.56026,44.76952],[-93.56128,44.76951],[-93.56127,44.7683],[-93.56639,44.76828],[-93.56632,44.76176],[-93.56119,44.76167],[-93.56123,44.76531]]],[[[-93.54108,44.76939],[-93.54086,44.76941],[-93.54087,44.77015],[-93.54167,44.76995],[-93.54165,44.76938],[-93.54108,44.76939]]],[[[-93.54102,44.77099],[-93.54088,44.77056],[-93.54089,44.771],[-93.54102,44.77099]]]]}},
{"type":"Feature","id":"2395483","properties":{"id":"2395483","name":"Jordan","kind":"city","counties":["Scott"],"population":6836,"label":[-93.63684,44.66408]},"geometry":{"type":"MultiPolygon","coordinates":[[[[-93.65483,44.6595],[-93.65422,44.64504],[-93.64918,44.64504],[-93.64916,44.64413],[-93.6443,44.64411],[-93.64418,44.64684],[-93.63345,44.64695],[-93.63348,44.64875],[-93.62842,44.6488],[-93.62844,44.64949],[-93.62981,44.65107],[-93.63016,44.65236],[-93.62992,44.65236],[-93.62966,44.65128],[-93.62852,44.64991],[-93.62901,44.65218],[-93.62781,44.65238],[-93.62751,44.65057],[-93.62778,44.65054],[-93.62719,44.64882],[-93.61636,44.64892],[-93.6203,44.65262],[-93.62011,44.65296],[-93.62343,44.65479],[-93.62341,44.66327],[-93.62249,44.66317],[-93.6225,44.66278],[-93.61919,44.66271],[-93.61696,44.66295],[-93.61687,44.66339],[-93.61725,44.66355],[-93.61332,44.66359],[-93.6133,44.6644],[-93.60812,44.66443],[-93.60809,44.6672],[-93.62319,44.6671],[-93.62308,44.67434],[-93.62779,44.67433],[-93.62738,44.67577],[-93.6266,44.6769],[-93.62307,44.6794],[-93.62306,44.68044],[-93.62184,44.68044],[-93.62194,44.68511],[-93.62689,44.68516],[-93.63341,44.6796],[-93.63339,44.68305],[-93.63526,44.68296],[-93.63527,44.68152],[-93.63981,44.68154],[-93.63982,44.68307],[-93.64412,44.68306],[-93.64415,44.68168],[-93.65446,44.68164],[-93.65478,44.67067],[-93.65095,44.67066],[-93.65093,44.67211],[-93.65129,44.67211],[-93.65126,44.67399],[-93.6445,44.67402],[-93.64471,44.66302],[-93.65479,44.66313],[-93.65483,44.6595]],[[-93.64595,44.65236],[-93.64599,44.65293],[-93.64443,44.65292],[-93.64439,44.65236],[-93.64595,44.65236]],[[-93.63861,44.6523],[-93.63685,44.65281],[-93.63361,44.65465],[-93.63356,44.65234],[-93.63861,44.6523]]],[[[-93.6548,44.66676],[-93.65481,44.66575],[-93.6522,44.66673],[-93.6548,44.66676]]],[[[-93.67384,44.65598],[-93.66486,44.65595],[-93.66502,44.65958],[-93.66794,44.65958],[-93.66954,44.65898],[-93.67089,44.65816],[-93.67224,44.65652],[-93.67384,44.65598]]]]}},
{"type":"Feature","id":"2395589","properties":{"id":"2395589","name":"Lake Elmo","kind":"city","counties":["Washington"],"population":13514,"label":[-92.9031,44.99425]},"geometry":{"type":"MultiPolygon","coordinates":[[[[-92.95422,45.02883],[-92.95414,45.02112],[-92.94977,45.02123],[-92.949,45.01958],[-92.94884,45.01805],[-92.94728,45.01511],[-92.94489,45.01403],[-92.94428,45.01337],[-92.94428,45.00679],[-92.94397,45.00679],[-92.94404,44.96339],[-92.93398,44.96342],[-92.93385,44.95442],[-92.93419,44.94906],[-92.92553,44.94916],[-92.92012,44.94883],[-92.86252,44.94895],[-92.86275,44.94921],[-92.86288,44.98031],[-92.86256,44.98164],[-92.86093,44.98165],[-92.86168,44.98274],[-92.86289,44.98273],[-92.86279,45.01459],[-92.86106,45.01461],[-92.85677,45.0254],[-92.85399,45.02887],[-92.85857,45.02882],[-92.85864,45.03127],[-92.8626,45.03144],[-92.86225,45.0323],[-92.86298,45.03244],[-92.86301,45.03539],[-92.85876,45.03514],[-92.8588,45.03614],[-92.94584,45.03588],[-92.94839,45.03421],[-92.95076,45.03059],[-92.95422,45.02883]]]]}},
{"type":"Feature","id":"2395599","properties":{"id":"2395599","name":"Lake Saint Croix Beach","kind":"city","counties":["Washington"],"population":1023,"label":[-92.76583,44.92455]},"geometry":{"type":"MultiPolygon","coordinates":[[[[-92.75245,44.93078],[-92.77657,44.931],[-92.77669,44.9159],[-92.77209,44.91589],[-92.77208,44.91721],[-92.77273,44.91723],[-92.77274,44.9176],[-92.77209,44.9176],[-92.77207,44.91869],[-92.76881,44.91875],[-92.76883,44.91807],[-92.76528,44.91807],[-92.76527,44.91852],[-92.75609,44.91863],[-92.75245,44.93078]]]]}},
{"type":"Feature","id":"2395609","properties":{"id":"2395609","name":"Lakeland","kind":"city","counties":["Washington"],"population":1680,"label":[-92.78101,44.95011]},"geometry":{"type":"MultiPolygon","coordinates":[[[[-92.75516,44.95576],[-92.75659,44.95844],[-92.7615,44.96542],[-92.76762,44.9684],[-92.76839,44.96931],[-92.76903,44.97051],[-92.76987,44.97442],[-92.78143,44.97434],[-92.78178,44.93097],[-92.75245,44.93078],[-92.75081,44.93629],[-92.75079,44.94003],[-92.75134,44.94234],[-92.77089,44.9424],[-92.77075,44.95248],[-92.76357,44.95247],[-92.76375,44.95282],[-92.76312,44.95298],[-92.76339,44.95349],[-92.7626,44.9538],[-92.75516,44.95576]]]]}},
{"type":"Feature","id":"2395610","properties":{"id":"2395610","name":"Lakeland Shores","kind":"city","counties":["Washington"],"population":334,"label":[-92.76132,44.94791]},"geometry":{"type":"MultiPolygon","coordinates":[[[[-92.77089,44.9424],[-92.75134,44.94234],[-92.75265,44.94844],[-92.75516,44.95576],[-92.7626,44.9538],[-92.76339,44.95349],[-92.76312,44.95298],[-92.76375,44.95282],[-92.76357,44.95247],[-92.77075,44.95248],[-92.77089,44.9424]]]]}},
{"type":"Feature","id":"664705","properties":{"id":"664705","name":"Laketown","kind":"township","counties":["Carver"],"population":1986,"label":[-93.71833,44.83801]},"geometry":{"type":"MultiPolygon","coordinates":[[[[-93.76779,44.81823],[-93.76771,44.80378],[-93.74431,44.80438],[-93.64213,44.80567],[-93.64208,44.81288],[-93.64721,44.81283],[-93.64719,44.8165],[-93.65046,44.81648],[-93.64209,44.8197],[-93.64209,44.82001],[-93.65139,44.81647],[-93.64683,44.81827],[-93.64337,44.82018],[-93.64209,44.82018],[-93.64212,44.82435],[-93.64574,44.82489],[-93.64577,44.82608],[-93.64702,44.8288],[-93.64709,44.83096],[-93.64531,44.831],[-93.64208,44.82897],[-93.64165,44.83979],[-93.64381,44.84027],[-93.64565,44.83956],[-93.64727,44.84027],[-93.64815,44.84018],[-93.64862,44.84045],[-93.64985,44.83975],[-93.65016,44.83821],[-93.64796,44.83713],[-93.64737,44.83629],[-93.6485,44.83461],[-93.65207,44.83454],[-93.65208,44.83363],[-93.65294,44.83362],[-93.65309,44.83133],[-93.65235,44.82784],[-93.65227,44.82533],[-93.65657,44.82615],[-93.66679,44.8293],[-93.66858,44.83056],[-93.67316,44.83191],[-93.67315,44.83088],[-93.674,44.83048],[-93.6773,44.83225],[-93.67848,44.83176],[-93.67899,44.83116],[-93.683,44.83237],[-93.68297,44.83403],[-93.68341,44.83411],[-93.68294,44.83519],[-93.68294,44.83927],[-93.68352,44.84016],[-93.68355,44.84116],[-93.69267,44.84119],[-93.69252,44.86098],[-93.6896,44.85976],[-93.68704,44.8594],[-93.68486,44.8595],[-93.68198,44.86017],[-93.68577,44.85961],[-93.68845,44.85978],[-93.69059,44.86039],[-93.69476,44.86239],[-93.69694,44.86294],[-93.72324,44.86263],[-93.72416,44.88121],[-93.72513,44.88234],[-93.72869,44.88311],[-93.73162,44.88448],[-93.7326,44.88526],[-93.73182,44.88501],[-93.73154,44.88558],[-93.73059,44.88538],[-93.72797,44.88637],[-93.72819,44.88889],[-93.72954,44.88953],[-93.73166,44.88922],[-93.73446,44.88981],[-93.73472,44.88994],[-93.73474,44.89092],[-93.76799,44.89085],[-93.76799,44.85373],[-93.76538,44.85492],[-93.76315,44.85661],[-93.76082,44.8588],[-93.75847,44.86223],[-93.75667,44.86203],[-93.75577,44.86025],[-93.75564,44.85878],[-93.75518,44.85877],[-93.75517,44.85948],[-93.75366,44.8598],[-93.75247,44.86052],[-93.75006,44.86054],[-93.75062,44.8514],[-93.75156,44.85138],[-93.75185,44.85],[-93.75255,44.84878],[-93.75686,44.84421],[-93.75672,44.84389],[-93.75792,44.8431],[-93.75547,44.84099],[-93.75626,44.84033],[-93.75607,44.83971],[-93.7554,44.83937],[-93.75538,44.83887],[-93.76038,44.83875],[-93.76025,44.83401],[-93.76064,44.834],[-93.76061,44.83298],[-93.76023,44.83299],[-93.76021,44.8302],[-93.75982,44.83037],[-93.75999,44.82707],[-93.75508,44.82718],[-93.75507,44.82572],[-93.76003,44.82566],[-93.76,44.81868],[-93.76779,44.81853],[-93.76779,44.81823]],[[-93.66754,44.81263],[-93.66751,44.81991],[-93.66234,44.81998],[-93.66232,44.82354],[-93.65222,44.82371],[-93.65231,44.81608],[-93.66583,44.81088],[-93.66683,44.81114],[-93.66672,44.81264],[-93.66754,44.81263]],[[-93.66418,44.81046],[-93.66533,44.81076],[-93.66232,44.81192],[-93.66239,44.81083],[-93.66313,44.81085],[-93.66344,44.81027],[-93.66418,44.81046]],[[-93.66199,44.81199],[-93.65231,44.81577],[-93.65239,44.80772],[-93.65735,44.80824],[-93.65718,44.81274],[-93.66024,44.81266],[-93.66199,44.81199]]],[[[-93.6798,44.84413],[-93.6784,44.84103],[-93.67904,44.84032],[-93.67952,44.83882],[-93.67901,44.83804],[-93.67758,44.83749],[-93.67079,44.83772],[-93.66919,44.83855],[-93.66972,44.84026],[-93.66952,44.84091],[-93.66782,44.84151],[-93.67239,44.84154],[-93.67235,44.84411],[-93.67959,44.8447],[-93.6798,44.84413]]],[[[-93.6819,44.86299],[-93.68222,44.86271],[-93.68189,44.86252],[-93.6819,44.86299]]],[[[-93.69735,44.87095],[-93.69586,44.87133],[-93.69605,44.87155],[-93.69735,44.87095]]],[[[-93.69903,44.89101],[-93.69898,44.89032],[-93.69798,44.89033],[-93.69802,44.89102],[-93.69903,44.89101]]],[[[-93.75524,44.85754],[-93.75528,44.85671],[-93.75329,44.85698],[-93.75325,44.8578],[-93.75524,44.85754]]],[[[-93.76238,44.84487],[-93.76234,44.84375],[-93.76056,44.84376],[-93.76061,44.84491],[-93.76238,44.84487]]],[[[-93.76462,44.83327],[-93.76523,44.83347],[-93.76425,44.8329],[-93.76191,44.83296],[-93.76354,44.83292],[-93.76462,44.83327]]],[[[-93.76786,44.83513],[-93.76528,44.8335],[-93.76499,44.83375],[-93.76781,44.83536],[-93.76659,44.83536],[-93.76659,44.83647],[-93.76786,44.8363],[-93.76786,44.83513]]],[[[-93.76807,44.84665],[-93.76805,44.84592],[-93.76739,44.84593],[-93.76741,44.84648],[-93.76807,44.84665]]]]}},
{"type":"Feature","id":"2395614","properties":{"id":"2395614","name":"Lakeville","kind":"city","counties":["Dakota"],"population":73828,"label":[-93.25163,44.67663]},"geometry":{"type":"MultiPolygon","coordinates":[[[[-93.3186,44.64516],[-93.31874,44.63058],[-93.26841,44.63076],[-93.26838,44.62486],[-93.26403,44.62484],[-93.26402,44.62621],[-93.26124,44.6262],[-93.26047,44.62891],[-93.25938,44.63077],[-93.2443,44.63076],[-93.24434,44.62832],[-93.238,44.6283],[-93.23796,44.63049],[-93.23528,44.62346],[-93.23231,44.62346],[-93.2323,44.62428],[-93.22966,44.62428],[-93.22966,44.62405],[-93.22797,44.62405],[-93.22798,44.62347],[-93.21781,44.62347],[-93.21777,44.62621],[-93.20767,44.62625],[-93.2077,44.6235],[-93.2013,44.62353],[-93.20129,44.62542],[-93.20007,44.62542],[-93.20002,44.63074],[-93.20763,44.63072],[-93.20728,44.68854],[-93.15639,44.68857],[-93.15647,44.71734],[-93.31835,44.71754],[-93.3186,44.64516]]]]}},
{"type":"Feature","id":"2395626","properties":{"id":"2395626","name":"Landfall","kind":"city","counties":["Washington"],"population":813,"label":[-92.97719,44.95056]},"geometry":{"type":"MultiPolygon","coordinates":[[[[-92.97345,44.9524],[-92.97969,44.95246],[-92.97973,44.94984],[-92.98319,44.94988],[-92.98313,44.94898],[-92.97344,44.94902],[-92.97345,44.9524]]]]}},
{"type":"Feature","id":"2395642","properties":{"id":"2395642","name":"Lauderdale","kind":"city","counties":["Ramsey"],"population":2221,"label":[-93.2027,44.99421]},"geometry":{"type":"MultiPolygon","coordinates":[[[[-93.19733,44.99891],[-93.19996,44.9989],[-93.19995,45.00072],[-93.20775,45.00067],[-93.20771,44.98809],[-93.19746,44.9881],[-93.19733,44.99891]]]]}},
{"type":"Feature","id":"2395696","properties":{"id":"2395696","name":"Lexington","kind":"city","counties":["Anoka"],"population":2738,"label":[-93.17108,45.13774]},"geometry":{"type":"MultiPolygon","coordinates":[[[[-93.17381,45.14606],[-93.1739,45.13892],[-93.18103,45.13893],[-93.18062,45.1377],[-93.17389,45.13766],[-93.17391,45.13539],[-93.17429,45.13516],[-93.18418,45.13519],[-93.18417,45.13157],[-93.16371,45.13153],[-93.16347,45.146],[-93.17381,45.14606]]],[[[-93.17383,45.1479],[-93.17868,45.14793],[-93.17892,45.14611],[-93.17381,45.14606],[-93.17383,45.1479]]]]}},
{"type":"Feature","id":"2395708","properties":{"id":"2395708","name":"Lilydale","kind":"city","counties":["Dakota"],"population":790,"label":[-93.13063,44.90944]},"geometry":{"type":"MultiPolygon","coordinates":[[[[-93.15188,44.89293],[-93.15148,44.89322],[-93.15032,44.89254],[-93.14712,44.89285],[-93.14696,44.89396],[-93.14865,44.89348],[-93.14887,44.89368],[-93.14736,44.89486],[-93.14806,44.8955],[-93.14513,44.8967],[-93.14474,44.89609],[-93.14646,44.89478],[-93.14651,44.8944],[-93.14394,44.89442],[-93.14397,44.8971],[-93.13986,44.89913],[-93.13903,44.89819],[-93.1384,44.89849],[-93.13921,44.89943],[-93.13833,44.89979],[-93.13772,44.899],[-93.13748,44.89911],[-93.13751,44.89795],[-93.13677,44.89794],[-93.13677,44.90076],[-93.13491,44.90316],[-93.13316,44.90466],[-93.13064,44.90651],[-93.12383,44.91046],[-93.12412,44.91069],[-93.12124,44.91263],[-93.12128,44.91181],[-93.11746,44.91327],[-93.11622,44.9144],[-93.11724,44.91497],[-93.11591,44.91619],[-93.11513,44.91618],[-93.11334,44.91698],[-93.11067,44.91934],[-93.11119,44.91967],[-93.12903,44.9195],[-93.13151,44.9169],[-93.13356,44.90975],[-93.13667,44.90569],[-93.13837,44.90438],[-93.14401,44.90111],[-93.15061,44.89602],[-93.15314,44.89367],[-93.15188,44.89293]],[[-93.14912,44.89407],[-93.14889,44.89388],[-93.14914,44.89369],[-93.14942,44.89389],[-93.15075,44.89294],[-93.15136,44.8933],[-93.14849,44.89524],[-93.14794,44.89471],[-93.14912,44.89407]]]]}},
{"type":"Feature","id":"2395725","properties":{"id":"2395725","name":"Lino Lakes","kind":"city","counties":["Anoka"],"population":21658,"label":[-93.08096,45.16758]},"geometry":{"type":"MultiPolygon","coordinates":[[[[-93.0197,45.21075],[-93.14235,45.21096],[-93.14296,45.15304],[-93.1377,45.15305],[-93.13775,45.13859],[-93.14302,45.13857],[-93.14317,45.1242],[-93.02037,45.12381],[-93.0197,45.21075]],[[-93.04074,45.17466],[-93.0407,45.16755],[-93.03572,45.16759],[-93.03569,45.15308],[-93.04581,45.15302],[-93.04578,45.14937],[-93.06113,45.14948],[-93.06122,45.16757],[-93.0816,45.16759],[-93.08156,45.17484],[-93.04074,45.17466]]]]}},
{"type":"Feature","id":"664793","properties":{"id":"664793","name":"Linwood","kind":"township","counties":["Anoka"],"population":5279,"label":[-93.08129,45.36947]},"geometry":{"type":"MultiPolygon","coordinates":[[[[-93.01958,45.41174],[-93.08332,45.41284],[-93.09277,45.41387],[-93.14225,45.41373],[-93.14216,45.38512],[-93.14382,45.36989],[-93.14279,45.32627],[-93.01987,45.32575],[-93.0194,45.35441],[-93.01853,45.38268],[-93.01958,45.41174]]]]}},
{"type":"Feature","id":"2395733","properties":{"id":"2395733","name":"Little Canada","kind":"city","counties":["Ramsey"],"population":10632,"label":[-93.08628,45.02442]},"geometry":{"type":"MultiPolygon","coordinates":[[[[-93.05605,45.03585],[-93.08684,45.03593],[-93.08678,45.04316],[-93.10625,45.04321],[-93.10597,45.00635],[-93.08649,45.00631],[-93.08653,45.01009],[-93.08618,45.01037],[-93.0801,45.0095],[-93.07753,45.00943],[-93.07634,45.0078],[-93.07635,45.00974],[-93.06925,45.00976],[-93.06619,45.01056],[-93.06631,45.02812],[-93.05597,45.02807],[-93.05605,45.03585]]]]}},
{"type":"Feature","id":"2395756","properties":{"id":"2395756","name":"Long Lake","kind":"city","counties":["Hennepin"],"population":1700,"label":[-93.56905,44.98405]},"geometry":{"type":"MultiPolygon","coordinates":[[[[-93.56922,44.98935],[-93.57374,44.98936],[-93.57376,44.98823],[-93.57768,44.98842],[-93.57881,44.98872],[-93.57883,44.98911],[-93.5882,44.98924],[-93.58824,44.98554],[-93.58392,44.98546],[-93.58392,44.98508],[-93.58118,44.98508],[-93.58123,44.98281],[-93.58162,44.98283],[-93.58158,44.97832],[-93.57841,44.97904],[-93.57713,44.97831],[-93.57516,44.97831],[-93.5751,44.97997],[-93.57365,44.98026],[-93.57367,44.97797],[-93.56833,44.97826],[-93.5683,44.97871],[-93.5675,44.97964],[-93.56599,44.98017],[-93.56322,44.98061],[-93.56226,44.97987],[-93.55836,44.98086],[-93.55839,44.98247],[-93.5604,44.98281],[-93.56053,44.98242],[-93.56118,44.9825],[-93.56095,44.9829],[-93.56181,44.98305],[-93.56181,44.98352],[-93.55517,44.98236],[-93.55095,44.98037],[-93.54581,44.98086],[-93.54831,44.98382],[-93.54997,44.98485],[-93.55009,44.98755],[-93.55266,44.98752],[-93.5573,44.98672],[-93.55731,44.98467],[-93.56053,44.98447],[-93.56052,44.98531],[-93.56922,44.98935]]]]}},
{"type":"Feature","id":"2395764","properties":{"id":"2395764","name":"Loretto","kind":"city","counties":["Hennepin"],"population":637,"label":[-93.63534,45.05479]},"geometry":{"type":"MultiPolygon","coordinates":[[[[-93.63012,45.05847],[-93.64062,45.05846],[-93.64052,45.05115],[-93.63014,45.05105],[-93.63012,45.05847]]]]}},
{"type":"Feature","id":"664829","properties":{"id":"664829","name":"Louisville","kind":"township","counties":["Scott"],"population":1318,"label":[-93.57887,44.73965]},"geometry":{"type":"MultiPolygon","coordinates":[[[[-93.57145,44.76185],[-93.58181,44.76192],[-93.58161,44.77619],[-93.59416,44.77623],[-93.59441,44.77516],[-93.5972,44.77221],[-93.59915,44.77067],[-93.60172,44.76922],[-93.60721,44.76764],[-93.61499,44.76682],[-93.6206,44.76386],[-93.62176,44.76292],[-93.62176,44.76021],[-93.61567,44.75839],[-93.61015,44.75604],[-93.60901,44.7549],[-93.60891,44.75361],[-93.6101,44.75166],[-93.61243,44.74963],[-93.61383,44.74898],[-93.61506,44.74944],[-93.61668,44.75153],[-93.61896,44.75316],[-93.62098,44.75361],[-93.62189,44.75305],[-93.62138,44.75108],[-93.62189,44.74773],[-93.62352,44.74528],[-93.62672,44.74214],[-93.63043,44.73933],[-93.63124,44.73806],[-93.63098,44.73656],[-93.62884,44.73278],[-93.62865,44.73144],[-93.629,44.73062],[-93.632,44.72722],[-93.63248,44.72634],[-93.63269,44.72415],[-93.63179,44.72336],[-93.62851,44.72352],[-93.62619,44.72437],[-93.62526,44.72428],[-93.62437,44.72353],[-93.62441,44.72258],[-93.62559,44.72173],[-93.62645,44.72002],[-93.62674,44.7183],[-93.582,44.71849],[-93.54134,44.71817],[-93.52075,44.7177],[-93.52031,44.74714],[-93.54118,44.74742],[-93.56177,44.74729],[-93.56119,44.76167],[-93.57145,44.76185]]]]}},
{"type":"Feature","id":"2395818","properties":{"id":"2395818","name":"Mahtomedi","kind":"city","counties":["Washington"],"population":8055,"label":[-92.96583,45.0617]},"geometry":{"type":"MultiPolygon","coordinates":[[[[-92.98477,45.05035],[-92.98478,45.03542],[-92.97799,45.03397],[-92.96872,45.03322],[-92.96476,45.03211],[-92.96483,45.03583],[-92.95981,45.03584],[-92.9599,45.04313],[-92.95478,45.04316],[-92.95478,45.0469],[-92.94459,45.04684],[-92.94444,45.0829],[-92.94943,45.08294],[-92.94946,45.08121],[-92.95455,45.08128],[-92.95473,45.08326],[-92.9608,45.08331],[-92.96081,45.08222],[-92.96328,45.08068],[-92.95912,45.07745],[-92.96198,45.07744],[-92.96201,45.07785],[-92.96437,45.07767],[-92.96481,45.07907],[-92.96447,45.08074],[-92.96508,45.08152],[-92.96746,45.08219],[-92.97102,45.08224],[-92.97354,45.08064],[-92.97422,45.0791],[-92.97545,45.07796],[-92.97747,45.07732],[-92.97736,45.07873],[-92.97678,45.08002],[-92.97583,45.08108],[-92.97557,45.08208],[-92.9706,45.08334],[-92.96987,45.08395],[-92.96971,45.08484],[-92.97188,45.08587],[-92.97249,45.08825],[-92.97322,45.08907],[-92.97374,45.08934],[-92.97499,45.08925],[-92.97667,45.09048],[-92.97935,45.09166],[-92.98183,45.09381],[-92.98418,45.09431],[-92.98346,45.09565],[-92.98453,45.09675],[-92.98469,45.06601],[-92.98337,45.06592],[-92.98047,45.06473],[-92.9778,45.0641],[-92.97654,45.06329],[-92.97523,45.06148],[-92.97175,45.06067],[-92.97096,45.05901],[-92.96959,45.0581],[-92.96966,45.05382],[-92.97523,45.05386],[-92.97526,45.05752],[-92.98003,45.05756],[-92.98011,45.05392],[-92.9847,45.05392],[-92.98476,45.05234],[-92.98207,45.05234],[-92.98209,45.05035],[-92.98477,45.05035]],[[-92.95998,45.0503],[-92.96,45.0562],[-92.95859,45.05627],[-92.95832,45.05757],[-92.95275,45.05787],[-92.95276,45.05754],[-92.95214,45.05755],[-92.95215,45.05701],[-92.95477,45.05673],[-92.95477,45.05564],[-92.95412,45.05565],[-92.95412,45.0552],[-92.95477,45.05518],[-92.95477,45.05417],[-92.95381,45.05401],[-92.95477,45.05391],[-92.95477,45.05321],[-92.95412,45.05307],[-92.95412,45.05253],[-92.95478,45.05254],[-92.95478,45.05232],[-92.95412,45.05231],[-92.95412,45.05206],[-92.95478,45.05215],[-92.95478,45.0503],[-92.95998,45.0503]]],[[[-92.95462,45.0574],[-92.95462,45.05718],[-92.95355,45.05718],[-92.95355,45.0574],[-92.95462,45.0574]]]]}},
{"type":"Feature","id":"2395838","properties":{"id":"2395838","name":"Maple Grove","kind":"city","counties":["Hennepin"],"population":71230,"label":[-93.46257,45.1089]},"geometry":{"type":"MultiPolygon","coordinates":[[[[-93.52818,45.10503],[-93.52846,45.10484],[-93.52565,45.10397],[-93.52565,45.10329],[-93.52425,45.10356],[-93.52226,45.10347],[-93.52228,45.10111],[-93.52337,45.10113],[-93.5237,45.10041],[-93.52228,45.10041],[-93.52204,45.06563],[-93.519,45.06544],[-93.51736,45.06488],[-93.51736,45.06562],[-93.44725,45.06568],[-93.44666,45.06642],[-93.4412,45.06469],[-93.44053,45.06529],[-93.4405,45.06587],[-93.43959,45.06587],[-93.43959,45.06565],[-93.40069,45.06574],[-93.40196,45.08022],[-93.40236,45.11069],[-93.40349,45.1107],[-93.40346,45.11553],[-93.40506,45.11554],[-93.40506,45.11612],[-93.40726,45.11617],[-93.40722,45.11947],[-93.41054,45.11954],[-93.41359,45.12044],[-93.41362,45.12342],[-93.40957,45.12336],[-93.4096,45.12194],[-93.40873,45.12193],[-93.40871,45.1224],[-93.40721,45.12237],[-93.4072,45.12333],[-93.40217,45.12325],[-93.40162,45.15205],[-93.48213,45.15241],[-93.52184,45.15291],[-93.52222,45.10924],[-93.52352,45.10431],[-93.52406,45.10441],[-93.52303,45.10859],[-93.52646,45.10615],[-93.52553,45.10487],[-93.52764,45.10541],[-93.52818,45.10503]]]]}},
{"type":"Feature","id":"2395841","properties":{"id":"2395841","name":"Maple Plain","kind":"city","counties":["Hennepin"],"population":1950,"label":[-93.66176,45.00884]},"geometry":{"type":"MultiPolygon","coordinates":[[[[-93.64568,45.01252],[-93.65075,45.01252],[-93.65072,45.0111],[-93.65587,45.0111],[-93.65588,45.01281],[-93.66102,45.01282],[-93.66105,45.01489],[-93.66613,45.01491],[-93.66615,45.01857],[-93.66877,45.01858],[-93.66881,45.01491],[-93.67631,45.01492],[-93.67624,45.00409],[-93.65587,45.00397],[-93.65583,45.00164],[-93.65067,45.00162],[-93.65072,45.00336],[-93.6473,45.0034],[-93.64564,45.00292],[-93.64568,45.01252]]]]}},
{"type":"Feature","id":"2395846","properties":{"id":"2395846","name":"Maplewood","kind":"city","counties":["Ramsey"],"population":41581,"label":[-93.00242,44.98393]},"geometry":{"type":"MultiPolygon","coordinates":[[[[-92.98469,45.03308],[-92.98922,45.03457],[-92.99474,45.03527],[-92.99501,45.03472],[-92.99623,45.03514],[-93.00453,45.03624],[-93.00454,45.03577],[-93.00574,45.03577],[-93.00573,45.03631],[-93.00996,45.03673],[-93.01366,45.03678],[-93.01722,45.0364],[-93.01716,45.03575],[-93.01801,45.03575],[-93.01804,45.03639],[-93.02138,45.03676],[-93.03226,45.03652],[-93.03591,45.03682],[-93.03618,45.03577],[-93.05605,45.03585],[-93.05597,45.02807],[-93.06631,45.02812],[-93.06619,45.01056],[-93.06925,45.00976],[-93.07635,45.00974],[-93.07634,45.0078],[-93.07753,45.00943],[-93.0801,45.0095],[-93.08618,45.01037],[-93.08653,45.01009],[-93.08649,45.00631],[-93.10597,45.00635],[-93.10598,44.99189],[-93.00506,44.99196],[-93.00507,44.9486],[-93.00447,44.8908],[-92.98415,44.89099],[-92.98474,44.96332],[-92.98472,44.99949],[-92.99483,44.99933],[-92.99483,44.9957],[-92.99752,44.99575],[-92.99747,44.99931],[-93.0151,44.9991],[-93.01506,45.00365],[-93.0162,45.00366],[-93.01618,45.00479],[-93.01505,45.00521],[-93.01508,45.0102],[-93.01548,45.0102],[-93.01548,45.01069],[-93.01508,45.01085],[-93.01516,45.02624],[-93.00504,45.02637],[-93.00506,45.02817],[-92.99489,45.02831],[-92.99491,45.03188],[-92.99166,45.03191],[-92.9913,45.03081],[-92.99038,45.03102],[-92.99036,45.02957],[-92.98764,45.02962],[-92.98777,45.03022],[-92.98649,45.02984],[-92.98651,45.02916],[-92.98533,45.02928],[-92.98469,45.02901],[-92.98469,45.03308]]]]}},
{"type":"Feature","id":"2395007","properties":{"id":"2395007","name":"Marine on Saint Croix","kind":"city","counties":["Washington"],"population":669,"label":[-92.77997,45.19791]},"geometry":{"type":"MultiPolygon","coordinates":[[[[-92.7631,45.20968],[-92.76228,45.21131],[-92.76154,45.2146],[-92.76077,45.21519],[-92.76081,45.21448],[-92.75958,45.2147],[-92.7594,45.216],[-92.76019,45.21696],[-92.79451,45.21706],[-92.79465,45.17771],[-92.76071,45.17763],[-92.76256,45.17986],[-92.7677,45.18396],[-92.76863,45.18533],[-92.76937,45.18752],[-92.76947,45.19084],[-92.76802,45.19604],[-92.76775,45.19918],[-92.76532,45.20333],[-92.76387,45.20924],[-92.7631,45.20968]]]]}},
{"type":"Feature","id":"664919","properties":{"id":"664919","name":"Marshan","kind":"township","counties":["Dakota"],"population":1139,"label":[-92.85335,44.67173]},"geometry":{"type":"MultiPolygon","coordinates":[[[[-92.81261,44.7167],[-92.83286,44.7168],[-92.83296,44.70958],[-92.82279,44.70954],[-92.82287,44.70227],[-92.82665,44.70228],[-92.82666,44.70061],[-92.83298,44.70514],[-92.83299,44.70229],[-92.84313,44.70235],[-92.84307,44.70959],[-92.87341,44.70952],[-92.8734,44.71685],[-92.91347,44.71687],[-92.91366,44.63011],[-92.79267,44.62975],[-92.79252,44.71666],[-92.81261,44.7167]]]]}},
{"type":"Feature","id":"664932","properties":{"id":"664932","name":"May","kind":"township","counties":["Washington"],"population":2664,"label":[-92.82996,45.16326]},"geometry":{"type":"MultiPolygon","coordinates":[[[[-92.79451,45.20978],[-92.89709,45.21025],[-92.89767,45.12358],[-92.74569,45.12324],[-92.74959,45.13791],[-92.75201,45.14131],[-92.75234,45.14225],[-92.75203,45.14429],[-92.74977,45.14719],[-92.74933,45.14827],[-92.74952,45.1531],[-92.7494,45.15424],[-92.74868,45.15525],[-92.74859,45.15596],[-92.74964,45.15813],[-92.74935,45.15977],[-92.74989,45.16098],[-92.75024,45.16379],[-92.75238,45.16649],[-92.75289,45.1676],[-92.7528,45.16926],[-92.75216,45.17123],[-92.75234,45.17246],[-92.75286,45.1738],[-92.75398,45.17518],[-92.7577,45.17778],[-92.76273,45.18068],[-92.76611,45.18362],[-92.7665,45.18496],[-92.76656,45.18746],[-92.76787,45.19056],[-92.76801,45.19263],[-92.76725,45.19613],[-92.76347,45.20549],[-92.76274,45.20641],[-92.75806,45.20964],[-92.7631,45.20968],[-92.76387,45.20924],[-92.76529,45.20341],[-92.76773,45.19927],[-92.76802,45.19604],[-92.76948,45.19075],[-92.76933,45.18716],[-92.76834,45.18483],[-92.76549,45.18198],[-92.76248,45.17979],[-92.76071,45.17763],[-92.79465,45.17771],[-92.79451,45.20978]]]]}},
{"type":"Feature","id":"2395049","properties":{"id":"2395049","name":"Mayer","kind":"city","counties":["Carver"],"population":2542,"label":[-93.89021,44.88685]},"geometry":{"type":"MultiPolygon","coordinates":[[[[-93.91409,44.88648],[-93.91477,44.88483],[-93.90883,44.88488],[-93.90882,44.88447],[-93.90366,44.88451],[-93.90362,44.88007],[-93.89849,44.88008],[-93.89849,44.87723],[-93.88483,44.87736],[-93.88483,44.88467],[-93.87978,44.88469],[-93.87978,44.88683],[-93.8778,44.88682],[-93.8764,44.88835],[-93.87644,44.88918],[-93.87592,44.88918],[-93.87591,44.89112],[-93.85907,44.89124],[-93.86419,44.89126],[-93.86423,44.89533],[-93.87446,44.89537],[-93.87446,44.89482],[-93.87789,44.89483],[-93.87788,44.89442],[-93.87958,44.89443],[-93.8796,44.89494],[-93.88533,44.89121],[-93.88589,44.8912],[-93.88447,44.8921],[-93.88552,44.89237],[-93.88649,44.89178],[-93.8873,44.89178],[-93.88731,44.89203],[-93.88963,44.8919],[-93.88962,44.89132],[-93.88882,44.89123],[-93.90898,44.89131],[-93.90887,44.88653],[-93.91409,44.88648]],[[-93.88813,44.88897],[-93.88813,44.88939],[-93.888,44.88939],[-93.88813,44.88897]],[[-93.88942,44.8894],[-93.88929,44.88897],[-93.88942,44.88897],[-93.88942,44.8894]],[[-93.88944,44.88607],[-93.8895,44.88602],[-93.8895,44.88607],[-93.88944,44.88607]],[[-93.88827,44.88247],[-93.88813,44.88327],[-93.88814,44.88247],[-93.88827,44.88247]]],[[[-93.88748,44.88765],[-93.88719,44.88792],[-93.8872,44.88756],[-93.88541,44.8875],[-93.88748,44.88765]],[[-93.88105,44.88788],[-93.88099,44.89113],[-93.87977,44.89113],[-93.87977,44.88788],[-93.88105,44.88788]]]]}},
{"type":"Feature","id":"2395082","properties":{"id":"2395082","name":"Medicine Lake","kind":"city","counties":["Hennepin"],"population":327,"label":[-93.41978,44.99789]},"geometry":{"type":"MultiPolygon","coordinates":[[[[-93.42192,45.00362],[-93.4252,45.00356],[-93.42615,45.00302],[-93.42666,45.00225],[-93.42455,45.0012],[-93.42098,45.00044],[-93.41995,44.99915],[-93.41991,44.99708],[-93.42141,44.99555],[-93.42141,44.99307],[-93.41923,44.99306],[-93.4192,44.99277],[-93.42089,44.99274],[-93.42092,44.99206],[-93.41779,44.99209],[-93.41754,44.99282],[-93.4158,44.9929],[-93.41695,44.9932],[-93.41696,44.99366],[-93.4158,44.99372],[-93.41577,44.99461],[-93.41506,44.99434],[-93.41457,44.9949],[-93.41576,44.99532],[-93.41542,44.99558],[-93.4159,44.99587],[-93.41532,44.99625],[-93.4168,44.99734],[-93.4164,44.99919],[-93.42192,45.00362]]]]}},
{"type":"Feature","id":"2395084","properties":{"id":"2395084","name":"Medina","kind":"city","counties":["Hennepin"],"population":7250,"label":[-93.5839,45.0329]},"geometry":{"type":"MultiPolygon","coordinates":[[[[-93.64564,45.00292],[-93.64562,45.00046],[-93.61458,45.00057],[-93.57606,44.99998],[-93.5636,44.99945],[-93.52241,44.99978],[-93.52226,45.02163],[-93.52266,45.03627],[-93.52239,45.04161],[-93.5215,45.04157],[-93.52237,45.04212],[-93.52204,45.06563],[-93.64569,45.06577],[-93.64599,45.05846],[-93.64564,45.00292]],[[-93.64052,45.05115],[-93.64062,45.05846],[-93.63012,45.05847],[-93.63014,45.05105],[-93.64052,45.05115]]]]}},
{"type":"Feature","id":"2395096","properties":{"id":"2395096","name":"Mendota","kind":"city","counties":["Dakota"],"population":195,"label":[-93.1603,44.88723]},"geometry":{"type":"MultiPolygon","coordinates":[[[[-93.15188,44.89293],[-93.15314,44.89367],[-93.15682,44.89201],[-93.15688,44.89022],[-93.1619,44.88872],[-93.16576,44.88833],[-93.16764,44.88748],[-93.16666,44.88493],[-93.16609,44.88472],[-93.16679,44.88364],[-93.16105,44.88368],[-93.15924,44.88429],[-93.15934,44.88133],[-93.15814,44.88122],[-93.158,44.88456],[-93.15704,44.88489],[-93.15688,44.89003],[-93.15439,44.89018],[-93.15135,44.89257],[-93.15188,44.89293]]]]}},
{"type":"Feature","id":"2395097","properties":{"id":"2395097","name":"Mendota Heights","kind":"city","counties":["Dakota"],"population":11658,"label":[-93.14034,44.88149]},"geometry":{"type":"MultiPolygon","coordinates":[[[[-93.10596,44.91969],[-93.11119,44.91967],[-93.11067,44.91934],[-93.11334,44.91698],[-93.11513,44.91618],[-93.11591,44.91619],[-93.11724,44.91497],[-93.11622,44.9144],[-93.11746,44.91327],[-93.12128,44.91181],[-93.12124,44.91263],[-93.12412,44.91069],[-93.12383,44.91046],[-93.13152,44.90591],[-93.13491,44.90316],[-93.13677,44.90076],[-93.13677,44.89794],[-93.13751,44.89795],[-93.13748,44.89911],[-93.13772,44.899],[-93.13833,44.89979],[-93.13921,44.89943],[-93.1384,44.89849],[-93.13903,44.89819],[-93.13986,44.89913],[-93.14397,44.8971],[-93.14394,44.89442],[-93.14651,44.8944],[-93.14646,44.89478],[-93.14474,44.89609],[-93.14513,44.8967],[-93.14806,44.8955],[-93.14736,44.89486],[-93.14887,44.89368],[-93.14865,44.89348],[-93.14696,44.89396],[-93.14712,44.89285],[-93.15032,44.89254],[-93.15148,44.89322],[-93.15188,44.89293],[-93.15135,44.89257],[-93.15439,44.89018],[-93.15688,44.89003],[-93.15704,44.88489],[-93.158,44.88456],[-93.15814,44.88122],[-93.15934,44.88133],[-93.15924,44.88429],[-93.16105,44.88368],[-93.16679,44.88364],[-93.16609,44.88472],[-93.16666,44.88493],[-93.16764,44.88748],[-93.16576,44.88833],[-93.1619,44.88872],[-93.15688,44.89022],[-93.15682,44.89201],[-93.16536,44.89002],[-93.16901,44.88839],[-93.17081,44.88792],[-93.17535,44.88762],[-93.17665,44.88782],[-93.17817,44.88861],[-93.18263,44.88714],[-93.18317,44.8861],[-93.18282,44.88504],[-93.17935,44.88246],[-93.17861,44.88127],[-93.17883,44.88018],[-93.18122,44.87806],[-93.18581,44.87649],[-93.18744,44.87551],[-93.19074,44.87106],[-93.19326,44.86949],[-93.19812,44.86715],[-93.20042,44.86497],[-93.20038,44.86421],[-93.19792,44.86192],[-93.16272,44.86195],[-93.15978,44.86172],[-93.10613,44.86192],[-93.10596,44.91969]]],[[[-93.14912,44.89407],[-93.14794,44.89471],[-93.14849,44.89524],[-93.15136,44.8933],[-93.15075,44.89294],[-93.14942,44.89389],[-93.14914,44.89369],[-93.14889,44.89388],[-93.14912,44.89407]]]]}},
{"type":"Feature","id":"2395345","properties":{"id":"2395345","name":"Minneapolis","kind":"city","counties":["Hennepin"],"population":436934,"label":[-93.26777,44.96362]},"geometry":{"type":"MultiPolygon","coordinates":[[[[-93.20758,44.89625],[-93.20749,44.9054],[-93.19388,44.90542],[-93.19937,44.90843],[-93.20068,44.9101],[-93.20102,44.91886],[-93.19991,44.92718],[-93.20059,44.93521],[-93.20068,44.94457],[-93.20174,44.94824],[-93.20322,44.95061],[-93.20514,44.95218],[-93.20763,44.953],[-93.20787,44.96281],[-93.20772,45.00617],[-93.21768,45.00605],[-93.21788,45.01338],[-93.2269,45.01327],[-93.22692,45.03564],[-93.2832,45.03543],[-93.28094,45.04269],[-93.28072,45.04492],[-93.28111,45.04843],[-93.28196,45.05117],[-93.31954,45.05131],[-93.31944,45.04191],[-93.32261,45.04265],[-93.32324,45.04046],[-93.31943,45.04043],[-93.3193,45.03546],[-93.31888,45.03546],[-93.31846,45.02052],[-93.31848,44.97718],[-93.32866,44.9772],[-93.329,44.90542],[-93.3188,44.90536],[-93.31884,44.8908],[-93.2509,44.89072],[-93.2528,44.8908],[-93.25272,44.89261],[-93.254,44.89261],[-93.25396,44.89434],[-93.2547,44.89434],[-93.25471,44.89556],[-93.25544,44.89556],[-93.25539,44.89717],[-93.25466,44.89717],[-93.25464,44.89786],[-93.24825,44.89787],[-93.24825,44.8976],[-93.24761,44.8976],[-93.24765,44.89616],[-93.24511,44.89616],[-93.24497,44.89721],[-93.2437,44.897],[-93.24369,44.89736],[-93.24315,44.89736],[-93.24314,44.89764],[-93.24265,44.89764],[-93.24266,44.89709],[-93.24139,44.89738],[-93.2414,44.89713],[-93.23252,44.89697],[-93.23253,44.89621],[-93.23508,44.89619],[-93.23509,44.89509],[-93.23231,44.89511],[-93.2323,44.89548],[-93.23175,44.89548],[-93.23174,44.89691],[-93.22055,44.89711],[-93.21904,44.89789],[-93.21905,44.89688],[-93.22251,44.89688],[-93.22249,44.89602],[-93.22039,44.89497],[-93.21907,44.89497],[-93.21906,44.89599],[-93.21707,44.89599],[-93.21709,44.8938],[-93.21613,44.8934],[-93.21091,44.89341],[-93.21088,44.89625],[-93.20758,44.89625]]]]}},
{"type":"Feature","id":"2395350","properties":{"id":"2395350","name":"Minnetonka","kind":"city","counties":["Hennepin"],"population":54474,"label":[-93.4618,44.93324]},"geometry":{"type":"MultiPolygon","coordinates":[[[[-93.52333,44.90592],[-93.52336,44.89148],[-93.49248,44.89208],[-93.48235,44.89157],[-93.42186,44.89183],[-93.41863,44.89227],[-93.41843,44.89202],[-93.41169,44.89229],[-93.40163,44.89165],[-93.40139,44.90614],[-93.42178,44.90614],[-93.42194,44.91758],[-93.42337,44.91724],[-93.42314,44.92088],[-93.42707,44.92098],[-93.42701,44.92184],[-93.42794,44.92196],[-93.42788,44.92465],[-93.42679,44.92459],[-93.42667,44.92616],[-93.42728,44.92614],[-93.42908,44.92878],[-93.42941,44.92976],[-93.42683,44.92974],[-93.42679,44.93119],[-93.42624,44.93154],[-93.42264,44.93158],[-93.42402,44.93229],[-93.42106,44.93266],[-93.42099,44.93691],[-93.41959,44.93691],[-93.41958,44.93914],[-93.41634,44.93918],[-93.41642,44.94242],[-93.42106,44.94244],[-93.42107,44.94568],[-93.42362,44.94547],[-93.42363,44.94487],[-93.425,44.9447],[-93.42536,44.94599],[-93.42559,44.94599],[-93.42556,44.94761],[-93.42101,44.9485],[-93.42098,44.94889],[-93.41089,44.94956],[-93.41097,44.94049],[-93.40578,44.94048],[-93.40579,44.93871],[-93.40062,44.93876],[-93.40063,44.94052],[-93.39873,44.94051],[-93.39885,44.94144],[-93.3994,44.94232],[-93.40063,44.94231],[-93.40069,44.96405],[-93.40566,44.96409],[-93.40564,44.96712],[-93.40471,44.96712],[-93.4047,44.96773],[-93.40564,44.96773],[-93.40562,44.97013],[-93.40475,44.97013],[-93.40477,44.97137],[-93.40432,44.97137],[-93.4043,44.97325],[-93.41052,44.97308],[-93.41047,44.97856],[-93.43098,44.97876],[-93.49441,44.97848],[-93.49389,44.9769],[-93.49412,44.97494],[-93.4914,44.97442],[-93.48993,44.97672],[-93.48773,44.97818],[-93.48518,44.97625],[-93.48747,44.97466],[-93.48643,44.97274],[-93.48525,44.97275],[-93.48529,44.97129],[-93.48319,44.97131],[-93.48348,44.97144],[-93.4834,44.9741],[-93.4817,44.97411],[-93.48178,44.97132],[-93.47672,44.97132],[-93.47677,44.96579],[-93.48674,44.96585],[-93.48675,44.96739],[-93.48877,44.9674],[-93.48878,44.96575],[-93.48919,44.96574],[-93.48921,44.9641],[-93.49199,44.96411],[-93.492,44.95844],[-93.49362,44.95767],[-93.49659,44.95766],[-93.49796,44.95694],[-93.49952,44.95545],[-93.49957,44.95418],[-93.49856,44.95285],[-93.49811,44.951],[-93.49858,44.95061],[-93.49904,44.95087],[-93.50061,44.95541],[-93.5015,44.95625],[-93.5015,44.95656],[-93.49931,44.95873],[-93.49859,44.96022],[-93.49816,44.96253],[-93.49855,44.96409],[-93.49901,44.96466],[-93.50022,44.96533],[-93.50318,44.96578],[-93.50331,44.96603],[-93.50339,44.96567],[-93.50428,44.9654],[-93.50752,44.96547],[-93.50972,44.96694],[-93.51,44.9677],[-93.51063,44.96816],[-93.51529,44.96955],[-93.517,44.96954],[-93.51866,44.96902],[-93.51802,44.96889],[-93.51827,44.96876],[-93.51937,44.96873],[-93.52046,44.96822],[-93.52263,44.96609],[-93.52265,44.95731],[-93.5199,44.9564],[-93.51764,44.95615],[-93.51531,44.9571],[-93.51439,44.95886],[-93.51405,44.95792],[-93.51478,44.95718],[-93.51512,44.95613],[-93.51376,44.95479],[-93.51196,44.95385],[-93.51035,44.95373],[-93.50731,44.95193],[-93.50299,44.95229],[-93.50208,44.95201],[-93.50221,44.94553],[-93.50728,44.94562],[-93.50746,44.93922],[-93.50235,44.9392],[-93.5024,44.93633],[-93.50514,44.93588],[-93.50502,44.9357],[-93.50613,44.93551],[-93.50762,44.9345],[-93.50782,44.92881],[-93.51179,44.92766],[-93.51303,44.92766],[-93.51307,44.92729],[-93.51833,44.92588],[-93.51831,44.9204],[-93.52067,44.92037],[-93.52083,44.9167],[-93.5234,44.91678],[-93.52333,44.90592]]],[[[-93.52264,44.95707],[-93.52259,44.95338],[-93.52152,44.95422],[-93.52081,44.95537],[-93.52136,44.95638],[-93.52264,44.95707]]],[[[-93.50613,44.93551],[-93.50538,44.93574],[-93.50558,44.93575],[-93.50613,44.93551]]]]}},
{"type":"Feature","id":"2395351","properties":{"id":"2395351","name":"Minnetonka Beach","kind":"city","counties":["Hennepin"],"population":547,"label":[-93.58921,44.93943]},"geometry":{"type":"MultiPolygon","coordinates":[[[[-93.58669,44.94092],[-93.58844,44.9415],[-93.59162,44.94456],[-93.59265,44.94497],[-93.59355,44.94488],[-93.59634,44.94241],[-93.60064,44.94127],[-93.60438,44.94078],[-93.60442,44.93467],[-93.60039,44.93467],[-93.60041,44.9353],[-93.60134,44.93627],[-93.60145,44.93682],[-93.60107,44.93775],[-93.60013,44.93824],[-93.59327,44.93931],[-93.58963,44.93935],[-93.58394,44.93824],[-93.58336,44.93717],[-93.58339,44.93592],[-93.5828,44.93486],[-93.57928,44.93274],[-93.57904,44.93162],[-93.57855,44.93125],[-93.57886,44.93552],[-93.57539,44.93829],[-93.57676,44.94124],[-93.57788,44.94241],[-93.58027,44.94358],[-93.58177,44.94208],[-93.58274,44.94162],[-93.58669,44.94092]]]]}},
{"type":"Feature","id":"2395352","properties":{"id":"2395352","name":"Minnetrista","kind":"city","counties":["Hennepin"],"population":8827,"label":[-93.71044,44.93458]},"geometry":{"type":"MultiPolygon","coordinates":[[[[-93.64544,44.9786],[-93.7675,44.97764],[-93.76799,44.89085],[-93.64533,44.89135],[-93.64545,44.91898],[-93.64897,44.91862],[-93.65143,44.91782],[-93.6518,44.91719],[-93.65248,44.91701],[-93.65973,44.91696],[-93.659,44.91858],[-93.66018,44.91993],[-93.66019,44.92034],[-93.65633,44.92118],[-93.65468,44.92212],[-93.65275,44.92231],[-93.6518,44.92297],[-93.65144,44.924],[-93.65125,44.92741],[-93.65141,44.92799],[-93.65257,44.92909],[-93.65408,44.92963],[-93.65762,44.92976],[-93.66204,44.9304],[-93.66512,44.93022],[-93.66911,44.92916],[-93.67061,44.92832],[-93.6711,44.92753],[-93.67016,44.92378],[-93.67051,44.9229],[-93.67127,44.92241],[-93.67257,44.92241],[-93.67372,44.92173],[-93.67467,44.92215],[-93.67609,44.92213],[-93.67731,44.92138],[-93.6782,44.92186],[-93.67816,44.9212],[-93.67928,44.92071],[-93.68393,44.92071],[-93.68259,44.9213],[-93.68234,44.92196],[-93.68308,44.92236],[-93.6843,44.92205],[-93.68487,44.92249],[-93.68829,44.92303],[-93.69072,44.92263],[-93.69262,44.92128],[-93.69321,44.92208],[-93.69275,44.92234],[-93.6931,44.92339],[-93.68838,44.92483],[-93.68675,44.92492],[-93.68675,44.92556],[-93.68595,44.92555],[-93.686,44.94137],[-93.68429,44.94151],[-93.68184,44.94118],[-93.67938,44.94231],[-93.67457,44.94235],[-93.67172,44.943],[-93.6712,44.9433],[-93.67047,44.94451],[-93.67045,44.94567],[-93.66583,44.94565],[-93.66562,44.94955],[-93.65992,44.94953],[-93.65941,44.94857],[-93.66033,44.94918],[-93.66146,44.94902],[-93.66005,44.9488],[-93.65974,44.94758],[-93.65808,44.94725],[-93.65671,44.94751],[-93.65609,44.94835],[-93.65557,44.95021],[-93.65471,44.95117],[-93.65331,44.95079],[-93.65111,44.94945],[-93.64816,44.94886],[-93.64709,44.94896],[-93.64542,44.9499],[-93.64544,44.9786]],[[-93.75756,44.90493],[-93.75801,44.90508],[-93.75801,44.90539],[-93.75756,44.9054],[-93.75754,44.91279],[-93.73708,44.91312],[-93.73715,44.90207],[-93.7377,44.90206],[-93.73716,44.90186],[-93.7372,44.89836],[-93.74584,44.89836],[-93.74449,44.89956],[-93.74404,44.8993],[-93.74171,44.90135],[-93.74069,44.90136],[-93.74053,44.90204],[-93.74242,44.90203],[-93.74298,44.90154],[-93.746,44.90158],[-93.746,44.90073],[-93.74393,44.9007],[-93.74634,44.89836],[-93.74734,44.89837],[-93.74736,44.89757],[-93.75252,44.89433],[-93.75247,44.8983],[-93.75762,44.89823],[-93.75756,44.90493]]]]}},
{"type":"Feature","id":"665015","properties":{"id":"665015","name":"Monticello","kind":"township","counties":["Wright"],"population":3353,"label":[-93.88644,45.27544]},"geometry":{"type":"MultiPolygon","coordinates":[[[[-93.80012,45.27392],[-93.81446,45.27387],[-93.81465,45.27424],[-93.8098,45.2811],[-93.8249,45.2813],[-93.8249,45.28249],[-93.82697,45.28252],[-93.82696,45.29233],[-93.81728,45.29708],[-93.82184,45.29715],[-93.82187,45.29946],[-93.82393,45.29949],[-93.82391,45.29805],[-93.82696,45.29805],[-93.82704,45.30495],[-93.82502,45.30492],[-93.82503,45.30513],[-93.82423,45.30519],[-93.82462,45.30674],[-93.82045,45.30649],[-93.81557,45.3027],[-93.81222,45.30087],[-93.80659,45.2995],[-93.80661,45.30031],[-93.81008,45.30104],[-93.81346,45.30236],[-93.82658,45.31257],[-93.83682,45.31811],[-93.85243,45.32908],[-93.86107,45.33283],[-93.86101,45.3384],[-93.86445,45.33864],[-93.86738,45.33929],[-93.87264,45.34303],[-93.87765,45.34539],[-93.88215,45.34921],[-93.88382,45.35117],[-93.88782,45.35782],[-93.88765,45.36054],[-93.88821,45.36234],[-93.89088,45.36436],[-93.89086,45.31134],[-93.89052,45.28224],[-93.89103,45.26785],[-93.89111,45.25248],[-93.89066,45.23789],[-93.78646,45.23759],[-93.76577,45.238],[-93.70426,45.23803],[-93.70446,45.25965],[-93.71471,45.26523],[-93.71472,45.26668],[-93.7046,45.26664],[-93.70439,45.2979],[-93.71834,45.29989],[-93.72779,45.30015],[-93.73519,45.29997],[-93.74273,45.29873],[-93.74822,45.29683],[-93.75137,45.29525],[-93.75538,45.2947],[-93.75534,45.29406],[-93.75502,45.29402],[-93.75181,45.2944],[-93.75179,45.28855],[-93.74524,45.2885],[-93.74525,45.2876],[-93.74272,45.28757],[-93.74271,45.28848],[-93.74018,45.28845],[-93.74026,45.28121],[-93.74532,45.28126],[-93.74532,45.28086],[-93.74911,45.28308],[-93.7529,45.28603],[-93.75545,45.28855],[-93.75886,45.28951],[-93.76147,45.28973],[-93.75146,45.28427],[-93.74687,45.28127],[-93.75551,45.28131],[-93.75555,45.27053],[-93.76061,45.27055],[-93.76061,45.27415],[-93.77083,45.27411],[-93.77076,45.28191],[-93.77157,45.28191],[-93.77157,45.28133],[-93.78593,45.28123],[-93.78597,45.28019],[-93.78215,45.27778],[-93.78216,45.2765],[-93.78039,45.27651],[-93.77963,45.27446],[-93.77907,45.27412],[-93.78116,45.27411],[-93.78129,45.27172],[-93.79013,45.2716],[-93.79121,45.26498],[-93.79174,45.26497],[-93.79174,45.26587],[-93.7968,45.26491],[-93.79649,45.27395],[-93.80012,45.27392]],[[-93.73515,45.28478],[-93.73921,45.28482],[-93.73909,45.29569],[-93.73503,45.29565],[-93.73515,45.28478]]],[[[-93.79649,45.27395],[-93.79103,45.27401],[-93.79095,45.27592],[-93.79472,45.27588],[-93.7947,45.27643],[-93.79639,45.27641],[-93.79649,45.27395]]],[[[-93.76669,45.28993],[-93.7703,45.29106],[-93.77031,45.29249],[-93.77066,45.29249],[-93.77065,45.29043],[-93.76631,45.28917],[-93.76174,45.28903],[-93.76293,45.28968],[-93.76669,45.28993]]],[[[-93.7641,45.28327],[-93.76571,45.28439],[-93.7657,45.28136],[-93.76254,45.28134],[-93.7641,45.28327]]],[[[-93.81631,45.29775],[-93.81387,45.29932],[-93.81711,45.29938],[-93.81815,45.2985],[-93.81674,45.29745],[-93.81631,45.29775]]],[[[-93.80935,45.28367],[-93.80813,45.28339],[-93.80746,45.28434],[-93.80891,45.28435],[-93.80935,45.28367]]],[[[-93.74528,45.28442],[-93.74317,45.28439],[-93.74316,45.28494],[-93.74528,45.28497],[-93.74528,45.28442]]]]}},
{"type":"Feature","id":"2395111","properties":{"id":"2395111","name":"Mound","kind":"city","counties":["Hennepin"],"population":9284,"label":[-93.66084,44.93359]},"geometry":{"type":"MultiPolygon","coordinates":[[[[-93.64542,44.9499],[-93.64709,44.94896],[-93.64816,44.94886],[-93.65111,44.94945],[-93.65331,44.95079],[-93.65471,44.95117],[-93.65557,44.95021],[-93.65609,44.94835],[-93.65671,44.94751],[-93.65808,44.94725],[-93.65974,44.94758],[-93.66005,44.9488],[-93.66146,44.94902],[-93.66033,44.94918],[-93.65941,44.94857],[-93.65992,44.94953],[-93.66562,44.94955],[-93.66583,44.94565],[-93.67045,44.94567],[-93.67047,44.94451],[-93.6712,44.9433],[-93.67172,44.943],[-93.67457,44.94235],[-93.67938,44.94231],[-93.68184,44.94118],[-93.68429,44.94151],[-93.686,44.94137],[-93.68595,44.92555],[-93.68675,44.92556],[-93.68675,44.92492],[-93.68838,44.92483],[-93.6931,44.92339],[-93.69275,44.92234],[-93.69321,44.92208],[-93.69262,44.92128],[-93.69061,44.92267],[-93.68813,44.92301],[-93.68487,44.92249],[-93.68418,44.92203],[-93.68291,44.92233],[-93.68234,44.92196],[-93.68243,44.92148],[-93.68393,44.92071],[-93.6817,44.92066],[-93.679,44.92078],[-93.67816,44.9212],[-93.6782,44.92186],[-93.67731,44.92138],[-93.67609,44.92213],[-93.67467,44.92215],[-93.67363,44.92174],[-93.67257,44.92241],[-93.67118,44.92245],[-93.67022,44.92328],[-93.67111,44.92739],[-93.67048,44.92843],[-93.6692,44.92913],[-93.66522,44.9302],[-93.66181,44.93039],[-93.65346,44.92946],[-93.65236,44.92894],[-93.65127,44.92756],[-93.65149,44.92371],[-93.65217,44.92265],[-93.65287,44.92228],[-93.65468,44.92212],[-93.65633,44.92118],[-93.66026,44.92028],[-93.659,44.91858],[-93.65973,44.91696],[-93.65248,44.91701],[-93.6518,44.91719],[-93.65143,44.91782],[-93.64897,44.91862],[-93.6443,44.9192],[-93.64074,44.91877],[-93.63883,44.92071],[-93.63696,44.92163],[-93.63679,44.92326],[-93.63534,44.92498],[-93.63366,44.9255],[-93.63315,44.92507],[-93.63286,44.92396],[-93.6326,44.92397],[-93.63267,44.92502],[-93.63442,44.92607],[-93.63458,44.92647],[-93.63383,44.9278],[-93.63122,44.93027],[-93.63106,44.93191],[-93.63068,44.93221],[-93.63102,44.93232],[-93.63055,44.93281],[-93.63433,44.93197],[-93.63817,44.93257],[-93.64178,44.93224],[-93.64392,44.93278],[-93.64534,44.93356],[-93.64564,44.93484],[-93.64425,44.93768],[-93.64459,44.93849],[-93.6454,44.93896],[-93.64541,44.94326],[-93.64474,44.94246],[-93.64216,44.94138],[-93.6412,44.94015],[-93.64123,44.94062],[-93.63928,44.94085],[-93.64125,44.94307],[-93.64374,44.94399],[-93.64447,44.94466],[-93.64537,44.94634],[-93.64536,44.94973],[-93.6447,44.95025],[-93.64542,44.9499]]]]}},
{"type":"Feature","id":"2395118","properties":{"id":"2395118","name":"Mounds View","kind":"city","counties":["Ramsey"],"population":12965,"label":[-93.20776,45.10714]},"geometry":{"type":"MultiPolygon","coordinates":[[[[-93.19888,45.12438],[-93.22787,45.12454],[-93.22772,45.11621],[-93.22296,45.11343],[-93.22296,45.11179],[-93.22486,45.11173],[-93.22483,45.11137],[-93.22765,45.11136],[-93.22763,45.09321],[-93.19841,45.09358],[-93.19823,45.08639],[-93.18827,45.08641],[-93.18861,45.11858],[-93.1988,45.11862],[-93.19888,45.12438]]]]}},
{"type":"Feature","id":"2395187","properties":{"id":"2395187","name":"New Brighton","kind":"city","counties":["Ramsey"],"population":23405,"label":[-93.20604,45.06586]},"geometry":{"type":"MultiPolygon","coordinates":[[[[-93.18827,45.08641],[-93.19823,45.08639],[-93.19841,45.09358],[-93.22763,45.09321],[-93.22682,45.05001],[-93.21824,45.05011],[-93.21829,45.0429],[-93.20817,45.04302],[-93.20821,45.0358],[-93.18769,45.03583],[-93.18772,45.04299],[-93.1826,45.043],[-93.18264,45.05024],[-93.18776,45.05022],[-93.18804,45.05971],[-93.18739,45.06099],[-93.1873,45.06297],[-93.18676,45.06441],[-93.18813,45.0644],[-93.18813,45.06468],[-93.18628,45.06473],[-93.18522,45.07589],[-93.18618,45.08382],[-93.18711,45.08641],[-93.18827,45.08641]]]]}},
{"type":"Feature","id":"2395201","properties":{"id":"2395201","name":"New Hope","kind":"city","counties":["Hennepin"],"population":21552,"label":[-93.38677,45.03722]},"geometry":{"type":"MultiPolygon","coordinates":[[[[-93.37026,45.0631],[-93.37021,45.06572],[-93.40069,45.06574],[-93.40075,45.00743],[-93.37031,45.00729],[-93.37027,45.01363],[-93.37516,45.01366],[-93.37516,45.01094],[-93.39039,45.01105],[-93.39044,45.01656],[-93.38541,45.01651],[-93.3854,45.0201],[-93.38028,45.0201],[-93.38029,45.01468],[-93.37772,45.01467],[-93.37776,45.01825],[-93.37276,45.01818],[-93.37271,45.02185],[-93.37017,45.02184],[-93.37028,45.03372],[-93.371,45.03373],[-93.37102,45.03645],[-93.37279,45.03646],[-93.37279,45.04374],[-93.37033,45.04372],[-93.3704,45.0473],[-93.37288,45.0473],[-93.37284,45.0538],[-93.37306,45.0538],[-93.37308,45.05202],[-93.37578,45.05206],[-93.37572,45.05384],[-93.37611,45.05384],[-93.37611,45.05477],[-93.37508,45.05476],[-93.37526,45.05838],[-93.37665,45.05839],[-93.37671,45.05563],[-93.37725,45.05562],[-93.37728,45.05478],[-93.3784,45.0548],[-93.37832,45.05828],[-93.38031,45.05829],[-93.38037,45.06198],[-93.37067,45.06195],[-93.37068,45.0611],[-93.37026,45.0611],[-93.37026,45.0631]],[[-93.38026,45.02196],[-93.38025,45.02694],[-93.37515,45.02689],[-93.37514,45.02193],[-93.38026,45.02196]]],[[[-93.36997,45.05568],[-93.37085,45.05569],[-93.37121,45.05378],[-93.37037,45.05378],[-93.37036,45.05477],[-93.37015,45.05477],[-93.37016,45.05377],[-93.36933,45.05377],[-93.36929,45.05478],[-93.36999,45.05478],[-93.36997,45.05568]]],[[[-93.37283,45.05623],[-93.37412,45.05624],[-93.37412,45.05478],[-93.37286,45.05477],[-93.37283,45.05623]]],[[[-93.37154,45.05477],[-93.37262,45.05476],[-93.37263,45.0538],[-93.37155,45.05379],[-93.37154,45.05477]]]]}},
{"type":"Feature","id":"665104","properties":{"id":"665104","name":"New Market","kind":"township","counties":["Scott"],"population":3551,"label":[-93.33937,44.58943]},"geometry":{"type":"MultiPolygon","coordinates":[[[[-93.40012,44.55113],[-93.40049,44.54386],[-93.32846,44.54402],[-93.32838,44.54604],[-93.33063,44.54607],[-93.33055,44.54768],[-93.32988,44.54769],[-93.32976,44.55145],[-93.32919,44.55146],[-93.32907,44.555],[-93.33406,44.55499],[-93.3341,44.55391],[-93.33915,44.55376],[-93.33894,44.55843],[-93.33766,44.55847],[-93.33765,44.55913],[-93.33843,44.55911],[-93.33822,44.56003],[-93.33891,44.56148],[-93.33883,44.56581],[-93.34388,44.56581],[-93.34395,44.56215],[-93.34903,44.56217],[-93.34912,44.55867],[-93.35417,44.55866],[-93.3541,44.56224],[-93.35034,44.56223],[-93.3503,44.56401],[-93.35407,44.56403],[-93.35403,44.56582],[-93.36405,44.56586],[-93.36397,44.56943],[-93.3627,44.56943],[-93.36261,44.57302],[-93.36179,44.57302],[-93.36178,44.57406],[-93.36115,44.57406],[-93.36134,44.57665],[-93.35868,44.57666],[-93.35866,44.57793],[-93.35765,44.57793],[-93.35766,44.57722],[-93.35382,44.57721],[-93.35378,44.58029],[-93.35128,44.58029],[-93.35129,44.57847],[-93.34368,44.57843],[-93.34371,44.57661],[-93.33857,44.57663],[-93.33868,44.57293],[-93.31383,44.57338],[-93.30858,44.57321],[-93.30864,44.55874],[-93.31892,44.5589],[-93.31893,44.55704],[-93.31719,44.55702],[-93.3172,44.55516],[-93.31893,44.55518],[-93.31894,44.55146],[-93.31998,44.55145],[-93.31998,44.55341],[-93.32121,44.55371],[-93.32209,44.55197],[-93.32333,44.55141],[-93.324,44.54402],[-93.27838,44.54403],[-93.27852,44.55118],[-93.27784,44.60896],[-93.27818,44.63076],[-93.35924,44.63073],[-93.37947,44.63045],[-93.39954,44.63063],[-93.3993,44.61639],[-93.39963,44.60201],[-93.3995,44.57285],[-93.40012,44.55113]],[[-93.37874,44.58021],[-93.3789,44.58396],[-93.36892,44.58392],[-93.36894,44.58759],[-93.3688,44.58392],[-93.35881,44.58393],[-93.35873,44.5803],[-93.36902,44.58025],[-93.369,44.57679],[-93.36384,44.57663],[-93.3738,44.57661],[-93.37379,44.58023],[-93.37874,44.58021]],[[-93.36911,44.55871],[-93.36892,44.56213],[-93.36738,44.56214],[-93.36747,44.56063],[-93.36822,44.55978],[-93.36837,44.55871],[-93.36911,44.55871]],[[-93.36811,44.5587],[-93.36799,44.55971],[-93.3672,44.56063],[-93.36712,44.56243],[-93.36546,44.56239],[-93.36272,44.56322],[-93.36102,44.5645],[-93.36098,44.56567],[-93.36002,44.56567],[-93.36006,44.56449],[-93.35909,44.56449],[-93.35929,44.55863],[-93.36811,44.5587]],[[-93.33854,44.58026],[-93.33116,44.58044],[-93.33115,44.58754],[-93.32863,44.58757],[-93.3287,44.58038],[-93.33854,44.58026]],[[-93.30701,44.57364],[-93.30697,44.57671],[-93.299,44.57658],[-93.29912,44.57533],[-93.30006,44.57366],[-93.30701,44.57364]],[[-93.29792,44.56571],[-93.29792,44.57062],[-93.29711,44.57227],[-93.29347,44.57126],[-93.29313,44.57179],[-93.29118,44.57065],[-93.29121,44.56929],[-93.28843,44.56928],[-93.28842,44.56965],[-93.28591,44.56927],[-93.28717,44.56928],[-93.28722,44.56568],[-93.29792,44.56571]]],[[[-93.32577,44.54457],[-93.32577,44.54402],[-93.3241,44.54402],[-93.3241,44.54457],[-93.32577,44.54457]]]]}},
{"type":"Feature","id":"2395227","properties":{"id":"2395227","name":"Newport","kind":"city","counties":["Washington"],"population":4501,"label":[-92.99752,44.87439]},"geometry":{"type":"MultiPolygon","coordinates":[[[[-92.98409,44.86196],[-92.98413,44.88743],[-92.9807,44.88743],[-92.98133,44.88651],[-92.98028,44.8865],[-92.98025,44.88547],[-92.97727,44.88382],[-92.97417,44.88385],[-92.97433,44.88927],[-92.97942,44.88922],[-92.97958,44.89463],[-92.98415,44.89461],[-92.98415,44.89099],[-93.01954,44.8908],[-93.0178,44.88754],[-93.01549,44.88132],[-93.01466,44.87791],[-93.01335,44.8694],[-93.01016,44.86577],[-93.00944,44.86374],[-93.00884,44.86062],[-93.00869,44.85763],[-93.009,44.85519],[-92.99419,44.85517],[-92.99205,44.85155],[-92.98403,44.85159],[-92.98409,44.86196]]]]}},
{"type":"Feature","id":"665126","properties":{"id":"665126","name":"Nininger","kind":"township","counties":["Dakota"],"population":854,"label":[-92.92866,44.74714]},"geometry":{"type":"MultiPolygon","coordinates":[[[[-92.90385,44.77387],[-92.91053,44.77461],[-92.91648,44.77604],[-92.91966,44.77739],[-92.92484,44.78047],[-92.92915,44.78137],[-92.93142,44.78124],[-92.93559,44.77959],[-92.93805,44.77741],[-92.93948,44.77511],[-92.94057,44.77257],[-92.94212,44.7707],[-92.94581,44.76876],[-92.95077,44.76711],[-92.95301,44.76678],[-92.96024,44.76749],[-92.96936,44.77011],[-92.97481,44.77232],[-92.97437,44.74996],[-92.97459,44.73138],[-92.97429,44.71684],[-92.89344,44.71683],[-92.89371,44.72401],[-92.89879,44.72403],[-92.8989,44.72764],[-92.89382,44.72764],[-92.89385,44.72857],[-92.89726,44.72856],[-92.89737,44.73134],[-92.89885,44.73135],[-92.89902,44.73489],[-92.90033,44.73489],[-92.90032,44.73587],[-92.89932,44.73587],[-92.89931,44.73651],[-92.89414,44.73648],[-92.89397,44.73857],[-92.8958,44.73864],[-92.89579,44.74165],[-92.89396,44.74179],[-92.89396,44.74576],[-92.88511,44.74576],[-92.8851,44.74673],[-92.88583,44.74673],[-92.88583,44.74738],[-92.88476,44.74737],[-92.88477,44.74661],[-92.88394,44.74669],[-92.88369,44.75928],[-92.88203,44.75775],[-92.87997,44.75659],[-92.87926,44.75569],[-92.87714,44.75443],[-92.86632,44.76044],[-92.87749,44.77226],[-92.88191,44.77513],[-92.88488,44.77559],[-92.89318,44.77412],[-92.89815,44.77379],[-92.90385,44.77387]]],[[[-92.88495,44.71949],[-92.88677,44.71953],[-92.88848,44.71861],[-92.88848,44.71684],[-92.88347,44.71683],[-92.88356,44.71947],[-92.88495,44.71949]]]]}},
{"type":"Feature","id":"2395259","properties":{"id":"2395259","name":"North Oaks","kind":"city","counties":["Ramsey"],"population":5195,"label":[-93.08812,45.10018]},"geometry":{"type":"MultiPolygon","coordinates":[[[[-93.05642,45.12403],[-93.08678,45.12408],[-93.08677,45.1189],[-93.09698,45.11898],[-93.09698,45.11545],[-93.10668,45.11562],[-93.10666,45.11197],[-93.11187,45.11194],[-93.11178,45.10829],[-93.12723,45.10823],[-93.12699,45.09167],[-93.12607,45.09054],[-93.12337,45.0884],[-93.11691,45.08836],[-93.11685,45.08291],[-93.11886,45.0829],[-93.11712,45.07943],[-93.10648,45.07913],[-93.07488,45.07932],[-93.06702,45.08406],[-93.06043,45.08546],[-93.05615,45.08726],[-93.05642,45.12403]]]]}},
{"type":"Feature","id":"2395261","properties":{"id":"2395261","name":"North Saint Paul","kind":"city","counties":["Ramsey"],"population":12486,"label":[-92.99948,45.01369]},"geometry":{"type":"MultiPolygon","coordinates":[[[[-92.98469,45.02901],[-92.98533,45.02928],[-92.98651,45.02916],[-92.98649,45.02984],[-92.98777,45.03022],[-92.98764,45.02962],[-92.99036,45.02957],[-92.99038,45.03102],[-92.9913,45.03081],[-92.99166,45.03191],[-92.99491,45.03188],[-92.99489,45.02831],[-93.00506,45.02817],[-93.00504,45.02637],[-93.01516,45.02624],[-93.01508,45.01085],[-93.01548,45.01069],[-93.01548,45.0102],[-93.01508,45.0102],[-93.01505,45.00521],[-93.01618,45.00479],[-93.0162,45.00366],[-93.01506,45.00365],[-93.0151,44.9991],[-92.99747,44.99931],[-92.99752,44.99575],[-92.99483,44.9957],[-92.99483,44.99933],[-92.98472,44.99949],[-92.98469,45.02901]]]]}},
{"type":"Feature","id":"2437910","properties":{"id":"2437910","name":"Nowthen","kind":"city","counties":["Anoka"],"population":4517,"label":[-93.44954,45.34206]},"geometry":{"type":"MultiPolygon","coordinates":[[[[-93.38863,45.3847],[-93.50992,45.38562],[-93.51024,45.34254],[-93.51109,45.29931],[-93.38853,45.29891],[-93.38863,45.3847]]]]}},
{"type":"Feature","id":"2395282","properties":{"id":"2395282","name":"Oak Grove","kind":"city","counties":["Anoka"],"population":9102,"label":[-93.32645,45.34095]},"geometry":{"type":"MultiPolygon","coordinates":[[[[-93.26532,45.38476],[-93.35245,45.38489],[-93.35252,45.37793],[-93.37818,45.37828],[-93.37813,45.3815],[-93.37338,45.38147],[-93.37331,45.38473],[-93.38863,45.3847],[-93.38853,45.29891],[-93.32665,45.29801],[-93.26538,45.29807],[-93.26592,45.33398],[-93.26532,45.38476]]]]}},
{"type":"Feature","id":"2395285","properties":{"id":"2395285","name":"Oak Park Heights","kind":"city","counties":["Washington"],"population":4776,"label":[-92.81009,45.03243]},"geometry":{"type":"MultiPolygon","coordinates":[[[[-92.85865,45.03153],[-92.85857,45.02882],[-92.85399,45.02887],[-92.85622,45.02634],[-92.83806,45.02652],[-92.83801,45.02533],[-92.83293,45.02527],[-92.83282,45.02888],[-92.82269,45.02878],[-92.8226,45.02519],[-92.81758,45.02519],[-92.8175,45.0288],[-92.80741,45.02883],[-92.80725,45.02146],[-92.7954,45.02149],[-92.79342,45.02448],[-92.79202,45.02558],[-92.79177,45.02847],[-92.79117,45.0301],[-92.78598,45.0302],[-92.78491,45.02884],[-92.76458,45.02889],[-92.77147,45.0349],[-92.77597,45.03787],[-92.78328,45.04182],[-92.7855,45.0428],[-92.79555,45.04279],[-92.79589,45.04436],[-92.79671,45.04435],[-92.79671,45.04279],[-92.80251,45.04282],[-92.80252,45.04014],[-92.803,45.04014],[-92.80299,45.03964],[-92.80252,45.03964],[-92.80252,45.03916],[-92.80019,45.03917],[-92.80015,45.03628],[-92.8051,45.03631],[-92.80525,45.03915],[-92.81272,45.03915],[-92.81269,45.03564],[-92.84343,45.0363],[-92.84343,45.036],[-92.85455,45.0361],[-92.85456,45.03552],[-92.85561,45.03549],[-92.85474,45.03543],[-92.85627,45.03417],[-92.85803,45.03168],[-92.85865,45.03153]]],[[[-92.80116,45.03909],[-92.80116,45.0387],[-92.80067,45.03871],[-92.80068,45.03909],[-92.80116,45.03909]]],[[[-92.80761,45.04284],[-92.80763,45.04112],[-92.80637,45.04112],[-92.80637,45.042],[-92.80375,45.04199],[-92.80374,45.04282],[-92.80761,45.04284]],[[-92.80569,45.04236],[-92.80567,45.04272],[-92.805,45.04272],[-92.80501,45.04236],[-92.80569,45.04236]]]]}},
{"type":"Feature","id":"2395287","properties":{"id":"2395287","name":"Oakdale","kind":"city","counties":["Washington"],"population":27858,"label":[-92.96416,44.98744]},"geometry":{"type":"MultiPolygon","coordinates":[[[[-92.96476,45.03211],[-92.96872,45.03322],[-92.97799,45.03397],[-92.98478,45.03542],[-92.98455,44.94871],[-92.98277,44.94847],[-92.9542,44.94913],[-92.93419,44.94906],[-92.93385,44.95442],[-92.93398,44.96342],[-92.94404,44.96339],[-92.94397,45.00679],[-92.94428,45.00679],[-92.94428,45.01337],[-92.94489,45.01403],[-92.94728,45.01511],[-92.94884,45.01805],[-92.949,45.01958],[-92.94977,45.02123],[-92.95414,45.02112],[-92.95422,45.02883],[-92.9601,45.02656],[-92.96466,45.02683],[-92.96476,45.03211]],[[-92.97345,44.9524],[-92.97344,44.94902],[-92.98313,44.94898],[-92.98319,44.94988],[-92.97973,44.94984],[-92.97969,44.95246],[-92.97345,44.9524]]]]}},
{"type":"Feature","id":"2396081","properties":{"id":"2396081","name":"Orono","kind":"city","counties":["Hennepin"],"population":8447,"label":[-93.59005,44.9647]},"geometry":{"type":"MultiPolygon","coordinates":[[[[-93.57606,44.99998],[-93.61458,45.00057],[-93.64562,45.00046],[-93.64542,44.9499],[-93.64468,44.9502],[-93.64536,44.94973],[-93.64537,44.94634],[-93.64402,44.94416],[-93.64125,44.94307],[-93.63928,44.94085],[-93.64123,44.94062],[-93.6412,44.94015],[-93.64216,44.94138],[-93.64474,44.94246],[-93.64541,44.94326],[-93.6454,44.93896],[-93.64459,44.93849],[-93.64425,44.93768],[-93.64419,44.93825],[-93.6438,44.93844],[-93.6412,44.93831],[-93.63895,44.93753],[-93.63565,44.93833],[-93.63248,44.93703],[-93.6262,44.93672],[-93.62552,44.93694],[-93.62439,44.93798],[-93.62263,44.9408],[-93.62082,44.94159],[-93.61996,44.94105],[-93.62097,44.94216],[-93.61929,44.94218],[-93.61771,44.94171],[-93.61737,44.94188],[-93.61764,44.94231],[-93.617,44.9418],[-93.61676,44.94233],[-93.61588,44.94061],[-93.61988,44.94055],[-93.61983,44.93807],[-93.61932,44.93804],[-93.61929,44.93689],[-93.62227,44.93625],[-93.62228,44.93468],[-93.62324,44.93467],[-93.62345,44.92226],[-93.62166,44.92044],[-93.61845,44.91814],[-93.61647,44.9174],[-93.61369,44.91695],[-93.60877,44.91748],[-93.60515,44.91888],[-93.59901,44.92286],[-93.59468,44.92682],[-93.59295,44.92886],[-93.59073,44.92937],[-93.58811,44.92937],[-93.58544,44.92851],[-93.58248,44.92654],[-93.57865,44.92309],[-93.57664,44.92214],[-93.56199,44.92216],[-93.55985,44.92317],[-93.54315,44.93478],[-93.54296,44.96376],[-93.54392,44.96397],[-93.54392,44.96525],[-93.54299,44.96525],[-93.54299,44.96562],[-93.54428,44.96658],[-93.54299,44.96658],[-93.543,44.97447],[-93.54812,44.97452],[-93.54812,44.97603],[-93.543,44.97599],[-93.54301,44.97649],[-93.548,44.97916],[-93.54418,44.97915],[-93.54289,44.97846],[-93.54288,44.97808],[-93.52649,44.97805],[-93.5265,44.97737],[-93.52496,44.97805],[-93.52262,44.97804],[-93.52241,44.99978],[-93.5636,44.99945],[-93.57606,44.99998]],[[-93.56922,44.98935],[-93.56052,44.98531],[-93.56053,44.98447],[-93.55731,44.98467],[-93.5573,44.98672],[-93.55266,44.98752],[-93.55009,44.98755],[-93.54997,44.98485],[-93.54831,44.98382],[-93.54581,44.98086],[-93.55095,44.98037],[-93.55517,44.98236],[-93.56181,44.98352],[-93.56181,44.98305],[-93.56095,44.9829],[-93.56118,44.9825],[-93.56053,44.98242],[-93.5604,44.98281],[-93.55839,44.98247],[-93.55836,44.98086],[-93.56226,44.97987],[-93.56322,44.98061],[-93.56599,44.98017],[-93.5675,44.97964],[-93.5683,44.97871],[-93.56833,44.97826],[-93.57367,44.97797],[-93.57365,44.98026],[-93.5751,44.97997],[-93.57516,44.97831],[-93.57713,44.97831],[-93.57841,44.97904],[-93.58158,44.97832],[-93.58162,44.98283],[-93.58123,44.98281],[-93.58118,44.98508],[-93.58392,44.98508],[-93.58392,44.98546],[-93.58824,44.98554],[-93.5882,44.98924],[-93.57883,44.98911],[-93.57881,44.98872],[-93.57768,44.98842],[-93.57376,44.98823],[-93.57374,44.98936],[-93.56922,44.98935]],[[-93.59626,44.94245],[-93.594,44.94466],[-93.593,44.945],[-93.5914,44.94443],[-93.58852,44.94157],[-93.58689,44.94094],[-93.58303,44.9415],[-93.58177,44.94208],[-93.58056,44.9435],[-93.58,44.94355],[-93.57933,44.94292],[-93.57788,44.94241],[-93.57687,44.94136],[-93.57582,44.93964],[-93.57539,44.93829],[-93.57886,44.93552],[-93.57855,44.93125],[-93.57904,44.93162],[-93.57928,44.93274],[-93.5828,44.93486],[-93.58339,44.93592],[-93.58336,44.93717],[-93.58394,44.93824],[-93.58963,44.93935],[-93.59327,44.93931],[-93.60013,44.93824],[-93.60107,44.93775],[-93.60145,44.93682],[-93.60134,44.93627],[-93.60041,44.9353],[-93.60039,44.93467],[-93.60442,44.93467],[-93.60438,44.94078],[-93.60064,44.94127],[-93.59626,44.94245]]]]}},
{"type":"Feature","id":"2396098","properties":{"id":"2396098","name":"Osseo","kind":"city","counties":["Hennepin"],"population":2642,"label":[-93.39931,45.11789]},"geometry":{"type":"MultiPolygon","coordinates":[[[[-93.40217,45.12325],[-93.4072,45.12333],[-93.40721,45.12237],[-93.40871,45.1224],[-93.40873,45.12193],[-93.4096,45.12194],[-93.40957,45.12336],[-93.41362,45.12342],[-93.41359,45.12044],[-93.41054,45.11954],[-93.40722,45.11947],[-93.40726,45.11617],[-93.40506,45.11612],[-93.40506,45.11554],[-93.40346,45.11553],[-93.40349,45.1107],[-93.39829,45.11069],[-93.3974,45.10972],[-93.39551,45.10973],[-93.39621,45.11069],[-93.39181,45.11077],[-93.39119,45.11472],[-93.3892,45.12109],[-93.38899,45.12331],[-93.40217,45.12325]]]]}},
{"type":"Feature","id":"2396105","properties":{"id":"2396105","name":"Otsego","kind":"city","counties":["Wright"],"population":22705,"label":[-93.61994,45.26599]},"geometry":{"type":"MultiPolygon","coordinates":[[[[-93.71472,45.26668],[-93.71471,45.26523],[-93.70446,45.25965],[-93.70426,45.23803],[-93.68392,45.23802],[-93.68379,45.25227],[-93.66329,45.25258],[-93.64295,45.25245],[-93.64298,45.24062],[-93.64624,45.24061],[-93.64623,45.23858],[-93.64796,45.23938],[-93.64796,45.23796],[-93.55535,45.23807],[-93.55255,45.23147],[-93.55242,45.22688],[-93.54887,45.2265],[-93.54782,45.22676],[-93.54585,45.22864],[-93.54393,45.23084],[-93.54323,45.2322],[-93.54258,45.23262],[-93.54162,45.23246],[-93.54023,45.23108],[-93.5352,45.23134],[-93.53436,45.23112],[-93.53396,45.23067],[-93.53421,45.22856],[-93.53347,45.22713],[-93.5331,45.22528],[-93.53122,45.22294],[-93.53044,45.22248],[-93.52906,45.22232],[-93.52722,45.22323],[-93.5256,45.22495],[-93.52545,45.22691],[-93.52646,45.22865],[-93.52641,45.22918],[-93.52484,45.23102],[-93.52155,45.23276],[-93.52124,45.23626],[-93.51988,45.23869],[-93.51954,45.23878],[-93.52004,45.24231],[-93.52129,45.24276],[-93.52202,45.24363],[-93.52217,45.24499],[-93.52177,45.24661],[-93.52334,45.24737],[-93.52513,45.24996],[-93.52659,45.2513],[-93.52838,45.25263],[-93.5316,45.25428],[-93.53814,45.25508],[-93.54056,45.25585],[-93.54459,45.25848],[-93.54821,45.26239],[-93.55124,45.26432],[-93.5522,45.26527],[-93.5533,45.26766],[-93.5543,45.27997],[-93.55576,45.28499],[-93.55748,45.288],[-93.56036,45.2917],[-93.56197,45.29855],[-93.56247,45.29961],[-93.56369,45.3011],[-93.56596,45.30182],[-93.56901,45.3019],[-93.57073,45.30124],[-93.57182,45.29983],[-93.57196,45.29703],[-93.57265,45.29549],[-93.5753,45.29357],[-93.57943,45.29217],[-93.58198,45.29193],[-93.58952,45.29278],[-93.60278,45.29208],[-93.61266,45.29277],[-93.61883,45.29464],[-93.62745,45.29651],[-93.6382,45.29588],[-93.64386,45.29637],[-93.64665,45.2962],[-93.6504,45.29535],[-93.65485,45.29549],[-93.65923,45.29605],[-93.66448,45.29534],[-93.66982,45.29529],[-93.67247,45.29595],[-93.67505,45.29709],[-93.67907,45.29973],[-93.68038,45.30083],[-93.68158,45.30301],[-93.68295,45.3044],[-93.68468,45.30504],[-93.68682,45.3049],[-93.68861,45.304],[-93.69175,45.30103],[-93.69326,45.29999],[-93.70439,45.2979],[-93.7046,45.26664],[-93.71472,45.26668]]]]}},
{"type":"Feature","id":"2396211","properties":{"id":"2396211","name":"Pine Springs","kind":"city","counties":["Washington"],"population":370,"label":[-92.95431,45.03686]},"geometry":{"type":"MultiPolygon","coordinates":[[[[-92.94459,45.04684],[-92.95478,45.0469],[-92.95478,45.04316],[-92.9599,45.04313],[-92.95981,45.03584],[-92.96483,45.03583],[-92.96466,45.02683],[-92.96093,45.02648],[-92.95914,45.02678],[-92.95156,45.03003],[-92.95054,45.03084],[-92.94814,45.03445],[-92.94584,45.03588],[-92.94469,45.03588],[-92.94459,45.04684]]]]}},
{"type":"Feature","id":"2396242","properties":{"id":"2396242","name":"Plymouth","kind":"city","counties":["Hennepin"],"population":80762,"label":[-93.46129,45.02226]},"geometry":{"type":"MultiPolygon","coordinates":[[[[-93.40069,45.06574],[-93.43959,45.06565],[-93.43959,45.06587],[-93.4405,45.06587],[-93.44053,45.06529],[-93.4412,45.06469],[-93.44666,45.06642],[-93.44725,45.06568],[-93.51736,45.06562],[-93.51736,45.06488],[-93.519,45.06544],[-93.52204,45.06563],[-93.52237,45.04212],[-93.5215,45.04157],[-93.52239,45.04161],[-93.52266,45.03627],[-93.52226,45.02163],[-93.52266,44.98161],[-93.51197,44.98179],[-93.51194,44.98],[-93.51136,44.98005],[-93.51069,44.97929],[-93.51051,44.97822],[-93.5086,44.97824],[-93.50217,44.98197],[-93.50218,44.9784],[-93.43098,44.97876],[-93.40052,44.97851],[-93.40069,45.06574]],[[-93.4247,45.00358],[-93.42259,45.00376],[-93.42132,45.00333],[-93.41888,45.00094],[-93.4164,44.99919],[-93.4168,44.99734],[-93.41532,44.99625],[-93.4159,44.99587],[-93.41542,44.99558],[-93.41576,44.99532],[-93.41457,44.9949],[-93.41506,44.99434],[-93.41577,44.99461],[-93.4158,44.99372],[-93.41696,44.99366],[-93.41695,44.9932],[-93.4158,44.9929],[-93.41754,44.99282],[-93.41779,44.99209],[-93.42092,44.99206],[-93.42089,44.99274],[-93.4192,44.99277],[-93.41923,44.99306],[-93.42141,44.99307],[-93.42141,44.99555],[-93.41993,44.99701],[-93.41989,44.99901],[-93.42098,45.00044],[-93.42418,45.00109],[-93.42658,45.00212],[-93.42609,45.00307],[-93.4247,45.00358]]]]}},
{"type":"Feature","id":"2396284","properties":{"id":"2396284","name":"Prior Lake","kind":"city","counties":["Scott"],"population":27855,"label":[-93.44102,44.72536]},"geometry":{"type":"MultiPolygon","coordinates":[[[[-93.51195,44.71056],[-93.51202,44.70692],[-93.50668,44.70704],[-93.50671,44.70361],[-93.50536,44.70362],[-93.50531,44.70702],[-93.50188,44.70706],[-93.50164,44.70746],[-93.50187,44.70754],[-93.5015,44.70786],[-93.49878,44.70811],[-93.50114,44.70899],[-93.50159,44.70871],[-93.50152,44.70797],[-93.502,44.70759],[-93.50362,44.70852],[-93.50446,44.71044],[-93.50323,44.71002],[-93.50129,44.71045],[-93.50026,44.70958],[-93.49912,44.70944],[-93.49835,44.70898],[-93.49543,44.70868],[-93.49542,44.70794],[-93.49641,44.70723],[-93.49647,44.70631],[-93.49719,44.70602],[-93.49645,44.7052],[-93.49671,44.704],[-93.5006,44.70439],[-93.50062,44.70365],[-93.49555,44.70364],[-93.49575,44.69631],[-93.48778,44.69628],[-93.48793,44.69708],[-93.4877,44.69742],[-93.48669,44.69777],[-93.4867,44.69813],[-93.48745,44.69832],[-93.48779,44.69914],[-93.48792,44.70052],[-93.48744,44.70237],[-93.48667,44.70327],[-93.4837,44.70528],[-93.48179,44.706],[-93.47825,44.70624],[-93.47475,44.70569],[-93.46937,44.70643],[-93.4637,44.70593],[-93.46382,44.70574],[-93.4634,44.70572],[-93.46104,44.70389],[-93.46138,44.70364],[-93.46083,44.70316],[-93.45834,44.70277],[-93.45673,44.7022],[-93.45643,44.70167],[-93.45692,44.6992],[-93.45993,44.69811],[-93.46038,44.6955],[-93.45976,44.69526],[-93.44103,44.70338],[-93.43957,44.70345],[-93.44464,44.70162],[-93.44869,44.69969],[-93.44851,44.69948],[-93.45024,44.69904],[-93.45974,44.69477],[-93.46018,44.6942],[-93.46022,44.69309],[-93.45802,44.69312],[-93.45803,44.69268],[-93.45687,44.69256],[-93.45688,44.69212],[-93.46024,44.69206],[-93.46032,44.68845],[-93.45272,44.68865],[-93.45278,44.69029],[-93.45003,44.69044],[-93.45128,44.69061],[-93.45124,44.69269],[-93.44997,44.69271],[-93.44998,44.6918],[-93.4468,44.69189],[-93.4468,44.69232],[-93.44538,44.69235],[-93.44462,44.69354],[-93.44637,44.6945],[-93.44553,44.69601],[-93.43971,44.69625],[-93.43955,44.70171],[-93.43802,44.70145],[-93.43674,44.7023],[-93.43452,44.70279],[-93.43404,44.70243],[-93.43542,44.69881],[-93.43454,44.69881],[-93.43458,44.69612],[-93.42951,44.69616],[-93.42954,44.69228],[-93.42495,44.69229],[-93.42492,44.69562],[-93.4261,44.69618],[-93.42588,44.69618],[-93.42259,44.69446],[-93.41424,44.69435],[-93.41427,44.69124],[-93.41507,44.69127],[-93.41643,44.68994],[-93.41683,44.68939],[-93.41616,44.68913],[-93.41636,44.68898],[-93.40417,44.68878],[-93.40415,44.69059],[-93.40668,44.69063],[-93.40667,44.69244],[-93.40415,44.6924],[-93.40412,44.69339],[-93.40377,44.69396],[-93.39892,44.6985],[-93.40226,44.69548],[-93.40662,44.69553],[-93.40661,44.69604],[-93.40586,44.69695],[-93.40584,44.69777],[-93.40518,44.69776],[-93.40451,44.69858],[-93.40582,44.69859],[-93.40581,44.69907],[-93.40118,44.699],[-93.40116,44.69966],[-93.39889,44.69963],[-93.39892,44.69854],[-93.39863,44.70088],[-93.39779,44.70214],[-93.39533,44.70122],[-93.39528,44.70318],[-93.39709,44.70319],[-93.39711,44.70698],[-93.39884,44.70699],[-93.39877,44.72776],[-93.38977,44.73167],[-93.38648,44.73367],[-93.38025,44.74165],[-93.37974,44.74302],[-93.37951,44.74629],[-93.39904,44.74653],[-93.39901,44.75377],[-93.41933,44.7539],[-93.4193,44.76124],[-93.42933,44.76125],[-93.42931,44.75761],[-93.43958,44.75762],[-93.43968,44.75403],[-93.44946,44.75392],[-93.44936,44.75768],[-93.4596,44.7577],[-93.45954,44.75391],[-93.47978,44.75391],[-93.48013,44.73228],[-93.49037,44.73206],[-93.49042,44.71764],[-93.5057,44.71772],[-93.5057,44.71574],[-93.50812,44.71573],[-93.5081,44.71411],[-93.51064,44.71409],[-93.51062,44.71057],[-93.51195,44.71056]],[[-93.40409,44.69415],[-93.40409,44.6942],[-93.40372,44.69419],[-93.40409,44.69415]],[[-93.49085,44.70697],[-93.49062,44.7071],[-93.49063,44.7105],[-93.48035,44.71056],[-93.48041,44.70812],[-93.48533,44.70811],[-93.48535,44.70701],[-93.49042,44.70705],[-93.49044,44.70634],[-93.49085,44.70697]],[[-93.49033,44.71277],[-93.49024,44.71764],[-93.48515,44.71761],[-93.48522,44.71408],[-93.48701,44.71409],[-93.48703,44.71275],[-93.49033,44.71277]]]]}},
{"type":"Feature","id":"2396311","properties":{"id":"2396311","name":"Ramsey","kind":"city","counties":["Anoka"],"population":28712,"label":[-93.44935,45.26174]},"geometry":{"type":"MultiPolygon","coordinates":[[[[-93.38853,45.29891],[-93.51109,45.29931],[-93.51251,45.25589],[-93.51232,45.24575],[-93.50291,45.24229],[-93.50132,45.24143],[-93.49868,45.23843],[-93.49776,45.23612],[-93.49634,45.23402],[-93.49069,45.22944],[-93.48541,45.22594],[-93.48163,45.22516],[-93.47659,45.22523],[-93.46995,45.22597],[-93.46677,45.22566],[-93.46503,45.2252],[-93.45902,45.22117],[-93.45702,45.22027],[-93.45082,45.21921],[-93.44459,45.21685],[-93.44087,45.21675],[-93.43427,45.21819],[-93.43185,45.21773],[-93.42602,45.21502],[-93.42255,45.21596],[-93.42159,45.21725],[-93.42184,45.21731],[-93.42171,45.21762],[-93.42097,45.21784],[-93.42017,45.21747],[-93.41957,45.21877],[-93.41964,45.21947],[-93.42022,45.21946],[-93.42022,45.22663],[-93.41929,45.22655],[-93.41704,45.22532],[-93.41628,45.2252],[-93.39868,45.22404],[-93.39703,45.22434],[-93.39573,45.22311],[-93.39207,45.22311],[-93.39103,45.22382],[-93.38975,45.22334],[-93.39119,45.22436],[-93.39185,45.22531],[-93.38931,45.22915],[-93.38925,45.22999],[-93.38984,45.23039],[-93.39312,45.23105],[-93.39591,45.23249],[-93.39633,45.23321],[-93.39555,45.23485],[-93.39588,45.23733],[-93.39479,45.23866],[-93.39263,45.23852],[-93.3905,45.2389],[-93.38996,45.23958],[-93.38943,45.24184],[-93.38837,45.24332],[-93.38671,45.24442],[-93.38585,45.24463],[-93.38271,45.24472],[-93.38111,45.24575],[-93.38024,45.24742],[-93.38096,45.24874],[-93.38373,45.25014],[-93.38469,45.25118],[-93.38475,45.25167],[-93.38376,45.25391],[-93.38425,45.25487],[-93.38606,45.25552],[-93.38818,45.25575],[-93.39119,45.25477],[-93.39237,45.25499],[-93.39344,45.25598],[-93.39318,45.25792],[-93.3935,45.25847],[-93.39585,45.25848],[-93.39765,45.2594],[-93.39803,45.26054],[-93.39764,45.26315],[-93.40125,45.26422],[-93.40215,45.26487],[-93.40227,45.26737],[-93.40134,45.27114],[-93.40215,45.27181],[-93.40481,45.27218],[-93.40613,45.27298],[-93.4062,45.27519],[-93.4067,45.27656],[-93.40607,45.27836],[-93.40689,45.28008],[-93.40705,45.28151],[-93.40634,45.28237],[-93.40393,45.28279],[-93.40282,45.28359],[-93.4031,45.28582],[-93.40086,45.28912],[-93.39982,45.28944],[-93.39698,45.28846],[-93.3939,45.28982],[-93.38939,45.29128],[-93.3866,45.29053],[-93.38277,45.2906],[-93.38216,45.29034],[-93.38176,45.28876],[-93.38068,45.28717],[-93.37921,45.2856],[-93.37729,45.28486],[-93.3746,45.2852],[-93.37246,45.28489],[-93.37092,45.28434],[-93.37015,45.28306],[-93.36961,45.28277],[-93.36896,45.28288],[-93.36839,45.28344],[-93.36801,45.28515],[-93.36863,45.28638],[-93.37018,45.28607],[-93.3714,45.28654],[-93.3726,45.28788],[-93.37302,45.28995],[-93.37342,45.29041],[-93.3745,45.29109],[-93.37608,45.29132],[-93.3762,45.29163],[-93.37526,45.29252],[-93.37471,45.29261],[-93.37342,45.29246],[-93.37098,45.29136],[-93.36932,45.29175],[-93.36939,45.29228],[-93.37139,45.29251],[-93.37191,45.29283],[-93.3718,45.29326],[-93.37077,45.29364],[-93.37046,45.29415],[-93.3704,45.29479],[-93.37078,45.29535],[-93.37141,45.29548],[-93.37377,45.29463],[-93.37474,45.29488],[-93.37751,45.2972],[-93.37748,45.29875],[-93.38853,45.29891]]]]}},
{"type":"Feature","id":"665381","properties":{"id":"665381","name":"Ravenna","kind":"township","counties":["Dakota"],"population":2311,"label":[-92.76725,44.68323]},"geometry":{"type":"MultiPolygon","coordinates":[[[[-92.80251,44.7459],[-92.80813,44.74714],[-92.81265,44.74775],[-92.81261,44.7167],[-92.79252,44.71666],[-92.79267,44.62975],[-92.73239,44.62946],[-92.73262,44.67273],[-92.73226,44.71394],[-92.73687,44.71675],[-92.74103,44.71853],[-92.75161,44.72245],[-92.75435,44.72302],[-92.76084,44.72562],[-92.76565,44.72914],[-92.77248,44.73228],[-92.78508,44.73631],[-92.7915,44.73882],[-92.79537,44.74089],[-92.80251,44.7459]]]]}},
{"type":"Feature","id":"2396362","properties":{"id":"2396362","name":"Richfield","kind":"city","counties":["Hennepin"],"population":36543,"label":[-93.28307,44.8764]},"geometry":{"type":"MultiPolygon","coordinates":[[[[-93.31876,44.87636],[-93.31883,44.8619],[-93.24794,44.86194],[-93.24794,44.87811],[-93.24656,44.87811],[-93.24646,44.88008],[-93.24573,44.8818],[-93.24507,44.88213],[-93.24483,44.88266],[-93.24574,44.88352],[-93.24651,44.88351],[-93.24647,44.88877],[-93.24786,44.88876],[-93.2478,44.89072],[-93.31884,44.8908],[-93.31876,44.87636]]]]}},
{"type":"Feature","id":"2396388","properties":{"id":"2396388","name":"Robbinsdale","kind":"city","counties":["Hennepin"],"population":14986,"label":[-93.3332,45.02608]},"geometry":{"type":"MultiPolygon","coordinates":[[[[-93.35627,45.03272],[-93.35626,45.02536],[-93.34957,45.02535],[-93.34962,45.02052],[-93.33377,45.02057],[-93.33388,45.00612],[-93.31859,45.00607],[-93.31846,45.02052],[-93.31888,45.03546],[-93.3193,45.03546],[-93.31943,45.04043],[-93.32959,45.04041],[-93.3305,45.0423],[-93.33467,45.04038],[-93.33984,45.04034],[-93.33984,45.04],[-93.35006,45.03994],[-93.35001,45.03545],[-93.34944,45.03544],[-93.34948,45.03263],[-93.35627,45.03272]]]]}},
{"type":"Feature","id":"665436","properties":{"id":"665436","name":"Rockford","kind":"township","counties":["Wright"],"population":3583,"label":[-93.80202,45.12138]},"geometry":{"type":"MultiPolygon","coordinates":[[[[-93.8905,45.10833],[-93.88849,45.10655],[-93.88752,45.10407],[-93.88673,45.10415],[-93.88649,45.10609],[-93.88491,45.10648],[-93.88417,45.10525],[-93.88512,45.10354],[-93.8848,45.10167],[-93.88257,45.10082],[-93.88235,45.09996],[-93.88076,45.0999],[-93.87998,45.09955],[-93.87962,45.09898],[-93.87981,45.09823],[-93.87828,45.09897],[-93.87685,45.09845],[-93.87549,45.0998],[-93.87448,45.10009],[-93.87344,45.0995],[-93.87262,45.09793],[-93.8708,45.09739],[-93.87145,45.09252],[-93.86996,45.08985],[-93.86883,45.08953],[-93.8677,45.0897],[-93.86651,45.09135],[-93.86528,45.09234],[-93.86463,45.09227],[-93.86369,45.09151],[-93.86224,45.08934],[-93.86235,45.08583],[-93.86077,45.08548],[-93.8587,45.08434],[-93.85646,45.08453],[-93.85654,45.08412],[-93.85881,45.08158],[-93.85905,45.08063],[-93.85842,45.0801],[-93.85756,45.08],[-93.85639,45.08043],[-93.85579,45.08107],[-93.85527,45.08097],[-93.85514,45.08022],[-93.8559,45.07829],[-93.85515,45.07598],[-93.85467,45.07601],[-93.85239,45.07752],[-93.85112,45.0778],[-93.85014,45.07748],[-93.84976,45.07642],[-93.84894,45.07605],[-93.84716,45.07606],[-93.84374,45.07696],[-93.84056,45.07586],[-93.83971,45.07589],[-93.83912,45.07672],[-93.84,45.07787],[-93.83992,45.07836],[-93.8394,45.07844],[-93.83759,45.07778],[-93.83677,45.07973],[-93.83574,45.08083],[-93.83664,45.08169],[-93.83654,45.08248],[-93.8369,45.08347],[-93.83553,45.08416],[-93.83489,45.08522],[-93.83223,45.08554],[-93.83147,45.08595],[-93.83039,45.08535],[-93.82606,45.08496],[-93.82511,45.08436],[-93.82396,45.08543],[-93.8221,45.0847],[-93.82013,45.08444],[-93.81955,45.08473],[-93.81958,45.08536],[-93.82024,45.08577],[-93.82146,45.08568],[-93.82153,45.08598],[-93.82077,45.0865],[-93.8171,45.0871],[-93.81632,45.08683],[-93.81525,45.08529],[-93.8145,45.08482],[-93.8099,45.0846],[-93.80885,45.08309],[-93.80729,45.08304],[-93.80714,45.08341],[-93.80797,45.08454],[-93.80797,45.08569],[-93.80587,45.08716],[-93.80121,45.08772],[-93.79712,45.08693],[-93.79423,45.08743],[-93.79328,45.08789],[-93.79434,45.08938],[-93.79413,45.09016],[-93.79347,45.09069],[-93.79065,45.08932],[-93.78942,45.08953],[-93.78938,45.09001],[-93.79088,45.09266],[-93.79101,45.09435],[-93.79182,45.09605],[-93.79181,45.09679],[-93.79128,45.09703],[-93.78977,45.09592],[-93.78679,45.0947],[-93.78121,45.09394],[-93.77745,45.09291],[-93.77458,45.0909],[-93.77269,45.09005],[-93.77142,45.09007],[-93.77067,45.09126],[-93.76966,45.09178],[-93.76732,45.0915],[-93.76548,45.09013],[-93.7626,45.08699],[-93.76223,45.08607],[-93.76273,45.08511],[-93.76561,45.08432],[-93.76567,45.08389],[-93.76488,45.08361],[-93.76368,45.08413],[-93.76244,45.08389],[-93.76197,45.08321],[-93.76241,45.08189],[-93.76171,45.08154],[-93.75981,45.08263],[-93.75804,45.08274],[-93.75743,45.08243],[-93.75706,45.08102],[-93.75591,45.08016],[-93.74966,45.07896],[-93.74968,45.08204],[-93.75249,45.08092],[-93.75248,45.07962],[-93.7563,45.0805],[-93.75672,45.08101],[-93.75703,45.08243],[-93.75763,45.08278],[-93.75961,45.08297],[-93.76202,45.08178],[-93.76157,45.08312],[-93.76201,45.08374],[-93.76352,45.08422],[-93.76539,45.08388],[-93.76525,45.08426],[-93.76266,45.08483],[-93.76205,45.08607],[-93.76349,45.08832],[-93.76573,45.09083],[-93.76639,45.09116],[-93.76639,45.09253],[-93.7543,45.09299],[-93.75118,45.09251],[-93.74794,45.09135],[-93.74796,45.09347],[-93.77151,45.0929],[-93.77408,45.09342],[-93.77658,45.09434],[-93.77656,45.09702],[-93.77329,45.09702],[-93.77328,45.09951],[-93.77129,45.09816],[-93.77125,45.097],[-93.77056,45.097],[-93.77055,45.0934],[-93.75839,45.09337],[-93.7582,45.10063],[-93.7663,45.1006],[-93.76623,45.1065],[-93.76164,45.10652],[-93.76166,45.10443],[-93.75819,45.1045],[-93.7582,45.10063],[-93.75315,45.10064],[-93.75322,45.0968],[-93.7521,45.09565],[-93.75229,45.09455],[-93.75194,45.09455],[-93.75194,45.09417],[-93.75114,45.09419],[-93.75102,45.09503],[-93.74954,45.09564],[-93.75001,45.09648],[-93.74885,45.09658],[-93.74884,45.09564],[-93.74809,45.09563],[-93.74797,45.09705],[-93.74287,45.09712],[-93.74288,45.10074],[-93.74574,45.10071],[-93.74564,45.10434],[-93.72764,45.10465],[-93.72765,45.10773],[-93.72581,45.10773],[-93.72684,45.10211],[-93.72919,45.09916],[-93.73122,45.1],[-93.73124,45.10097],[-93.73783,45.10088],[-93.73782,45.09892],[-93.73466,45.09887],[-93.73463,45.09754],[-93.72952,45.09745],[-93.72903,45.09808],[-93.72711,45.0983],[-93.72622,45.09987],[-93.72626,45.10181],[-93.72575,45.10406],[-93.7236,45.10864],[-93.71989,45.11522],[-93.71694,45.1178],[-93.71234,45.12276],[-93.70768,45.12576],[-93.70465,45.13036],[-93.7023,45.1316],[-93.70102,45.13598],[-93.70047,45.13657],[-93.69844,45.13791],[-93.69649,45.13984],[-93.69454,45.14125],[-93.68868,45.14408],[-93.68604,45.14721],[-93.68487,45.14928],[-93.68373,45.1503],[-93.6822,45.15116],[-93.68132,45.15129],[-93.68135,45.15207],[-93.68386,45.1507],[-93.68631,45.15228],[-93.69629,45.15211],[-93.69666,45.14483],[-93.69544,45.14481],[-93.69506,45.14386],[-93.69679,45.14188],[-93.69688,45.13991],[-93.69952,45.13768],[-93.70542,45.1376],[-93.70535,45.13888],[-93.70716,45.13886],[-93.70648,45.152],[-93.78631,45.15092],[-93.86412,45.15106],[-93.86345,45.1499],[-93.86315,45.14794],[-93.8625,45.1469],[-93.86687,45.14684],[-93.86691,45.14798],[-93.8685,45.14796],[-93.86849,45.14768],[-93.86882,45.14767],[-93.86858,45.14235],[-93.86886,45.14041],[-93.86856,45.14041],[-93.86895,45.13879],[-93.8722,45.13859],[-93.87425,45.13791],[-93.87572,45.13794],[-93.87573,45.14222],[-93.87358,45.14223],[-93.87359,45.14403],[-93.88392,45.14392],[-93.88393,45.14581],[-93.88276,45.14591],[-93.88214,45.14673],[-93.88296,45.14681],[-93.88458,45.1488],[-93.88648,45.15],[-93.88886,45.14982],[-93.88992,45.1506],[-93.8905,45.10833]]],[[[-93.73783,45.102],[-93.73686,45.10202],[-93.73686,45.10264],[-93.73784,45.10263],[-93.73783,45.102]]]]}},
{"type":"Feature","id":"2396406","properties":{"id":"2396406","name":"Rockford","kind":"city","counties":["Hennepin","Wright"],"population":4781,"label":[-93.7452,45.09163]},"geometry":{"type":"MultiPolygon","coordinates":[[[[-93.74357,45.08022],[-93.7415,45.08004],[-93.73876,45.08099],[-93.73775,45.08271],[-93.73724,45.08272],[-93.73664,45.08363],[-93.73534,45.08278],[-93.73402,45.08281],[-93.73288,45.08207],[-93.73107,45.08372],[-93.73031,45.08292],[-93.72938,45.08295],[-93.72911,45.08238],[-93.72743,45.08109],[-93.7275,45.08659],[-93.71731,45.08678],[-93.71736,45.09029],[-93.72231,45.09022],[-93.72237,45.0884],[-93.72743,45.08835],[-93.72762,45.09748],[-93.72952,45.09745],[-93.72861,45.09156],[-93.729,45.09002],[-93.7301,45.08915],[-93.73233,45.08824],[-93.73334,45.08732],[-93.73454,45.08682],[-93.73548,45.08525],[-93.73767,45.08314],[-93.73862,45.08134],[-93.74077,45.08039],[-93.74357,45.08022]]],[[[-93.75839,45.09337],[-93.74796,45.09347],[-93.74794,45.09135],[-93.75118,45.09251],[-93.7543,45.09299],[-93.76639,45.09253],[-93.76639,45.09116],[-93.76573,45.09083],[-93.76349,45.08832],[-93.76205,45.08607],[-93.76266,45.08483],[-93.76525,45.08426],[-93.76539,45.08388],[-93.76352,45.08422],[-93.76201,45.08374],[-93.76157,45.08312],[-93.76202,45.08178],[-93.75961,45.08297],[-93.75763,45.08278],[-93.75703,45.08243],[-93.75672,45.08101],[-93.7563,45.0805],[-93.75248,45.07962],[-93.75249,45.08092],[-93.74968,45.08204],[-93.74971,45.07906],[-93.74945,45.07892],[-93.74825,45.07907],[-93.74521,45.0802],[-93.74197,45.08024],[-93.73957,45.08075],[-93.73826,45.08174],[-93.73767,45.08314],[-93.73548,45.08525],[-93.73454,45.08682],[-93.73334,45.08732],[-93.73233,45.08824],[-93.72966,45.08941],[-93.72867,45.09082],[-93.72881,45.09411],[-93.72942,45.09567],[-93.72952,45.09745],[-93.73463,45.09754],[-93.73466,45.09887],[-93.73782,45.09892],[-93.73783,45.10088],[-93.73124,45.10097],[-93.73122,45.1],[-93.72919,45.09916],[-93.72684,45.10211],[-93.72581,45.10773],[-93.72765,45.10773],[-93.72764,45.10465],[-93.74564,45.10434],[-93.74574,45.10071],[-93.74288,45.10074],[-93.74287,45.09712],[-93.74797,45.09705],[-93.74809,45.09563],[-93.74884,45.09564],[-93.74885,45.09658],[-93.75001,45.09648],[-93.74954,45.09564],[-93.75102,45.09503],[-93.75114,45.09419],[-93.75194,45.09417],[-93.75194,45.09455],[-93.75229,45.09455],[-93.7521,45.09565],[-93.75322,45.0968],[-93.75315,45.10064],[-93.7582,45.10063],[-93.75839,45.09337]],[[-93.73783,45.102],[-93.73784,45.10263],[-93.73686,45.10264],[-93.73686,45.10202],[-93.73783,45.102]]],[[[-93.7582,45.10063],[-93.75819,45.1045],[-93.76166,45.10443],[-93.76164,45.10652],[-93.76623,45.1065],[-93.7663,45.1006],[-93.7582,45.10063]]],[[[-93.7664,45.09335],[-93.77055,45.0934],[-93.77056,45.097],[-93.77125,45.097],[-93.77129,45.09816],[-93.77328,45.09951],[-93.77329,45.09702],[-93.77656,45.09702],[-93.77658,45.09434],[-93.77281,45.09312],[-93.76892,45.09284],[-93.75839,45.09337],[-93.7664,45.09335]]]]}},
{"type":"Feature","id":"2396415","properties":{"id":"2396415","name":"Rogers","kind":"city","counties":["Hennepin"],"population":14430,"label":[-93.57832,45.18658]},"geometry":{"type":"MultiPolygon","coordinates":[[[[-93.52212,45.23231],[-93.52475,45.23108],[-93.52618,45.2296],[-93.52649,45.22874],[-93.52551,45.22717],[-93.52543,45.22529],[-93.52705,45.22337],[-93.5288,45.22234],[-93.53032,45.22245],[-93.53113,45.22287],[-93.53315,45.22537],[-93.53347,45.22713],[-93.5342,45.22847],[-93.53396,45.23067],[-93.53427,45.23106],[-93.53646,45.23146],[-93.54023,45.23108],[-93.54153,45.2324],[-93.54245,45.23263],[-93.54323,45.2322],[-93.54393,45.23084],[-93.54592,45.22857],[-93.54823,45.22657],[-93.55406,45.22709],[-93.55573,45.2266],[-93.55706,45.22501],[-93.55768,45.22513],[-93.55918,45.22603],[-93.56033,45.22717],[-93.56079,45.2272],[-93.56112,45.22697],[-93.56171,45.22447],[-93.56237,45.22357],[-93.56349,45.22269],[-93.56722,45.22095],[-93.56945,45.21877],[-93.57006,45.21853],[-93.57534,45.2186],[-93.57664,45.21837],[-93.58019,45.21708],[-93.58338,45.2165],[-93.58497,45.21542],[-93.58729,45.21462],[-93.58929,45.21484],[-93.58963,45.21512],[-93.59033,45.21649],[-93.59078,45.21844],[-93.59229,45.21848],[-93.5933,45.21814],[-93.59388,45.21766],[-93.59434,45.21484],[-93.59407,45.21406],[-93.59263,45.2128],[-93.59318,45.20985],[-93.59383,45.20906],[-93.59714,45.20742],[-93.60204,45.20802],[-93.602,45.21015],[-93.60418,45.21279],[-93.60461,45.21293],[-93.60561,45.21212],[-93.60752,45.21226],[-93.60826,45.21192],[-93.60863,45.21042],[-93.61051,45.20908],[-93.61101,45.20816],[-93.61157,45.20803],[-93.61256,45.20857],[-93.61209,45.2111],[-93.61267,45.21149],[-93.61429,45.21127],[-93.61618,45.20966],[-93.61817,45.20909],[-93.62542,45.20967],[-93.62646,45.20854],[-93.62647,45.2081],[-93.62598,45.20733],[-93.62327,45.20525],[-93.62312,45.20457],[-93.62342,45.20383],[-93.62527,45.20259],[-93.62966,45.20249],[-93.63106,45.20289],[-93.63261,45.20427],[-93.63481,45.20933],[-93.63693,45.21006],[-93.63892,45.2098],[-93.64155,45.20775],[-93.64323,45.20456],[-93.6458,45.20361],[-93.6461,45.20306],[-93.64558,45.20142],[-93.64665,45.20019],[-93.64871,45.19904],[-93.65367,45.19879],[-93.65661,45.19791],[-93.65879,45.19459],[-93.65887,45.19254],[-93.65777,45.18984],[-93.65266,45.18514],[-93.65157,45.18265],[-93.64739,45.17978],[-93.64463,45.17894],[-93.63968,45.1758],[-93.63858,45.17416],[-93.62994,45.17418],[-93.63039,45.16656],[-93.63038,45.1526],[-93.52184,45.15291],[-93.52143,45.16705],[-93.52247,45.19753],[-93.52213,45.21],[-93.52212,45.23231]]]]}},
{"type":"Feature","id":"2396433","properties":{"id":"2396433","name":"Rosemount","kind":"city","counties":["Dakota"],"population":26943,"label":[-93.06617,44.74656]},"geometry":{"type":"MultiPolygon","coordinates":[[[[-93.10614,44.7757],[-93.15642,44.77577],[-93.15642,44.77369],[-93.15273,44.77458],[-93.15242,44.77414],[-93.15149,44.77414],[-93.15147,44.77183],[-93.15255,44.77183],[-93.153,44.77051],[-93.15267,44.76887],[-93.15329,44.76876],[-93.15328,44.76816],[-93.15498,44.76815],[-93.15498,44.76892],[-93.15637,44.76869],[-93.15629,44.76095],[-93.15814,44.76095],[-93.15815,44.75964],[-93.1563,44.75963],[-93.15633,44.75711],[-93.15757,44.75645],[-93.15757,44.75612],[-93.15865,44.75601],[-93.15801,44.75459],[-93.15713,44.75458],[-93.15714,44.75371],[-93.15637,44.75371],[-93.15647,44.71734],[-93.045,44.71731],[-93.04498,44.72585],[-93.0349,44.7259],[-93.03489,44.72453],[-93.02582,44.72444],[-93.02555,44.71718],[-92.97429,44.71684],[-92.97459,44.73138],[-92.97437,44.74996],[-92.97481,44.77232],[-92.98449,44.7751],[-92.99023,44.77546],[-92.99389,44.77512],[-93.00024,44.7727],[-93.00433,44.77197],[-93.00959,44.77281],[-93.01235,44.7737],[-93.01576,44.77557],[-93.10614,44.7757]]]]}},
{"type":"Feature","id":"2396435","properties":{"id":"2396435","name":"Roseville","kind":"city","counties":["Ramsey"],"population":36810,"label":[-93.15457,45.01553]},"geometry":{"type":"MultiPolygon","coordinates":[[[[-93.18769,45.03583],[-93.20821,45.0358],[-93.2078,45.02061],[-93.20775,45.00067],[-93.19995,45.00072],[-93.19996,44.9989],[-93.15665,44.99904],[-93.15675,44.9918],[-93.10598,44.99189],[-93.10621,45.03588],[-93.18769,45.03583]]]]}},
{"type":"Feature","id":"2396471","properties":{"id":"2396471","name":"Saint Anthony","kind":"city","counties":["Ramsey","Hennepin"],"population":9060,"label":[-93.21678,45.02234]},"geometry":{"type":"MultiPolygon","coordinates":[[[[-93.20821,45.0358],[-93.20817,45.04302],[-93.21829,45.0429],[-93.21824,45.05011],[-93.22682,45.05001],[-93.22692,45.03564],[-93.20821,45.0358]]],[[[-93.20772,45.00617],[-93.20821,45.0358],[-93.22692,45.03564],[-93.2269,45.01327],[-93.21788,45.01338],[-93.21768,45.00605],[-93.20772,45.00617]]]]}},
{"type":"Feature","id":"2396475","properties":{"id":"2396475","name":"Saint Bonifacius","kind":"city","counties":["Hennepin"],"population":2267,"label":[-93.74754,44.90541]},"geometry":{"type":"MultiPolygon","coordinates":[[[[-93.73711,44.90578],[-93.73708,44.91312],[-93.75754,44.91279],[-93.75756,44.9054],[-93.75801,44.90539],[-93.75801,44.90508],[-93.75756,44.90493],[-93.75762,44.89823],[-93.75247,44.8983],[-93.75252,44.89433],[-93.74736,44.89757],[-93.74734,44.89837],[-93.74634,44.89836],[-93.74393,44.9007],[-93.746,44.90073],[-93.746,44.90158],[-93.74298,44.90154],[-93.74242,44.90203],[-93.74053,44.90204],[-93.74069,44.90136],[-93.74171,44.90135],[-93.74404,44.8993],[-93.74449,44.89956],[-93.74584,44.89836],[-93.7372,44.89836],[-93.73716,44.90186],[-93.7377,44.90206],[-93.73715,44.90207],[-93.73711,44.90578]]]]}},
{"type":"Feature","id":"2396487","properties":{"id":"2396487","name":"Saint Francis","kind":"city","counties":["Anoka"],"population":8306,"label":[-93.39081,45.39889]},"geometry":{"type":"MultiPolygon","coordinates":[[[[-93.44981,45.41366],[-93.4907,45.41388],[-93.51015,45.41491],[-93.50992,45.38562],[-93.37331,45.38473],[-93.37338,45.38147],[-93.37813,45.3815],[-93.37818,45.37828],[-93.35252,45.37793],[-93.35245,45.38489],[-93.26532,45.38476],[-93.26548,45.39577],[-93.26856,45.39575],[-93.26876,45.39485],[-93.2705,45.39484],[-93.2705,45.39573],[-93.27565,45.3957],[-93.27563,45.39212],[-93.28073,45.39207],[-93.28076,45.39932],[-93.28063,45.41011],[-93.26538,45.41016],[-93.26539,45.41371],[-93.44981,45.41366]]]]}},
{"type":"Feature","id":"665519","properties":{"id":"665519","name":"Saint Lawrence","kind":"township","counties":["Scott"],"population":484,"label":[-93.68638,44.65518]},"geometry":{"type":"MultiPolygon","coordinates":[[[[-93.74718,44.64536],[-93.74606,44.63012],[-93.66412,44.63076],[-93.64386,44.63053],[-93.64415,44.64503],[-93.6443,44.64411],[-93.64916,44.64413],[-93.64918,44.64504],[-93.65422,44.64504],[-93.65483,44.6595],[-93.65479,44.66313],[-93.64471,44.66302],[-93.6445,44.67402],[-93.65126,44.67399],[-93.65129,44.67211],[-93.65093,44.67211],[-93.65095,44.67066],[-93.65478,44.67067],[-93.6547,44.67411],[-93.65446,44.68164],[-93.64415,44.68168],[-93.6439,44.69272],[-93.64704,44.69483],[-93.64914,44.69506],[-93.64984,44.69462],[-93.65164,44.69182],[-93.65274,44.69101],[-93.65529,44.68996],[-93.65614,44.69005],[-93.65691,44.69082],[-93.65845,44.6944],[-93.65983,44.69553],[-93.6637,44.69612],[-93.66805,44.69517],[-93.66954,44.69432],[-93.6761,44.69208],[-93.67693,44.69137],[-93.67784,44.68821],[-93.67844,44.68738],[-93.68446,44.68236],[-93.6884,44.6778],[-93.69328,44.67388],[-93.69699,44.67008],[-93.70027,44.66867],[-93.70292,44.66843],[-93.70687,44.66863],[-93.7119,44.66786],[-93.71728,44.66596],[-93.72029,44.66444],[-93.72092,44.66376],[-93.72115,44.66296],[-93.72091,44.66204],[-93.7188,44.6604],[-93.71523,44.65859],[-93.71532,44.65747],[-93.71584,44.65707],[-93.71864,44.65557],[-93.72111,44.65482],[-93.72407,44.65508],[-93.72724,44.65645],[-93.72854,44.6565],[-93.72911,44.65609],[-93.73003,44.65311],[-93.73085,44.65208],[-93.73741,44.64642],[-93.73844,44.64594],[-93.74157,44.64553],[-93.74718,44.64536]],[[-93.67388,44.65595],[-93.67224,44.65652],[-93.67089,44.65816],[-93.66954,44.65898],[-93.66794,44.65958],[-93.66502,44.65958],[-93.66486,44.65595],[-93.67388,44.65595]],[[-93.65481,44.66575],[-93.6548,44.66676],[-93.6522,44.66673],[-93.65481,44.66575]]],[[[-93.64599,44.65293],[-93.64595,44.65236],[-93.64439,44.65236],[-93.64443,44.65292],[-93.64599,44.65293]]]]}},
{"type":"Feature","id":"2396500","properties":{"id":"2396500","name":"Saint Louis Park","kind":"city","counties":["Hennepin"],"population":49786,"label":[-93.3649,44.94876]},"geometry":{"type":"MultiPolygon","coordinates":[[[[-93.41047,44.97856],[-93.41052,44.97308],[-93.4043,44.97325],[-93.40432,44.97137],[-93.40477,44.97137],[-93.40475,44.97013],[-93.40562,44.97013],[-93.40564,44.96773],[-93.4047,44.96773],[-93.40471,44.96712],[-93.40564,44.96712],[-93.40566,44.96409],[-93.40069,44.96405],[-93.40063,44.94231],[-93.3994,44.94232],[-93.39873,44.94089],[-93.39873,44.94051],[-93.40063,44.94052],[-93.40061,44.93509],[-93.3956,44.93515],[-93.3956,44.93449],[-93.38542,44.93565],[-93.38543,44.93523],[-93.38502,44.93538],[-93.38493,44.9351],[-93.38084,44.93503],[-93.38082,44.92961],[-93.37937,44.93007],[-93.38035,44.9294],[-93.37922,44.92912],[-93.37914,44.92603],[-93.37475,44.9263],[-93.37069,44.92738],[-93.37064,44.92051],[-93.34961,44.9205],[-93.3496,44.91974],[-93.33933,44.9197],[-93.33952,44.92018],[-93.33899,44.92031],[-93.33905,44.92071],[-93.34028,44.92346],[-93.33919,44.92346],[-93.33922,44.9306],[-93.32896,44.93059],[-93.3287,44.96649],[-93.34371,44.96663],[-93.34374,44.97038],[-93.34949,44.97033],[-93.3495,44.97112],[-93.37526,44.97089],[-93.40066,44.97133],[-93.40052,44.97851],[-93.41047,44.97856]]]]}},
{"type":"Feature","id":"2396508","properties":{"id":"2396508","name":"Saint Marys Point","kind":"city","counties":["Washington"],"population":350,"label":[-92.77031,44.91291]},"geometry":{"type":"MultiPolygon","coordinates":[[[[-92.76407,44.91853],[-92.76527,44.91852],[-92.76528,44.91807],[-92.76883,44.91807],[-92.76881,44.91875],[-92.77207,44.91869],[-92.77209,44.9176],[-92.77274,44.9176],[-92.77273,44.91723],[-92.77208,44.91721],[-92.77209,44.91589],[-92.77669,44.9159],[-92.77668,44.91288],[-92.77553,44.9129],[-92.77549,44.90565],[-92.77464,44.90531],[-92.77499,44.90567],[-92.77477,44.90582],[-92.77393,44.90535],[-92.77345,44.90542],[-92.76551,44.91156],[-92.76478,44.91185],[-92.76366,44.91173],[-92.76387,44.91206],[-92.76351,44.9124],[-92.76318,44.91405],[-92.7638,44.91582],[-92.76407,44.91853]]]]}},
{"type":"Feature","id":"2396509","properties":{"id":"2396509","name":"Saint Michael","kind":"city","counties":["Wright"],"population":20371,"label":[-93.69201,45.20139]},"geometry":{"type":"MultiPolygon","coordinates":[[[[-93.76589,45.16554],[-93.76598,45.15112],[-93.69629,45.15211],[-93.69638,45.16656],[-93.66599,45.16681],[-93.66574,45.17399],[-93.63858,45.17416],[-93.63968,45.1758],[-93.64463,45.17894],[-93.64739,45.17978],[-93.65157,45.18265],[-93.65266,45.18514],[-93.65777,45.18984],[-93.65843,45.19108],[-93.65899,45.19359],[-93.65879,45.19459],[-93.65661,45.19791],[-93.65367,45.19879],[-93.64871,45.19904],[-93.64665,45.20019],[-93.64558,45.20142],[-93.6461,45.20306],[-93.6458,45.20361],[-93.64323,45.20456],[-93.64155,45.20775],[-93.6398,45.20935],[-93.63892,45.2098],[-93.63693,45.21006],[-93.63481,45.20933],[-93.63261,45.20427],[-93.63106,45.20289],[-93.62966,45.20249],[-93.62527,45.20259],[-93.62342,45.20383],[-93.62312,45.20457],[-93.62327,45.20525],[-93.62598,45.20733],[-93.62647,45.2081],[-93.62646,45.20854],[-93.62542,45.20967],[-93.61817,45.20909],[-93.61618,45.20966],[-93.61429,45.21127],[-93.61267,45.21149],[-93.61209,45.2111],[-93.61256,45.20857],[-93.61157,45.20803],[-93.61101,45.20816],[-93.61051,45.20908],[-93.60863,45.21042],[-93.60826,45.21192],[-93.60752,45.21226],[-93.60561,45.21212],[-93.60461,45.21293],[-93.60418,45.21279],[-93.602,45.21015],[-93.60204,45.20802],[-93.59714,45.20742],[-93.59383,45.20906],[-93.59318,45.20985],[-93.59263,45.2128],[-93.59407,45.21406],[-93.59434,45.21484],[-93.59388,45.21766],[-93.5933,45.21814],[-93.59229,45.21848],[-93.59078,45.21844],[-93.59033,45.21649],[-93.58963,45.21512],[-93.58929,45.21484],[-93.58729,45.21462],[-93.58497,45.21542],[-93.58338,45.2165],[-93.58019,45.21708],[-93.57664,45.21837],[-93.57534,45.2186],[-93.57006,45.21853],[-93.56945,45.21877],[-93.56722,45.22095],[-93.56349,45.22269],[-93.56237,45.22357],[-93.56171,45.22447],[-93.56112,45.22697],[-93.56079,45.2272],[-93.56033,45.22717],[-93.55918,45.22603],[-93.55768,45.22513],[-93.55706,45.22501],[-93.55573,45.2266],[-93.55406,45.22709],[-93.55242,45.22688],[-93.55255,45.23147],[-93.55535,45.23807],[-93.63381,45.23803],[-93.63405,45.22441],[-93.64948,45.22434],[-93.6495,45.22361],[-93.65202,45.22343],[-93.65208,45.22078],[-93.6849,45.22093],[-93.68469,45.23801],[-93.76577,45.238],[-93.76589,45.16554]]]]}},
{"type":"Feature","id":"2396511","properties":{"id":"2396511","name":"Saint Paul","kind":"city","counties":["Ramsey"],"population":310992,"label":[-93.10397,44.94782]},"geometry":{"type":"MultiPolygon","coordinates":[[[[-93.10598,44.99189],[-93.15675,44.9918],[-93.15672,44.98822],[-93.16696,44.98815],[-93.16702,44.97733],[-93.18738,44.97733],[-93.18727,44.98805],[-93.20771,44.98809],[-93.20787,44.96281],[-93.20763,44.953],[-93.20514,44.95218],[-93.20266,44.94986],[-93.20174,44.94824],[-93.20093,44.94585],[-93.20054,44.9434],[-93.20059,44.93521],[-93.19991,44.92718],[-93.20102,44.91886],[-93.20068,44.9101],[-93.19937,44.90843],[-93.1926,44.90472],[-93.19184,44.90404],[-93.19124,44.90178],[-93.19211,44.89841],[-93.19176,44.89717],[-93.18962,44.89568],[-93.18691,44.89496],[-93.17689,44.89364],[-93.17675,44.89311],[-93.17786,44.89124],[-93.17784,44.88959],[-93.17817,44.88861],[-93.17665,44.88782],[-93.17457,44.88759],[-93.16982,44.88812],[-93.16536,44.89002],[-93.15729,44.89178],[-93.15322,44.89361],[-93.14993,44.89659],[-93.14401,44.90111],[-93.13744,44.90498],[-93.13356,44.90975],[-93.13151,44.9169],[-93.1288,44.91963],[-93.09602,44.91966],[-93.09603,44.92328],[-93.09096,44.92331],[-93.09094,44.91965],[-93.05158,44.91951],[-93.0497,44.91767],[-93.04384,44.90999],[-93.04165,44.90448],[-93.03991,44.90269],[-93.03547,44.89917],[-93.03264,44.89737],[-93.02287,44.89359],[-93.02119,44.8926],[-93.01954,44.8908],[-93.00447,44.8908],[-93.00507,44.9486],[-93.00506,44.99196],[-93.10598,44.99189]]]]}},
{"type":"Feature","id":"2396516","properties":{"id":"2396516","name":"Saint Paul Park","kind":"city","counties":["Washington"],"population":5498,"label":[-92.99495,44.83602]},"geometry":{"type":"MultiPolygon","coordinates":[[[[-93.01192,44.83844],[-93.01094,44.83343],[-93.00763,44.82329],[-93.00561,44.81898],[-93.00405,44.81897],[-93.00402,44.81544],[-93.00342,44.81574],[-93.00202,44.81564],[-93.00005,44.81662],[-92.99895,44.81682],[-92.99901,44.82259],[-92.99616,44.82258],[-92.99544,44.81879],[-92.9873,44.81485],[-92.98385,44.81392],[-92.98393,44.82611],[-92.97988,44.82609],[-92.97987,44.83096],[-92.97706,44.83099],[-92.97706,44.83342],[-92.97474,44.83343],[-92.97502,44.84016],[-92.984,44.84678],[-92.98403,44.85159],[-92.99205,44.85155],[-92.99419,44.85517],[-93.009,44.85519],[-93.01133,44.84008],[-93.01192,44.83844]]]]}},
{"type":"Feature","id":"665551","properties":{"id":"665551","name":"San Francisco","kind":"township","counties":["Carver"],"population":882,"label":[-93.70965,44.69252]},"geometry":{"type":"MultiPolygon","coordinates":[[[[-93.62884,44.73278],[-93.64293,44.73295],[-93.66366,44.73254],[-93.66385,44.71802],[-93.76814,44.71706],[-93.76834,44.64015],[-93.76584,44.63991],[-93.76348,44.63864],[-93.76239,44.63761],[-93.76191,44.63553],[-93.76142,44.635],[-93.75586,44.63468],[-93.75548,44.6352],[-93.75562,44.63698],[-93.75606,44.63807],[-93.75925,44.64011],[-93.76007,44.64107],[-93.76034,44.64268],[-93.75983,44.64391],[-93.75833,44.64424],[-93.7555,44.64373],[-93.74718,44.64536],[-93.74157,44.64553],[-93.73844,44.64594],[-93.73642,44.64721],[-93.73085,44.65208],[-93.73003,44.65311],[-93.72911,44.65609],[-93.72854,44.6565],[-93.72724,44.65645],[-93.72407,44.65508],[-93.72111,44.65482],[-93.71864,44.65557],[-93.71584,44.65707],[-93.71532,44.65747],[-93.71523,44.65859],[-93.7188,44.6604],[-93.72091,44.66204],[-93.72115,44.66296],[-93.72092,44.66376],[-93.72029,44.66444],[-93.71728,44.66596],[-93.7119,44.66786],[-93.70687,44.66863],[-93.70292,44.66843],[-93.70027,44.66867],[-93.69699,44.67008],[-93.69328,44.67388],[-93.6884,44.6778],[-93.68446,44.68236],[-93.67844,44.68738],[-93.67784,44.68821],[-93.67693,44.69137],[-93.67478,44.69263],[-93.66607,44.69566],[-93.6637,44.69612],[-93.66143,44.69595],[-93.65983,44.69553],[-93.65845,44.6944],[-93.65691,44.69082],[-93.65614,44.69005],[-93.65529,44.68996],[-93.65274,44.69101],[-93.65164,44.69182],[-93.64984,44.69462],[-93.64914,44.69506],[-93.64704,44.69483],[-93.6439,44.69272],[-93.64114,44.69289],[-93.63866,44.69371],[-93.63659,44.69699],[-93.63565,44.69733],[-93.63148,44.69751],[-93.63044,44.69796],[-93.63001,44.69881],[-93.63029,44.70034],[-93.62942,44.70137],[-93.62706,44.70239],[-93.62187,44.70579],[-93.61928,44.70648],[-93.61845,44.70685],[-93.61814,44.70734],[-93.61837,44.70801],[-93.61943,44.70911],[-93.6228,44.71155],[-93.62506,44.71369],[-93.62618,44.71561],[-93.62676,44.71716],[-93.62673,44.71879],[-93.62559,44.72173],[-93.62441,44.72258],[-93.62437,44.72353],[-93.62526,44.72428],[-93.62619,44.72437],[-93.62851,44.72352],[-93.63179,44.72336],[-93.63269,44.72415],[-93.63248,44.72634],[-93.632,44.72722],[-93.629,44.73062],[-93.62865,44.73144],[-93.62884,44.73278]]]]}},
{"type":"Feature","id":"665541","properties":{"id":"665541","name":"Sand Creek","kind":"township","counties":["Scott"],"population":1477,"label":[-93.57631,44.67392]},"geometry":{"type":"MultiPolygon","coordinates":[[[[-93.62282,44.71834],[-93.62674,44.7183],[-93.62676,44.71716],[-93.62618,44.71561],[-93.62506,44.71369],[-93.6228,44.71155],[-93.61943,44.70911],[-93.61837,44.70801],[-93.61814,44.70734],[-93.61845,44.70685],[-93.61928,44.70648],[-93.62187,44.70579],[-93.62706,44.70239],[-93.62942,44.70137],[-93.63029,44.70034],[-93.63001,44.69881],[-93.63044,44.69796],[-93.63148,44.69751],[-93.63565,44.69733],[-93.63659,44.69699],[-93.63866,44.69371],[-93.64114,44.69289],[-93.6439,44.69272],[-93.64412,44.68306],[-93.63982,44.68307],[-93.63981,44.68154],[-93.63527,44.68152],[-93.63526,44.68296],[-93.63339,44.68305],[-93.63341,44.6796],[-93.62689,44.68516],[-93.62194,44.68511],[-93.62184,44.68044],[-93.62306,44.68044],[-93.62307,44.6794],[-93.6266,44.6769],[-93.62738,44.67577],[-93.62779,44.67433],[-93.62308,44.67434],[-93.62319,44.6671],[-93.60809,44.6672],[-93.60812,44.66443],[-93.6133,44.6644],[-93.61332,44.66359],[-93.61725,44.66355],[-93.61687,44.66339],[-93.61696,44.66295],[-93.61919,44.66271],[-93.6225,44.66278],[-93.62249,44.66317],[-93.62341,44.66327],[-93.62343,44.65479],[-93.62011,44.65296],[-93.6203,44.65262],[-93.61636,44.64892],[-93.62719,44.64882],[-93.62778,44.65054],[-93.62751,44.65057],[-93.62781,44.65238],[-93.62901,44.65218],[-93.62852,44.64991],[-93.62966,44.65128],[-93.62992,44.65236],[-93.63016,44.65236],[-93.62981,44.65107],[-93.62844,44.64949],[-93.62842,44.6488],[-93.63348,44.64875],[-93.63345,44.64695],[-93.64418,44.64684],[-93.64386,44.63053],[-93.60324,44.63084],[-93.52199,44.63077],[-93.52075,44.7177],[-93.54134,44.71817],[-93.582,44.71849],[-93.62282,44.71834]]],[[[-93.63356,44.65234],[-93.63361,44.65465],[-93.63685,44.65281],[-93.63861,44.6523],[-93.63356,44.65234]]]]}},
{"type":"Feature","id":"2396543","properties":{"id":"2396543","name":"Savage","kind":"city","counties":["Scott"],"population":33137,"label":[-93.36322,44.75452]},"geometry":{"type":"MultiPolygon","coordinates":[[[[-93.39877,44.72776],[-93.39888,44.71731],[-93.37765,44.71725],[-93.37771,44.71605],[-93.37722,44.71614],[-93.37659,44.7169],[-93.37475,44.71686],[-93.37424,44.7173],[-93.32849,44.71756],[-93.32874,44.77583],[-93.32965,44.77584],[-93.32965,44.79109],[-93.33474,44.78724],[-93.33716,44.78642],[-93.33929,44.7866],[-93.34095,44.78715],[-93.34477,44.78901],[-93.34689,44.79102],[-93.34852,44.79148],[-93.3504,44.79123],[-93.35135,44.7907],[-93.3531,44.78875],[-93.35426,44.78663],[-93.35586,44.78552],[-93.3589,44.78602],[-93.36372,44.78898],[-93.36542,44.78906],[-93.36748,44.78869],[-93.37659,44.78575],[-93.37965,44.78539],[-93.38094,44.78591],[-93.38205,44.78792],[-93.38392,44.79329],[-93.38461,44.79664],[-93.38532,44.79757],[-93.38634,44.7982],[-93.38942,44.79859],[-93.39544,44.79715],[-93.39685,44.79731],[-93.39886,44.79872],[-93.39904,44.74653],[-93.37951,44.74629],[-93.37974,44.74302],[-93.38025,44.74165],[-93.38648,44.73367],[-93.38977,44.73167],[-93.39877,44.72776]]]]}},
{"type":"Feature","id":"2396548","properties":{"id":"2396548","name":"Scandia","kind":"city","counties":["Washington"],"population":4001,"label":[-92.82776,45.25377]},"geometry":{"type":"MultiPolygon","coordinates":[[[[-92.74525,45.29633],[-92.89673,45.29627],[-92.89709,45.21025],[-92.79451,45.20978],[-92.79451,45.21706],[-92.76019,45.21696],[-92.7594,45.216],[-92.75958,45.2147],[-92.76081,45.21448],[-92.76077,45.21519],[-92.76154,45.2146],[-92.76228,45.21131],[-92.7631,45.20968],[-92.75806,45.20964],[-92.75538,45.21208],[-92.75437,45.21369],[-92.75358,45.21515],[-92.7523,45.21941],[-92.75269,45.22099],[-92.75625,45.22654],[-92.75745,45.22979],[-92.75789,45.23264],[-92.75793,45.23865],[-92.76026,45.24788],[-92.76054,45.25233],[-92.75955,45.25426],[-92.75594,45.25708],[-92.75384,45.25971],[-92.75252,45.26255],[-92.75225,45.26525],[-92.7529,45.26806],[-92.75407,45.27075],[-92.75913,45.27558],[-92.76093,45.27862],[-92.76229,45.28338],[-92.76257,45.2881],[-92.76166,45.28956],[-92.75973,45.29103],[-92.75655,45.29216],[-92.75116,45.29338],[-92.74525,45.29633]]]]}},
{"type":"Feature","id":"2395854","properties":{"id":"2395854","name":"Shakopee","kind":"city","counties":["Scott"],"population":45961,"label":[-93.47998,44.77415]},"geometry":{"type":"MultiPolygon","coordinates":[[[[-93.57618,44.76749],[-93.57461,44.76633],[-93.5742,44.76659],[-93.57288,44.76552],[-93.57148,44.7655],[-93.57145,44.76185],[-93.56632,44.76176],[-93.56639,44.76828],[-93.56127,44.7683],[-93.56128,44.76951],[-93.56026,44.76952],[-93.56025,44.76897],[-93.55942,44.76899],[-93.55942,44.76954],[-93.55861,44.76957],[-93.5586,44.76901],[-93.55616,44.76906],[-93.55613,44.7654],[-93.56123,44.76531],[-93.56119,44.76167],[-93.55611,44.76175],[-93.55648,44.74905],[-93.55135,44.74909],[-93.55125,44.75253],[-93.54905,44.75255],[-93.5491,44.75099],[-93.54368,44.75105],[-93.54365,44.75286],[-93.54111,44.75289],[-93.5411,44.75441],[-93.54248,44.75439],[-93.54248,44.75472],[-93.54617,44.75467],[-93.54606,44.75782],[-93.55111,44.75769],[-93.55099,44.76183],[-93.54089,44.76213],[-93.54087,44.76577],[-93.53573,44.76553],[-93.53573,44.76903],[-93.53058,44.76815],[-93.53058,44.76739],[-93.52895,44.76723],[-93.52543,44.76713],[-93.52542,44.76859],[-93.52037,44.76832],[-93.52031,44.74708],[-93.52075,44.7177],[-93.49042,44.71764],[-93.49037,44.73206],[-93.48013,44.73228],[-93.47978,44.75391],[-93.45954,44.75391],[-93.4596,44.7577],[-93.44936,44.75768],[-93.44946,44.75392],[-93.43968,44.75403],[-93.43958,44.75762],[-93.42931,44.75761],[-93.42933,44.76125],[-93.4193,44.76124],[-93.41933,44.7539],[-93.39901,44.75377],[-93.39886,44.79872],[-93.40375,44.80331],[-93.40761,44.80527],[-93.4112,44.80658],[-93.41543,44.80767],[-93.41895,44.80708],[-93.42154,44.80715],[-93.43887,44.81288],[-93.4404,44.81259],[-93.44125,44.81165],[-93.4431,44.80684],[-93.44386,44.80596],[-93.4476,44.80419],[-93.45232,44.80346],[-93.45755,44.80345],[-93.46142,44.80611],[-93.46342,44.80668],[-93.4773,44.80437],[-93.48086,44.80444],[-93.48182,44.8049],[-93.48294,44.80709],[-93.48366,44.80759],[-93.48448,44.80757],[-93.49076,44.80467],[-93.49211,44.80441],[-93.49312,44.80457],[-93.49659,44.80924],[-93.4975,44.80985],[-93.49845,44.81002],[-93.49955,44.80987],[-93.50085,44.80917],[-93.50173,44.80804],[-93.50283,44.80533],[-93.50362,44.80478],[-93.50963,44.80507],[-93.51244,44.80485],[-93.51672,44.80357],[-93.52031,44.80209],[-93.52042,44.80462],[-93.54111,44.80482],[-93.54109,44.79894],[-93.54244,44.79779],[-93.54356,44.79706],[-93.54735,44.79561],[-93.54964,44.79647],[-93.55119,44.79751],[-93.55138,44.79306],[-93.5519,44.7928],[-93.55141,44.79217],[-93.55241,44.79162],[-93.54982,44.79164],[-93.55556,44.78659],[-93.55628,44.7865],[-93.55629,44.78594],[-93.55919,44.78335],[-93.56096,44.78086],[-93.56133,44.78026],[-93.56136,44.77622],[-93.56005,44.77626],[-93.56003,44.77538],[-93.56135,44.77534],[-93.56132,44.7731],[-93.5648,44.77317],[-93.56481,44.77455],[-93.56645,44.77451],[-93.56643,44.77211],[-93.56985,44.77176],[-93.57024,44.772],[-93.57185,44.77076],[-93.57186,44.76915],[-93.57395,44.76919],[-93.57618,44.76749]],[[-93.54165,44.76938],[-93.54167,44.76995],[-93.54087,44.77015],[-93.54086,44.76941],[-93.54165,44.76938]],[[-93.54101,44.77056],[-93.54089,44.771],[-93.54088,44.77056],[-93.54101,44.77056]]]]}},
{"type":"Feature","id":"2395876","properties":{"id":"2395876","name":"Shoreview","kind":"city","counties":["Ramsey"],"population":27141,"label":[-93.1358,45.08421]},"geometry":{"type":"MultiPolygon","coordinates":[[[[-93.15355,45.12423],[-93.18867,45.12433],[-93.1885,45.10804],[-93.14773,45.10806],[-93.14694,45.03581],[-93.10621,45.03588],[-93.10648,45.07913],[-93.11712,45.07943],[-93.11886,45.0829],[-93.11685,45.08291],[-93.11691,45.08836],[-93.12337,45.0884],[-93.12675,45.09131],[-93.12699,45.09167],[-93.12723,45.10823],[-93.11178,45.10829],[-93.11187,45.11194],[-93.10666,45.11197],[-93.10673,45.12409],[-93.15355,45.12423]]]]}},
{"type":"Feature","id":"2395877","properties":{"id":"2395877","name":"Shorewood","kind":"city","counties":["Carver","Hennepin"],"population":7859,"label":[-93.6423,44.91333]},"geometry":{"type":"MultiPolygon","coordinates":[[[[-93.61663,44.89019],[-93.61711,44.89136],[-93.61866,44.89135],[-93.61865,44.89017],[-93.61663,44.89019]]],[[[-93.6454,44.90606],[-93.64533,44.89135],[-93.60459,44.89154],[-93.55382,44.89111],[-93.52336,44.89148],[-93.52333,44.9114],[-93.52843,44.90947],[-93.52843,44.91094],[-93.53353,44.90997],[-93.53329,44.91688],[-93.53837,44.91692],[-93.53834,44.92054],[-93.54654,44.92063],[-93.54656,44.92007],[-93.54771,44.91964],[-93.54771,44.91913],[-93.54883,44.91863],[-93.54848,44.91645],[-93.54846,44.91331],[-93.54721,44.91313],[-93.5451,44.91094],[-93.54302,44.91004],[-93.5436,44.90956],[-93.54302,44.90812],[-93.54415,44.90724],[-93.54399,44.9054],[-93.54538,44.90494],[-93.54924,44.90262],[-93.55294,44.90177],[-93.55295,44.90084],[-93.55255,44.90088],[-93.55245,44.89928],[-93.55359,44.89928],[-93.55362,44.89835],[-93.5582,44.89843],[-93.55823,44.89749],[-93.55734,44.89748],[-93.55791,44.89644],[-93.5585,44.89672],[-93.56291,44.89666],[-93.56602,44.89594],[-93.56694,44.89606],[-93.56756,44.89651],[-93.5678,44.89841],[-93.56878,44.89843],[-93.56923,44.89757],[-93.56978,44.89765],[-93.57074,44.89707],[-93.57096,44.89708],[-93.57062,44.89823],[-93.57087,44.89829],[-93.57168,44.89564],[-93.57193,44.89521],[-93.57238,44.89521],[-93.57238,44.89601],[-93.57315,44.89601],[-93.57336,44.89697],[-93.57391,44.89698],[-93.57391,44.89647],[-93.57497,44.89648],[-93.57497,44.89699],[-93.57531,44.89699],[-93.57526,44.89757],[-93.57714,44.89774],[-93.5773,44.8972],[-93.57912,44.89721],[-93.57911,44.89888],[-93.57763,44.89888],[-93.57763,44.90138],[-93.57652,44.90138],[-93.5767,44.90341],[-93.5765,44.90367],[-93.57709,44.90385],[-93.57669,44.90393],[-93.57695,44.90454],[-93.57572,44.90482],[-93.57463,44.90573],[-93.57324,44.90605],[-93.57093,44.90732],[-93.57008,44.90893],[-93.56647,44.90827],[-93.56617,44.9079],[-93.56619,44.90642],[-93.56564,44.90548],[-93.56347,44.90364],[-93.56016,44.90334],[-93.55911,44.90553],[-93.55867,44.90533],[-93.5589,44.90387],[-93.55836,44.90362],[-93.55706,44.9039],[-93.55535,44.90289],[-93.55445,44.90289],[-93.55367,44.90341],[-93.55319,44.9033],[-93.55315,44.90286],[-93.55266,44.9034],[-93.55074,44.90343],[-93.54898,44.90396],[-93.54849,44.90461],[-93.54862,44.90503],[-93.54749,44.90591],[-93.54727,44.90716],[-93.54634,44.90725],[-93.54651,44.90751],[-93.54618,44.9082],[-93.54372,44.90844],[-93.5454,44.90881],[-93.54602,44.91005],[-93.54756,44.91063],[-93.55099,44.91079],[-93.55233,44.91118],[-93.55425,44.91078],[-93.5557,44.91094],[-93.55742,44.9093],[-93.55642,44.90947],[-93.55583,44.90853],[-93.5561,44.90812],[-93.5572,44.90772],[-93.55787,44.90639],[-93.55906,44.90567],[-93.55951,44.90735],[-93.55997,44.90768],[-93.55952,44.90814],[-93.5593,44.90933],[-93.56113,44.91071],[-93.55929,44.91228],[-93.55865,44.91374],[-93.55394,44.91512],[-93.54977,44.91862],[-93.54904,44.92073],[-93.54689,44.92281],[-93.54706,44.9238],[-93.54806,44.92551],[-93.54306,44.92708],[-93.54048,44.93022],[-93.53937,44.93034],[-93.53932,44.92931],[-93.53892,44.92884],[-93.53397,44.92824],[-93.53248,44.92874],[-93.53047,44.93013],[-93.52935,44.93012],[-93.52983,44.92944],[-93.52977,44.92849],[-93.53148,44.92741],[-93.53197,44.92671],[-93.53441,44.92624],[-93.53596,44.92534],[-93.53754,44.92498],[-93.53803,44.92462],[-93.53807,44.92404],[-93.53579,44.92307],[-93.53463,44.92395],[-93.53364,44.92396],[-93.53282,44.92353],[-93.53085,44.9241],[-93.53097,44.92341],[-93.53168,44.92273],[-93.52867,44.92118],[-93.52701,44.92068],[-93.52641,44.92082],[-93.52648,44.92165],[-93.52732,44.92261],[-93.528,44.92272],[-93.52853,44.92345],[-93.52968,44.92344],[-93.53041,44.92569],[-93.52743,44.92612],[-93.52612,44.9268],[-93.52507,44.92785],[-93.52619,44.93096],[-93.52785,44.93204],[-93.52691,44.93579],[-93.52829,44.93671],[-93.52991,44.93439],[-93.53054,44.93427],[-93.52996,44.93396],[-93.53097,44.93406],[-93.53135,44.93557],[-93.53095,44.93783],[-93.53116,44.93913],[-93.53064,44.94035],[-93.53026,44.94033],[-93.53046,44.94055],[-93.52981,44.94122],[-93.5292,44.94263],[-93.52948,44.9441],[-93.52678,44.9438],[-93.52673,44.94356],[-93.52765,44.94349],[-93.52714,44.94336],[-93.52636,44.9436],[-93.52215,44.94289],[-93.521,44.94315],[-93.51934,44.94497],[-93.51945,44.9458],[-93.52273,44.94709],[-93.52423,44.94965],[-93.52425,44.95071],[-93.52472,44.95158],[-93.52411,44.95246],[-93.52259,44.95338],[-93.52264,44.95707],[-93.52306,44.95738],[-93.52265,44.95731],[-93.52263,44.96609],[-93.52484,44.9644],[-93.52599,44.96307],[-93.52623,44.96093],[-93.52776,44.96033],[-93.52765,44.96071],[-93.528,44.96062],[-93.52945,44.95938],[-93.52994,44.95798],[-93.531,44.95709],[-93.53075,44.95585],[-93.53163,44.95704],[-93.5347,44.95947],[-93.5344,44.96109],[-93.53558,44.96262],[-93.53875,44.96372],[-93.54296,44.96376],[-93.54315,44.93478],[-93.56071,44.92264],[-93.56348,44.92197],[-93.57635,44.92207],[-93.57858,44.92304],[-93.58282,44.92681],[-93.58622,44.92886],[-93.58941,44.92947],[-93.59243,44.92904],[-93.5932,44.92864],[-93.59302,44.92811],[-93.59193,44.92771],[-93.58909,44.92787],[-93.58595,44.92745],[-93.58439,44.92595],[-93.58358,44.92426],[-93.5825,44.925],[-93.58172,44.92507],[-93.58214,44.92123],[-93.58123,44.91753],[-93.57815,44.91606],[-93.57534,44.91602],[-93.57341,44.91434],[-93.57408,44.91385],[-93.57452,44.91288],[-93.57705,44.91326],[-93.58098,44.91283],[-93.58395,44.912],[-93.58459,44.91228],[-93.58579,44.91484],[-93.5862,44.91502],[-93.58639,44.9147],[-93.58678,44.91546],[-93.5888,44.91561],[-93.58919,44.91522],[-93.58812,44.91475],[-93.58958,44.91428],[-93.58974,44.91279],[-93.59044,44.91121],[-93.58991,44.90824],[-93.58861,44.90658],[-93.58598,44.90675],[-93.58425,44.90626],[-93.58434,44.90412],[-93.58761,44.90506],[-93.58759,44.90103],[-93.58914,44.90067],[-93.58917,44.90244],[-93.58975,44.90323],[-93.5893,44.90359],[-93.5893,44.90474],[-93.58854,44.90465],[-93.58854,44.905],[-93.58931,44.90529],[-93.59433,44.90545],[-93.59518,44.90606],[-93.60194,44.90613],[-93.60184,44.90978],[-93.59935,44.91278],[-93.59738,44.91695],[-93.59764,44.91878],[-93.59885,44.92054],[-93.59756,44.91962],[-93.59546,44.91884],[-93.5953,44.91856],[-93.59579,44.91818],[-93.59544,44.91787],[-93.59512,44.91832],[-93.59285,44.91832],[-93.59036,44.91881],[-93.58893,44.92044],[-93.58882,44.92212],[-93.59042,44.92264],[-93.59125,44.92327],[-93.59375,44.92646],[-93.59468,44.92682],[-93.60018,44.92196],[-93.60684,44.91807],[-93.60926,44.91738],[-93.61236,44.91696],[-93.61647,44.9174],[-93.61973,44.91894],[-93.62297,44.92154],[-93.62345,44.92226],[-93.62331,44.93432],[-93.62604,44.93463],[-93.62731,44.93467],[-93.63078,44.93355],[-93.63055,44.93281],[-93.63102,44.93232],[-93.63068,44.93221],[-93.63106,44.93191],[-93.63118,44.93034],[-93.63383,44.9278],[-93.63458,44.92647],[-93.63442,44.92607],[-93.63267,44.92502],[-93.6326,44.92397],[-93.63295,44.9241],[-93.6334,44.92538],[-93.63452,44.9254],[-93.63645,44.92387],[-93.63684,44.92312],[-93.63702,44.92156],[-93.63883,44.92071],[-93.64074,44.91877],[-93.64287,44.91921],[-93.64545,44.91898],[-93.6454,44.90606]],[[-93.55374,44.90365],[-93.55282,44.9041],[-93.55188,44.9037],[-93.55374,44.90365]],[[-93.55037,44.90597],[-93.54947,44.90593],[-93.54872,44.9053],[-93.54978,44.90547],[-93.55037,44.90597]],[[-93.5317,44.93313],[-93.53154,44.93357],[-93.53068,44.9333],[-93.53091,44.93283],[-93.5317,44.93313]],[[-93.53086,44.95508],[-93.53068,44.95561],[-93.53038,44.95456],[-93.53072,44.95446],[-93.53086,44.95508]],[[-93.52947,44.93196],[-93.52881,44.9322],[-93.52896,44.93173],[-93.52947,44.93196]]]]}},
{"type":"Feature","id":"2395918","properties":{"id":"2395918","name":"South Saint Paul","kind":"city","counties":["Dakota"],"population":20489,"label":[-93.041,44.88769]},"geometry":{"type":"MultiPolygon","coordinates":[[[[-93.01954,44.8908],[-93.02119,44.8926],[-93.02287,44.89359],[-93.03264,44.89737],[-93.03547,44.89917],[-93.03991,44.90269],[-93.04165,44.90448],[-93.04287,44.908],[-93.04438,44.9108],[-93.0497,44.91767],[-93.05158,44.91951],[-93.06529,44.91953],[-93.0653,44.88356],[-93.05242,44.88347],[-93.05236,44.88167],[-93.04996,44.8817],[-93.04994,44.88216],[-93.04496,44.88206],[-93.045,44.87972],[-93.04547,44.87972],[-93.04549,44.87833],[-93.04501,44.87832],[-93.04502,44.87803],[-93.04549,44.87804],[-93.0455,44.87777],[-93.04502,44.87777],[-93.0455,44.87766],[-93.04551,44.87645],[-93.04504,44.87643],[-93.04504,44.87615],[-93.04556,44.87616],[-93.04554,44.87494],[-93.04502,44.87493],[-93.04501,44.87435],[-93.0455,44.87436],[-93.04549,44.8739],[-93.04501,44.87389],[-93.04501,44.87281],[-93.04547,44.87281],[-93.0454,44.8673],[-93.04491,44.8673],[-93.04489,44.8655],[-93.03993,44.86549],[-93.03991,44.86385],[-93.03598,44.86382],[-93.03611,44.85678],[-93.03758,44.85676],[-93.0376,44.85533],[-93.03415,44.85531],[-93.03411,44.85342],[-93.032,44.85341],[-93.03192,44.85012],[-93.0315,44.85012],[-93.03148,44.8484],[-93.02777,44.84843],[-93.02777,44.85006],[-93.0288,44.85008],[-93.02886,44.85169],[-93.0297,44.85171],[-93.02931,44.85528],[-93.02962,44.85528],[-93.02972,44.86031],[-93.02444,44.86032],[-93.02446,44.86151],[-93.02517,44.86174],[-93.02485,44.86195],[-93.02979,44.86194],[-93.02977,44.86414],[-93.01561,44.86411],[-93.01526,44.8669],[-93.0114,44.86694],[-93.01335,44.8694],[-93.01466,44.87791],[-93.01549,44.88132],[-93.0178,44.88754],[-93.01954,44.8908]]]]}},
{"type":"Feature","id":"665676","properties":{"id":"665676","name":"Spring Lake","kind":"township","counties":["Scott"],"population":3468,"label":[-93.46376,44.666]},"geometry":{"type":"MultiPolygon","coordinates":[[[[-93.5057,44.71772],[-93.52075,44.7177],[-93.52199,44.63077],[-93.50026,44.63054],[-93.39954,44.63063],[-93.39968,44.64519],[-93.39892,44.69823],[-93.40377,44.69396],[-93.40412,44.69339],[-93.40415,44.6924],[-93.40667,44.69244],[-93.40668,44.69063],[-93.40415,44.69059],[-93.40417,44.68878],[-93.41636,44.68898],[-93.41616,44.68913],[-93.41683,44.68939],[-93.41643,44.68994],[-93.41507,44.69127],[-93.41427,44.69124],[-93.41424,44.69435],[-93.42259,44.69446],[-93.4261,44.69618],[-93.42492,44.69562],[-93.42495,44.69229],[-93.42954,44.69228],[-93.42951,44.69616],[-93.43458,44.69612],[-93.43454,44.69881],[-93.43542,44.69881],[-93.43404,44.70256],[-93.43521,44.70274],[-93.43709,44.70216],[-93.43802,44.70145],[-93.43955,44.70171],[-93.43971,44.69625],[-93.44553,44.69601],[-93.44637,44.6945],[-93.44462,44.69354],[-93.44538,44.69235],[-93.4468,44.69232],[-93.4468,44.69189],[-93.44998,44.6918],[-93.44997,44.69271],[-93.45124,44.69269],[-93.45128,44.69061],[-93.45003,44.69044],[-93.45278,44.69029],[-93.45272,44.68865],[-93.46032,44.68845],[-93.46024,44.69206],[-93.45688,44.69212],[-93.45687,44.69256],[-93.45803,44.69268],[-93.45802,44.69312],[-93.46022,44.69309],[-93.46018,44.6942],[-93.45974,44.69477],[-93.45024,44.69904],[-93.44851,44.69948],[-93.44869,44.69969],[-93.44464,44.70162],[-93.43957,44.70345],[-93.44103,44.70338],[-93.45976,44.69526],[-93.46038,44.6955],[-93.45993,44.69811],[-93.45692,44.6992],[-93.45643,44.70167],[-93.45673,44.7022],[-93.45834,44.70277],[-93.46083,44.70316],[-93.46138,44.70364],[-93.46104,44.70389],[-93.4634,44.70572],[-93.46382,44.70574],[-93.4637,44.70593],[-93.46937,44.70643],[-93.47475,44.70569],[-93.47825,44.70624],[-93.48179,44.706],[-93.4837,44.70528],[-93.48667,44.70327],[-93.48744,44.70237],[-93.48792,44.70052],[-93.48779,44.69914],[-93.48745,44.69832],[-93.4867,44.69813],[-93.48669,44.69777],[-93.4877,44.69742],[-93.48793,44.69708],[-93.48778,44.69628],[-93.49575,44.69631],[-93.49555,44.70364],[-93.50062,44.70365],[-93.5006,44.70439],[-93.49671,44.704],[-93.49645,44.7052],[-93.49719,44.70602],[-93.49647,44.70631],[-93.49641,44.70723],[-93.49542,44.70794],[-93.49543,44.70868],[-93.49835,44.70898],[-93.49912,44.70944],[-93.50026,44.70958],[-93.50129,44.71045],[-93.50323,44.71002],[-93.50446,44.71044],[-93.50362,44.70852],[-93.502,44.70759],[-93.50152,44.70797],[-93.50159,44.70871],[-93.50114,44.70899],[-93.49878,44.70811],[-93.5015,44.70786],[-93.50187,44.70754],[-93.50164,44.70746],[-93.50188,44.70706],[-93.50531,44.70702],[-93.50536,44.70362],[-93.50671,44.70361],[-93.50668,44.70704],[-93.51202,44.70692],[-93.51195,44.71056],[-93.51062,44.71057],[-93.51064,44.71409],[-93.5081,44.71411],[-93.50812,44.71573],[-93.5057,44.71574],[-93.5057,44.71772]]],[[[-93.40372,44.69419],[-93.40409,44.6942],[-93.40409,44.69415],[-93.40372,44.69419]]],[[[-93.39889,44.69963],[-93.40116,44.69966],[-93.40118,44.699],[-93.40581,44.69907],[-93.40582,44.69859],[-93.40451,44.69858],[-93.40518,44.69776],[-93.40584,44.69777],[-93.40586,44.69695],[-93.40661,44.69604],[-93.40662,44.69553],[-93.40226,44.69548],[-93.39905,44.69827],[-93.39889,44.69963]]],[[[-93.48035,44.71056],[-93.49063,44.7105],[-93.49062,44.7071],[-93.49085,44.70697],[-93.49062,44.70697],[-93.49062,44.70634],[-93.49042,44.70705],[-93.48535,44.70701],[-93.48533,44.70811],[-93.48041,44.70812],[-93.48035,44.71056]]],[[[-93.48515,44.71761],[-93.49024,44.71764],[-93.49033,44.71277],[-93.48703,44.71275],[-93.48701,44.71409],[-93.48522,44.71408],[-93.48515,44.71761]]]]}},
{"type":"Feature","id":"2395934","properties":{"id":"2395934","name":"Spring Lake Park","kind":"city","counties":["Anoka","Ramsey"],"population":7430,"label":[-93.24567,45.11622]},"geometry":{"type":"MultiPolygon","coordinates":[[[[-93.26371,45.12456],[-93.26365,45.10792],[-93.26328,45.10791],[-93.26328,45.10747],[-93.26056,45.10793],[-93.23158,45.10772],[-93.22911,45.10709],[-93.22782,45.10709],[-93.22787,45.12454],[-93.23571,45.12479],[-93.26371,45.12456]]],[[[-93.22765,45.11136],[-93.22483,45.11137],[-93.22486,45.11173],[-93.22296,45.11179],[-93.22296,45.11343],[-93.22772,45.11621],[-93.22765,45.11136]]]]}},
{"type":"Feature","id":"2395935","properties":{"id":"2395935","name":"Spring Park","kind":"city","counties":["Hennepin"],"population":1716,"label":[-93.6327,44.93605]},"geometry":{"type":"MultiPolygon","coordinates":[[[[-93.62331,44.93432],[-93.62324,44.93467],[-93.62228,44.93468],[-93.62227,44.93625],[-93.61929,44.93689],[-93.61932,44.93804],[-93.61983,44.93807],[-93.61988,44.94055],[-93.61588,44.94061],[-93.61676,44.94233],[-93.617,44.9418],[-93.61764,44.94231],[-93.61737,44.94188],[-93.61771,44.94171],[-93.61929,44.94218],[-93.62097,44.94216],[-93.61996,44.94105],[-93.62082,44.94159],[-93.62263,44.9408],[-93.62439,44.93798],[-93.62552,44.93694],[-93.6262,44.93672],[-93.63248,44.93703],[-93.63565,44.93833],[-93.63895,44.93753],[-93.6412,44.93831],[-93.64399,44.93841],[-93.64566,44.93466],[-93.64513,44.93337],[-93.64257,44.93236],[-93.63797,44.93257],[-93.63456,44.93196],[-93.63061,44.93293],[-93.63082,44.93343],[-93.63062,44.93374],[-93.62731,44.93467],[-93.62331,44.93432]]]]}},
{"type":"Feature","id":"2395946","properties":{"id":"2395946","name":"Stacy","kind":"city","counties":["Chisago"],"population":4764,"label":[-92.97122,45.4254]},"geometry":{"type":"MultiPolygon","coordinates":[[[[-93.0217,45.47043],[-93.02102,45.44043],[-93.01853,45.38268],[-93.01895,45.36894],[-92.99813,45.3692],[-92.97762,45.36868],[-92.97703,45.38206],[-92.93631,45.38198],[-92.93788,45.42524],[-92.91725,45.4254],[-92.91756,45.43266],[-92.89699,45.43276],[-92.89799,45.46987],[-92.91866,45.47002],[-92.91825,45.458],[-92.93872,45.45797],[-92.93864,45.45436],[-92.94898,45.4544],[-92.94907,45.45801],[-92.95422,45.45803],[-92.95431,45.46164],[-92.94916,45.46161],[-92.94925,45.46522],[-92.9647,45.4653],[-92.96479,45.46947],[-92.96724,45.46949],[-92.96726,45.47045],[-93.0217,45.47043]]]]}},
{"type":"Feature","id":"2395969","properties":{"id":"2395969","name":"Stillwater","kind":"city","counties":["Washington"],"population":19425,"label":[-92.83152,45.05707]},"geometry":{"type":"MultiPolygon","coordinates":[[[[-92.86318,45.0796],[-92.86302,45.03618],[-92.8588,45.03614],[-92.85876,45.03514],[-92.86301,45.03539],[-92.86298,45.03244],[-92.86225,45.0323],[-92.8626,45.03144],[-92.85864,45.03127],[-92.85865,45.03153],[-92.85803,45.03168],[-92.85627,45.03417],[-92.85474,45.03543],[-92.85561,45.03549],[-92.85456,45.03552],[-92.85455,45.0361],[-92.84343,45.036],[-92.84343,45.0363],[-92.81269,45.03564],[-92.81272,45.03915],[-92.80525,45.03915],[-92.8051,45.03631],[-92.80015,45.03628],[-92.80019,45.03917],[-92.80252,45.03916],[-92.80252,45.03964],[-92.80299,45.03964],[-92.803,45.04014],[-92.80252,45.04014],[-92.80251,45.04282],[-92.79671,45.04279],[-92.79671,45.04435],[-92.79589,45.04436],[-92.79555,45.04279],[-92.7855,45.0428],[-92.78968,45.04484],[-92.79194,45.04633],[-92.7971,45.05078],[-92.79894,45.05268],[-92.80185,45.0566],[-92.80326,45.06083],[-92.80344,45.06315],[-92.80308,45.06524],[-92.80263,45.06695],[-92.80164,45.06886],[-92.80041,45.0704],[-92.79591,45.07455],[-92.79072,45.07892],[-92.8129,45.07922],[-92.81292,45.07531],[-92.83157,45.07579],[-92.83346,45.07528],[-92.83476,45.07413],[-92.83479,45.07937],[-92.84632,45.08014],[-92.85687,45.07959],[-92.86318,45.0796]],[[-92.8366,45.0462],[-92.83685,45.04633],[-92.83488,45.04841],[-92.83375,45.05038],[-92.83342,45.05038],[-92.83461,45.04831],[-92.8366,45.0462]],[[-92.83478,45.05746],[-92.83496,45.05774],[-92.83295,45.05701],[-92.83478,45.05746]],[[-92.80763,45.04112],[-92.80761,45.04284],[-92.80374,45.04282],[-92.80375,45.04199],[-92.80637,45.042],[-92.80637,45.04112],[-92.80763,45.04112]],[[-92.80116,45.0387],[-92.80116,45.03909],[-92.80068,45.03909],[-92.80067,45.03871],[-92.80116,45.0387]]],[[[-92.80567,45.04272],[-92.80569,45.04236],[-92.80501,45.04236],[-92.805,45.04272],[-92.80567,45.04272]]]]}},
{"type":"Feature","id":"665712","properties":{"id":"665712","name":"Stillwater","kind":"township","counties":["Washington"],"population":1844,"label":[-92.81034,45.10287]},"geometry":{"type":"MultiPolygon","coordinates":[[[[-92.78212,45.12342],[-92.86374,45.12359],[-92.86318,45.0796],[-92.85687,45.07959],[-92.84632,45.08014],[-92.83479,45.07937],[-92.83476,45.07413],[-92.83346,45.07528],[-92.83157,45.07579],[-92.81292,45.07531],[-92.8129,45.07922],[-92.79072,45.07892],[-92.78679,45.08199],[-92.77446,45.0889],[-92.77195,45.09126],[-92.76301,45.09756],[-92.75734,45.10058],[-92.75339,45.10398],[-92.74581,45.10793],[-92.74129,45.11287],[-92.73977,45.11574],[-92.73963,45.11663],[-92.7403,45.11784],[-92.74379,45.12062],[-92.74569,45.12324],[-92.78212,45.12342]]],[[[-92.83489,45.04798],[-92.83342,45.05038],[-92.83375,45.05038],[-92.83488,45.04841],[-92.83685,45.04633],[-92.8366,45.0462],[-92.83489,45.04798]]],[[[-92.83296,45.05714],[-92.83496,45.05774],[-92.8345,45.05726],[-92.83296,45.05714]]]]}},
{"type":"Feature","id":"2396006","properties":{"id":"2396006","name":"Sunfish Lake","kind":"city","counties":["Dakota"],"population":520,"label":[-93.09427,44.87229]},"geometry":{"type":"MultiPolygon","coordinates":[[[[-93.10613,44.86192],[-93.08512,44.86192],[-93.08069,44.86847],[-93.08058,44.87798],[-93.09245,44.88304],[-93.09586,44.88345],[-93.10595,44.88347],[-93.10613,44.86192]]]]}},
{"type":"Feature","id":"2397036","properties":{"id":"2397036","name":"Tonka Bay","kind":"city","counties":["Hennepin"],"population":1608,"label":[-93.58963,44.91523]},"geometry":{"type":"MultiPolygon","coordinates":[[[[-93.60184,44.90978],[-93.60194,44.90613],[-93.59518,44.90606],[-93.59433,44.90545],[-93.58964,44.90532],[-93.58854,44.905],[-93.58854,44.90465],[-93.5893,44.90474],[-93.5893,44.90359],[-93.58975,44.90323],[-93.58917,44.90244],[-93.58914,44.90067],[-93.58759,44.90103],[-93.58761,44.90506],[-93.58434,44.90412],[-93.58425,44.90626],[-93.58598,44.90675],[-93.58861,44.90658],[-93.58991,44.90824],[-93.59044,44.91121],[-93.58974,44.91279],[-93.58958,44.91428],[-93.58812,44.91475],[-93.58919,44.91522],[-93.5888,44.91561],[-93.58678,44.91546],[-93.58639,44.9147],[-93.5862,44.91502],[-93.58579,44.91484],[-93.58459,44.91228],[-93.58395,44.912],[-93.58098,44.91283],[-93.57705,44.91326],[-93.57452,44.91288],[-93.57408,44.91385],[-93.57341,44.91434],[-93.57534,44.91602],[-93.57815,44.91606],[-93.58123,44.91753],[-93.58214,44.92123],[-93.58172,44.92507],[-93.5825,44.925],[-93.58358,44.92426],[-93.58439,44.92595],[-93.58595,44.92745],[-93.58909,44.92787],[-93.59193,44.92771],[-93.59302,44.92811],[-93.5932,44.92864],[-93.59468,44.92682],[-93.59366,44.92638],[-93.59096,44.92302],[-93.58882,44.92212],[-93.58893,44.92044],[-93.59036,44.91881],[-93.59285,44.91832],[-93.59512,44.91832],[-93.59544,44.91787],[-93.59579,44.91818],[-93.5953,44.91856],[-93.59546,44.91884],[-93.59756,44.91962],[-93.59885,44.92054],[-93.59764,44.91878],[-93.59738,44.91695],[-93.59935,44.91278],[-93.60184,44.90978]]]]}},
{"type":"Feature","id":"2397106","properties":{"id":"2397106","name":"Vadnais Heights","kind":"city","counties":["Ramsey"],"population":13270,"label":[-93.07472,45.057]},"geometry":{"type":"MultiPolygon","coordinates":[[[[-93.0561,45.07934],[-93.10648,45.07913],[-93.10625,45.04321],[-93.08678,45.04316],[-93.08684,45.03593],[-93.03659,45.03577],[-93.03477,45.04299],[-93.03572,45.04299],[-93.0357,45.0466],[-93.03061,45.04664],[-93.03061,45.05029],[-93.03311,45.05031],[-93.03386,45.0476],[-93.03696,45.0476],[-93.03664,45.04849],[-93.03581,45.04849],[-93.03581,45.05032],[-93.05116,45.05033],[-93.0509,45.05202],[-93.0511,45.05281],[-93.05575,45.05806],[-93.05002,45.06198],[-93.04999,45.06473],[-93.05101,45.06473],[-93.05092,45.07209],[-93.05613,45.07212],[-93.0561,45.07934]]]]}},
{"type":"Feature","id":"2397127","properties":{"id":"2397127","name":"Vermillion","kind":"city","counties":["Dakota"],"population":434,"label":[-92.96431,44.67356]},"geometry":{"type":"MultiPolygon","coordinates":[[[[-92.95422,44.67355],[-92.95419,44.68076],[-92.97443,44.68081],[-92.97446,44.66997],[-92.97357,44.66995],[-92.97447,44.66857],[-92.97447,44.66638],[-92.95426,44.66625],[-92.95422,44.67355]]]]}},
{"type":"Feature","id":"665860","properties":{"id":"665860","name":"Vermillion","kind":"township","counties":["Dakota"],"population":1267,"label":[-93.032,44.67283]},"geometry":{"type":"MultiPolygon","coordinates":[[[[-92.99468,44.71695],[-93.01509,44.71712],[-93.01505,44.71001],[-93.02516,44.71007],[-93.02506,44.70268],[-93.0348,44.70273],[-93.03504,44.63035],[-92.91366,44.63011],[-92.91347,44.71687],[-92.99468,44.71695]],[[-92.97447,44.66638],[-92.97447,44.66857],[-92.97357,44.66995],[-92.97446,44.66997],[-92.97443,44.68081],[-92.95419,44.68076],[-92.95426,44.66625],[-92.97447,44.66638]]],[[[-93.02917,44.70634],[-93.02936,44.70634],[-93.02833,44.70455],[-93.02917,44.70634]]],[[[-93.0303,44.70634],[-93.03054,44.70635],[-93.02913,44.70432],[-93.0303,44.70634]]]]}},
{"type":"Feature","id":"2397135","properties":{"id":"2397135","name":"Victoria","kind":"city","counties":["Carver"],"population":11289,"label":[-93.67134,44.86709]},"geometry":{"type":"MultiPolygon","coordinates":[[[[-93.73474,44.89092],[-93.73472,44.88994],[-93.73446,44.88981],[-93.73166,44.88922],[-93.72954,44.88953],[-93.72819,44.88889],[-93.72792,44.88649],[-93.72826,44.88606],[-93.73069,44.88537],[-93.73154,44.88558],[-93.73182,44.88501],[-93.7326,44.88526],[-93.73162,44.88448],[-93.72869,44.88311],[-93.72513,44.88234],[-93.72416,44.88121],[-93.72324,44.86263],[-93.69694,44.86294],[-93.69476,44.86239],[-93.69059,44.86039],[-93.68845,44.85978],[-93.68577,44.85961],[-93.68198,44.86017],[-93.68486,44.8595],[-93.68704,44.8594],[-93.6896,44.85976],[-93.69252,44.86098],[-93.69267,44.84119],[-93.68355,44.84116],[-93.68352,44.84016],[-93.68294,44.83927],[-93.68294,44.83519],[-93.68341,44.83411],[-93.68297,44.83403],[-93.683,44.83237],[-93.6808,44.83162],[-93.67888,44.83117],[-93.67848,44.83176],[-93.6773,44.83225],[-93.674,44.83048],[-93.67315,44.83088],[-93.67316,44.83191],[-93.66858,44.83056],[-93.66679,44.8293],[-93.65657,44.82615],[-93.65227,44.82533],[-93.65235,44.82784],[-93.65311,44.83171],[-93.65294,44.83362],[-93.65208,44.83363],[-93.65189,44.84779],[-93.65166,44.848],[-93.65188,44.84877],[-93.63205,44.84919],[-93.63231,44.85638],[-93.62265,44.85624],[-93.62254,44.87022],[-93.62476,44.8677],[-93.62267,44.87069],[-93.62626,44.87074],[-93.62733,44.87138],[-93.62785,44.87118],[-93.6278,44.87431],[-93.62745,44.87427],[-93.62749,44.88153],[-93.62805,44.88154],[-93.62749,44.88203],[-93.62749,44.88278],[-93.62807,44.88243],[-93.62972,44.88276],[-93.62578,44.88748],[-93.61973,44.89145],[-93.69802,44.89102],[-93.69798,44.89033],[-93.69898,44.89032],[-93.69903,44.89101],[-93.73474,44.89092]],[[-93.69716,44.87087],[-93.69735,44.87095],[-93.69605,44.87155],[-93.69586,44.87133],[-93.69716,44.87087]],[[-93.68222,44.86271],[-93.68187,44.86298],[-93.68189,44.86252],[-93.68222,44.86271]],[[-93.67976,44.84401],[-93.67959,44.8447],[-93.67235,44.84411],[-93.67239,44.84154],[-93.66782,44.84151],[-93.66952,44.84091],[-93.66972,44.84026],[-93.66919,44.83855],[-93.67079,44.83772],[-93.67758,44.83749],[-93.67901,44.83804],[-93.67952,44.83882],[-93.67904,44.84032],[-93.6784,44.84103],[-93.67976,44.84401]]],[[[-93.66202,44.81203],[-93.66024,44.81266],[-93.65718,44.81274],[-93.65735,44.80824],[-93.65239,44.80772],[-93.65231,44.81577],[-93.66202,44.81203]]],[[[-93.66533,44.81076],[-93.66344,44.81027],[-93.66313,44.81085],[-93.66239,44.81083],[-93.66232,44.81192],[-93.66533,44.81076]]],[[[-93.66751,44.81991],[-93.66754,44.81263],[-93.66672,44.81264],[-93.66683,44.81114],[-93.66583,44.81088],[-93.65231,44.81608],[-93.65222,44.82371],[-93.66232,44.82354],[-93.66234,44.81998],[-93.66751,44.81991]]]]}},
{"type":"Feature","id":"2397159","properties":{"id":"2397159","name":"Waconia","kind":"city","counties":["Carver"],"population":13593,"label":[-93.78714,44.84044]},"geometry":{"type":"MultiPolygon","coordinates":[[[[-93.8292,44.83323],[-93.82386,44.83326],[-93.82393,44.83154],[-93.82194,44.83152],[-93.82191,44.83318],[-93.819,44.8332],[-93.81898,44.83135],[-93.81493,44.83325],[-93.8134,44.83337],[-93.82406,44.82876],[-93.82404,44.827],[-93.82281,44.82698],[-93.8228,44.82603],[-93.81137,44.82611],[-93.81138,44.82694],[-93.80858,44.82696],[-93.80858,44.82723],[-93.80742,44.8272],[-93.80742,44.82611],[-93.79308,44.82575],[-93.79375,44.82459],[-93.79302,44.82241],[-93.79355,44.82369],[-93.79463,44.82372],[-93.79426,44.82226],[-93.78831,44.82203],[-93.78829,44.82064],[-93.78731,44.82014],[-93.786,44.82014],[-93.78461,44.82059],[-93.78374,44.82201],[-93.78316,44.82201],[-93.78317,44.8233],[-93.77914,44.82317],[-93.77802,44.82347],[-93.77807,44.83282],[-93.77041,44.83282],[-93.77039,44.82919],[-93.76785,44.82919],[-93.76779,44.81853],[-93.76,44.81868],[-93.76003,44.82566],[-93.75507,44.82572],[-93.75508,44.82718],[-93.75999,44.82707],[-93.75982,44.83037],[-93.76021,44.8302],[-93.76023,44.83299],[-93.76061,44.83298],[-93.76064,44.834],[-93.76025,44.83401],[-93.76038,44.83875],[-93.75538,44.83887],[-93.7554,44.83937],[-93.75607,44.83971],[-93.75626,44.84033],[-93.75547,44.84099],[-93.75792,44.8431],[-93.75672,44.84389],[-93.75686,44.84421],[-93.75255,44.84878],[-93.75185,44.85],[-93.75156,44.85138],[-93.75062,44.8514],[-93.75006,44.86054],[-93.75247,44.86052],[-93.75366,44.8598],[-93.75517,44.85948],[-93.75518,44.85877],[-93.75564,44.85878],[-93.75577,44.86025],[-93.75667,44.86203],[-93.75847,44.86223],[-93.76142,44.85817],[-93.76538,44.85492],[-93.77007,44.85285],[-93.77427,44.85214],[-93.78286,44.85249],[-93.78755,44.85221],[-93.79499,44.853],[-93.79579,44.85423],[-93.79537,44.85736],[-93.79559,44.85792],[-93.79374,44.85862],[-93.79191,44.85695],[-93.79146,44.85722],[-93.79145,44.85794],[-93.7957,44.86118],[-93.79844,44.86237],[-93.79912,44.86205],[-93.79938,44.85911],[-93.79988,44.85801],[-93.80111,44.85716],[-93.80306,44.85657],[-93.80822,44.85659],[-93.81049,44.85751],[-93.81198,44.85881],[-93.81877,44.85871],[-93.8188,44.8533],[-93.81361,44.85334],[-93.81772,44.85166],[-93.81881,44.85169],[-93.81884,44.84784],[-93.81008,44.84796],[-93.81066,44.84853],[-93.81082,44.84932],[-93.81011,44.85056],[-93.80908,44.85085],[-93.80618,44.85086],[-93.802,44.85273],[-93.80023,44.85018],[-93.80005,44.84919],[-93.80029,44.84794],[-93.80085,44.84689],[-93.80198,44.84639],[-93.80439,44.84664],[-93.80575,44.84787],[-93.80817,44.8476],[-93.80828,44.84419],[-93.81855,44.84413],[-93.8185,44.84274],[-93.81763,44.84221],[-93.81754,44.84155],[-93.81682,44.84155],[-93.81683,44.84086],[-93.81795,44.8414],[-93.8187,44.84248],[-93.81901,44.84245],[-93.81812,44.8412],[-93.81892,44.84064],[-93.81896,44.83693],[-93.82923,44.83686],[-93.8292,44.83323]],[[-93.76523,44.83347],[-93.76354,44.83292],[-93.76191,44.83296],[-93.76425,44.8329],[-93.76523,44.83347]],[[-93.76916,44.83645],[-93.76786,44.83637],[-93.76873,44.83601],[-93.76916,44.83645]],[[-93.76807,44.84665],[-93.76741,44.84648],[-93.76739,44.84593],[-93.76805,44.84592],[-93.76807,44.84665]],[[-93.81883,44.84058],[-93.81802,44.84114],[-93.81671,44.84059],[-93.81883,44.84058]],[[-93.78813,44.82493],[-93.78812,44.82563],[-93.78642,44.82562],[-93.7864,44.8251],[-93.78696,44.8248],[-93.78813,44.82493]],[[-93.77426,44.84733],[-93.77425,44.84808],[-93.77387,44.84809],[-93.77386,44.85031],[-93.77348,44.85031],[-93.7735,44.84734],[-93.77426,44.84733]],[[-93.75528,44.85671],[-93.75524,44.85754],[-93.75325,44.8578],[-93.75329,44.85698],[-93.75528,44.85671]],[[-93.76061,44.84491],[-93.76056,44.84376],[-93.76234,44.84375],[-93.76238,44.84487],[-93.76061,44.84491]],[[-93.76887,44.83584],[-93.76835,44.83562],[-93.76866,44.83594],[-93.76659,44.83647],[-93.76659,44.83536],[-93.76781,44.83536],[-93.76499,44.83375],[-93.76528,44.8335],[-93.76786,44.83484],[-93.76887,44.83584]],[[-93.80866,44.83501],[-93.80866,44.83524],[-93.79654,44.83996],[-93.79663,44.84023],[-93.79862,44.84038],[-93.79451,44.84026],[-93.80866,44.83501]],[[-93.7916,44.82571],[-93.78835,44.82563],[-93.78832,44.8233],[-93.79024,44.82335],[-93.7916,44.82571]],[[-93.78209,44.84316],[-93.78095,44.84325],[-93.78095,44.84374],[-93.78015,44.84374],[-93.78015,44.84422],[-93.77809,44.84461],[-93.77808,44.84379],[-93.77935,44.84379],[-93.7749,44.84358],[-93.77273,44.84456],[-93.77149,44.8447],[-93.77148,44.84368],[-93.77329,44.84367],[-93.77335,44.83645],[-93.77808,44.83645],[-93.77808,44.83997],[-93.77528,44.83995],[-93.77349,44.83951],[-93.77519,44.84016],[-93.77808,44.84019],[-93.77809,44.84267],[-93.77875,44.84313],[-93.78209,44.84316]]]]}},
{"type":"Feature","id":"665887","properties":{"id":"665887","name":"Waconia","kind":"township","counties":["Carver"],"population":1052,"label":[-93.83288,44.84838]},"geometry":{"type":"MultiPolygon","coordinates":[[[[-93.88837,44.8045],[-93.76771,44.80378],[-93.76785,44.82919],[-93.77039,44.82919],[-93.77041,44.83282],[-93.77807,44.83282],[-93.77802,44.82347],[-93.77914,44.82317],[-93.78317,44.8233],[-93.78316,44.82201],[-93.78374,44.82201],[-93.78461,44.82059],[-93.786,44.82014],[-93.78731,44.82014],[-93.78829,44.82064],[-93.78831,44.82203],[-93.79426,44.82226],[-93.79463,44.82372],[-93.79355,44.82369],[-93.79302,44.82241],[-93.79375,44.82459],[-93.79308,44.82575],[-93.80742,44.82611],[-93.80742,44.8272],[-93.80858,44.82723],[-93.80858,44.82696],[-93.81138,44.82694],[-93.81137,44.82611],[-93.8228,44.82603],[-93.82281,44.82698],[-93.82404,44.827],[-93.82406,44.82876],[-93.8134,44.83337],[-93.81493,44.83325],[-93.81898,44.83135],[-93.819,44.8332],[-93.82191,44.83318],[-93.82194,44.83152],[-93.82393,44.83154],[-93.82386,44.83326],[-93.8292,44.83323],[-93.82923,44.83686],[-93.81896,44.83693],[-93.81892,44.84064],[-93.81812,44.8412],[-93.81901,44.84245],[-93.8187,44.84248],[-93.81795,44.8414],[-93.81683,44.84086],[-93.81682,44.84155],[-93.81754,44.84155],[-93.81763,44.84221],[-93.8185,44.84274],[-93.81855,44.84413],[-93.80828,44.84419],[-93.80817,44.8476],[-93.80575,44.84787],[-93.80439,44.84664],[-93.80209,44.84638],[-93.80092,44.84684],[-93.80041,44.84769],[-93.80006,44.84903],[-93.80018,44.85004],[-93.802,44.85273],[-93.80618,44.85086],[-93.80908,44.85085],[-93.81011,44.85056],[-93.81082,44.84932],[-93.81066,44.84853],[-93.81008,44.84796],[-93.81884,44.84784],[-93.81881,44.85169],[-93.81772,44.85166],[-93.81361,44.85334],[-93.8188,44.8533],[-93.81877,44.85871],[-93.81198,44.85881],[-93.81049,44.85751],[-93.80822,44.85659],[-93.80306,44.85657],[-93.80111,44.85716],[-93.79988,44.85801],[-93.79938,44.85911],[-93.79912,44.86205],[-93.79855,44.86238],[-93.79577,44.86123],[-93.79145,44.85794],[-93.79146,44.85722],[-93.79191,44.85695],[-93.79374,44.85862],[-93.79559,44.85792],[-93.79537,44.85736],[-93.79579,44.85423],[-93.79524,44.85321],[-93.79472,44.85291],[-93.78755,44.85221],[-93.78286,44.85249],[-93.77417,44.85214],[-93.77111,44.85257],[-93.76799,44.85373],[-93.76799,44.89085],[-93.87591,44.89112],[-93.87592,44.88918],[-93.87644,44.88918],[-93.8764,44.88835],[-93.8778,44.88682],[-93.87978,44.88683],[-93.87978,44.88469],[-93.88483,44.88467],[-93.88483,44.87736],[-93.88818,44.87734],[-93.88854,44.81913],[-93.88837,44.8045]]],[[[-93.78095,44.84325],[-93.77875,44.84313],[-93.77809,44.84267],[-93.77808,44.84019],[-93.77519,44.84016],[-93.77349,44.83951],[-93.77528,44.83995],[-93.77808,44.83997],[-93.77808,44.83645],[-93.77335,44.83645],[-93.77329,44.84367],[-93.77148,44.84368],[-93.77149,44.8447],[-93.77273,44.84456],[-93.7749,44.84358],[-93.77935,44.84379],[-93.77808,44.84379],[-93.77809,44.84461],[-93.78015,44.84422],[-93.78015,44.84374],[-93.78095,44.84374],[-93.78095,44.84325]]],[[[-93.7916,44.82571],[-93.79024,44.82335],[-93.78832,44.8233],[-93.78835,44.82563],[-93.7916,44.82571]]],[[[-93.80866,44.83501],[-93.79451,44.84026],[-93.79862,44.84038],[-93.79663,44.84023],[-93.79654,44.83996],[-93.80866,44.83524],[-93.80866,44.83501]]],[[[-93.88105,44.88788],[-93.87977,44.88788],[-93.87977,44.89113],[-93.88099,44.89113],[-93.88105,44.88788]]],[[[-93.77426,44.84733],[-93.7735,44.84734],[-93.77348,44.85031],[-93.77386,44.85031],[-93.77387,44.84809],[-93.77425,44.84808],[-93.77426,44.84733]]],[[[-93.78813,44.82493],[-93.78696,44.8248],[-93.7864,44.8251],[-93.78642,44.82562],[-93.78812,44.82563],[-93.78813,44.82493]]],[[[-93.76887,44.83584],[-93.76786,44.83484],[-93.76786,44.83626],[-93.76866,44.83594],[-93.76835,44.83562],[-93.76887,44.83584]]],[[[-93.81883,44.84058],[-93.81671,44.84059],[-93.81802,44.84114],[-93.81883,44.84058]]],[[[-93.76916,44.83645],[-93.76873,44.83601],[-93.76786,44.83637],[-93.76916,44.83645]],[[-93.88748,44.88765],[-93.88541,44.8875],[-93.8872,44.88756],[-93.88719,44.88792],[-93.88748,44.88765]]],[[[-93.88827,44.88247],[-93.88814,44.88247],[-93.88813,44.88327],[-93.88827,44.88247]]],[[[-93.78209,44.84325],[-93.78209,44.84316],[-93.78095,44.84316],[-93.78209,44.84325]]]]}},
{"type":"Feature","id":"665931","properties":{"id":"665931","name":"Watertown","kind":"township","counties":["Carver"],"population":1193,"label":[-93.82726,44.93268]},"geometry":{"type":"MultiPolygon","coordinates":[[[[-93.86216,44.9562],[-93.85914,44.95628],[-93.85911,44.95975],[-93.86428,44.9598],[-93.86424,44.96118],[-93.86032,44.96113],[-93.86029,44.96029],[-93.85937,44.96027],[-93.8591,44.96057],[-93.85875,44.96508],[-93.85732,44.96443],[-93.85462,44.96726],[-93.8569,44.96836],[-93.85615,44.9688],[-93.85483,44.96882],[-93.85466,44.96922],[-93.85948,44.97025],[-93.85925,44.97411],[-93.84946,44.97404],[-93.84957,44.97233],[-93.84423,44.97226],[-93.84426,44.97042],[-93.84224,44.97043],[-93.84157,44.97194],[-93.83659,44.97197],[-93.83882,44.97045],[-93.83468,44.97047],[-93.83468,44.97096],[-93.83573,44.97095],[-93.83572,44.97214],[-93.83445,44.97201],[-93.8332,44.9726],[-93.83305,44.97301],[-93.8335,44.97398],[-93.83289,44.97406],[-93.83107,44.9733],[-93.83064,44.97373],[-93.82894,44.97381],[-93.82696,44.97493],[-93.826,44.97589],[-93.82523,44.97786],[-93.89,44.97821],[-93.88975,44.89124],[-93.88882,44.89123],[-93.88962,44.89132],[-93.88963,44.8919],[-93.88883,44.89204],[-93.88649,44.89178],[-93.88552,44.89237],[-93.88447,44.8921],[-93.88589,44.8912],[-93.88533,44.89121],[-93.8796,44.89494],[-93.87958,44.89443],[-93.87788,44.89442],[-93.87789,44.89483],[-93.87446,44.89482],[-93.87446,44.89537],[-93.86423,44.89533],[-93.86419,44.89126],[-93.76799,44.89085],[-93.7675,44.97764],[-93.82372,44.97786],[-93.82372,44.97748],[-93.82605,44.97462],[-93.8275,44.97193],[-93.82913,44.97095],[-93.82862,44.9705],[-93.82613,44.9705],[-93.82599,44.96332],[-93.81844,44.96339],[-93.81847,44.95962],[-93.82859,44.95957],[-93.82852,44.96317],[-93.83758,44.96317],[-93.83872,44.96185],[-93.83872,44.96094],[-93.83908,44.96035],[-93.83881,44.9603],[-93.83883,44.95954],[-93.83356,44.95953],[-93.83117,44.95919],[-93.8312,44.95886],[-93.82911,44.95864],[-93.8245,44.95658],[-93.82433,44.95471],[-93.82247,44.9543],[-93.82555,44.94872],[-93.83596,44.9487],[-93.83842,44.95143],[-93.83859,44.95061],[-93.84111,44.95062],[-93.84111,44.94883],[-93.84714,44.94884],[-93.8466,44.94989],[-93.84783,44.94986],[-93.84782,44.94886],[-93.86932,44.94902],[-93.86922,44.95264],[-93.86294,44.95258],[-93.8627,44.95428],[-93.86329,44.95532],[-93.85945,44.95534],[-93.85958,44.95627],[-93.86216,44.9562]]],[[[-93.85394,44.95752],[-93.85289,44.95705],[-93.85299,44.9565],[-93.85461,44.95717],[-93.85496,44.95676],[-93.8534,44.95607],[-93.85559,44.95606],[-93.85561,44.95526],[-93.84879,44.95511],[-93.84868,44.95611],[-93.84829,44.95634],[-93.85273,44.95821],[-93.85394,44.95752]]],[[[-93.84557,44.95251],[-93.84501,44.95416],[-93.84893,44.95418],[-93.84898,44.95248],[-93.84557,44.95251]]],[[[-93.84567,44.95076],[-93.84371,44.95081],[-93.84369,44.95241],[-93.84505,44.95241],[-93.84567,44.95076]]],[[[-93.86216,44.95054],[-93.86167,44.95054],[-93.86167,44.95136],[-93.86373,44.95141],[-93.86373,44.9502],[-93.86229,44.95004],[-93.86216,44.95054]]],[[[-93.83638,44.94939],[-93.83578,44.94879],[-93.83452,44.94877],[-93.83448,44.94936],[-93.83638,44.94939]]],[[[-93.83316,44.95748],[-93.83258,44.95745],[-93.83252,44.95863],[-93.83316,44.95865],[-93.83316,44.95748]]]]}},
{"type":"Feature","id":"2397211","properties":{"id":"2397211","name":"Watertown","kind":"city","counties":["Carver"],"population":4848,"label":[-93.8432,44.96021]},"geometry":{"type":"MultiPolygon","coordinates":[[[[-93.86922,44.95264],[-93.86932,44.94902],[-93.84782,44.94886],[-93.84783,44.94986],[-93.8466,44.94989],[-93.84714,44.94884],[-93.84111,44.94883],[-93.84111,44.95062],[-93.83859,44.95061],[-93.83842,44.95143],[-93.83596,44.9487],[-93.82555,44.94872],[-93.82247,44.9543],[-93.82433,44.95471],[-93.8245,44.95658],[-93.82911,44.95864],[-93.8312,44.95886],[-93.83117,44.95919],[-93.83356,44.95953],[-93.83883,44.95954],[-93.83881,44.9603],[-93.83908,44.96035],[-93.83872,44.96094],[-93.83872,44.96185],[-93.83758,44.96317],[-93.82852,44.96317],[-93.82859,44.95957],[-93.81847,44.95962],[-93.81844,44.96339],[-93.82599,44.96332],[-93.82613,44.9705],[-93.82862,44.9705],[-93.82913,44.97095],[-93.8275,44.97193],[-93.82605,44.97462],[-93.82372,44.97748],[-93.82372,44.97786],[-93.82523,44.97786],[-93.826,44.97589],[-93.82696,44.97493],[-93.82894,44.97381],[-93.83064,44.97373],[-93.83107,44.9733],[-93.83289,44.97406],[-93.8335,44.97398],[-93.83305,44.97301],[-93.8332,44.9726],[-93.83445,44.97201],[-93.83572,44.97214],[-93.83573,44.97095],[-93.83468,44.97096],[-93.83468,44.97047],[-93.83882,44.97045],[-93.83659,44.97197],[-93.84157,44.97194],[-93.84224,44.97043],[-93.84426,44.97042],[-93.84423,44.97226],[-93.84957,44.97233],[-93.84946,44.97404],[-93.85925,44.97411],[-93.85948,44.97025],[-93.85466,44.96922],[-93.85483,44.96882],[-93.85615,44.9688],[-93.8569,44.96836],[-93.85462,44.96726],[-93.85732,44.96443],[-93.85875,44.96508],[-93.8591,44.96057],[-93.85937,44.96027],[-93.86029,44.96029],[-93.86032,44.96113],[-93.86424,44.96118],[-93.86428,44.9598],[-93.85911,44.95975],[-93.85914,44.95628],[-93.85958,44.95627],[-93.85945,44.95534],[-93.86329,44.95532],[-93.8627,44.95428],[-93.86294,44.95258],[-93.86922,44.95264]],[[-93.83316,44.95748],[-93.83316,44.95865],[-93.83252,44.95863],[-93.83258,44.95745],[-93.83316,44.95748]],[[-93.83638,44.94939],[-93.83448,44.94936],[-93.83452,44.94877],[-93.83578,44.94879],[-93.83638,44.94939]],[[-93.86373,44.9502],[-93.86373,44.95141],[-93.86167,44.95136],[-93.86167,44.95054],[-93.86216,44.95054],[-93.86229,44.95004],[-93.86373,44.9502]],[[-93.84567,44.95076],[-93.84505,44.95241],[-93.84369,44.95241],[-93.84371,44.95081],[-93.84567,44.95076]],[[-93.84898,44.95248],[-93.84893,44.95418],[-93.84501,44.95416],[-93.84557,44.95251],[-93.84898,44.95248]],[[-93.85561,44.95526],[-93.85559,44.95606],[-93.8534,44.95607],[-93.85496,44.95676],[-93.85461,44.95717],[-93.85299,44.9565],[-93.85289,44.95705],[-93.85394,44.95752],[-93.85273,44.95821],[-93.84829,44.95634],[-93.84868,44.95611],[-93.84879,44.95511],[-93.85561,44.95526]]],[[[-93.8621,44.95629],[-93.86216,44.9562],[-93.85958,44.95627],[-93.8621,44.95629]]]]}},
{"type":"Feature","id":"2397235","properties":{"id":"2397235","name":"Wayzata","kind":"city","counties":["Hennepin"],"population":4437,"label":[-93.51352,44.97075]},"geometry":{"type":"MultiPolygon","coordinates":[[[[-93.54812,44.97603],[-93.54812,44.97452],[-93.543,44.97447],[-93.54299,44.96658],[-93.54428,44.96658],[-93.54299,44.96562],[-93.54299,44.96525],[-93.54392,44.96525],[-93.54392,44.96397],[-93.53875,44.96372],[-93.53569,44.9627],[-93.5344,44.96109],[-93.5347,44.95947],[-93.53163,44.95704],[-93.53075,44.95585],[-93.53088,44.95733],[-93.53005,44.95785],[-93.52945,44.95938],[-93.52828,44.96044],[-93.52765,44.96071],[-93.52776,44.96033],[-93.52623,44.96093],[-93.5262,44.96267],[-93.52522,44.96401],[-93.52046,44.96822],[-93.51937,44.96873],[-93.51802,44.96889],[-93.51859,44.9689],[-93.5185,44.96911],[-93.51568,44.9696],[-93.51175,44.96865],[-93.51017,44.96788],[-93.50972,44.96694],[-93.50742,44.96545],[-93.50428,44.9654],[-93.50339,44.96567],[-93.50331,44.96603],[-93.50318,44.96578],[-93.50022,44.96533],[-93.49877,44.96446],[-93.49817,44.96224],[-93.49909,44.9591],[-93.5015,44.95625],[-93.50061,44.95541],[-93.49882,44.95061],[-93.49817,44.9507],[-93.49811,44.951],[-93.49856,44.95285],[-93.49957,44.95418],[-93.49952,44.95545],[-93.49796,44.95694],[-93.49659,44.95766],[-93.49362,44.95767],[-93.492,44.95844],[-93.49199,44.96411],[-93.48921,44.9641],[-93.48919,44.96574],[-93.48878,44.96575],[-93.48877,44.9674],[-93.48675,44.96739],[-93.48674,44.96585],[-93.47677,44.96579],[-93.47672,44.97132],[-93.48178,44.97132],[-93.4817,44.97411],[-93.4834,44.9741],[-93.48348,44.97144],[-93.48319,44.97131],[-93.48529,44.97129],[-93.48525,44.97275],[-93.48643,44.97274],[-93.48747,44.97466],[-93.48518,44.97625],[-93.48773,44.97818],[-93.48993,44.97672],[-93.4914,44.97442],[-93.49412,44.97494],[-93.49389,44.9769],[-93.49441,44.97848],[-93.50218,44.9784],[-93.50217,44.98197],[-93.5086,44.97824],[-93.51051,44.97822],[-93.51069,44.97929],[-93.51136,44.98005],[-93.51194,44.98],[-93.51197,44.98179],[-93.52266,44.98161],[-93.52262,44.97804],[-93.52496,44.97805],[-93.5265,44.97737],[-93.52649,44.97805],[-93.54288,44.97808],[-93.54289,44.97846],[-93.54418,44.97915],[-93.548,44.97916],[-93.54301,44.97649],[-93.543,44.97599],[-93.54812,44.97603]]],[[[-93.53085,44.95516],[-93.53072,44.95446],[-93.53038,44.95456],[-93.53068,44.95561],[-93.53085,44.95516]]]]}},
{"type":"Feature","id":"665945","properties":{"id":"665945","name":"Webster","kind":"township","counties":["Rice"],"population":1815,"label":[-93.34202,44.50071]},"geometry":{"type":"MultiPolygon","coordinates":[[[[-93.32846,44.54402],[-93.40257,44.54383],[-93.40239,44.47914],[-93.40001,44.47915],[-93.4,44.47718],[-93.40234,44.47717],[-93.40246,44.45726],[-93.2818,44.45752],[-93.28144,44.54398],[-93.32846,44.54402]]]]}},
{"type":"Feature","id":"665966","properties":{"id":"665966","name":"West Lakeland","kind":"township","counties":["Washington"],"population":3941,"label":[-92.81957,44.97146]},"geometry":{"type":"MultiPolygon","coordinates":[[[[-92.7705,44.99233],[-92.8629,44.99258],[-92.86289,44.98273],[-92.86168,44.98274],[-92.86093,44.98165],[-92.86256,44.98164],[-92.86288,44.98031],[-92.86275,44.94921],[-92.78148,44.94892],[-92.78143,44.97434],[-92.76987,44.97442],[-92.77051,44.97944],[-92.77045,44.98209],[-92.76962,44.9864],[-92.76951,44.98976],[-92.7705,44.99233]]]]}},
{"type":"Feature","id":"2397275","properties":{"id":"2397275","name":"West Saint Paul","kind":"city","counties":["Dakota"],"population":21169,"label":[-93.08576,44.90187]},"geometry":{"type":"MultiPolygon","coordinates":[[[[-93.06529,44.91953],[-93.09094,44.91965],[-93.09096,44.92331],[-93.09603,44.92328],[-93.09602,44.91966],[-93.10596,44.91969],[-93.10595,44.8836],[-93.0693,44.88355],[-93.0653,44.88454],[-93.06529,44.91953]]]]}},
{"type":"Feature","id":"665981","properties":{"id":"665981","name":"White Bear","kind":"township","counties":["Ramsey"],"population":10807,"label":[-93.01813,45.1013]},"geometry":{"type":"MultiPolygon","coordinates":[[[[-93.05642,45.12403],[-93.05615,45.08726],[-93.06043,45.08546],[-93.06702,45.08406],[-93.07488,45.07932],[-93.0561,45.07934],[-93.05614,45.08659],[-93.04891,45.08659],[-93.04869,45.0881],[-93.04779,45.08893],[-93.04621,45.08934],[-93.04621,45.09026],[-93.03594,45.09197],[-93.03594,45.09253],[-93.01837,45.09545],[-93.00551,45.0991],[-93.00356,45.10021],[-93.00288,45.10093],[-93.00388,45.09928],[-92.99494,45.10188],[-92.99403,45.10094],[-92.9917,45.10094],[-92.99168,45.10026],[-92.99255,45.10027],[-92.99256,45.09999],[-92.99167,45.09999],[-92.99166,45.09948],[-92.99262,45.09947],[-92.99083,45.0978],[-92.99082,45.09741],[-92.99405,45.09651],[-92.99599,45.09549],[-92.99667,45.0933],[-92.99841,45.0926],[-92.99952,45.0913],[-92.99988,45.08979],[-92.99937,45.08775],[-92.9986,45.08672],[-92.99525,45.08563],[-92.9935,45.08435],[-92.9918,45.08374],[-92.99109,45.08184],[-92.99021,45.08086],[-92.98845,45.08045],[-92.98665,45.08077],[-92.98636,45.07954],[-92.98972,45.07703],[-92.98979,45.07802],[-92.99072,45.07951],[-92.994,45.08134],[-92.99482,45.08348],[-92.99686,45.08433],[-92.9971,45.08591],[-92.99803,45.08609],[-93.00283,45.08435],[-93.00608,45.08218],[-93.01569,45.07805],[-93.0161,45.07732],[-93.01616,45.07577],[-93.00855,45.0757],[-93.00859,45.07043],[-93.00533,45.0703],[-93.00309,45.06895],[-93.00107,45.0692],[-92.9995,45.07059],[-92.99604,45.07118],[-92.99602,45.06769],[-92.99633,45.0677],[-92.99632,45.06691],[-92.99735,45.06691],[-92.99735,45.06633],[-92.99632,45.06633],[-92.99631,45.06476],[-92.99327,45.06478],[-92.99327,45.06305],[-92.99487,45.06297],[-92.99486,45.05584],[-92.99455,45.05585],[-92.99453,45.05901],[-92.99211,45.05898],[-92.99212,45.05876],[-92.99137,45.0587],[-92.99158,45.05898],[-92.99118,45.05926],[-92.99053,45.05887],[-92.98646,45.05875],[-92.98593,45.05917],[-92.98544,45.05898],[-92.98524,45.06024],[-92.9847,45.06023],[-92.98441,45.12363],[-93.05642,45.12403]]],[[[-93.0255,45.07207],[-93.02548,45.07928],[-93.03574,45.0793],[-93.03569,45.07496],[-93.03972,45.07494],[-93.04101,45.07602],[-93.04105,45.07887],[-93.05146,45.07209],[-93.05092,45.07209],[-93.05101,45.06473],[-93.04999,45.06473],[-93.05002,45.06198],[-93.05575,45.05806],[-93.05548,45.05774],[-93.04841,45.06235],[-93.0484,45.06207],[-93.04586,45.06289],[-93.04586,45.06329],[-93.036,45.06654],[-93.03094,45.0688],[-93.0305,45.06787],[-93.03048,45.06944],[-93.0255,45.07207]]],[[[-93.10673,45.12409],[-93.10668,45.11562],[-93.09698,45.11545],[-93.09698,45.11898],[-93.08677,45.1189],[-93.08678,45.12408],[-93.10673,45.12409]]],[[[-93.02551,45.06968],[-93.024,45.07038],[-93.02186,45.07201],[-93.0255,45.07207],[-93.02551,45.06968]]],[[[-93.04818,45.08658],[-93.04621,45.08625],[-93.04621,45.08882],[-93.04773,45.08826],[-93.04812,45.08763],[-93.04818,45.08658]]],[[[-93.03591,45.03682],[-93.03435,45.04299],[-93.03477,45.04299],[-93.03659,45.03577],[-93.03618,45.03577],[-93.03591,45.03682]]]]}},
{"type":"Feature","id":"2397299","properties":{"id":"2397299","name":"White Bear Lake","kind":"city","counties":["Washington","Ramsey"],"population":24689,"label":[-93.01534,45.06561]},"geometry":{"type":"MultiPolygon","coordinates":[[[[-92.98003,45.05756],[-92.9847,45.05759],[-92.9847,45.05392],[-92.98011,45.05392],[-92.98003,45.05756]]],[[[-92.98207,45.05234],[-92.98476,45.05234],[-92.98477,45.05035],[-92.98209,45.05035],[-92.98207,45.05234]]],[[[-93.02584,45.07207],[-93.03048,45.06944],[-93.0305,45.06787],[-93.02921,45.06846],[-93.02864,45.06813],[-93.02885,45.06756],[-93.02813,45.06746],[-93.03311,45.05031],[-93.03061,45.05029],[-93.03061,45.04664],[-93.0357,45.0466],[-93.03572,45.04299],[-93.03435,45.04299],[-93.03591,45.03682],[-93.03226,45.03652],[-93.02138,45.03676],[-93.01804,45.03639],[-93.01801,45.03575],[-93.01716,45.03575],[-93.01722,45.0364],[-93.01366,45.03678],[-93.00996,45.03673],[-93.00573,45.03631],[-93.00574,45.03577],[-93.00454,45.03577],[-93.00453,45.03624],[-92.99623,45.03514],[-92.99501,45.03472],[-92.99474,45.03527],[-92.98922,45.03457],[-92.98469,45.03308],[-92.9847,45.06023],[-92.98524,45.06024],[-92.98544,45.05898],[-92.98593,45.05917],[-92.98646,45.05875],[-92.99053,45.05887],[-92.99118,45.05926],[-92.99158,45.05898],[-92.99137,45.0587],[-92.99212,45.05876],[-92.99211,45.05898],[-92.99453,45.05901],[-92.99455,45.05585],[-92.99486,45.05584],[-92.99487,45.06297],[-92.99327,45.06305],[-92.99327,45.06478],[-92.99631,45.06476],[-92.99632,45.06633],[-92.99735,45.06633],[-92.99735,45.06691],[-92.99632,45.06691],[-92.99633,45.0677],[-92.99602,45.06769],[-92.99604,45.07118],[-92.9995,45.07059],[-93.00107,45.0692],[-93.00309,45.06895],[-93.00533,45.0703],[-93.00859,45.07043],[-93.00855,45.0757],[-93.01616,45.07577],[-93.0161,45.07732],[-93.01569,45.07805],[-93.00608,45.08218],[-93.00283,45.08435],[-92.99803,45.08609],[-92.9971,45.08591],[-92.99686,45.08433],[-92.99482,45.08348],[-92.994,45.08134],[-92.99072,45.07951],[-92.98979,45.07802],[-92.98972,45.07703],[-92.98636,45.07954],[-92.98665,45.08077],[-92.9882,45.08045],[-92.98991,45.08069],[-92.99105,45.08176],[-92.9918,45.08374],[-92.9935,45.08435],[-92.99525,45.08563],[-92.9986,45.08672],[-92.9993,45.08758],[-92.99982,45.08934],[-92.99938,45.09155],[-92.99832,45.09267],[-92.99667,45.0933],[-92.99599,45.09549],[-92.99405,45.09651],[-92.99082,45.09741],[-92.99083,45.0978],[-92.99262,45.09947],[-92.99166,45.09948],[-92.99167,45.09999],[-92.99256,45.09999],[-92.99255,45.10027],[-92.99168,45.10026],[-92.9917,45.10094],[-92.99403,45.10094],[-92.99494,45.10188],[-92.99524,45.10184],[-93.00388,45.09928],[-93.00288,45.10093],[-93.00356,45.10021],[-93.00551,45.0991],[-93.01667,45.09584],[-93.03594,45.09253],[-93.03594,45.09197],[-93.04621,45.09026],[-93.04621,45.08934],[-93.04779,45.08893],[-93.04869,45.0881],[-93.04891,45.08659],[-93.05614,45.08659],[-93.05613,45.07212],[-93.05146,45.07209],[-93.04105,45.07887],[-93.04101,45.07602],[-93.03972,45.07494],[-93.03569,45.07496],[-93.03574,45.0793],[-93.02548,45.07928],[-93.0255,45.07207],[-93.02186,45.07201],[-93.024,45.07038],[-93.02551,45.06968],[-93.0255,45.07207],[-93.02584,45.07207]],[[-93.04818,45.08658],[-93.04812,45.08763],[-93.04773,45.08826],[-93.04621,45.08882],[-93.04621,45.08625],[-93.04818,45.08658]]]]}},
{"type":"Feature","id":"2397314","properties":{"id":"2397314","name":"Willernie","kind":"city","counties":["Washington"],"population":515,"label":[-92.95698,45.05401]},"geometry":{"type":"MultiPolygon","coordinates":[[[[-92.95275,45.05787],[-92.95832,45.05757],[-92.95859,45.05627],[-92.96,45.0562],[-92.95998,45.0503],[-92.95478,45.0503],[-92.95478,45.05215],[-92.95412,45.05206],[-92.95412,45.05231],[-92.95478,45.05232],[-92.95478,45.05254],[-92.95412,45.05253],[-92.95412,45.05307],[-92.95477,45.05321],[-92.95477,45.05391],[-92.95381,45.05401],[-92.95477,45.05417],[-92.95477,45.05518],[-92.95412,45.0552],[-92.95412,45.05565],[-92.95477,45.05564],[-92.95477,45.05673],[-92.95215,45.05701],[-92.95214,45.05755],[-92.95276,45.05754],[-92.95275,45.05787]],[[-92.95355,45.0574],[-92.95355,45.05718],[-92.95462,45.05718],[-92.95462,45.0574],[-92.95355,45.0574]]]]}},
{"type":"Feature","id":"2397369","properties":{"id":"2397369","name":"Woodbury","kind":"city","counties":["Washington"],"population":77224,"label":[-92.923,44.90553]},"geometry":{"type":"MultiPolygon","coordinates":[[[[-92.86252,44.94895],[-92.92012,44.94883],[-92.92553,44.94916],[-92.94601,44.94891],[-92.95284,44.94914],[-92.98175,44.94848],[-92.98455,44.94871],[-92.98415,44.89461],[-92.97958,44.89463],[-92.97942,44.88922],[-92.97433,44.88927],[-92.97417,44.88385],[-92.97727,44.88382],[-92.98025,44.88547],[-92.98028,44.8865],[-92.98133,44.88651],[-92.9807,44.88743],[-92.98413,44.88743],[-92.98409,44.86196],[-92.86213,44.86194],[-92.86251,44.89114],[-92.86252,44.94895]]]]}},
{"type":"Feature","id":"2397370","properties":{"id":"2397370","name":"Woodland","kind":"city","counties":["Hennepin"],"population":386,"label":[-93.51373,44.95024]},"geometry":{"type":"MultiPolygon","coordinates":[[[[-93.50728,44.94562],[-93.50221,44.94553],[-93.50208,44.95201],[-93.50299,44.95229],[-93.50731,44.95193],[-93.51035,44.95373],[-93.51196,44.95385],[-93.51376,44.95479],[-93.51512,44.95613],[-93.51478,44.95718],[-93.51405,44.95792],[-93.51439,44.95886],[-93.51531,44.9571],[-93.51764,44.95615],[-93.5199,44.9564],[-93.52304,44.95744],[-93.52136,44.95638],[-93.52081,44.95537],[-93.52178,44.95395],[-93.52402,44.95255],[-93.52472,44.95163],[-93.52425,44.95071],[-93.5242,44.94958],[-93.52259,44.94695],[-93.51937,44.94571],[-93.50728,44.94562]]]]}},
{"type":"Feature","id":"2397388","properties":{"id":"2397388","name":"Wyoming","kind":"city","counties":["Chisago"],"population":8228,"label":[-92.97673,45.33644]},"geometry":{"type":"MultiPolygon","coordinates":[[[[-92.94088,45.29638],[-92.94111,45.30357],[-92.93733,45.30351],[-92.93719,45.35408],[-92.93631,45.38198],[-92.97703,45.38206],[-92.97762,45.36868],[-92.99813,45.3692],[-93.01895,45.36894],[-93.01987,45.32575],[-93.0196,45.29691],[-92.94088,45.29638]]]]}}
]}
