{"type":"FeatureCollection","fetchedAt":"2026-10-08T16:52:36.357Z","features":[
{"type":"Feature","geometry":{"type":"Point","coordinates":[-92.757487,44.988143]},"properties":{"osm":"node/12333489524","vendor":"flock","city":null,"manufacturer":"Flock Safety","operator":"Hudson Police Department","direction":"155","mount":"pole","zone":"traffic"}},
{"type":"Feature","geometry":{"type":"Point","coordinates":[-92.742606,44.983529]},"properties":{"osm":"node/12333489525","vendor":"flock","city":null,"operator":"Hudson Police Department","direction":"205","mount":"pole","zone":"traffic"}},
{"type":"Feature","geometry":{"type":"Point","coordinates":[-92.716424,44.987082]},"properties":{"osm":"node/12333489526","vendor":"flock","city":null,"operator":"Hudson Police Department","direction":"240","mount":"pole","zone":"traffic"}},
{"type":"Feature","geometry":{"type":"Point","coordinates":[-92.714105,44.977999]},"properties":{"osm":"node/12333489527","vendor":"flock","city":null,"operator":"Hudson Police Department","direction":"260","mount":"pole","zone":"traffic"}},
{"type":"Feature","geometry":{"type":"Point","coordinates":[-92.756856,44.97695]},"properties":{"osm":"node/12333489528","vendor":"flock","city":null,"operator":"Hudson Police Department","direction":"85","mount":"pole","zone":"traffic"}},
{"type":"Feature","geometry":{"type":"Point","coordinates":[-92.739769,44.963288]},"properties":{"osm":"node/12333489529","vendor":"flock","city":null,"operator":"Hudson Police Department","direction":"235","mount":"pole","zone":"traffic"}},
{"type":"Feature","geometry":{"type":"Point","coordinates":[-92.743757,44.962198]},"properties":{"osm":"node/12333489530","vendor":"flock","city":null,"operator":"Hudson Police Department","direction":"170","mount":"pole","zone":"traffic"}},
{"type":"Feature","geometry":{"type":"Point","coordinates":[-92.731264,44.942471]},"properties":{"osm":"node/12333489531","vendor":"flock","city":null,"operator":"Hudson Police Department","direction":"350","mount":"pole","zone":"traffic"}},
{"type":"Feature","geometry":{"type":"Point","coordinates":[-92.698994,44.94894]},"properties":{"osm":"node/12333489532","vendor":"flock","city":null,"operator":"Hudson Police Department","direction":"255","mount":"pole","zone":"traffic"}},
{"type":"Feature","geometry":{"type":"Point","coordinates":[-92.690473,44.949336]},"properties":{"osm":"node/12333489533","vendor":"flock","city":null,"operator":"Hudson Police Department","direction":"350","mount":"pole","zone":"traffic"}},
{"type":"Feature","geometry":{"type":"Point","coordinates":[-92.690679,44.959208]},"properties":{"osm":"node/12333489534","vendor":"flock","city":null,"operator":"Hudson Police Department","direction":"250","mount":"pole","zone":"traffic"}},
{"type":"Feature","geometry":{"type":"Point","coordinates":[-92.722401,44.965238]},"properties":{"osm":"node/12333489535","vendor":"flock","city":null,"operator":"Hudson Police Department","direction":"215","mount":"pole","zone":"traffic"}},
{"type":"Feature","geometry":{"type":"Point","coordinates":[-92.720994,44.964784]},"properties":{"osm":"node/12333489536","vendor":"flock","city":null,"operator":"Hudson Police Department","direction":"350","mount":"pole","zone":"traffic"}},
{"type":"Feature","geometry":{"type":"Point","coordinates":[-92.721625,44.961721]},"properties":{"osm":"node/12333489537","vendor":"flock","city":null,"operator":"Hudson Police Department","direction":"170","mount":"pole","zone":"traffic"}},
{"type":"Feature","geometry":{"type":"Point","coordinates":[-92.721111,44.960588]},"properties":{"osm":"node/12333489538","vendor":"flock","city":null,"operator":"Hudson Police Department","direction":"70","mount":"pole","zone":"traffic"}},
{"type":"Feature","geometry":{"type":"Point","coordinates":[-92.754563,44.96583]},"properties":{"osm":"node/12333489539","vendor":"flock","city":null,"operator":"Hudson Police Department","direction":"320","mount":"pole","zone":"traffic"}},
{"type":"Feature","geometry":{"type":"Point","coordinates":[-93.219453,44.790094]},"properties":{"osm":"node/12335591443","vendor":"flock","city":"2394586","operator":"Eagan","direction":"60","mount":"pole","zone":"traffic"}},
{"type":"Feature","geometry":{"type":"Point","coordinates":[-92.803216,45.053265]},"properties":{"osm":"node/12336223737","vendor":"flock","city":"2395969","operator":"Stillwater Police Department","direction":"195","mount":"pole","zone":"traffic"}},
{"type":"Feature","geometry":{"type":"Point","coordinates":[-93.204725,44.790255]},"properties":{"osm":"node/12337393374","vendor":"flock","city":"2394586","operator":"Eagan","direction":"240","mount":"pole","zone":"traffic"}},
{"type":"Feature","geometry":{"type":"Point","coordinates":[-93.224768,44.974773]},"properties":{"osm":"node/12337965797","vendor":"flock","city":"2395345","manufacturer":"Flock Safety","operator":"University of Minnesota Police Department","direction":"155","zone":"traffic"}},
{"type":"Feature","geometry":{"type":"Point","coordinates":[-92.934548,44.941607]},"properties":{"osm":"node/12338315752","vendor":"flock","city":"2397369","operator":"Flock Safety","direction":"260","mount":"pole","zone":"traffic"}},
{"type":"Feature","geometry":{"type":"Point","coordinates":[-92.96262,44.925176]},"properties":{"osm":"node/12338315753","vendor":"flock","city":"2397369","operator":"Flock Safety","direction":"25","mount":"pole","zone":"traffic"}},
{"type":"Feature","geometry":{"type":"Point","coordinates":[-92.931529,44.948168]},"properties":{"osm":"node/12338315755","vendor":"flock","city":"2397369","direction":"70","mount":"pole","zone":"traffic"}},
{"type":"Feature","geometry":{"type":"Point","coordinates":[-92.959408,44.924731]},"properties":{"osm":"node/12338315756","vendor":"flock","city":"2397369","operator":"Flock Safety","direction":"330","mount":"pole","zone":"traffic"}},
{"type":"Feature","geometry":{"type":"Point","coordinates":[-92.965938,44.92552]},"properties":{"osm":"node/12338315757","vendor":"flock","city":"2397369","operator":"Flock Safety","direction":"355","mount":"pole","zone":"traffic"}},
{"type":"Feature","geometry":{"type":"Point","coordinates":[-92.899598,44.945292]},"properties":{"osm":"node/12338315758","vendor":"flock","city":"2397369","manufacturer":"Flock Safety","direction":"15","zone":"traffic"}},
{"type":"Feature","geometry":{"type":"Point","coordinates":[-92.933424,44.941346]},"properties":{"osm":"node/12338315759","vendor":"flock","city":"2397369","operator":"Flock Safety","direction":"80","mount":"pole","zone":"traffic"}},
{"type":"Feature","geometry":{"type":"Point","coordinates":[-93.194441,44.804608]},"properties":{"osm":"node/12345076316","vendor":"flock","city":"2394586","operator":"Eagan","direction":"240","mount":"pole","zone":"traffic"}},
{"type":"Feature","geometry":{"type":"Point","coordinates":[-93.166754,44.827075]},"properties":{"osm":"node/12345076317","vendor":"flock","city":"2394586","operator":"Eagan","direction":"60","mount":"pole","zone":"traffic"}},
{"type":"Feature","geometry":{"type":"Point","coordinates":[-93.156852,44.848111]},"properties":{"osm":"node/12345076318","vendor":"flock","city":"2394586","operator":"Eagan","direction":"240","mount":"pole","zone":"traffic"}},
{"type":"Feature","geometry":{"type":"Point","coordinates":[-93.217819,44.811664]},"properties":{"osm":"node/12345076319","vendor":"flock","city":"2394586","operator":"Eagan","direction":"330","mount":"pole","zone":"traffic"}},
{"type":"Feature","geometry":{"type":"Point","coordinates":[-92.937797,44.937593]},"properties":{"osm":"node/12346208823","vendor":"flock","city":"2397369","operator":"Flock Safety","direction":"350","mount":"pole","zone":"traffic"}},
{"type":"Feature","geometry":{"type":"Point","coordinates":[-92.964757,44.935866]},"properties":{"osm":"node/12346226406","vendor":"flock","city":"2397369","operator":"Flock Safety","direction":"150","mount":"pole","zone":"traffic"}},
{"type":"Feature","geometry":{"type":"Point","coordinates":[-93.159899,44.833309]},"properties":{"osm":"node/12349134101","vendor":"flock","city":"2394586","operator":"Flock Safety","direction":"135","mount":"traffic_signals","zone":"traffic"}},
{"type":"Feature","geometry":{"type":"Point","coordinates":[-93.231475,44.983771]},"properties":{"osm":"node/12366492318","vendor":"flock","city":"2395345","manufacturer":"Flock Safety","direction":"45","zone":"traffic","checked":"2025-12-04"}},
{"type":"Feature","geometry":{"type":"Point","coordinates":[-93.223048,44.970056]},"properties":{"osm":"node/12377347836","vendor":"flock","city":"2395345","manufacturer":"Flock Safety","direction":"155","zone":"traffic"}},
{"type":"Feature","geometry":{"type":"Point","coordinates":[-92.705464,44.948042]},"properties":{"osm":"node/12479015346","vendor":"flock","city":null,"manufacturer":"Flock Safety","direction":"105","mount":"pole","zone":"traffic"}},
{"type":"Feature","geometry":{"type":"Point","coordinates":[-92.705564,44.945893]},"properties":{"osm":"node/12479015347","vendor":"flock","city":null,"manufacturer":"Flock Safety","direction":"65","mount":"pole","zone":"traffic"}},
{"type":"Feature","geometry":{"type":"Point","coordinates":[-92.698211,44.945663]},"properties":{"osm":"node/12479015348","vendor":"flock","city":null,"manufacturer":"Flock Safety","direction":"70","mount":"pole","zone":"traffic"}},
{"type":"Feature","geometry":{"type":"Point","coordinates":[-92.753225,45.005984]},"properties":{"osm":"node/12552605346","vendor":"flock","city":null,"manufacturer":"Flock Safety","direction":"165","mount":"pole","zone":"traffic"}},
{"type":"Feature","geometry":{"type":"Point","coordinates":[-92.752904,45.006189]},"properties":{"osm":"node/12552605347","vendor":"flock","city":null,"manufacturer":"Flock Safety","direction":"350","mount":"pole","zone":"traffic"}},
{"type":"Feature","geometry":{"type":"Point","coordinates":[-92.757215,44.988409]},"properties":{"osm":"node/12552605348","vendor":"flock","city":null,"manufacturer":"Flock Safety","direction":"340","mount":"pole","zone":"traffic"}},
{"type":"Feature","geometry":{"type":"Point","coordinates":[-93.194474,44.948279]},"properties":{"osm":"node/12564359404","vendor":"flock","city":"2396511","manufacturer":"Flock Safety","operator":"Ramsey County Sheriff's Office","direction":"65","zone":"traffic","checked":"2026-08-22"}},
{"type":"Feature","geometry":{"type":"Point","coordinates":[-93.230526,44.987477]},"properties":{"osm":"node/12581547504","vendor":"flock","city":"2395345","manufacturer":"Flock Safety","direction":"150","zone":"traffic"}},
{"type":"Feature","geometry":{"type":"Point","coordinates":[-93.2441,44.972208]},"properties":{"osm":"node/12621231258","vendor":"flock","city":"2395345","manufacturer":"Flock Safety","operator":"University of Minnesota Police Department","direction":"50","zone":"traffic"}},
{"type":"Feature","geometry":{"type":"Point","coordinates":[-93.165017,45.006041]},"properties":{"osm":"node/12629284500","vendor":"unknown","city":"2396435","operator":"Flock Safety","direction":"159"}},
{"type":"Feature","geometry":{"type":"Point","coordinates":[-93.268032,44.862883]},"properties":{"osm":"node/12629683482","vendor":"flock","city":"2396362","manufacturer":"Flock Safety","operator":"Richfield, MN PD","direction":"340","mount":"pole","zone":"traffic"}},
{"type":"Feature","geometry":{"type":"Point","coordinates":[-93.272494,44.981131]},"properties":{"osm":"node/12629697841","vendor":"motorola","city":"2395345","manufacturer":"Motorola Solutions","operator":"Minneapolis, MN PD","direction":"135","mount":"pole","zone":"traffic"}},
{"type":"Feature","geometry":{"type":"Point","coordinates":[-93.163287,45.005985]},"properties":{"osm":"node/12634104472","vendor":"unknown","city":"2396435","operator":"Flock Safety","direction":"159"}},
{"type":"Feature","geometry":{"type":"Point","coordinates":[-93.162369,45.006058]},"properties":{"osm":"node/12634104473","vendor":"unknown","city":"2396435","operator":"Flock Safety","direction":"159"}},
{"type":"Feature","geometry":{"type":"Point","coordinates":[-93.16545,45.003217]},"properties":{"osm":"node/12634104474","vendor":"unknown","city":"2396435","operator":"Flock Safety","direction":"45"}},
{"type":"Feature","geometry":{"type":"Point","coordinates":[-92.842497,45.039884]},"properties":{"osm":"node/12671180634","vendor":"flock","city":"2395969","manufacturer":"Flock Safety","operator":"Flock Safety","direction":"10"}},
{"type":"Feature","geometry":{"type":"Point","coordinates":[-92.84361,45.039288]},"properties":{"osm":"node/12671180635","vendor":"flock","city":"2395969","manufacturer":"Flock Safety","operator":"Flock Safety","direction":"180"}},
{"type":"Feature","geometry":{"type":"Point","coordinates":[-93.330424,44.921216]},"properties":{"osm":"node/12700685930","vendor":"unknown","city":"2394621","operator":"Flock Safety","direction":"213"}},
{"type":"Feature","geometry":{"type":"Point","coordinates":[-93.208598,44.819456]},"properties":{"osm":"node/12719742427","vendor":"flock","city":"2394586","operator":"Eagan","direction":"110","mount":"pole","zone":"traffic"}},
{"type":"Feature","geometry":{"type":"Point","coordinates":[-93.248045,44.883783]},"properties":{"osm":"node/12719742428","vendor":"flock","city":"2396362","direction":"240","mount":"pole","zone":"traffic"}},
{"type":"Feature","geometry":{"type":"Point","coordinates":[-93.326088,44.883399]},"properties":{"osm":"node/12719742429","vendor":"flock","city":"2394621","manufacturer":"Flock Safety","operator":"Edina Police Department","direction":"120","mount":"pole","zone":"traffic"}},
{"type":"Feature","geometry":{"type":"Point","coordinates":[-93.329197,44.930701]},"properties":{"osm":"node/12719742430","vendor":"flock","city":"2396500","operator":"Edina Police Department","direction":"165","mount":"pole","zone":"traffic"}},
{"type":"Feature","geometry":{"type":"Point","coordinates":[-93.278137,44.862948]},"properties":{"osm":"node/12731691865","vendor":"unknown","city":"2396362","operator":"Flock Safety","direction":"327","zone":"traffic"}},
{"type":"Feature","geometry":{"type":"Point","coordinates":[-93.550263,45.199088]},"properties":{"osm":"node/12731694342","vendor":"flock","city":"2396415","manufacturer":"Flock Safety","operator":"City of Rogers MN","direction":"163","mount":"pole","zone":"traffic"}},
{"type":"Feature","geometry":{"type":"Point","coordinates":[-93.549847,45.199841]},"properties":{"osm":"node/12731718636","vendor":"flock","city":"2396415","manufacturer":"Flock Safety","operator":"Rogers Police Department","direction":"334","zone":"traffic"}},
{"type":"Feature","geometry":{"type":"Point","coordinates":[-93.554186,45.19939]},"properties":{"osm":"node/12750321224","vendor":"flock","city":"2396415","manufacturer":"Flock Safety","operator":"Rogers Police Department","direction":"65","mount":"pole","zone":"traffic"}},
{"type":"Feature","geometry":{"type":"Point","coordinates":[-93.529971,44.970649]},"properties":{"osm":"node/12780169418","vendor":"unknown","city":"2397235","operator":"Flock Safety","direction":"86","zone":"traffic"}},
{"type":"Feature","geometry":{"type":"Point","coordinates":[-93.532565,45.008613]},"properties":{"osm":"node/12781277922","vendor":"flock","city":"2395084","manufacturer":"Flock Safety","mount":"pole","zone":"traffic"}},
{"type":"Feature","geometry":{"type":"Point","coordinates":[-93.530223,45.012883]},"properties":{"osm":"node/12781277923","vendor":"flock","city":"2395084","manufacturer":"Flock Safety","mount":"pole","zone":"traffic"}},
{"type":"Feature","geometry":{"type":"Point","coordinates":[-93.607221,44.93472]},"properties":{"osm":"node/12781289220","vendor":"flock","city":"2396081","manufacturer":"Flock Safety","mount":"pole","zone":"traffic"}},
{"type":"Feature","geometry":{"type":"Point","coordinates":[-93.549994,44.984951]},"properties":{"osm":"node/12781289684","vendor":"flock","city":"2395756","manufacturer":"Flock Safety","mount":"pole","zone":"traffic"}},
{"type":"Feature","geometry":{"type":"Point","coordinates":[-93.635373,45.051035]},"properties":{"osm":"node/12781299885","vendor":"flock","city":"2395084","manufacturer":"Flock Safety","mount":"pole","zone":"traffic"}},
{"type":"Feature","geometry":{"type":"Point","coordinates":[-93.502124,44.974165]},"properties":{"osm":"node/12781389513","vendor":"flock","city":"2397235","manufacturer":"Flock Safety","mount":"pole","zone":"traffic"}},
{"type":"Feature","geometry":{"type":"Point","coordinates":[-93.493932,44.971353]},"properties":{"osm":"node/12781389514","vendor":"flock","city":"2397235","manufacturer":"Flock Safety","direction":"274","mount":"pole","zone":"traffic"}},
{"type":"Feature","geometry":{"type":"Point","coordinates":[-93.511632,44.969236]},"properties":{"osm":"node/12781997601","vendor":"flock","city":"2397235","manufacturer":"Flock Safety","mount":"pole","zone":"traffic"}},
{"type":"Feature","geometry":{"type":"Point","coordinates":[-93.51881,44.970471]},"properties":{"osm":"node/12781997602","vendor":"flock","city":"2397235","manufacturer":"Flock Safety","mount":"pole","zone":"traffic"}},
{"type":"Feature","geometry":{"type":"Point","coordinates":[-93.540819,44.978066]},"properties":{"osm":"node/12782060094","vendor":"flock","city":"2397235","manufacturer":"Flock Safety","mount":"pole","zone":"traffic"}},
{"type":"Feature","geometry":{"type":"Point","coordinates":[-93.490418,44.971523]},"properties":{"osm":"node/12782066111","vendor":"flock","city":"2397235","manufacturer":"Flock Safety","mount":"pole","zone":"traffic"}},
{"type":"Feature","geometry":{"type":"Point","coordinates":[-93.496938,44.962341]},"properties":{"osm":"node/12782077977","vendor":"flock","city":"2397235","manufacturer":"Flock Safety","mount":"pole","zone":"traffic"}},
{"type":"Feature","geometry":{"type":"Point","coordinates":[-93.440746,45.015861]},"properties":{"osm":"node/12782084758","vendor":"flock","city":"2396242","manufacturer":"Flock Safety","mount":"pole","zone":"traffic"}},
{"type":"Feature","geometry":{"type":"Point","coordinates":[-93.517293,44.970209]},"properties":{"osm":"node/12782087668","vendor":"flock","city":"2397235","manufacturer":"Flock Safety","mount":"pole","zone":"traffic"}},
{"type":"Feature","geometry":{"type":"Point","coordinates":[-93.439326,45.062577]},"properties":{"osm":"node/12782242953","vendor":"flock","city":"2396242","manufacturer":"Flock Safety","mount":"pole","zone":"traffic"}},
{"type":"Feature","geometry":{"type":"Point","coordinates":[-93.396359,45.057701]},"properties":{"osm":"node/12782272362","vendor":"flock","city":"2395201","manufacturer":"Flock Safety","mount":"pole","zone":"traffic"}},
{"type":"Feature","geometry":{"type":"Point","coordinates":[-93.454389,45.029192]},"properties":{"osm":"node/12785052329","vendor":"flock","city":"2396242","manufacturer":"Flock Safety","mount":"pole","zone":"traffic"}},
{"type":"Feature","geometry":{"type":"Point","coordinates":[-93.481641,45.019186]},"properties":{"osm":"node/12785052401","vendor":"flock","city":"2396242","manufacturer":"Flock Safety","direction":"355","mount":"street_lamp","zone":"traffic"}},
{"type":"Feature","geometry":{"type":"Point","coordinates":[-93.509346,45.250505]},"properties":{"osm":"node/12785202257","vendor":"unknown","city":"2396311","operator":"Ramsey Police Department","direction":"24","zone":"traffic"}},
{"type":"Feature","geometry":{"type":"Point","coordinates":[-93.482176,45.016382]},"properties":{"osm":"node/12788439758","vendor":"flock","city":"2396242","manufacturer":"Flock Safety","mount":"pole","zone":"traffic"}},
{"type":"Feature","geometry":{"type":"Point","coordinates":[-93.481922,45.064024]},"properties":{"osm":"node/12788631480","vendor":"flock","city":"2396242","manufacturer":"Flock Safety","direction":"156","mount":"pole","zone":"traffic"}},
{"type":"Feature","geometry":{"type":"Point","coordinates":[-93.318967,44.887041]},"properties":{"osm":"node/12796136244","vendor":"flock","city":"2394621","manufacturer":"Flock Safety","operator":"Edina Police Department","direction":"215","mount":"pole","zone":"traffic"}},
{"type":"Feature","geometry":{"type":"Point","coordinates":[-93.385963,44.920356]},"properties":{"osm":"node/12796156082","vendor":"flock","city":"2394417","manufacturer":"Flock Safety","operator":"Edina Police Department","direction":"0","mount":"pole","zone":"traffic"}},
{"type":"Feature","geometry":{"type":"Point","coordinates":[-93.525735,45.044462]},"properties":{"osm":"node/12801343662","vendor":"unknown","city":"2395084","mount":"pole"}},
{"type":"Feature","geometry":{"type":"Point","coordinates":[-93.501979,44.97911]},"properties":{"osm":"node/12801353799","vendor":"unknown","city":"2396242","mount":"pole"}},
{"type":"Feature","geometry":{"type":"Point","coordinates":[-93.635407,45.065938]},"properties":{"osm":"node/12801399983","vendor":"unknown","city":"2393634","mount":"pole"}},
{"type":"Feature","geometry":{"type":"Point","coordinates":[-93.503499,44.913466]},"properties":{"osm":"node/12804186579","vendor":"motorola","city":"2395350","manufacturer":"Motorola Solutions","operator":"Minnetonka Police Department","direction":"50","mount":"pole","zone":"traffic"}},
{"type":"Feature","geometry":{"type":"Point","coordinates":[-93.105824,44.955982]},"properties":{"osm":"node/12817842887","vendor":"flock","city":"2396511","manufacturer":"Flock Safety","direction":"0","mount":"pole","zone":"traffic"}},
{"type":"Feature","geometry":{"type":"Point","coordinates":[-93.106113,44.955625]},"properties":{"osm":"node/12817842888","vendor":"flock","city":"2396511","manufacturer":"Flock Safety","direction":"180","mount":"pole","zone":"traffic"}},
{"type":"Feature","geometry":{"type":"Point","coordinates":[-93.106212,44.955948]},"properties":{"osm":"node/12817842889","vendor":"flock","city":"2396511","manufacturer":"Flock Safety","direction":"270","mount":"pole","zone":"traffic"}},
{"type":"Feature","geometry":{"type":"Point","coordinates":[-93.105838,44.955763]},"properties":{"osm":"node/12817842890","vendor":"flock","city":"2396511","manufacturer":"Flock Safety","direction":"90","mount":"pole","zone":"traffic"}},
{"type":"Feature","geometry":{"type":"Point","coordinates":[-93.198144,44.949048]},"properties":{"osm":"node/12817842891","vendor":"flock","city":"2396511","manufacturer":"Flock Safety","direction":"270","mount":"pole","zone":"traffic"}},
{"type":"Feature","geometry":{"type":"Point","coordinates":[-93.198449,44.950052]},"properties":{"osm":"node/12817842892","vendor":"flock","city":"2396511","manufacturer":"Flock Safety","direction":"250","mount":"pole","zone":"traffic"}},
{"type":"Feature","geometry":{"type":"Point","coordinates":[-93.198667,44.950619]},"properties":{"osm":"node/12817842893","vendor":"flock","city":"2396511","manufacturer":"Flock Safety","direction":"250","mount":"pole","zone":"traffic"}},
{"type":"Feature","geometry":{"type":"Point","coordinates":[-92.935829,44.944114]},"properties":{"osm":"node/12819090112","vendor":"flock","city":"2397369","manufacturer":"Flock Safety","direction":"260","mount":"pole","zone":"traffic"}},
{"type":"Feature","geometry":{"type":"Point","coordinates":[-92.803313,44.749169]},"properties":{"osm":"node/12819090113","vendor":"flock","city":null,"manufacturer":"Flock Safety","direction":"40","mount":"pole","zone":"traffic"}},
{"type":"Feature","geometry":{"type":"Point","coordinates":[-93.195297,44.917805]},"properties":{"osm":"node/12819106846","vendor":"flock","city":"2396511","manufacturer":"Flock Safety","direction":"90","mount":"pole","zone":"traffic"}},
{"type":"Feature","geometry":{"type":"Point","coordinates":[-93.500516,45.32817]},"properties":{"osm":"node/12827088372","vendor":"flock","city":"2437910","manufacturer":"Flock Safety","operator":"Anoka County Sheriff’s Office","direction":"60","zone":"traffic"}},
{"type":"Feature","geometry":{"type":"Point","coordinates":[-93.435894,44.869025]},"properties":{"osm":"node/12837329325","vendor":"flock","city":"2394614","manufacturer":"Flock Safety","direction":"240","mount":"pole","zone":"traffic"}},
{"type":"Feature","geometry":{"type":"Point","coordinates":[-93.23842,45.180756]},"properties":{"osm":"node/12844986964","vendor":"flock","city":"2394183","manufacturer":"Flock Safety","operator":"Lowes","direction":"54","zone":"traffic"}},
{"type":"Feature","geometry":{"type":"Point","coordinates":[-93.237168,45.18073]},"properties":{"osm":"node/12844986965","vendor":"flock","city":"2394183","manufacturer":"Flock Safety","operator":"Lowes","direction":"340","zone":"traffic"}},
{"type":"Feature","geometry":{"type":"Point","coordinates":[-93.552853,45.19333]},"properties":{"osm":"node/12847226791","vendor":"flock","city":"2396415","manufacturer":"Flock Safety","operator":"Rogers Police Department","direction":"157","zone":"traffic"}},
{"type":"Feature","geometry":{"type":"Point","coordinates":[-93.406148,45.032414]},"properties":{"osm":"node/12854943206","vendor":"flock","city":"2396242","manufacturer":"Flock Safety","mount":"pole"}},
{"type":"Feature","geometry":{"type":"Point","coordinates":[-92.834063,45.0379]},"properties":{"osm":"node/12863324547","vendor":"flock","city":"2395969","manufacturer":"Flock Safety","direction":"108-153","zone":"traffic"}},
{"type":"Feature","geometry":{"type":"Point","coordinates":[-93.278264,44.889141]},"properties":{"osm":"node/12873115822","vendor":"flock","city":"2396362","direction":"160","mount":"pole","zone":"traffic"}},
{"type":"Feature","geometry":{"type":"Point","coordinates":[-93.288363,44.889438]},"properties":{"osm":"node/12873115823","vendor":"flock","city":"2396362","manufacturer":"Flock Safety","direction":"174","zone":"traffic"}},
{"type":"Feature","geometry":{"type":"Point","coordinates":[-93.328696,44.882031]},"properties":{"osm":"node/12873115825","vendor":"flock","city":"2394621","manufacturer":"Flock Safety","operator":"Edina Police Department","direction":"100","mount":"pole","zone":"traffic"}},
{"type":"Feature","geometry":{"type":"Point","coordinates":[-93.327632,44.877969]},"properties":{"osm":"node/12873115827","vendor":"flock","city":"2394621","direction":"180","mount":"pole","zone":"traffic"}},
{"type":"Feature","geometry":{"type":"Point","coordinates":[-93.326623,44.877968]},"properties":{"osm":"node/12873115828","vendor":"flock","city":"2394621","direction":"180","mount":"pole","zone":"traffic"}},
{"type":"Feature","geometry":{"type":"Point","coordinates":[-93.324384,44.878011]},"properties":{"osm":"node/12873115829","vendor":"flock","city":"2394621","direction":"140","mount":"pole","zone":"traffic"}},
{"type":"Feature","geometry":{"type":"Point","coordinates":[-93.323275,44.877992]},"properties":{"osm":"node/12873115830","vendor":"flock","city":"2394621","direction":"140","mount":"pole","zone":"traffic"}},
{"type":"Feature","geometry":{"type":"Point","coordinates":[-93.32154,44.877196]},"properties":{"osm":"node/12873115832","vendor":"flock","city":"2394621","direction":"270","mount":"pole","zone":"traffic"}},
{"type":"Feature","geometry":{"type":"Point","coordinates":[-93.321558,44.877048]},"properties":{"osm":"node/12873115833","vendor":"flock","city":"2394621","direction":"90","mount":"pole","zone":"traffic"}},
{"type":"Feature","geometry":{"type":"Point","coordinates":[-93.322962,44.876493]},"properties":{"osm":"node/12873115834","vendor":"flock","city":"2394621","direction":"300","mount":"pole","zone":"traffic"}},
{"type":"Feature","geometry":{"type":"Point","coordinates":[-93.325123,44.876479]},"properties":{"osm":"node/12873115835","vendor":"flock","city":"2394621","direction":"310","mount":"pole","zone":"traffic"}},
{"type":"Feature","geometry":{"type":"Point","coordinates":[-93.327559,44.876485]},"properties":{"osm":"node/12873115836","vendor":"flock","city":"2394621","direction":"310","mount":"pole","zone":"traffic"}},
{"type":"Feature","geometry":{"type":"Point","coordinates":[-93.321502,44.881685]},"properties":{"osm":"node/12873115838","vendor":"flock","city":"2394621","manufacturer":"Flock Safety","operator":"Edina Police Department","direction":"260","mount":"pole","zone":"traffic"}},
{"type":"Feature","geometry":{"type":"Point","coordinates":[-93.467674,44.997255]},"properties":{"osm":"node/12873773346","vendor":"flock","city":"2396242","manufacturer":"Flock Safety","mount":"pole","zone":"traffic"}},
{"type":"Feature","geometry":{"type":"Point","coordinates":[-93.235352,45.183158]},"properties":{"osm":"node/12877479253","vendor":"flock","city":"2394183","manufacturer":"Flock Safety","direction":"235","zone":"traffic"}},
{"type":"Feature","geometry":{"type":"Point","coordinates":[-93.299233,45.053042]},"properties":{"osm":"node/12879216594","vendor":"flock","city":"2393428","manufacturer":"Flock Safety","direction":"160"}},
{"type":"Feature","geometry":{"type":"Point","coordinates":[-93.323528,44.878333]},"properties":{"osm":"node/12882570609","vendor":"flock","city":"2394621","manufacturer":"Flock Safety","operator":"Edina Police Department","direction":"330","mount":"pole","zone":"traffic"}},
{"type":"Feature","geometry":{"type":"Point","coordinates":[-93.304306,45.053281]},"properties":{"osm":"node/12906183469","vendor":"flock","city":"2393428","manufacturer":"Flock Safety","direction":"160"}},
{"type":"Feature","geometry":{"type":"Point","coordinates":[-93.41427,44.922369]},"properties":{"osm":"node/12919778518","vendor":"genetec","city":"2394417","manufacturer":"Genetec","direction":"170","zone":"traffic"}},
{"type":"Feature","geometry":{"type":"Point","coordinates":[-93.415345,44.924643]},"properties":{"osm":"node/12919802844","vendor":"unknown","city":"2394417","direction":"155","zone":"traffic"}},
{"type":"Feature","geometry":{"type":"Point","coordinates":[-93.414122,44.906642]},"properties":{"osm":"node/12919849784","vendor":"genetec","city":"2394417","manufacturer":"Genetec","operator":"Hopkins PD","direction":"330"}},
{"type":"Feature","geometry":{"type":"Point","coordinates":[-93.406833,44.924493]},"properties":{"osm":"node/12919925627","vendor":"unknown","city":"2394417","direction":"240","zone":"traffic"}},
{"type":"Feature","geometry":{"type":"Point","coordinates":[-93.421699,44.922171]},"properties":{"osm":"node/12919938803","vendor":"flock","city":"2394417","manufacturer":"Flock Safety","operator":"Hopkins PD","direction":"330","mount":"street_lamp","zone":"traffic"}},
{"type":"Feature","geometry":{"type":"Point","coordinates":[-93.452134,44.933821]},"properties":{"osm":"node/12943489205","vendor":"flock","city":"2395350","manufacturer":"Flock Safety","operator":"Bet Shalom Congregation","direction":"215"}},
{"type":"Feature","geometry":{"type":"Point","coordinates":[-93.106796,45.07988]},"properties":{"osm":"node/12957892308","vendor":"flock","city":"2395259","manufacturer":"Flock Safety","direction":"160"}},
{"type":"Feature","geometry":{"type":"Point","coordinates":[-93.106389,45.079462]},"properties":{"osm":"node/12957892309","vendor":"flock","city":"2395259","manufacturer":"Flock Safety","direction":"350"}},
{"type":"Feature","geometry":{"type":"Point","coordinates":[-93.057835,45.118997]},"properties":{"osm":"node/12957892310","vendor":"flock","city":"2395259","manufacturer":"Flock Safety","direction":"200"}},
{"type":"Feature","geometry":{"type":"Point","coordinates":[-93.059549,45.086726]},"properties":{"osm":"node/12957892311","vendor":"flock","city":"2395259","manufacturer":"Flock Safety","zone":"traffic"}},
{"type":"Feature","geometry":{"type":"Point","coordinates":[-93.059528,45.086715]},"properties":{"osm":"node/12957892314","vendor":"flock","city":"2395259","manufacturer":"Flock Safety","zone":"traffic"}},
{"type":"Feature","geometry":{"type":"Point","coordinates":[-93.390186,44.990045]},"properties":{"osm":"node/12960238530","vendor":"flock","city":"2394924","manufacturer":"Flock Safety","direction":"60"}},
{"type":"Feature","geometry":{"type":"Point","coordinates":[-93.390185,44.989786]},"properties":{"osm":"node/12960238531","vendor":"flock","city":"2394924","manufacturer":"Flock Safety","direction":"65"}},
{"type":"Feature","geometry":{"type":"Point","coordinates":[-93.389845,44.990078]},"properties":{"osm":"node/12960238532","vendor":"flock","city":"2394924","manufacturer":"Flock Safety","direction":"270"}},
{"type":"Feature","geometry":{"type":"Point","coordinates":[-93.389839,44.98984]},"properties":{"osm":"node/12960238533","vendor":"flock","city":"2394924","manufacturer":"Flock Safety","direction":"270"}},
{"type":"Feature","geometry":{"type":"Point","coordinates":[-93.387378,44.989425]},"properties":{"osm":"node/12960238534","vendor":"flock","city":"2394924","manufacturer":"Flock Safety","direction":"195"}},
{"type":"Feature","geometry":{"type":"Point","coordinates":[-92.804983,45.05418]},"properties":{"osm":"node/12965123990","vendor":"motorola","city":"2395969","manufacturer":"Motorola Solutions","direction":"280"}},
{"type":"Feature","geometry":{"type":"Point","coordinates":[-93.702793,44.890985]},"properties":{"osm":"node/12965172670","vendor":"flock","city":"2397135","manufacturer":"Flock Safety","direction":"250"}},
{"type":"Feature","geometry":{"type":"Point","coordinates":[-93.70663,44.891052]},"properties":{"osm":"node/12965172671","vendor":"flock","city":null,"manufacturer":"Flock Safety","direction":"70"}},
{"type":"Feature","geometry":{"type":"Point","coordinates":[-93.536536,44.858046]},"properties":{"osm":"node/12965226545","vendor":"motorola","city":"2393799","manufacturer":"Motorola Solutions","direction":"45"}},
{"type":"Feature","geometry":{"type":"Point","coordinates":[-93.208696,45.104687]},"properties":{"osm":"node/12977994343","vendor":"flock","city":"2395118","manufacturer":"Flock Safety","direction":"80"}},
{"type":"Feature","geometry":{"type":"Point","coordinates":[-93.358215,45.207595]},"properties":{"osm":"node/12996485494","vendor":"flock","city":"2393628","manufacturer":"Flock Safety","direction":"247","zone":"traffic"}},
{"type":"Feature","geometry":{"type":"Point","coordinates":[-93.193137,45.094722]},"properties":{"osm":"node/12996563969","vendor":"flock","city":"2395118","manufacturer":"Flock Safety","direction":"100","zone":"public"}},
{"type":"Feature","geometry":{"type":"Point","coordinates":[-93.256224,45.127374]},"properties":{"osm":"node/13006584562","vendor":"flock","city":"2394183","manufacturer":"Flock Safety","direction":"160","zone":"public"}},
{"type":"Feature","geometry":{"type":"Point","coordinates":[-93.231437,45.319536]},"properties":{"osm":"node/13006584563","vendor":"flock","city":"2394596","manufacturer":"Flock Safety","direction":"70","zone":"public"}},
{"type":"Feature","geometry":{"type":"Point","coordinates":[-93.522064,45.321755]},"properties":{"osm":"node/13006584564","vendor":"flock","city":"2394650","manufacturer":"Flock Safety","operator":"Elk River Police Department","direction":"190","zone":"public"}},
{"type":"Feature","geometry":{"type":"Point","coordinates":[-93.215088,45.12442]},"properties":{"osm":"node/13006622915","vendor":"flock","city":"2395118","manufacturer":"Flock Safety","direction":"70","zone":"public"}},
{"type":"Feature","geometry":{"type":"Point","coordinates":[-93.556158,45.303301]},"properties":{"osm":"node/13011048696","vendor":"flock","city":"2394650","manufacturer":"Flock Safety","operator":"Elk River Police Department","direction":"240","zone":"public"}},
{"type":"Feature","geometry":{"type":"Point","coordinates":[-93.163569,45.158138]},"properties":{"osm":"node/13011057750","vendor":"flock","city":"2394183","manufacturer":"Flock Safety","direction":"160","zone":"public"}},
{"type":"Feature","geometry":{"type":"Point","coordinates":[-93.265581,45.129487]},"properties":{"osm":"node/13011077745","vendor":"flock","city":"2394183","manufacturer":"Flock Safety","direction":"130","zone":"public"}},
{"type":"Feature","geometry":{"type":"Point","coordinates":[-93.548354,45.281498]},"properties":{"osm":"node/13013655663","vendor":"flock","city":"2394650","manufacturer":"Flock Safety","operator":"Elk River Police Department","direction":"90","zone":"traffic"}},
{"type":"Feature","geometry":{"type":"Point","coordinates":[-93.333532,45.196002]},"properties":{"osm":"node/13014208042","vendor":"flock","city":"2393628","manufacturer":"Flock Safety","direction":"330","zone":"traffic"}},
{"type":"Feature","geometry":{"type":"Point","coordinates":[-93.23963,45.319702]},"properties":{"osm":"node/13037690036","vendor":"flock","city":"2394596","manufacturer":"Flock Safety","direction":"270","zone":"traffic"}},
{"type":"Feature","geometry":{"type":"Point","coordinates":[-93.412873,44.778441]},"properties":{"osm":"node/13046336807","vendor":"flock","city":"2395854","manufacturer":"Flock Safety","direction":"145","mount":"pole","zone":"traffic"}},
{"type":"Feature","geometry":{"type":"Point","coordinates":[-93.523248,45.087222]},"properties":{"osm":"node/13071136163","vendor":"flock","city":"2393634","manufacturer":"Flock Safety","direction":"250","mount":"fixed"}},
{"type":"Feature","geometry":{"type":"Point","coordinates":[-93.218778,45.100552]},"properties":{"osm":"node/13085261362","vendor":"unknown","city":"2395118","direction":"45","zone":"traffic"}},
{"type":"Feature","geometry":{"type":"Point","coordinates":[-93.218846,45.10775]},"properties":{"osm":"node/13085261363","vendor":"unknown","city":"2395118","direction":"50","zone":"traffic"}},
{"type":"Feature","geometry":{"type":"Point","coordinates":[-93.553322,45.303052]},"properties":{"osm":"node/13088584126","vendor":"flock","city":"2394650","manufacturer":"Flock Safety","operator":"Elk River Police Department","direction":"60","zone":"public"}},
{"type":"Feature","geometry":{"type":"Point","coordinates":[-93.602633,45.308807]},"properties":{"osm":"node/13104746980","vendor":"flock","city":"2394650","manufacturer":"Flock Safety","operator":"Elk River Police Department","direction":"320"}},
{"type":"Feature","geometry":{"type":"Point","coordinates":[-93.60897,45.306221]},"properties":{"osm":"node/13104746981","vendor":"flock","city":"2394650","manufacturer":"Flock Safety","operator":"Elk River Police Department","direction":"140"}},
{"type":"Feature","geometry":{"type":"Point","coordinates":[-93.602365,45.307403]},"properties":{"osm":"node/13104746982","vendor":"flock","city":"2394650","manufacturer":"Flock Safety","operator":"Elk River Police Department","direction":"100","zone":"police"}},
{"type":"Feature","geometry":{"type":"Point","coordinates":[-93.212445,45.16768]},"properties":{"osm":"node/13115329799","vendor":"flock","city":"2394183","manufacturer":"Flock Safety","operator":"Blaine PD","direction":"180"}},
{"type":"Feature","geometry":{"type":"Point","coordinates":[-93.147485,45.157418]},"properties":{"osm":"node/13115347970","vendor":"flock","city":"2394183","manufacturer":"Flock Safety","direction":"200"}},
{"type":"Feature","geometry":{"type":"Point","coordinates":[-93.188807,45.142695]},"properties":{"osm":"node/13115364042","vendor":"flock","city":"2394183","manufacturer":"Flock Safety","operator":"Blaine PD","direction":"240","zone":"traffic"}},
{"type":"Feature","geometry":{"type":"Point","coordinates":[-93.234926,45.140459]},"properties":{"osm":"node/13115549970","vendor":"flock","city":"2394183","manufacturer":"Flock Safety","operator":"Blaine PD","direction":"340","zone":"traffic"}},
{"type":"Feature","geometry":{"type":"Point","coordinates":[-92.985974,45.287614]},"properties":{"osm":"node/13116930562","vendor":"flock","city":"2394789","manufacturer":"Flock Safety","direction":"175"}},
{"type":"Feature","geometry":{"type":"Point","coordinates":[-93.569035,44.89965]},"properties":{"osm":"node/13120048842","vendor":"flock","city":"2394717","manufacturer":"Flock Safety","operator":"South Lake Minnetonka Police Department","direction":"180","zone":"traffic"}},
{"type":"Feature","geometry":{"type":"Point","coordinates":[-93.589213,44.900805]},"properties":{"osm":"node/13120128331","vendor":"flock","city":"2395877","manufacturer":"Flock Safety","operator":"South Lake Minnetonka Police Department","direction":"190"}},
{"type":"Feature","geometry":{"type":"Point","coordinates":[-93.592648,44.926701]},"properties":{"osm":"node/13128356739","vendor":"flock","city":"2397036","manufacturer":"Flock Safety","operator":"South Lake Minnetonka PD","direction":"120"}},
{"type":"Feature","geometry":{"type":"Point","coordinates":[-93.558725,44.959869]},"properties":{"osm":"node/13128356740","vendor":"flock","city":"2396081","manufacturer":"Flock Safety","operator":"Orono Police Department","direction":"180"}},
{"type":"Feature","geometry":{"type":"Point","coordinates":[-93.356875,45.201081]},"properties":{"osm":"node/13146211557","vendor":"unknown","city":"2393628","direction":"95","mount":"street_lamp","zone":"traffic"}},
{"type":"Feature","geometry":{"type":"Point","coordinates":[-92.896291,45.322501]},"properties":{"osm":"node/13146284168","vendor":"flock","city":"663798","manufacturer":"Flock Safety","direction":"5"}},
{"type":"Feature","geometry":{"type":"Point","coordinates":[-93.420071,44.894397]},"properties":{"osm":"node/13157311460","vendor":"flock","city":"2395350","manufacturer":"Flock Safety","operator":"Minnetonka Police Department","direction":"95"}},
{"type":"Feature","geometry":{"type":"Point","coordinates":[-93.405944,45.060223]},"properties":{"osm":"node/13163033529","vendor":"flock","city":"2396242","manufacturer":"Flock Safety","direction":"345"}},
{"type":"Feature","geometry":{"type":"Point","coordinates":[-93.407246,45.060563]},"properties":{"osm":"node/13163033530","vendor":"flock","city":"2396242","manufacturer":"Flock Safety","direction":"325"}},
{"type":"Feature","geometry":{"type":"Point","coordinates":[-93.237533,45.182834]},"properties":{"osm":"node/13165248420","vendor":"flock","city":"2394183","manufacturer":"Flock Safety","direction":"155"}},
{"type":"Feature","geometry":{"type":"Point","coordinates":[-93.126889,45.103285]},"properties":{"osm":"node/13165309831","vendor":"flock","city":"2395259","manufacturer":"Flock Safety","direction":"255"}},
{"type":"Feature","geometry":{"type":"Point","coordinates":[-93.126668,45.103171]},"properties":{"osm":"node/13165311254","vendor":"flock","city":"2395259","manufacturer":"Flock Safety","direction":"75"}},
{"type":"Feature","geometry":{"type":"Point","coordinates":[-93.439574,44.970123]},"properties":{"osm":"node/13168541800","vendor":"flock","city":"2395350","manufacturer":"Flock Safety","direction":"80","zone":"entrance"}},
{"type":"Feature","geometry":{"type":"Point","coordinates":[-93.402261,45.022132]},"properties":{"osm":"node/13168593268","vendor":"flock","city":"2396242","manufacturer":"Flock Safety","direction":"215","mount":"pole","zone":"street"}},
{"type":"Feature","geometry":{"type":"Point","coordinates":[-93.371059,45.021994]},"properties":{"osm":"node/13168605389","vendor":"flock","city":"2395201","direction":"245","zone":"street"}},
{"type":"Feature","geometry":{"type":"Point","coordinates":[-93.551404,45.210235]},"properties":{"osm":"node/13173324187","vendor":"flock","city":"2396415","manufacturer":"Flock Safety","operator":"Rogers Police Department","direction":"90"}},
{"type":"Feature","geometry":{"type":"Point","coordinates":[-93.489855,44.727312]},"properties":{"osm":"node/13175395716","vendor":"flock","city":"2396284","manufacturer":"Flock Safety","direction":"50","mount":"pole","zone":"traffic"}},
{"type":"Feature","geometry":{"type":"Point","coordinates":[-93.371005,45.032961]},"properties":{"osm":"node/13175924401","vendor":"flock","city":"2395201","manufacturer":"Flock Safety","direction":"240"}},
{"type":"Feature","geometry":{"type":"Point","coordinates":[-93.416447,45.033192]},"properties":{"osm":"node/13175924402","vendor":"flock","city":"2396242","manufacturer":"Flock Safety","direction":"230"}},
{"type":"Feature","geometry":{"type":"Point","coordinates":[-93.335978,45.030157]},"properties":{"osm":"node/13175924403","vendor":"flock","city":"2396388","manufacturer":"Flock Safety","direction":"170"}},
{"type":"Feature","geometry":{"type":"Point","coordinates":[-93.393944,45.033308]},"properties":{"osm":"node/13175924404","vendor":"flock","city":"2395201","manufacturer":"Flock Safety","direction":"50"}},
{"type":"Feature","geometry":{"type":"Point","coordinates":[-92.986717,45.296971]},"properties":{"osm":"node/13193081753","vendor":"flock","city":"2397388","manufacturer":"Flock Safety","direction":"330","mount":"pole","zone":"street"}},
{"type":"Feature","geometry":{"type":"Point","coordinates":[-93.003082,45.336346]},"properties":{"osm":"node/13193081754","vendor":"flock","city":"2397388","manufacturer":"Flock Safety","mount":"pole","zone":"street"}},
{"type":"Feature","geometry":{"type":"Point","coordinates":[-93.006518,45.336591]},"properties":{"osm":"node/13193081755","vendor":"flock","city":"2397388","manufacturer":"Flock Safety","direction":"260","zone":"street"}},
{"type":"Feature","geometry":{"type":"Point","coordinates":[-93.136629,44.95124]},"properties":{"osm":"node/13196928498","vendor":"flock","city":"2396511","manufacturer":"Flock Safety","direction":"165"}},
{"type":"Feature","geometry":{"type":"Point","coordinates":[-93.357569,45.199551]},"properties":{"osm":"node/13203943250","vendor":"unknown","city":"2393628","direction":"100","zone":"traffic"}},
{"type":"Feature","geometry":{"type":"Point","coordinates":[-92.897397,45.25364]},"properties":{"osm":"node/13226694231","vendor":"flock","city":"2394789","manufacturer":"Flock Safety","direction":"230"}},
{"type":"Feature","geometry":{"type":"Point","coordinates":[-93.020428,45.342438]},"properties":{"osm":"node/13226694232","vendor":"flock","city":"664793","manufacturer":"Flock Safety","direction":"270"}},
{"type":"Feature","geometry":{"type":"Point","coordinates":[-93.267959,44.889469]},"properties":{"osm":"node/13248298237","vendor":"flock","city":"2396362","manufacturer":"Flock Safety","direction":"169","zone":"traffic"}},
{"type":"Feature","geometry":{"type":"Point","coordinates":[-93.248795,44.864062]},"properties":{"osm":"node/13248298462","vendor":"flock","city":"2396362","manufacturer":"Flock Safety","direction":"225"}},
{"type":"Feature","geometry":{"type":"Point","coordinates":[-93.308775,44.889383]},"properties":{"osm":"node/13248303436","vendor":"flock","city":"2396362","manufacturer":"Flock Safety","direction":"145"}},
{"type":"Feature","geometry":{"type":"Point","coordinates":[-93.37103,44.955567]},"properties":{"osm":"node/13267133643","vendor":"flock","city":"2396500","manufacturer":"Flock Safety","direction":"180","zone":"traffic"}},
{"type":"Feature","geometry":{"type":"Point","coordinates":[-93.380951,44.934495]},"properties":{"osm":"node/13267147072","vendor":"flock","city":"2394417","manufacturer":"Flock Safety","direction":"165","zone":"traffic"}},
{"type":"Feature","geometry":{"type":"Point","coordinates":[-93.380756,44.937172]},"properties":{"osm":"node/13267184067","vendor":"flock","city":"2396500","manufacturer":"Flock Safety","direction":"180","zone":"traffic"}},
{"type":"Feature","geometry":{"type":"Point","coordinates":[-93.353732,44.918708]},"properties":{"osm":"node/13267228915","vendor":"flock","city":"2394621","manufacturer":"Flock Safety","direction":"60","zone":"traffic"}},
{"type":"Feature","geometry":{"type":"Point","coordinates":[-93.462033,45.232332]},"properties":{"osm":"node/13274339189","vendor":"flock","city":"2396311","manufacturer":"Flock Safety","operator":"Ramsey County Police Department","direction":"25"}},
{"type":"Feature","geometry":{"type":"Point","coordinates":[-93.461359,45.233337]},"properties":{"osm":"node/13274363510","vendor":"flock","city":"2396311","manufacturer":"Flock Safety","operator":"Ramsey County Police Department","direction":"205"}},
{"type":"Feature","geometry":{"type":"Point","coordinates":[-93.400967,45.204886]},"properties":{"osm":"node/13274373108","vendor":"flock","city":"2393964","manufacturer":"Flock Safety","direction":"105","zone":"traffic"}},
{"type":"Feature","geometry":{"type":"Point","coordinates":[-93.470359,45.235946]},"properties":{"osm":"node/13274379107","vendor":"flock","city":"2396311","manufacturer":"Flock Safety","operator":"Ramsey Police Department","direction":"0"}},
{"type":"Feature","geometry":{"type":"Point","coordinates":[-93.357531,45.202718]},"properties":{"osm":"node/13274379109","vendor":"flock","city":"2393628","manufacturer":"Flock Safety","direction":"135"}},
{"type":"Feature","geometry":{"type":"Point","coordinates":[-93.450261,45.227954]},"properties":{"osm":"node/13274381939","vendor":"flock","city":"2396311","manufacturer":"Flock Safety","operator":"Ramsey County Police Department","direction":"340"}},
{"type":"Feature","geometry":{"type":"Point","coordinates":[-93.397906,45.22464]},"properties":{"osm":"node/13274398018","vendor":"flock","city":"2396311","manufacturer":"Flock Safety","direction":"245"}},
{"type":"Feature","geometry":{"type":"Point","coordinates":[-93.33403,44.950785]},"properties":{"osm":"node/13277706284","vendor":"flock","city":"2396500","manufacturer":"Flock Safety","direction":"290"}},
{"type":"Feature","geometry":{"type":"Point","coordinates":[-93.340305,44.945885]},"properties":{"osm":"node/13277712515","vendor":"flock","city":"2396500","manufacturer":"Flock Safety","direction":"75","zone":"building"}},
{"type":"Feature","geometry":{"type":"Point","coordinates":[-93.261163,45.048131]},"properties":{"osm":"node/13278472061","vendor":"flock","city":"2393607","manufacturer":"Flock Safety","direction":"85"}},
{"type":"Feature","geometry":{"type":"Point","coordinates":[-93.264229,45.048268]},"properties":{"osm":"node/13278481806","vendor":"flock","city":"2393607","manufacturer":"Flock Safety","direction":"260"}},
{"type":"Feature","geometry":{"type":"Point","coordinates":[-93.167555,44.836426]},"properties":{"osm":"node/13281622455","vendor":"flock","city":"2394586","manufacturer":"Flock Safety","direction":"140"}},
{"type":"Feature","geometry":{"type":"Point","coordinates":[-93.196349,44.923356]},"properties":{"osm":"node/13282314000","vendor":"flock","city":"2396511","manufacturer":"Flock Safety","operator":"Temple of Aaron","direction":"140","zone":"parking"}},
{"type":"Feature","geometry":{"type":"Point","coordinates":[-92.734358,44.960477]},"properties":{"osm":"node/13282373145","vendor":"flock","city":null,"manufacturer":"Flock Safety","direction":"270","mount":"pole","zone":"traffic"}},
{"type":"Feature","geometry":{"type":"Point","coordinates":[-92.734453,44.959776]},"properties":{"osm":"node/13282373146","vendor":"flock","city":null,"manufacturer":"Flock Safety","direction":"240"}},
{"type":"Feature","geometry":{"type":"Point","coordinates":[-93.347255,45.200483]},"properties":{"osm":"node/13287747558","vendor":"flock","city":"2393628","manufacturer":"Flock Safety","direction":"2","zone":"traffic"}},
{"type":"Feature","geometry":{"type":"Point","coordinates":[-93.284732,44.701747]},"properties":{"osm":"node/13288012951","vendor":"flock","city":"2395614","manufacturer":"Flock Safety","direction":"108","zone":"traffic"}},
{"type":"Feature","geometry":{"type":"Point","coordinates":[-93.380001,44.745824]},"properties":{"osm":"node/13290910615","vendor":"flock","city":"2396284","manufacturer":"Flock Safety","direction":"145","zone":"traffic"}},
{"type":"Feature","geometry":{"type":"Point","coordinates":[-93.469326,44.754202]},"properties":{"osm":"node/13298780395","vendor":"flock","city":"2395854","manufacturer":"Flock Safety","operator":"Shakopee","direction":"320","zone":"traffic"}},
{"type":"Feature","geometry":{"type":"Point","coordinates":[-93.469974,44.745628]},"properties":{"osm":"node/13298780396","vendor":"flock","city":"2396284","manufacturer":"Flock Safety","direction":"140","zone":"traffic"}},
{"type":"Feature","geometry":{"type":"Point","coordinates":[-93.504972,44.773624]},"properties":{"osm":"node/13298784332","vendor":"flock","city":"2395854","manufacturer":"Flock Safety","operator":"Shakopee","direction":"60","zone":"traffic"}},
{"type":"Feature","geometry":{"type":"Point","coordinates":[-93.469415,44.783424]},"properties":{"osm":"node/13298792105","vendor":"flock","city":"2395854","manufacturer":"Flock Safety","operator":"Shakopee Police","direction":"310","zone":"traffic"}},
{"type":"Feature","geometry":{"type":"Point","coordinates":[-92.777484,44.761275]},"properties":{"osm":"node/13301819288","vendor":"flock","city":null,"manufacturer":"Flock Safety","direction":"250"}},
{"type":"Feature","geometry":{"type":"Point","coordinates":[-93.298083,45.023927]},"properties":{"osm":"node/13301822484","vendor":"genetec","city":"2395345","manufacturer":"Genetec","direction":"45","zone":"traffic"}},
{"type":"Feature","geometry":{"type":"Point","coordinates":[-93.563767,45.3212]},"properties":{"osm":"node/13301828509","vendor":"flock","city":"2394650","manufacturer":"Flock Safety","operator":"Elk River Police Department","direction":"180"}},
{"type":"Feature","geometry":{"type":"Point","coordinates":[-93.286714,44.699668]},"properties":{"osm":"node/13305200302","vendor":"flock","city":"2395614","manufacturer":"Flock Safety","direction":"76","zone":"traffic"}},
{"type":"Feature","geometry":{"type":"Point","coordinates":[-93.286272,44.700517]},"properties":{"osm":"node/13305202301","vendor":"flock","city":"2395614","manufacturer":"Flock Safety","direction":"87","zone":"traffic"}},
{"type":"Feature","geometry":{"type":"Point","coordinates":[-93.501449,44.980304]},"properties":{"osm":"node/13305426401","vendor":"flock","city":"2396242","manufacturer":"Flock Safety","direction":"127","zone":"traffic"}},
{"type":"Feature","geometry":{"type":"Point","coordinates":[-92.970074,45.030275]},"properties":{"osm":"node/13306783426","vendor":"flock","city":"2395287","manufacturer":"Flock Safety","direction":"40"}},
{"type":"Feature","geometry":{"type":"Point","coordinates":[-93.247155,44.958662]},"properties":{"osm":"node/13309373701","vendor":"flock","city":"2395345","manufacturer":"Flock Safety","operator":"Hennepin County Sheriff's Office","direction":"345","zone":"traffic"}},
{"type":"Feature","geometry":{"type":"Point","coordinates":[-93.337095,45.080628]},"properties":{"osm":"node/13310112101","vendor":"flock","city":"2393428","manufacturer":"Flock Safety","direction":"282","zone":"traffic"}},
{"type":"Feature","geometry":{"type":"Point","coordinates":[-93.336568,45.079511]},"properties":{"osm":"node/13310116002","vendor":"flock","city":"2393428","manufacturer":"Flock Safety","direction":"109","zone":"traffic"}},
{"type":"Feature","geometry":{"type":"Point","coordinates":[-93.336568,45.079511]},"properties":{"osm":"node/13310116101","vendor":"flock","city":"2393428","manufacturer":"Flock Safety","direction":"109","zone":"traffic"}},
{"type":"Feature","geometry":{"type":"Point","coordinates":[-93.313037,45.058958]},"properties":{"osm":"node/13310118401","vendor":"flock","city":"2393428","manufacturer":"Flock Safety","direction":"70","zone":"traffic"}},
{"type":"Feature","geometry":{"type":"Point","coordinates":[-93.350991,45.069265]},"properties":{"osm":"node/13310119701","vendor":"flock","city":"2393429","manufacturer":"Flock Safety","direction":"73","zone":"traffic"}},
{"type":"Feature","geometry":{"type":"Point","coordinates":[-93.354902,45.070535]},"properties":{"osm":"node/13310120101","vendor":"flock","city":"2393429","manufacturer":"Flock Safety","direction":"149","zone":"traffic"}},
{"type":"Feature","geometry":{"type":"Point","coordinates":[-93.354902,45.070535]},"properties":{"osm":"node/13310120201","vendor":"flock","city":"2393429","manufacturer":"Flock Safety","direction":"149","zone":"traffic"}},
{"type":"Feature","geometry":{"type":"Point","coordinates":[-93.355455,45.072031]},"properties":{"osm":"node/13310120901","vendor":"flock","city":"2393429","manufacturer":"Flock Safety","direction":"293","zone":"traffic"}},
{"type":"Feature","geometry":{"type":"Point","coordinates":[-93.355924,45.080261]},"properties":{"osm":"node/13310121501","vendor":"flock","city":"2393429","manufacturer":"Flock Safety","direction":"341","zone":"traffic"}},
{"type":"Feature","geometry":{"type":"Point","coordinates":[-93.356017,45.087211]},"properties":{"osm":"node/13310121701","vendor":"flock","city":"2393429","manufacturer":"Flock Safety","direction":"60","zone":"traffic"}},
{"type":"Feature","geometry":{"type":"Point","coordinates":[-93.351393,45.087463]},"properties":{"osm":"node/13310124601","vendor":"flock","city":"2393429","manufacturer":"Flock Safety","direction":"226","zone":"traffic"}},
{"type":"Feature","geometry":{"type":"Point","coordinates":[-93.352806,45.095517]},"properties":{"osm":"node/13310124602","vendor":"flock","city":"2393429","manufacturer":"Flock Safety","direction":"226","zone":"traffic"}},
{"type":"Feature","geometry":{"type":"Point","coordinates":[-93.346364,45.098407]},"properties":{"osm":"node/13310125601","vendor":"flock","city":"2393429","manufacturer":"Flock Safety","direction":"162","zone":"traffic"}},
{"type":"Feature","geometry":{"type":"Point","coordinates":[-93.420905,44.933143]},"properties":{"osm":"node/13312145223","vendor":"flock","city":"2394417","manufacturer":"Flock Safety","direction":"341","zone":"traffic"}},
{"type":"Feature","geometry":{"type":"Point","coordinates":[-93.468247,44.922077]},"properties":{"osm":"node/13312179049","vendor":"motorola","city":"2395350","manufacturer":"Motorola Solutions","direction":"100"}},
{"type":"Feature","geometry":{"type":"Point","coordinates":[-93.314414,45.05929]},"properties":{"osm":"node/13314616901","vendor":"flock","city":"2393428","manufacturer":"Flock Safety","direction":"243","zone":"traffic"}},
{"type":"Feature","geometry":{"type":"Point","coordinates":[-93.32005,45.060122]},"properties":{"osm":"node/13314635101","vendor":"flock","city":"2393428","manufacturer":"Flock Safety","direction":"279","zone":"traffic"}},
{"type":"Feature","geometry":{"type":"Point","coordinates":[-93.320371,45.060227]},"properties":{"osm":"node/13314638301","vendor":"flock","city":"2393428","manufacturer":"Flock Safety","direction":"139","zone":"traffic"}},
{"type":"Feature","geometry":{"type":"Point","coordinates":[-93.310091,44.902877]},"properties":{"osm":"node/13315019301","vendor":"flock","city":"2395345","manufacturer":"Flock Safety","direction":"0","zone":"traffic"}},
{"type":"Feature","geometry":{"type":"Point","coordinates":[-93.747271,44.966134]},"properties":{"osm":"node/13315690053","vendor":"flock","city":"2395352","manufacturer":"Flock Safety","direction":"144","zone":"traffic"}},
{"type":"Feature","geometry":{"type":"Point","coordinates":[-93.308846,45.06657]},"properties":{"osm":"node/13315728001","vendor":"flock","city":"2393428","manufacturer":"Flock Safety","direction":"343","zone":"traffic"}},
{"type":"Feature","geometry":{"type":"Point","coordinates":[-93.368747,44.889293]},"properties":{"osm":"node/13316074113","vendor":"flock","city":"2394621","manufacturer":"Flock Safety","direction":"350","mount":"pole","zone":"traffic"}},
{"type":"Feature","geometry":{"type":"Point","coordinates":[-93.234877,44.981371]},"properties":{"osm":"node/13317114001","vendor":"other","city":"2395345","manufacturer":"Insight LPR","operator":"Minneapolis Police Department","direction":"321;109","mount":"street_lamp","zone":"traffic","checked":"2025-12-04"}},
{"type":"Feature","geometry":{"type":"Point","coordinates":[-93.243368,44.983577]},"properties":{"osm":"node/13318027801","vendor":"other","city":"2395345","manufacturer":"Insight LPR","operator":"Minneapolis Police Department","direction":"310;275","mount":"traffic_signal","zone":"traffic"}},
{"type":"Feature","geometry":{"type":"Point","coordinates":[-93.247135,44.970036]},"properties":{"osm":"node/13318058501","vendor":"other","city":"2395345","manufacturer":"Insight LPR","operator":"Minneapolis Police Department","direction":"190;337","mount":"traffic_signal","zone":"traffic"}},
{"type":"Feature","geometry":{"type":"Point","coordinates":[-93.244998,44.962874]},"properties":{"osm":"node/13318073401","vendor":"other","city":"2395345","manufacturer":"Insight LPR","operator":"Minneapolis Police Department","direction":"0","mount":"traffic_signal","zone":"traffic","checked":"2026-08-20"}},
{"type":"Feature","geometry":{"type":"Point","coordinates":[-93.245303,44.96248]},"properties":{"osm":"node/13318086401","vendor":"other","city":"2395345","manufacturer":"Insight LPR","operator":"Minneapolis Police Department","direction":"171","mount":"traffic_signal","zone":"traffic","checked":"2026-08-20"}},
{"type":"Feature","geometry":{"type":"Point","coordinates":[-93.244926,44.962623]},"properties":{"osm":"node/13318087201","vendor":"other","city":"2395345","manufacturer":"Insight LPR","operator":"Minneapolis Police Department","direction":"89","mount":"traffic_signal","zone":"traffic","checked":"2026-08-20"}},
{"type":"Feature","geometry":{"type":"Point","coordinates":[-93.250541,44.860157]},"properties":{"osm":"node/13318517501","vendor":"flock","city":"2394198","manufacturer":"Flock Safety","operator":"Great Wolf Lodge","direction":"154","zone":"traffic"}},
{"type":"Feature","geometry":{"type":"Point","coordinates":[-93.250415,44.860026]},"properties":{"osm":"node/13318518101","vendor":"flock","city":"2394198","manufacturer":"Flock Safety","operator":"Great Wolf Lodge","direction":"349","zone":"traffic"}},
{"type":"Feature","geometry":{"type":"Point","coordinates":[-93.262135,45.040924]},"properties":{"osm":"node/13318523101","vendor":"flock","city":"2393607","manufacturer":"Flock Safety","direction":"73","zone":"traffic"}},
{"type":"Feature","geometry":{"type":"Point","coordinates":[-93.245416,44.962774]},"properties":{"osm":"node/13319416601","vendor":"other","city":"2395345","manufacturer":"Insight LPR","operator":"Minneapolis Police Department","direction":"268","mount":"traffic_signal","zone":"traffic","checked":"2026-08-20"}},
{"type":"Feature","geometry":{"type":"Point","coordinates":[-93.417694,44.890971]},"properties":{"osm":"node/13320082801","vendor":"flock","city":"2394614","manufacturer":"Flock Safety","direction":"191","zone":"traffic"}},
{"type":"Feature","geometry":{"type":"Point","coordinates":[-93.418049,44.889057]},"properties":{"osm":"node/13320083501","vendor":"flock","city":"2394614","manufacturer":"Flock Safety","direction":"0","zone":"traffic"}},
{"type":"Feature","geometry":{"type":"Point","coordinates":[-93.162997,45.161992]},"properties":{"osm":"node/13322986560","vendor":"flock","city":"2394183","manufacturer":"Flock Safety","direction":"340","zone":"public"}},
{"type":"Feature","geometry":{"type":"Point","coordinates":[-93.46141,45.012631]},"properties":{"osm":"node/13324626452","vendor":"flock","city":"2396242","manufacturer":"Flock Safety","direction":"0","zone":"traffic"}},
{"type":"Feature","geometry":{"type":"Point","coordinates":[-93.222711,44.969615]},"properties":{"osm":"node/13325467708","vendor":"flock","city":"2395345","manufacturer":"Flock Safety","direction":"330","zone":"traffic"}},
{"type":"Feature","geometry":{"type":"Point","coordinates":[-93.24018,44.948313]},"properties":{"osm":"node/13326566301","vendor":"other","city":"2395345","manufacturer":"Insight LPR","operator":"Minneapolis Police Department","direction":"100;219","mount":"traffic_signal","zone":"traffic"}},
{"type":"Feature","geometry":{"type":"Point","coordinates":[-93.247414,44.955436]},"properties":{"osm":"node/13326576501","vendor":"other","city":"2395345","manufacturer":"Insight LPR","operator":"Minneapolis Police Department","direction":"15;182;298","mount":"traffic_signal","zone":"traffic"}},
{"type":"Feature","geometry":{"type":"Point","coordinates":[-93.252623,44.948936]},"properties":{"osm":"node/13326596601","vendor":"flock","city":"2395345","manufacturer":"Flock Safety","operator":"Hennepin County Sheriff's Office","direction":"149","zone":"traffic"}},
{"type":"Feature","geometry":{"type":"Point","coordinates":[-93.262606,44.948515]},"properties":{"osm":"node/13326601701","vendor":"other","city":"2395345","manufacturer":"Insight LPR","operator":"Minneapolis Police Department","direction":"0;232","mount":"traffic_signal","zone":"traffic"}},
{"type":"Feature","geometry":{"type":"Point","coordinates":[-93.275263,44.948305]},"properties":{"osm":"node/13326610301","vendor":"other","city":"2395345","manufacturer":"Insight LPR","operator":"Minneapolis Police Department","direction":"67;321","mount":"traffic_signal","zone":"traffic"}},
{"type":"Feature","geometry":{"type":"Point","coordinates":[-93.287984,44.96732]},"properties":{"osm":"node/13326636101","vendor":"other","city":"2395345","manufacturer":"Insight LPR","operator":"Minneapolis Police Department","direction":"16;342","mount":"traffic_signal","zone":"traffic"}},
{"type":"Feature","geometry":{"type":"Point","coordinates":[-93.288355,44.967004]},"properties":{"osm":"node/13326638301","vendor":"other","city":"2395345","manufacturer":"Insight LPR","operator":"Minneapolis Police Department","direction":"205;165;136","mount":"traffic_signal","zone":"traffic"}},
{"type":"Feature","geometry":{"type":"Point","coordinates":[-93.24053,44.948453]},"properties":{"osm":"node/13326638601","vendor":"other","city":"2395345","manufacturer":"Insight LPR","operator":"Minneapolis Police Department","direction":"264","mount":"traffic_signal","zone":"traffic"}},
{"type":"Feature","geometry":{"type":"Point","coordinates":[-93.252623,44.948936]},"properties":{"osm":"node/13326645101","vendor":"flock","city":"2395345","manufacturer":"Flock Safety","operator":"Hennepin County Sheriff's Office","direction":"149","zone":"traffic"}},
{"type":"Feature","geometry":{"type":"Point","coordinates":[-93.262754,44.948238]},"properties":{"osm":"node/13326645301","vendor":"other","city":"2395345","manufacturer":"Insight LPR","operator":"Minneapolis Police Department","direction":"186;40","mount":"traffic_signal","zone":"traffic"}},
{"type":"Feature","geometry":{"type":"Point","coordinates":[-93.288004,44.952082]},"properties":{"osm":"node/13326646401","vendor":"other","city":"2395345","manufacturer":"Insight LPR","operator":"Minneapolis Police Department","direction":"136;227;155;337","mount":"traffic_signal","zone":"traffic"}},
{"type":"Feature","geometry":{"type":"Point","coordinates":[-93.277877,44.962592]},"properties":{"osm":"node/13326664301","vendor":"other","city":"2395345","manufacturer":"Insight LPR","operator":"Minneapolis Police Department","direction":"308;56","mount":"traffic_signal","zone":"traffic"}},
{"type":"Feature","geometry":{"type":"Point","coordinates":[-93.262404,44.962668]},"properties":{"osm":"node/13326664302","vendor":"other","city":"2395345","manufacturer":"Insight LPR","operator":"Minneapolis Police Department","direction":"88;315","mount":"traffic_signal","zone":"traffic"}},
{"type":"Feature","geometry":{"type":"Point","coordinates":[-93.262636,44.962593]},"properties":{"osm":"node/13326675001","vendor":"other","city":"2395345","manufacturer":"Insight LPR","operator":"Minneapolis Police Department","direction":"29;174","mount":"traffic_signal","zone":"traffic"}},
{"type":"Feature","geometry":{"type":"Point","coordinates":[-93.262308,44.971249]},"properties":{"osm":"node/13326688801","vendor":"other","city":"2395345","manufacturer":"Insight LPR","operator":"Minneapolis Police Department","direction":"329;59","mount":"traffic_signal","zone":"traffic"}},
{"type":"Feature","geometry":{"type":"Point","coordinates":[-93.275822,44.978836]},"properties":{"osm":"node/13326698801","vendor":"other","city":"2395345","manufacturer":"Insight LPR","operator":"Minneapolis Police Department","direction":"41","mount":"traffic_signal","zone":"traffic"}},
{"type":"Feature","geometry":{"type":"Point","coordinates":[-93.276112,44.978842]},"properties":{"osm":"node/13326699501","vendor":"other","city":"2395345","manufacturer":"Insight LPR","operator":"Minneapolis Police Department","direction":"203","mount":"traffic_signal","zone":"traffic"}},
{"type":"Feature","geometry":{"type":"Point","coordinates":[-93.272703,44.9812]},"properties":{"osm":"node/13326702502","vendor":"other","city":"2395345","manufacturer":"Insight LPR","operator":"Minneapolis Police Department","direction":"69;221","mount":"traffic_signal","zone":"traffic"}},
{"type":"Feature","geometry":{"type":"Point","coordinates":[-93.272623,44.982987]},"properties":{"osm":"node/13326722801","vendor":"other","city":"2395345","manufacturer":"Insight LPR","operator":"Minneapolis Police Department","direction":"265;296;318","mount":"traffic_signal","zone":"traffic"}},
{"type":"Feature","geometry":{"type":"Point","coordinates":[-93.272378,44.982943]},"properties":{"osm":"node/13326724001","vendor":"other","city":"2395345","manufacturer":"Insight LPR","operator":"Minneapolis Police Department","direction":"53;17","mount":"traffic_signal","zone":"traffic"}},
{"type":"Feature","geometry":{"type":"Point","coordinates":[-93.271422,44.983857]},"properties":{"osm":"node/13326727701","vendor":"other","city":"2395345","manufacturer":"Insight LPR","operator":"Minneapolis Police Department","direction":"173;321","mount":"traffic_signal","zone":"traffic"}},
{"type":"Feature","geometry":{"type":"Point","coordinates":[-93.285121,44.999205]},"properties":{"osm":"node/13326820801","vendor":"other","city":"2395345","manufacturer":"Insight LPR","operator":"Minneapolis Police Department","direction":"263;125","mount":"traffic_signal","zone":"traffic"}},
{"type":"Feature","geometry":{"type":"Point","coordinates":[-93.28795,44.999261]},"properties":{"osm":"node/13326820802","vendor":"other","city":"2395345","manufacturer":"Insight LPR","operator":"Minneapolis Police Department","direction":"183;0;258","mount":"traffic_signal","zone":"traffic"}},
{"type":"Feature","geometry":{"type":"Point","coordinates":[-93.287817,44.999101]},"properties":{"osm":"node/13326823401","vendor":"other","city":"2395345","manufacturer":"Insight LPR","operator":"Minneapolis Police Department","direction":"95","mount":"traffic_signal","zone":"traffic"}},
{"type":"Feature","geometry":{"type":"Point","coordinates":[-93.295796,44.999216]},"properties":{"osm":"node/13326829201","vendor":"other","city":"2395345","manufacturer":"Insight LPR","operator":"Minneapolis Police Department","direction":"261;132","mount":"traffic_signal","zone":"traffic"}},
{"type":"Feature","geometry":{"type":"Point","coordinates":[-93.293948,44.991938]},"properties":{"osm":"node/13326846001","vendor":"other","city":"2395345","manufacturer":"Insight LPR","operator":"Minneapolis Police Department","direction":"97;298;325","mount":"traffic_signal","zone":"traffic"}},
{"type":"Feature","geometry":{"type":"Point","coordinates":[-93.308291,44.991382]},"properties":{"osm":"node/13326853901","vendor":"other","city":"2395345","manufacturer":"Insight LPR","operator":"Minneapolis Police Department","direction":"29;174","mount":"traffic_signal","zone":"traffic"}},
{"type":"Feature","geometry":{"type":"Point","coordinates":[-93.308395,44.991523]},"properties":{"osm":"node/13326859701","vendor":"other","city":"2395345","manufacturer":"Insight LPR","operator":"Minneapolis Police Department","direction":"277;75","mount":"traffic_signal","zone":"traffic"}},
{"type":"Feature","geometry":{"type":"Point","coordinates":[-93.3083,44.980858]},"properties":{"osm":"node/13326867001","vendor":"other","city":"2395345","manufacturer":"Insight LPR","operator":"Minneapolis Police Department","direction":"0;181","mount":"traffic_signal","zone":"traffic"}},
{"type":"Feature","geometry":{"type":"Point","coordinates":[-93.315136,45.009618]},"properties":{"osm":"node/13326884601","vendor":"other","city":"2395345","manufacturer":"Insight LPR","operator":"Minneapolis Police Department","direction":"86;149;292;340","mount":"traffic_signal","zone":"traffic"}},
{"type":"Feature","geometry":{"type":"Point","coordinates":[-93.308521,45.035535]},"properties":{"osm":"node/13326912301","vendor":"other","city":"2395345","manufacturer":"Insight LPR","operator":"Minneapolis Police Department","direction":"251;197;123","mount":"traffic_signal","zone":"traffic"}},
{"type":"Feature","geometry":{"type":"Point","coordinates":[-93.308505,45.027614]},"properties":{"osm":"node/13326917001","vendor":"flock","city":"2395345","manufacturer":"Flock Safety","operator":"Hennepin County Sheriff's Office","direction":"163","zone":"traffic"}},
{"type":"Feature","geometry":{"type":"Point","coordinates":[-93.295534,45.024596]},"properties":{"osm":"node/13326932401","vendor":"flock","city":"2395345","manufacturer":"Flock Safety","operator":"Hennepin County Sheriff's Office","direction":"196","zone":"traffic"}},
{"type":"Feature","geometry":{"type":"Point","coordinates":[-93.295788,45.013211]},"properties":{"osm":"node/13326950801","vendor":"other","city":"2395345","manufacturer":"Insight LPR","operator":"Minneapolis Police Department","direction":"100;253","mount":"traffic_signal","zone":"traffic"}},
{"type":"Feature","geometry":{"type":"Point","coordinates":[-93.295641,45.013041]},"properties":{"osm":"node/13326953701","vendor":"other","city":"2395345","manufacturer":"Insight LPR","operator":"Minneapolis Police Department","direction":"176","mount":"traffic_signal","zone":"traffic"}},
{"type":"Feature","geometry":{"type":"Point","coordinates":[-93.263371,44.99861]},"properties":{"osm":"node/13326975601","vendor":"other","city":"2395345","manufacturer":"Insight LPR","operator":"Minneapolis Police Department","direction":"197;39","mount":"traffic_signal","zone":"traffic"}},
{"type":"Feature","geometry":{"type":"Point","coordinates":[-93.263067,44.998676]},"properties":{"osm":"node/13326976601","vendor":"other","city":"2395345","manufacturer":"Insight LPR","operator":"Minneapolis Police Department","direction":"97;270","mount":"traffic_signal","zone":"traffic"}},
{"type":"Feature","geometry":{"type":"Point","coordinates":[-93.237221,45.005915]},"properties":{"osm":"node/13326990601","vendor":"other","city":"2395345","manufacturer":"Insight LPR","operator":"Minneapolis Police Department","direction":"18;183","mount":"traffic_signal","zone":"traffic"}},
{"type":"Feature","geometry":{"type":"Point","coordinates":[-93.21213,44.998912]},"properties":{"osm":"node/13326994804","vendor":"flock","city":"2395345","manufacturer":"Flock Safety","direction":"98","zone":"traffic"}},
{"type":"Feature","geometry":{"type":"Point","coordinates":[-93.213823,44.998847]},"properties":{"osm":"node/13326995206","vendor":"flock","city":"2395345","manufacturer":"Flock Safety","direction":"110","zone":"traffic"}},
{"type":"Feature","geometry":{"type":"Point","coordinates":[-93.213823,44.998847]},"properties":{"osm":"node/13326995305","vendor":"flock","city":"2395345","manufacturer":"Flock Safety","direction":"110","zone":"traffic"}},
{"type":"Feature","geometry":{"type":"Point","coordinates":[-93.214209,44.99994]},"properties":{"osm":"node/13327008701","vendor":"flock","city":"2395345","manufacturer":"Flock Safety","direction":"220","zone":"traffic"}},
{"type":"Feature","geometry":{"type":"Point","coordinates":[-92.857662,44.910116]},"properties":{"osm":"node/13329131100","vendor":"flock","city":"2393887","manufacturer":"Flock Safety"}},
{"type":"Feature","geometry":{"type":"Point","coordinates":[-92.8592,44.916038]},"properties":{"osm":"node/13329156569","vendor":"flock","city":"2393887","manufacturer":"Flock Safety","direction":"180"}},
{"type":"Feature","geometry":{"type":"Point","coordinates":[-92.969683,45.031525]},"properties":{"osm":"node/13329539201","vendor":"flock","city":"2395287","manufacturer":"Flock Safety","direction":"128-173","zone":"traffic"}},
{"type":"Feature","geometry":{"type":"Point","coordinates":[-93.550847,44.902411]},"properties":{"osm":"node/13334644063","vendor":"flock","city":"2394245","manufacturer":"Flock Safety","operator":"SLMPD","direction":"310"}},
{"type":"Feature","geometry":{"type":"Point","coordinates":[-93.239047,45.115187]},"properties":{"osm":"node/13334812602","vendor":"flock","city":"2395934","manufacturer":"Flock Safety","direction":"338-23;155-200","zone":"traffic"}},
{"type":"Feature","geometry":{"type":"Point","coordinates":[-93.238322,45.116112]},"properties":{"osm":"node/13334818703","vendor":"flock","city":"2395934","manufacturer":"Flock Safety","direction":"66-111;250-295","zone":"traffic"}},
{"type":"Feature","geometry":{"type":"Point","coordinates":[-93.239847,45.115209]},"properties":{"osm":"node/13334891302","vendor":"flock","city":"2395934","manufacturer":"Flock Safety","direction":"338-23;162-207","zone":"traffic"}},
{"type":"Feature","geometry":{"type":"Point","coordinates":[-93.749098,44.890994]},"properties":{"osm":"node/13334945361","vendor":"flock","city":"2395352","manufacturer":"Flock Safety","direction":"360"}},
{"type":"Feature","geometry":{"type":"Point","coordinates":[-93.0651,44.999161]},"properties":{"osm":"node/13336960477","vendor":"flock","city":"2395846","manufacturer":"Flock Safety","direction":"335-45","mount":"pole"}},
{"type":"Feature","geometry":{"type":"Point","coordinates":[-93.163652,45.156763]},"properties":{"osm":"node/13339585201","vendor":"flock","city":"2394183","manufacturer":"Flock Safety","direction":"242-287","zone":"traffic"}},
{"type":"Feature","geometry":{"type":"Point","coordinates":[-93.253004,45.035639]},"properties":{"osm":"node/13341724501","vendor":"flock","city":"2393607","manufacturer":"Flock Safety","direction":"77-122;239-284","zone":"traffic"}},
{"type":"Feature","geometry":{"type":"Point","coordinates":[-93.243655,44.856536]},"properties":{"osm":"node/13342971101","vendor":"flock","city":"2394198","manufacturer":"Flock Safety","direction":"119","zone":"traffic"}},
{"type":"Feature","geometry":{"type":"Point","coordinates":[-93.242643,44.859689]},"properties":{"osm":"node/13343052301","vendor":"flock","city":"2394198","manufacturer":"Flock Safety","direction":"136","zone":"traffic"}},
{"type":"Feature","geometry":{"type":"Point","coordinates":[-93.054988,44.715946]},"properties":{"osm":"node/13343160903","vendor":"flock","city":"2831011","manufacturer":"Flock Safety","operator":"Dakota County Sheriff's Office","direction":"260-305","zone":"traffic"}},
{"type":"Feature","geometry":{"type":"Point","coordinates":[-93.439821,44.746386]},"properties":{"osm":"node/13346880601","vendor":"flock","city":"2396284","manufacturer":"Flock Safety","direction":"147","zone":"traffic"}},
{"type":"Feature","geometry":{"type":"Point","coordinates":[-93.167101,44.833728]},"properties":{"osm":"node/13348680201","vendor":"flock","city":"2394586","manufacturer":"Flock Safety","direction":"332","zone":"traffic"}},
{"type":"Feature","geometry":{"type":"Point","coordinates":[-93.207941,44.819377]},"properties":{"osm":"node/13348693401","vendor":"flock","city":"2394586","manufacturer":"Flock Safety","direction":"295","zone":"traffic"}},
{"type":"Feature","geometry":{"type":"Point","coordinates":[-93.388665,45.105504]},"properties":{"osm":"node/13348942501","vendor":"flock","city":"2393429","manufacturer":"Flock Safety","direction":"340","zone":"traffic"}},
{"type":"Feature","geometry":{"type":"Point","coordinates":[-93.388757,45.108434]},"properties":{"osm":"node/13348950401","vendor":"flock","city":"2393429","manufacturer":"Flock Safety","direction":"156","zone":"traffic"}},
{"type":"Feature","geometry":{"type":"Point","coordinates":[-93.239139,44.980472]},"properties":{"osm":"node/13350707227","vendor":"flock","city":"2395345","manufacturer":"Flock Safety","direction":"80","checked":"2025-12-04"}},
{"type":"Feature","geometry":{"type":"Point","coordinates":[-93.353344,44.875491]},"properties":{"osm":"node/13351572611","vendor":"flock","city":"2394621","manufacturer":"Flock Safety","operator":"Edina Police Department","direction":"190","mount":"pole","zone":"traffic"}},
{"type":"Feature","geometry":{"type":"Point","coordinates":[-93.511927,44.91039]},"properties":{"osm":"node/13351582492","vendor":"flock","city":"2395350","manufacturer":"Flock Safety","operator":"Minnetonka High School","direction":"125","mount":"pole"}},
{"type":"Feature","geometry":{"type":"Point","coordinates":[-92.988621,44.621191]},"properties":{"osm":"node/13352228101","vendor":"flock","city":"664386","manufacturer":"Flock Safety","operator":"Dakota County Sheriff's Office","direction":"338-23","zone":"traffic"}},
{"type":"Feature","geometry":{"type":"Point","coordinates":[-93.560656,45.321306]},"properties":{"osm":"node/13352399439","vendor":"flock","city":"2394650","manufacturer":"Flock Safety","operator":"Elk River Police Department","direction":"55"}},
{"type":"Feature","geometry":{"type":"Point","coordinates":[-93.48505,44.862537]},"properties":{"osm":"node/13353903514","vendor":"motorola","city":"2394614","manufacturer":"Motorola Solutions","operator":"Eden Prairie PD","direction":"325","zone":"traffic"}},
{"type":"Feature","geometry":{"type":"Point","coordinates":[-93.426008,44.861941]},"properties":{"osm":"node/13356346601","vendor":"motorola","city":"2394614","manufacturer":"Motorola Solutions","direction":"302","zone":"traffic"}},
{"type":"Feature","geometry":{"type":"Point","coordinates":[-92.923612,44.756515]},"properties":{"osm":"node/13358041803","vendor":"flock","city":"665126","manufacturer":"Flock Safety","direction":"34-79","zone":"traffic"}},
{"type":"Feature","geometry":{"type":"Point","coordinates":[-93.02391,44.712729]},"properties":{"osm":"node/13358045801","vendor":"flock","city":"2393579","manufacturer":"Flock Safety","operator":"Dakota County Sheriff's Office","direction":"28-73","zone":"traffic"}},
{"type":"Feature","geometry":{"type":"Point","coordinates":[-93.290142,45.073281]},"properties":{"osm":"node/13358132501","vendor":"flock","city":"2393428","manufacturer":"Flock Safety","direction":"0","zone":"traffic"}},
{"type":"Feature","geometry":{"type":"Point","coordinates":[-93.318975,45.060556]},"properties":{"osm":"node/13358134801","vendor":"flock","city":"2393428","manufacturer":"Flock Safety","direction":"257","zone":"traffic"}},
{"type":"Feature","geometry":{"type":"Point","coordinates":[-93.465137,44.777397]},"properties":{"osm":"node/13358163802","vendor":"flock","city":"2395854","manufacturer":"Flock Safety","direction":"239","zone":"traffic"}},
{"type":"Feature","geometry":{"type":"Point","coordinates":[-93.46561,44.77861]},"properties":{"osm":"node/13358166101","vendor":"flock","city":"2395854","manufacturer":"Flock Safety","direction":"277","zone":"traffic"}},
{"type":"Feature","geometry":{"type":"Point","coordinates":[-93.467364,44.778173]},"properties":{"osm":"node/13358167001","vendor":"flock","city":"2395854","manufacturer":"Flock Safety","direction":"72","zone":"traffic"}},
{"type":"Feature","geometry":{"type":"Point","coordinates":[-93.058334,44.918307]},"properties":{"osm":"node/13358400001","vendor":"flock","city":"2395918","manufacturer":"Flock Safety","direction":"289","zone":"traffic"}},
{"type":"Feature","geometry":{"type":"Point","coordinates":[-93.04234,44.875116]},"properties":{"osm":"node/13358408204","vendor":"flock","city":"2395918","manufacturer":"Flock Safety","direction":"320","zone":"traffic"}},
{"type":"Feature","geometry":{"type":"Point","coordinates":[-93.060701,44.885783]},"properties":{"osm":"node/13358409301","vendor":"flock","city":"2395918","manufacturer":"Flock Safety","direction":"39","zone":"traffic"}},
{"type":"Feature","geometry":{"type":"Point","coordinates":[-93.034277,44.893424]},"properties":{"osm":"node/13358409701","vendor":"flock","city":"2395918","manufacturer":"Flock Safety","direction":"297","zone":"traffic"}},
{"type":"Feature","geometry":{"type":"Point","coordinates":[-93.031618,44.878494]},"properties":{"osm":"node/13358409702","vendor":"flock","city":"2395918","manufacturer":"Flock Safety","direction":"143","zone":"traffic"}},
{"type":"Feature","geometry":{"type":"Point","coordinates":[-93.039852,44.875545]},"properties":{"osm":"node/13358414401","vendor":"flock","city":"2395918","manufacturer":"Flock Safety","direction":"339","zone":"traffic"}},
{"type":"Feature","geometry":{"type":"Point","coordinates":[-93.031618,44.878494]},"properties":{"osm":"node/13358419502","vendor":"flock","city":"2395918","manufacturer":"Flock Safety","direction":"143","zone":"traffic"}},
{"type":"Feature","geometry":{"type":"Point","coordinates":[-93.484829,45.015636]},"properties":{"osm":"node/13360069701","vendor":"flock","city":"2396242","manufacturer":"Flock Safety","direction":"343","zone":"traffic"}},
{"type":"Feature","geometry":{"type":"Point","coordinates":[-93.424205,45.090245]},"properties":{"osm":"node/13360092502","vendor":"flock","city":"2395838","manufacturer":"Flock Safety","direction":"86","zone":"traffic"}},
{"type":"Feature","geometry":{"type":"Point","coordinates":[-93.421717,45.091208]},"properties":{"osm":"node/13360099201","vendor":"flock","city":"2395838","manufacturer":"Flock Safety","direction":"269","zone":"traffic"}},
{"type":"Feature","geometry":{"type":"Point","coordinates":[-93.421493,45.090294]},"properties":{"osm":"node/13360099401","vendor":"flock","city":"2395838","manufacturer":"Flock Safety","direction":"265","zone":"traffic"}},
{"type":"Feature","geometry":{"type":"Point","coordinates":[-93.391193,45.106372]},"properties":{"osm":"node/13360109902","vendor":"flock","city":"2393429","manufacturer":"Flock Safety","direction":"70","zone":"traffic"}},
{"type":"Feature","geometry":{"type":"Point","coordinates":[-93.389829,45.108026]},"properties":{"osm":"node/13360111501","vendor":"flock","city":"2393429","manufacturer":"Flock Safety","direction":"132","zone":"traffic"}},
{"type":"Feature","geometry":{"type":"Point","coordinates":[-93.354295,45.198083]},"properties":{"osm":"node/13360188001","vendor":"flock","city":"2393628","manufacturer":"Flock Safety","direction":"0","zone":"traffic"}},
{"type":"Feature","geometry":{"type":"Point","coordinates":[-93.350048,45.197864]},"properties":{"osm":"node/13360189601","vendor":"flock","city":"2393628","manufacturer":"Flock Safety","direction":"0","zone":"traffic"}},
{"type":"Feature","geometry":{"type":"Point","coordinates":[-93.335583,45.197357]},"properties":{"osm":"node/13360193201","vendor":"flock","city":"2393628","manufacturer":"Flock Safety","direction":"154","zone":"traffic"}},
{"type":"Feature","geometry":{"type":"Point","coordinates":[-93.233406,45.168322]},"properties":{"osm":"node/13360229101","vendor":"flock","city":"2394183","manufacturer":"Flock Safety","direction":"0","zone":"traffic"}},
{"type":"Feature","geometry":{"type":"Point","coordinates":[-92.829617,45.03427]},"properties":{"osm":"node/13360311901","vendor":"flock","city":"2395285","manufacturer":"Flock Safety","direction":"92","zone":"traffic"}},
{"type":"Feature","geometry":{"type":"Point","coordinates":[-92.827047,45.034249]},"properties":{"osm":"node/13360313501","vendor":"flock","city":"2395285","manufacturer":"Flock Safety","direction":"270","zone":"traffic"}},
{"type":"Feature","geometry":{"type":"Point","coordinates":[-92.826695,45.033395]},"properties":{"osm":"node/13360313502","vendor":"flock","city":"2395285","manufacturer":"Flock Safety","direction":"267","zone":"traffic"}},
{"type":"Feature","geometry":{"type":"Point","coordinates":[-93.237959,45.197204]},"properties":{"osm":"node/13360382401","vendor":"flock","city":"2394183","manufacturer":"Flock Safety","direction":"283","mount":"traffic_signal","zone":"traffic"}},
{"type":"Feature","geometry":{"type":"Point","coordinates":[-93.006268,45.268422]},"properties":{"osm":"node/13360657854","vendor":"flock","city":"2394789","manufacturer":"Flock Safety","direction":"75"}},
{"type":"Feature","geometry":{"type":"Point","coordinates":[-92.986435,45.254701]},"properties":{"osm":"node/13360666215","vendor":"flock","city":"2394789","manufacturer":"Flock Safety","direction":"220"}},
{"type":"Feature","geometry":{"type":"Point","coordinates":[-93.28727,44.745654]},"properties":{"osm":"node/13363507201","vendor":"flock","city":"2393472","manufacturer":"Flock Safety","direction":"255","zone":"traffic"}},
{"type":"Feature","geometry":{"type":"Point","coordinates":[-93.287945,44.745913]},"properties":{"osm":"node/13363508101","vendor":"flock","city":"2393472","manufacturer":"Flock Safety","direction":"236","zone":"traffic"}},
{"type":"Feature","geometry":{"type":"Point","coordinates":[-93.290314,44.745841]},"properties":{"osm":"node/13363510101","vendor":"flock","city":"2393472","manufacturer":"Flock Safety","direction":"52","zone":"traffic"}},
{"type":"Feature","geometry":{"type":"Point","coordinates":[-93.308373,44.864627]},"properties":{"osm":"node/13363526301","vendor":"flock","city":"2396362","manufacturer":"Flock Safety","direction":"335","zone":"traffic"}},
{"type":"Feature","geometry":{"type":"Point","coordinates":[-93.288164,44.86269]},"properties":{"osm":"node/13363603901","vendor":"flock","city":"2396362","manufacturer":"Flock Safety","direction":"333","zone":"traffic"}},
{"type":"Feature","geometry":{"type":"Point","coordinates":[-93.328713,44.87727]},"properties":{"osm":"node/13363720301","vendor":"flock","city":"2394621","manufacturer":"Flock Safety","direction":"80","zone":"traffic"}},
{"type":"Feature","geometry":{"type":"Point","coordinates":[-93.328657,44.879724]},"properties":{"osm":"node/13363724801","vendor":"flock","city":"2394621","manufacturer":"Flock Safety","direction":"62","zone":"traffic"}},
{"type":"Feature","geometry":{"type":"Point","coordinates":[-93.32848,44.879904]},"properties":{"osm":"node/13363725001","vendor":"flock","city":"2394621","manufacturer":"Flock Safety","direction":"5","zone":"traffic"}},
{"type":"Feature","geometry":{"type":"Point","coordinates":[-93.327339,44.883392]},"properties":{"osm":"node/13363726001","vendor":"flock","city":"2394621","manufacturer":"Flock Safety","direction":"111","zone":"traffic"}},
{"type":"Feature","geometry":{"type":"Point","coordinates":[-93.321701,44.881772]},"properties":{"osm":"node/13363735001","vendor":"flock","city":"2394621","manufacturer":"Flock Safety","direction":"300","zone":"traffic"}},
{"type":"Feature","geometry":{"type":"Point","coordinates":[-93.326445,44.878365]},"properties":{"osm":"node/13363740601","vendor":"flock","city":"2394621","manufacturer":"Flock Safety","direction":"339","zone":"traffic"}},
{"type":"Feature","geometry":{"type":"Point","coordinates":[-93.346444,44.863431]},"properties":{"osm":"node/13363743501","vendor":"flock","city":"2394621","manufacturer":"Flock Safety","direction":"99","zone":"traffic"}},
{"type":"Feature","geometry":{"type":"Point","coordinates":[-93.347914,44.87631]},"properties":{"osm":"node/13363743901","vendor":"flock","city":"2394621","manufacturer":"Flock Safety","direction":"65","zone":"traffic"}},
{"type":"Feature","geometry":{"type":"Point","coordinates":[-93.326445,44.878365]},"properties":{"osm":"node/13363744401","vendor":"flock","city":"2394621","manufacturer":"Flock Safety","direction":"339","zone":"traffic"}},
{"type":"Feature","geometry":{"type":"Point","coordinates":[-93.319174,44.894492]},"properties":{"osm":"node/13363774601","vendor":"flock","city":"2394621","manufacturer":"Flock Safety","direction":"248","zone":"traffic"}},
{"type":"Feature","geometry":{"type":"Point","coordinates":[-93.339067,44.905377]},"properties":{"osm":"node/13363774602","vendor":"flock","city":"2394621","manufacturer":"Flock Safety","direction":"339","zone":"traffic"}},
{"type":"Feature","geometry":{"type":"Point","coordinates":[-93.339184,44.91285]},"properties":{"osm":"node/13363777201","vendor":"flock","city":"2394621","manufacturer":"Flock Safety","direction":"344","zone":"traffic"}},
{"type":"Feature","geometry":{"type":"Point","coordinates":[-93.375517,45.066113]},"properties":{"osm":"node/13363779501","vendor":"flock","city":"2393429","manufacturer":"Flock Safety","direction":"161","zone":"traffic"}},
{"type":"Feature","geometry":{"type":"Point","coordinates":[-93.367343,44.913517]},"properties":{"osm":"node/13363810201","vendor":"flock","city":"2394621","manufacturer":"Flock Safety","direction":"338","zone":"traffic"}},
{"type":"Feature","geometry":{"type":"Point","coordinates":[-93.369634,44.914011]},"properties":{"osm":"node/13363818401","vendor":"flock","city":"2394621","manufacturer":"Flock Safety","direction":"343","zone":"traffic"}},
{"type":"Feature","geometry":{"type":"Point","coordinates":[-93.385953,44.919184]},"properties":{"osm":"node/13363823501","vendor":"flock","city":"2394621","manufacturer":"Flock Safety","direction":"151","zone":"traffic"}},
{"type":"Feature","geometry":{"type":"Point","coordinates":[-93.331713,44.912596]},"properties":{"osm":"node/13363855101","vendor":"flock","city":"2394621","manufacturer":"Flock Safety","direction":"272","zone":"traffic"}},
{"type":"Feature","geometry":{"type":"Point","coordinates":[-93.331506,44.9222]},"properties":{"osm":"node/13363855601","vendor":"flock","city":"2394621","manufacturer":"Flock Safety","direction":"218","zone":"traffic"}},
{"type":"Feature","geometry":{"type":"Point","coordinates":[-93.37144,44.91353]},"properties":{"osm":"node/13363855701","vendor":"flock","city":"2394621","manufacturer":"Flock Safety","direction":"313","zone":"traffic"}},
{"type":"Feature","geometry":{"type":"Point","coordinates":[-93.30627,45.197621]},"properties":{"osm":"node/13364304701","vendor":"flock","city":"2393628","manufacturer":"Flock Safety","direction":"339","zone":"traffic"}},
{"type":"Feature","geometry":{"type":"Point","coordinates":[-93.311341,45.219604]},"properties":{"osm":"node/13364313703","vendor":"flock","city":"2393954","manufacturer":"Flock Safety","direction":"335","zone":"traffic"}},
{"type":"Feature","geometry":{"type":"Point","coordinates":[-93.235717,45.219056]},"properties":{"osm":"node/13364321701","vendor":"flock","city":"2394273","manufacturer":"Flock Safety","direction":"260","zone":"traffic"}},
{"type":"Feature","geometry":{"type":"Point","coordinates":[-93.39409,45.193227]},"properties":{"osm":"node/13364358701","vendor":"flock","city":"2393964","manufacturer":"Flock Safety","direction":"359","zone":"traffic"}},
{"type":"Feature","geometry":{"type":"Point","coordinates":[-93.387867,45.198612]},"properties":{"osm":"node/13364376801","vendor":"flock","city":"2393964","manufacturer":"Flock Safety","direction":"270","zone":"traffic"}},
{"type":"Feature","geometry":{"type":"Point","coordinates":[-93.368714,45.197636]},"properties":{"osm":"node/13364376802","vendor":"flock","city":"2393964","manufacturer":"Flock Safety","direction":"247","zone":"traffic"}},
{"type":"Feature","geometry":{"type":"Point","coordinates":[-93.184159,45.129728]},"properties":{"osm":"node/13365236701","vendor":"flock","city":"2394183","manufacturer":"Flock Safety","direction":"328","zone":"traffic"}},
{"type":"Feature","geometry":{"type":"Point","coordinates":[-93.234527,45.157208]},"properties":{"osm":"node/13365245401","vendor":"flock","city":"2394183","manufacturer":"Flock Safety","direction":"83","zone":"traffic"}},
{"type":"Feature","geometry":{"type":"Point","coordinates":[-93.233785,45.160681]},"properties":{"osm":"node/13365258901","vendor":"flock","city":"2394183","manufacturer":"Flock Safety","direction":"78","zone":"traffic"}},
{"type":"Feature","geometry":{"type":"Point","coordinates":[-93.218415,45.131991]},"properties":{"osm":"node/13365264301","vendor":"flock","city":"2394183","manufacturer":"Flock Safety","direction":"279","zone":"traffic"}},
{"type":"Feature","geometry":{"type":"Point","coordinates":[-93.266984,45.140688]},"properties":{"osm":"node/13365402302","vendor":"flock","city":"2393628","manufacturer":"Flock Safety","direction":"158","zone":"traffic"}},
{"type":"Feature","geometry":{"type":"Point","coordinates":[-93.235786,45.131884]},"properties":{"osm":"node/13365500901","vendor":"flock","city":"2394183","manufacturer":"Flock Safety","direction":"246","zone":"traffic"}},
{"type":"Feature","geometry":{"type":"Point","coordinates":[-93.235762,45.168401]},"properties":{"osm":"node/13365534101","vendor":"flock","city":"2394183","manufacturer":"Flock Safety","direction":"248","zone":"traffic"}},
{"type":"Feature","geometry":{"type":"Point","coordinates":[-93.219608,45.196952]},"properties":{"osm":"node/13365628901","vendor":"flock","city":"2394183","manufacturer":"Flock Safety","direction":"149","zone":"traffic"}},
{"type":"Feature","geometry":{"type":"Point","coordinates":[-93.265661,45.196911]},"properties":{"osm":"node/13365628902","vendor":"flock","city":"2394183","manufacturer":"Flock Safety","direction":"63","mount":"traffic_signal","zone":"traffic"}},
{"type":"Feature","geometry":{"type":"Point","coordinates":[-93.231384,45.197239]},"properties":{"osm":"node/13365798802","vendor":"flock","city":"2394183","manufacturer":"Flock Safety","direction":"103","zone":"traffic"}},
{"type":"Feature","geometry":{"type":"Point","coordinates":[-93.266145,45.196909]},"properties":{"osm":"node/13365799101","vendor":"flock","city":"2393628","manufacturer":"Flock Safety","direction":"164","mount":"traffic_signal","zone":"traffic"}},
{"type":"Feature","geometry":{"type":"Point","coordinates":[-93.266081,45.168034]},"properties":{"osm":"node/13365805201","vendor":"flock","city":"2394183","manufacturer":"Flock Safety","direction":"89","mount":"traffic_signal","zone":"traffic"}},
{"type":"Feature","geometry":{"type":"Point","coordinates":[-93.266322,45.152589]},"properties":{"osm":"node/13365811501","vendor":"flock","city":"2394183","manufacturer":"Flock Safety","direction":"85","mount":"traffic_signal","zone":"traffic"}},
{"type":"Feature","geometry":{"type":"Point","coordinates":[-93.275765,45.087573]},"properties":{"osm":"node/13367757590","vendor":"flock","city":"2394826","manufacturer":"Flock Safety","direction":"240"}},
{"type":"Feature","geometry":{"type":"Point","coordinates":[-93.263804,45.131981]},"properties":{"osm":"node/13368295901","vendor":"flock","city":"2394183","manufacturer":"Flock Safety","direction":"289","zone":"traffic"}},
{"type":"Feature","geometry":{"type":"Point","coordinates":[-93.32079,45.0477]},"properties":{"osm":"node/13368296001","vendor":"flock","city":"2393428","manufacturer":"Flock Safety","direction":"315","zone":"traffic"}},
{"type":"Feature","geometry":{"type":"Point","coordinates":[-93.321028,45.047565]},"properties":{"osm":"node/13368296201","vendor":"flock","city":"2393428","manufacturer":"Flock Safety","direction":"153","zone":"traffic"}},
{"type":"Feature","geometry":{"type":"Point","coordinates":[-93.356593,45.095712]},"properties":{"osm":"node/13368306001","vendor":"flock","city":"2393429","manufacturer":"Flock Safety","direction":"156","zone":"traffic"}},
{"type":"Feature","geometry":{"type":"Point","coordinates":[-93.271753,45.140659]},"properties":{"osm":"node/13368356501","vendor":"flock","city":"2393628","manufacturer":"Flock Safety","direction":"346","zone":"traffic"}},
{"type":"Feature","geometry":{"type":"Point","coordinates":[-93.271897,45.140653]},"properties":{"osm":"node/13368357501","vendor":"flock","city":"2393628","manufacturer":"Flock Safety","direction":"179","zone":"traffic"}},
{"type":"Feature","geometry":{"type":"Point","coordinates":[-93.542498,45.065843]},"properties":{"osm":"node/13368400701","vendor":"flock","city":"2393634","manufacturer":"Flock Safety","direction":"339","zone":"traffic"}},
{"type":"Feature","geometry":{"type":"Point","coordinates":[-93.635078,45.094509]},"properties":{"osm":"node/13368403101","vendor":"flock","city":"2393634","manufacturer":"Flock Safety","direction":"79","zone":"traffic"}},
{"type":"Feature","geometry":{"type":"Point","coordinates":[-93.635041,45.123472]},"properties":{"osm":"node/13368598601","vendor":"flock","city":"2393634","manufacturer":"Flock Safety","direction":"57","zone":"traffic"}},
{"type":"Feature","geometry":{"type":"Point","coordinates":[-93.635699,45.145292]},"properties":{"osm":"node/13368602101","vendor":"flock","city":"2394288","manufacturer":"Flock Safety","direction":"156","zone":"traffic"}},
{"type":"Feature","geometry":{"type":"Point","coordinates":[-92.807399,45.075362]},"properties":{"osm":"node/13368630001","vendor":"flock","city":"2395969","manufacturer":"Flock Safety","direction":"332;54;160","zone":"traffic"}},
{"type":"Feature","geometry":{"type":"Point","coordinates":[-93.247704,45.080936]},"properties":{"osm":"node/13368665501","vendor":"flock","city":"2394826","manufacturer":"Flock Safety","direction":"232","zone":"traffic"}},
{"type":"Feature","geometry":{"type":"Point","coordinates":[-93.385742,44.935022]},"properties":{"osm":"node/13370730906","vendor":"flock","city":"2394417","manufacturer":"Flock Safety","operator":"Hopkins PD","direction":"194","zone":"traffic"}},
{"type":"Feature","geometry":{"type":"Point","coordinates":[-93.386132,44.935903]},"properties":{"osm":"node/13370732602","vendor":"flock","city":"2396500","manufacturer":"Flock Safety","direction":"323","zone":"traffic"}},
{"type":"Feature","geometry":{"type":"Point","coordinates":[-93.385676,44.927232]},"properties":{"osm":"node/13370738201","vendor":"flock","city":"2394417","manufacturer":"Flock Safety","operator":"Hopkins PD","direction":"208","zone":"traffic"}},
{"type":"Feature","geometry":{"type":"Point","coordinates":[-93.383483,44.925925]},"properties":{"osm":"node/13370738502","vendor":"flock","city":"2394417","manufacturer":"Flock Safety","operator":"Hopkins PD","direction":"254","zone":"traffic"}},
{"type":"Feature","geometry":{"type":"Point","coordinates":[-93.421159,44.932295]},"properties":{"osm":"node/13370742001","vendor":"flock","city":"2394417","manufacturer":"Flock Safety","operator":"Hopkins PD","direction":"217","zone":"traffic"}},
{"type":"Feature","geometry":{"type":"Point","coordinates":[-93.405928,44.932945]},"properties":{"osm":"node/13370746301","vendor":"flock","city":"2394417","manufacturer":"Flock Safety","operator":"Hopkins PD","direction":"176","zone":"traffic"}},
{"type":"Feature","geometry":{"type":"Point","coordinates":[-93.407583,44.899291]},"properties":{"osm":"node/13371081301","vendor":"flock","city":"2395350","manufacturer":"Flock Safety","operator":"Minnetonka Police Department","direction":"272","zone":"traffic"}},
{"type":"Feature","geometry":{"type":"Point","coordinates":[-93.345062,44.955816]},"properties":{"osm":"node/13371090401","vendor":"flock","city":"2396500","manufacturer":"Flock Safety","direction":"356","zone":"traffic"}},
{"type":"Feature","geometry":{"type":"Point","coordinates":[-93.497771,45.04414]},"properties":{"osm":"node/13371115901","vendor":"flock","city":"2396242","manufacturer":"Flock Safety","direction":"299","zone":"traffic"}},
{"type":"Feature","geometry":{"type":"Point","coordinates":[-93.497227,45.04622]},"properties":{"osm":"node/13371116101","vendor":"flock","city":"2396242","manufacturer":"Flock Safety","direction":"237","zone":"traffic"}},
{"type":"Feature","geometry":{"type":"Point","coordinates":[-93.242947,45.100827]},"properties":{"osm":"node/13372706896","vendor":"flock","city":"2394826","manufacturer":"Flock Safety","direction":"160"}},
{"type":"Feature","geometry":{"type":"Point","coordinates":[-93.243121,45.103395]},"properties":{"osm":"node/13372718531","vendor":"flock","city":"2394826","manufacturer":"Flock Safety","direction":"130"}},
{"type":"Feature","geometry":{"type":"Point","coordinates":[-93.598813,45.000165]},"properties":{"osm":"node/13372859703","vendor":"flock","city":"2396081","manufacturer":"Flock Safety","direction":"235","zone":"traffic"}},
{"type":"Feature","geometry":{"type":"Point","coordinates":[-93.594304,45.007555]},"properties":{"osm":"node/13372868501","vendor":"flock","city":"2395084","manufacturer":"Flock Safety","direction":"47","zone":"traffic"}},
{"type":"Feature","geometry":{"type":"Point","coordinates":[-93.421311,44.899024]},"properties":{"osm":"node/13372876101","vendor":"flock","city":"2395350","manufacturer":"Flock Safety","operator":"Minnetonka Police Department","direction":"338","zone":"traffic"}},
{"type":"Feature","geometry":{"type":"Point","coordinates":[-93.444895,44.969987]},"properties":{"osm":"node/13372891803","vendor":"flock","city":"2395350","manufacturer":"Flock Safety","direction":"331","zone":"traffic"}},
{"type":"Feature","geometry":{"type":"Point","coordinates":[-93.433366,44.969084]},"properties":{"osm":"node/13372912401","vendor":"flock","city":"2395350","manufacturer":"Flock Safety","direction":"291","zone":"traffic"}},
{"type":"Feature","geometry":{"type":"Point","coordinates":[-93.444858,44.970285]},"properties":{"osm":"node/13372921001","vendor":"flock","city":"2395350","manufacturer":"Flock Safety","direction":"132","zone":"traffic"}},
{"type":"Feature","geometry":{"type":"Point","coordinates":[-93.503444,44.916952]},"properties":{"osm":"node/13372934001","vendor":"flock","city":"2395350","manufacturer":"Flock Safety","operator":"Minnetonka Police Department","direction":"277","zone":"traffic"}},
{"type":"Feature","geometry":{"type":"Point","coordinates":[-92.96285,44.936588]},"properties":{"osm":"node/13373851201","vendor":"flock","city":"2397369","manufacturer":"Flock Safety","direction":"240","zone":"traffic"}},
{"type":"Feature","geometry":{"type":"Point","coordinates":[-93.23982,44.984471]},"properties":{"osm":"node/13373883151","vendor":"flock","city":"2395345","manufacturer":"Flock Safety","direction":"307","zone":"traffic"}},
{"type":"Feature","geometry":{"type":"Point","coordinates":[-93.235224,44.790967]},"properties":{"osm":"node/13375004102","vendor":"flock","city":"2393472","manufacturer":"Flock Safety","direction":"254","zone":"traffic"}},
{"type":"Feature","geometry":{"type":"Point","coordinates":[-93.356032,45.084075]},"properties":{"osm":"node/13375343601","vendor":"flock","city":"2393429","manufacturer":"Flock Safety","direction":"78","zone":"traffic"}},
{"type":"Feature","geometry":{"type":"Point","coordinates":[-93.437715,44.970194]},"properties":{"osm":"node/13376149202","vendor":"flock","city":"2395350","manufacturer":"Flock Safety","direction":"144","zone":"traffic"}},
{"type":"Feature","geometry":{"type":"Point","coordinates":[-93.532852,45.004004]},"properties":{"osm":"node/13376202601","vendor":"flock","city":"2395084","manufacturer":"Flock Safety","direction":"238","zone":"traffic"}},
{"type":"Feature","geometry":{"type":"Point","coordinates":[-93.37387,45.084947]},"properties":{"osm":"node/13376344701","vendor":"flock","city":"2393429","manufacturer":"Flock Safety","direction":"143","zone":"traffic"}},
{"type":"Feature","geometry":{"type":"Point","coordinates":[-93.299729,45.073563]},"properties":{"osm":"node/13376378301","vendor":"flock","city":"2393428","manufacturer":"Flock Safety","direction":"174","zone":"traffic"}},
{"type":"Feature","geometry":{"type":"Point","coordinates":[-93.339528,45.082089]},"properties":{"osm":"node/13376604902","vendor":"flock","city":"2393428","manufacturer":"Flock Safety","direction":"0","zone":"traffic"}},
{"type":"Feature","geometry":{"type":"Point","coordinates":[-93.375562,45.084996]},"properties":{"osm":"node/13376605001","vendor":"flock","city":"2393429","manufacturer":"Flock Safety","direction":"266","zone":"traffic"}},
{"type":"Feature","geometry":{"type":"Point","coordinates":[-93.460665,44.856895]},"properties":{"osm":"node/13376605002","vendor":"unknown","city":"2394614","direction":"199","zone":"traffic"}},
{"type":"Feature","geometry":{"type":"Point","coordinates":[-93.321607,45.060667]},"properties":{"osm":"node/13381840703","vendor":"flock","city":"2393428","manufacturer":"Flock Safety","direction":"300","zone":"traffic"}},
{"type":"Feature","geometry":{"type":"Point","coordinates":[-93.321892,45.060696]},"properties":{"osm":"node/13381840704","vendor":"flock","city":"2393428","manufacturer":"Flock Safety","direction":"106","zone":"traffic"}},
{"type":"Feature","geometry":{"type":"Point","coordinates":[-92.998786,45.278897]},"properties":{"osm":"node/13382261601","vendor":"flock","city":"2394789","manufacturer":"Flock Safety","direction":"180","zone":"traffic"}},
{"type":"Feature","geometry":{"type":"Point","coordinates":[-93.449403,44.742596]},"properties":{"osm":"node/13382313502","vendor":"flock","city":"2396284","manufacturer":"Flock Safety","direction":"285","zone":"traffic"}},
{"type":"Feature","geometry":{"type":"Point","coordinates":[-93.450456,44.746504]},"properties":{"osm":"node/13382317801","vendor":"flock","city":"2396284","manufacturer":"Flock Safety","direction":"164","zone":"traffic"}},
{"type":"Feature","geometry":{"type":"Point","coordinates":[-93.466759,44.741435]},"properties":{"osm":"node/13382322801","vendor":"flock","city":"2396284","manufacturer":"Flock Safety","direction":"67","zone":"traffic"}},
{"type":"Feature","geometry":{"type":"Point","coordinates":[-93.458803,44.725132]},"properties":{"osm":"node/13382328001","vendor":"flock","city":"2396284","manufacturer":"Flock Safety","direction":"333","zone":"traffic"}},
{"type":"Feature","geometry":{"type":"Point","coordinates":[-93.450078,45.008909]},"properties":{"osm":"node/13382408901","vendor":"flock","city":"2396242","manufacturer":"Flock Safety","direction":"4","zone":"traffic"}},
{"type":"Feature","geometry":{"type":"Point","coordinates":[-93.455062,44.996586]},"properties":{"osm":"node/13382425201","vendor":"flock","city":"2396242","manufacturer":"Flock Safety","direction":"53","zone":"traffic"}},
{"type":"Feature","geometry":{"type":"Point","coordinates":[-93.641952,45.310784]},"properties":{"osm":"node/13383628701","vendor":"flock","city":"663589","manufacturer":"Flock Safety","direction":"277","zone":"traffic"}},
{"type":"Feature","geometry":{"type":"Point","coordinates":[-93.398467,44.93965]},"properties":{"osm":"node/13388764501","vendor":"flock","city":"2396500","manufacturer":"Flock Safety","direction":"72","zone":"traffic"}},
{"type":"Feature","geometry":{"type":"Point","coordinates":[-93.386336,44.936147]},"properties":{"osm":"node/13388776001","vendor":"flock","city":"2396500","manufacturer":"Flock Safety","direction":"20","zone":"traffic"}},
{"type":"Feature","geometry":{"type":"Point","coordinates":[-93.452491,44.982082]},"properties":{"osm":"node/13388844101","vendor":"flock","city":"2396242","manufacturer":"Flock Safety","direction":"356","zone":"traffic"}},
{"type":"Feature","geometry":{"type":"Point","coordinates":[-93.452491,44.982082]},"properties":{"osm":"node/13388844702","vendor":"flock","city":"2396242","manufacturer":"Flock Safety","direction":"356","zone":"traffic"}},
{"type":"Feature","geometry":{"type":"Point","coordinates":[-93.407524,44.984046]},"properties":{"osm":"node/13388844703","vendor":"flock","city":"2396242","manufacturer":"Flock Safety","direction":"252","zone":"traffic"}},
{"type":"Feature","geometry":{"type":"Point","coordinates":[-93.407524,44.984046]},"properties":{"osm":"node/13388847301","vendor":"flock","city":"2396242","manufacturer":"Flock Safety","direction":"252","zone":"traffic"}},
{"type":"Feature","geometry":{"type":"Point","coordinates":[-93.415044,44.933394]},"properties":{"osm":"node/13388865101","vendor":"flock","city":"2394417","manufacturer":"Flock Safety","direction":"252","zone":"traffic"}},
{"type":"Feature","geometry":{"type":"Point","coordinates":[-93.399871,45.043808]},"properties":{"osm":"node/13388878501","vendor":"flock","city":"2395201","manufacturer":"Flock Safety","direction":"69","zone":"traffic"}},
{"type":"Feature","geometry":{"type":"Point","coordinates":[-93.402492,45.04396]},"properties":{"osm":"node/13388878801","vendor":"flock","city":"2396242","manufacturer":"Flock Safety","direction":"251","zone":"traffic"}},
{"type":"Feature","geometry":{"type":"Point","coordinates":[-93.348571,45.04016]},"properties":{"osm":"node/13388914701","vendor":"flock","city":"2393683","manufacturer":"Flock Safety","direction":"308","zone":"traffic"}},
{"type":"Feature","geometry":{"type":"Point","coordinates":[-93.326141,45.051359]},"properties":{"osm":"node/13388946101","vendor":"flock","city":"2393428","manufacturer":"Flock Safety","direction":"72","zone":"traffic"}},
{"type":"Feature","geometry":{"type":"Point","coordinates":[-93.32635,45.051262]},"properties":{"osm":"node/13388948001","vendor":"flock","city":"2393428","manufacturer":"Flock Safety","direction":"158","zone":"traffic"}},
{"type":"Feature","geometry":{"type":"Point","coordinates":[-93.261319,45.035629]},"properties":{"osm":"node/13388992801","vendor":"flock","city":"2393607","manufacturer":"Flock Safety","direction":"106","zone":"traffic"}},
{"type":"Feature","geometry":{"type":"Point","coordinates":[-93.243132,45.038974]},"properties":{"osm":"node/13389002403","vendor":"flock","city":"2393607","manufacturer":"Flock Safety","direction":"32","zone":"traffic"}},
{"type":"Feature","geometry":{"type":"Point","coordinates":[-93.247533,45.046297]},"properties":{"osm":"node/13389040601","vendor":"flock","city":"2393607","manufacturer":"Flock Safety","direction":"158","zone":"traffic"}},
{"type":"Feature","geometry":{"type":"Point","coordinates":[-93.247345,45.059924]},"properties":{"osm":"node/13389045601","vendor":"flock","city":"2393607","manufacturer":"Flock Safety","direction":"343","zone":"traffic"}},
{"type":"Feature","geometry":{"type":"Point","coordinates":[-93.261319,45.035629]},"properties":{"osm":"node/13389049701","vendor":"flock","city":"2393607","manufacturer":"Flock Safety","direction":"238","zone":"traffic"}},
{"type":"Feature","geometry":{"type":"Point","coordinates":[-93.248483,45.064537]},"properties":{"osm":"node/13389065101","vendor":"flock","city":"2394826","manufacturer":"Flock Safety","direction":"246","zone":"traffic"}},
{"type":"Feature","geometry":{"type":"Point","coordinates":[-93.242666,45.074586]},"properties":{"osm":"node/13389076101","vendor":"flock","city":"2394826","manufacturer":"Flock Safety","direction":"214","zone":"traffic"}},
{"type":"Feature","geometry":{"type":"Point","coordinates":[-93.227839,45.069621]},"properties":{"osm":"node/13389078901","vendor":"flock","city":"2394826","manufacturer":"Flock Safety","direction":"312","zone":"traffic"}},
{"type":"Feature","geometry":{"type":"Point","coordinates":[-93.262706,45.077098]},"properties":{"osm":"node/13389093801","vendor":"flock","city":"2394826","manufacturer":"Flock Safety","direction":"3","zone":"traffic"}},
{"type":"Feature","geometry":{"type":"Point","coordinates":[-93.262706,45.077098]},"properties":{"osm":"node/13389094101","vendor":"flock","city":"2394826","manufacturer":"Flock Safety","direction":"180","zone":"traffic"}},
{"type":"Feature","geometry":{"type":"Point","coordinates":[-93.263168,45.080958]},"properties":{"osm":"node/13389094102","vendor":"flock","city":"2394826","manufacturer":"Flock Safety","direction":"64","zone":"traffic"}},
{"type":"Feature","geometry":{"type":"Point","coordinates":[-93.266162,45.086431]},"properties":{"osm":"node/13389108501","vendor":"flock","city":"2394826","manufacturer":"Flock Safety","direction":"183","zone":"traffic"}},
{"type":"Feature","geometry":{"type":"Point","coordinates":[-93.276087,45.086261]},"properties":{"osm":"node/13389112101","vendor":"flock","city":"2394826","manufacturer":"Flock Safety","direction":"112","zone":"traffic"}},
{"type":"Feature","geometry":{"type":"Point","coordinates":[-93.264627,45.071733]},"properties":{"osm":"node/13389134801","vendor":"flock","city":"2394826","manufacturer":"Flock Safety","direction":"112","zone":"traffic"}},
{"type":"Feature","geometry":{"type":"Point","coordinates":[-93.264601,45.071483]},"properties":{"osm":"node/13389135001","vendor":"flock","city":"2394826","manufacturer":"Flock Safety","direction":"70","zone":"traffic"}},
{"type":"Feature","geometry":{"type":"Point","coordinates":[-93.267965,45.071501]},"properties":{"osm":"node/13389140201","vendor":"flock","city":"2394826","manufacturer":"Flock Safety","direction":"64","zone":"traffic"}},
{"type":"Feature","geometry":{"type":"Point","coordinates":[-93.268439,45.070165]},"properties":{"osm":"node/13389175001","vendor":"flock","city":"2394826","manufacturer":"Flock Safety","direction":"232","zone":"traffic"}},
{"type":"Feature","geometry":{"type":"Point","coordinates":[-93.268439,45.070165]},"properties":{"osm":"node/13389175101","vendor":"flock","city":"2394826","manufacturer":"Flock Safety","direction":"201","zone":"traffic"}},
{"type":"Feature","geometry":{"type":"Point","coordinates":[-93.268459,45.07168]},"properties":{"osm":"node/13389183501","vendor":"flock","city":"2394826","manufacturer":"Flock Safety","direction":"239","zone":"traffic"}},
{"type":"Feature","geometry":{"type":"Point","coordinates":[-93.26677,45.118861]},"properties":{"osm":"node/13389213701","vendor":"flock","city":"2394826","manufacturer":"Flock Safety","direction":"331","zone":"traffic"}},
{"type":"Feature","geometry":{"type":"Point","coordinates":[-93.269671,45.124724]},"properties":{"osm":"node/13389216001","vendor":"flock","city":"2393628","manufacturer":"Flock Safety","direction":"340","zone":"traffic"}},
{"type":"Feature","geometry":{"type":"Point","coordinates":[-93.284992,45.119919]},"properties":{"osm":"node/13389241401","vendor":"flock","city":"2394826","manufacturer":"Flock Safety","direction":"140","zone":"traffic"}},
{"type":"Feature","geometry":{"type":"Point","coordinates":[-93.267519,45.133254]},"properties":{"osm":"node/13389250201","vendor":"flock","city":"2393628","manufacturer":"Flock Safety","direction":"118","zone":"traffic"}},
{"type":"Feature","geometry":{"type":"Point","coordinates":[-93.265903,45.182422]},"properties":{"osm":"node/13389273602","vendor":"flock","city":"2394183","manufacturer":"Flock Safety","direction":"67","mount":"traffic_signal","zone":"traffic"}},
{"type":"Feature","geometry":{"type":"Point","coordinates":[-93.320464,45.219766]},"properties":{"osm":"node/13389311001","vendor":"flock","city":"2393954","manufacturer":"Flock Safety","direction":"254","zone":"traffic"}},
{"type":"Feature","geometry":{"type":"Point","coordinates":[-93.157244,45.16585]},"properties":{"osm":"node/13389345101","vendor":"flock","city":"2394183","manufacturer":"Flock Safety","direction":"53","zone":"traffic"}},
{"type":"Feature","geometry":{"type":"Point","coordinates":[-93.163073,45.1565]},"properties":{"osm":"node/13389353901","vendor":"flock","city":"2394183","manufacturer":"Flock Safety","direction":"70","zone":"traffic"}},
{"type":"Feature","geometry":{"type":"Point","coordinates":[-93.176347,45.012892]},"properties":{"osm":"node/13391236401","vendor":"flock","city":"2396435","manufacturer":"Flock Safety","operator":"Roseville Police Department","direction":"99","zone":"traffic"}},
{"type":"Feature","geometry":{"type":"Point","coordinates":[-93.175322,45.01431]},"properties":{"osm":"node/13391236701","vendor":"flock","city":"2396435","manufacturer":"Flock Safety","operator":"Roseville Police Department","direction":"163","zone":"traffic"}},
{"type":"Feature","geometry":{"type":"Point","coordinates":[-93.168844,45.01397]},"properties":{"osm":"node/13391240601","vendor":"flock","city":"2396435","manufacturer":"Flock Safety","operator":"Roseville Police Department","direction":"245","zone":"traffic"}},
{"type":"Feature","geometry":{"type":"Point","coordinates":[-93.184175,45.011083]},"properties":{"osm":"node/13391252501","vendor":"flock","city":"2396435","manufacturer":"Flock Safety","operator":"Roseville Police Department","direction":"0","zone":"traffic"}},
{"type":"Feature","geometry":{"type":"Point","coordinates":[-93.248621,45.124058]},"properties":{"osm":"node/13391410601","vendor":"flock","city":"2395934","manufacturer":"Flock Safety","direction":"160","zone":"traffic"}},
{"type":"Feature","geometry":{"type":"Point","coordinates":[-92.820632,45.036878]},"properties":{"osm":"node/13391426003","vendor":"flock","city":"2395969","manufacturer":"Flock Safety","direction":"331","zone":"traffic"}},
{"type":"Feature","geometry":{"type":"Point","coordinates":[-93.383785,44.936165]},"properties":{"osm":"node/13391483201","vendor":"flock","city":"2396500","manufacturer":"Flock Safety","direction":"0","zone":"traffic"}},
{"type":"Feature","geometry":{"type":"Point","coordinates":[-93.369093,44.970624]},"properties":{"osm":"node/13391490601","vendor":"flock","city":"2396500","manufacturer":"Flock Safety","direction":"39","zone":"traffic"}},
{"type":"Feature","geometry":{"type":"Point","coordinates":[-93.350978,44.96974]},"properties":{"osm":"node/13391496701","vendor":"flock","city":"2396500","manufacturer":"Flock Safety","direction":"126","zone":"traffic"}},
{"type":"Feature","geometry":{"type":"Point","coordinates":[-93.349873,44.965456]},"properties":{"osm":"node/13391511401","vendor":"flock","city":"2396500","manufacturer":"Flock Safety","direction":"278","zone":"traffic"}},
{"type":"Feature","geometry":{"type":"Point","coordinates":[-92.889525,44.737241]},"properties":{"osm":"node/13391512701","vendor":"flock","city":"2394320","manufacturer":"Flock Safety","direction":"96","zone":"traffic"}},
{"type":"Feature","geometry":{"type":"Point","coordinates":[-92.887525,44.737298]},"properties":{"osm":"node/13391512901","vendor":"flock","city":"2394320","manufacturer":"Flock Safety","direction":"242","zone":"traffic"}},
{"type":"Feature","geometry":{"type":"Point","coordinates":[-93.349772,44.967658]},"properties":{"osm":"node/13391514201","vendor":"flock","city":"2396500","manufacturer":"Flock Safety","direction":"300","zone":"traffic"}},
{"type":"Feature","geometry":{"type":"Point","coordinates":[-93.646885,44.993167]},"properties":{"osm":"node/13391539601","vendor":"flock","city":"2395420","manufacturer":"Flock Safety","direction":"251","zone":"traffic"}},
{"type":"Feature","geometry":{"type":"Point","coordinates":[-93.765482,44.978734]},"properties":{"osm":"node/13391550502","vendor":"flock","city":"2395420","manufacturer":"Flock Safety","direction":"24","zone":"traffic"}},
{"type":"Feature","geometry":{"type":"Point","coordinates":[-93.552711,45.189836]},"properties":{"osm":"node/13392146701","vendor":"flock","city":"2396415","manufacturer":"Flock Safety","operator":"Rogers Police Department","direction":"166","zone":"traffic"}},
{"type":"Feature","geometry":{"type":"Point","coordinates":[-93.565482,45.302927]},"properties":{"osm":"node/13393039601","vendor":"flock","city":"2394650","manufacturer":"Flock Safety","operator":"Elk River Police Department","direction":"283","zone":"traffic"}},
{"type":"Feature","geometry":{"type":"Point","coordinates":[-93.56692,45.306148]},"properties":{"osm":"node/13393045001","vendor":"flock","city":"2394650","manufacturer":"Flock Safety","operator":"Elk River Police Department","direction":"346","zone":"traffic"}},
{"type":"Feature","geometry":{"type":"Point","coordinates":[-93.577252,45.311443]},"properties":{"osm":"node/13393050601","vendor":"flock","city":"2394650","manufacturer":"Flock Safety","operator":"Elk River PD","direction":"53","zone":"traffic"}},
{"type":"Feature","geometry":{"type":"Point","coordinates":[-93.577331,45.308475]},"properties":{"osm":"node/13393052601","vendor":"flock","city":"2394650","manufacturer":"Flock Safety","operator":"Elk River PD","direction":"342","zone":"traffic"}},
{"type":"Feature","geometry":{"type":"Point","coordinates":[-93.600826,45.336945]},"properties":{"osm":"node/13393088201","vendor":"flock","city":"2394650","manufacturer":"Flock Safety","operator":"Elk River Sportsmans Club","direction":"70","zone":"traffic"}},
{"type":"Feature","geometry":{"type":"Point","coordinates":[-93.559545,45.311907]},"properties":{"osm":"node/13393109802","vendor":"flock","city":"2394650","manufacturer":"Flock Safety","operator":"Elk River Police Department","direction":"179","zone":"traffic"}},
{"type":"Feature","geometry":{"type":"Point","coordinates":[-93.261193,45.125012]},"properties":{"osm":"node/13395290137","vendor":"flock","city":"2394183","manufacturer":"Flock Safety","direction":"55"}},
{"type":"Feature","geometry":{"type":"Point","coordinates":[-92.984304,44.927688]},"properties":{"osm":"node/13395976601","vendor":"flock","city":"2397369","manufacturer":"Flock Safety","direction":"101;201","zone":"traffic"}},
{"type":"Feature","geometry":{"type":"Point","coordinates":[-93.156652,44.839665]},"properties":{"osm":"node/13396370597","vendor":"flock","city":"2394586","manufacturer":"Flock Safety","operator":"The Home Depot","direction":"85"}},
{"type":"Feature","geometry":{"type":"Point","coordinates":[-93.156684,44.839367]},"properties":{"osm":"node/13396370598","vendor":"flock","city":"2394586","manufacturer":"Flock Safety","direction":"120","zone":"traffic"}},
{"type":"Feature","geometry":{"type":"Point","coordinates":[-93.156679,44.839274]},"properties":{"osm":"node/13396370599","vendor":"flock","city":"2394586","manufacturer":"Flock Safety","direction":"39","zone":"traffic"}},
{"type":"Feature","geometry":{"type":"Point","coordinates":[-92.980757,44.85508]},"properties":{"osm":"node/13396670401","vendor":"flock","city":"2393644","manufacturer":"Flock Safety","direction":"81","zone":"traffic"}},
{"type":"Feature","geometry":{"type":"Point","coordinates":[-92.972462,44.925172]},"properties":{"osm":"node/13396672201","vendor":"flock","city":"2397369","manufacturer":"Flock Safety","direction":"136","zone":"traffic"}},
{"type":"Feature","geometry":{"type":"Point","coordinates":[-93.553571,45.199754]},"properties":{"osm":"node/13398055901","vendor":"flock","city":"2396415","manufacturer":"Flock Safety","operator":"Rogers Police Department","direction":"229","zone":"traffic"}},
{"type":"Feature","geometry":{"type":"Point","coordinates":[-93.513162,44.910371]},"properties":{"osm":"node/13403648549","vendor":"flock","city":"2395350","manufacturer":"Flock Safety","operator":"Minnetonka High School","direction":"210","mount":"pole"}},
{"type":"Feature","geometry":{"type":"Point","coordinates":[-93.510637,44.901135]},"properties":{"osm":"node/13403697515","vendor":"flock","city":"2395350","manufacturer":"Flock Safety","operator":"Minnetonka High School","direction":"0","mount":"pole"}},
{"type":"Feature","geometry":{"type":"Point","coordinates":[-93.509241,44.91093]},"properties":{"osm":"node/13403715532","vendor":"flock","city":"2395350","manufacturer":"Flock Safety","operator":"Minnetonka High School","direction":"180","mount":"pole","zone":"parking"}},
{"type":"Feature","geometry":{"type":"Point","coordinates":[-93.288011,44.744963]},"properties":{"osm":"node/13409456903","vendor":"flock","city":"2393472","manufacturer":"Flock Safety","direction":"318","zone":"traffic"}},
{"type":"Feature","geometry":{"type":"Point","coordinates":[-93.163052,45.021185]},"properties":{"osm":"node/13410845901","vendor":"flock","city":"2396435","manufacturer":"Flock Safety","operator":"Roseville Police Department","direction":"343","zone":"traffic"}},
{"type":"Feature","geometry":{"type":"Point","coordinates":[-93.182324,45.017659]},"properties":{"osm":"node/13410851901","vendor":"flock","city":"2396435","manufacturer":"Flock Safety","operator":"Roseville Police Department","direction":"154","zone":"traffic"}},
{"type":"Feature","geometry":{"type":"Point","coordinates":[-93.202791,45.035869]},"properties":{"osm":"node/13410869601","vendor":"flock","city":"2395187","manufacturer":"Flock Safety","direction":"0","zone":"traffic"}},
{"type":"Feature","geometry":{"type":"Point","coordinates":[-93.201428,45.035921]},"properties":{"osm":"node/13410870701","vendor":"flock","city":"2395187","manufacturer":"Flock Safety","direction":"0","zone":"traffic"}},
{"type":"Feature","geometry":{"type":"Point","coordinates":[-93.198627,45.037163]},"properties":{"osm":"node/13410874301","vendor":"flock","city":"2395187","manufacturer":"Flock Safety","direction":"317","zone":"traffic"}},
{"type":"Feature","geometry":{"type":"Point","coordinates":[-93.19825,45.038469]},"properties":{"osm":"node/13410874501","vendor":"flock","city":"2395187","manufacturer":"Flock Safety","direction":"248","zone":"traffic"}},
{"type":"Feature","geometry":{"type":"Point","coordinates":[-93.248349,45.107998]},"properties":{"osm":"node/13410925101","vendor":"flock","city":"2395934","manufacturer":"Flock Safety","direction":"0","zone":"traffic"}},
{"type":"Feature","geometry":{"type":"Point","coordinates":[-93.031432,45.250525]},"properties":{"osm":"node/13410973501","vendor":"flock","city":"2393610","manufacturer":"Flock Safety","direction":"256","zone":"traffic"}},
{"type":"Feature","geometry":{"type":"Point","coordinates":[-93.020617,45.25057]},"properties":{"osm":"node/13410978501","vendor":"flock","city":"2393610","manufacturer":"Flock Safety","direction":"59","zone":"traffic"}},
{"type":"Feature","geometry":{"type":"Point","coordinates":[-92.977449,45.26046]},"properties":{"osm":"node/13410984001","vendor":"flock","city":"2394789","manufacturer":"Flock Safety","direction":"57","zone":"traffic"}},
{"type":"Feature","geometry":{"type":"Point","coordinates":[-93.006755,45.278793]},"properties":{"osm":"node/13411004801","vendor":"flock","city":"2394789","manufacturer":"Flock Safety","direction":"172","zone":"traffic"}},
{"type":"Feature","geometry":{"type":"Point","coordinates":[-92.952669,45.332842]},"properties":{"osm":"node/13411031601","vendor":"flock","city":"2397388","manufacturer":"Flock Safety","direction":"241","zone":"traffic"}},
{"type":"Feature","geometry":{"type":"Point","coordinates":[-93.424584,44.851281]},"properties":{"osm":"node/13411279901","vendor":"flock","city":"2394614","manufacturer":"Flock Safety","direction":"3","zone":"traffic"}},
{"type":"Feature","geometry":{"type":"Point","coordinates":[-93.428629,44.851626]},"properties":{"osm":"node/13411351401","vendor":"flock","city":"2394614","manufacturer":"Flock Safety","direction":"60","zone":"traffic"}},
{"type":"Feature","geometry":{"type":"Point","coordinates":[-93.429078,44.854659]},"properties":{"osm":"node/13411353201","vendor":"flock","city":"2394614","manufacturer":"Flock Safety","direction":"151","zone":"traffic"}},
{"type":"Feature","geometry":{"type":"Point","coordinates":[-93.424963,44.859765]},"properties":{"osm":"node/13411359101","vendor":"motorola","city":"2394614","manufacturer":"Motorola Solutions","direction":"71","zone":"traffic"}},
{"type":"Feature","geometry":{"type":"Point","coordinates":[-93.426701,44.856521]},"properties":{"osm":"node/13411419303","vendor":"motorola","city":"2394614","manufacturer":"Motorola Solutions","direction":"168","zone":"traffic"}},
{"type":"Feature","geometry":{"type":"Point","coordinates":[-93.423141,44.857704]},"properties":{"osm":"node/13411503801","vendor":"motorola","city":"2394614","manufacturer":"Motorola Solutions","direction":"195","zone":"traffic"}},
{"type":"Feature","geometry":{"type":"Point","coordinates":[-93.420783,44.856243]},"properties":{"osm":"node/13411504401","vendor":"motorola","city":"2394614","manufacturer":"Motorola Solutions","direction":"289","zone":"traffic"}},
{"type":"Feature","geometry":{"type":"Point","coordinates":[-92.96181,44.964231]},"properties":{"osm":"node/13414827601","vendor":"flock","city":"2395287","manufacturer":"Flock Safety","direction":"91","zone":"traffic"}},
{"type":"Feature","geometry":{"type":"Point","coordinates":[-92.977273,44.914272]},"properties":{"osm":"node/13418219801","vendor":"flock","city":"2397369","manufacturer":"Flock Safety","direction":"122","zone":"traffic"}},
{"type":"Feature","geometry":{"type":"Point","coordinates":[-92.954531,44.933518]},"properties":{"osm":"node/13418229801","vendor":"flock","city":"2397369","manufacturer":"Flock Safety","direction":"162","zone":"traffic"}},
{"type":"Feature","geometry":{"type":"Point","coordinates":[-92.938562,44.942654]},"properties":{"osm":"node/13418238301","vendor":"flock","city":"2397369","manufacturer":"Flock Safety","direction":"327","zone":"traffic"}},
{"type":"Feature","geometry":{"type":"Point","coordinates":[-92.939938,44.943212]},"properties":{"osm":"node/13418238601","vendor":"flock","city":"2397369","manufacturer":"Flock Safety","direction":"0","zone":"traffic"}},
{"type":"Feature","geometry":{"type":"Point","coordinates":[-92.938472,44.943465]},"properties":{"osm":"node/13418240901","vendor":"flock","city":"2397369","manufacturer":"Flock Safety","direction":"36","zone":"traffic"}},
{"type":"Feature","geometry":{"type":"Point","coordinates":[-92.937616,44.944712]},"properties":{"osm":"node/13418241801","vendor":"flock","city":"2397369","manufacturer":"Flock Safety","direction":"208","zone":"traffic"}},
{"type":"Feature","geometry":{"type":"Point","coordinates":[-92.958548,44.833372]},"properties":{"osm":"node/13419310501","vendor":"flock","city":"2393644","manufacturer":"Flock Safety","direction":"178","zone":"traffic"}},
{"type":"Feature","geometry":{"type":"Point","coordinates":[-92.962485,44.833168]},"properties":{"osm":"node/13419313002","vendor":"flock","city":"2393644","manufacturer":"Flock Safety","direction":"65","zone":"traffic"}},
{"type":"Feature","geometry":{"type":"Point","coordinates":[-93.059902,45.120643]},"properties":{"osm":"node/13427187901","vendor":"flock","city":"2395259","manufacturer":"Flock Safety","direction":"224","zone":"traffic"}},
{"type":"Feature","geometry":{"type":"Point","coordinates":[-93.058734,45.119438]},"properties":{"osm":"node/13427188501","vendor":"flock","city":"2395259","manufacturer":"Flock Safety","direction":"207","zone":"traffic"}},
{"type":"Feature","geometry":{"type":"Point","coordinates":[-93.056694,45.104698]},"properties":{"osm":"node/13427194001","vendor":"flock","city":"2395259","manufacturer":"Flock Safety","direction":"249","zone":"traffic"}},
{"type":"Feature","geometry":{"type":"Point","coordinates":[-93.05742,45.101355]},"properties":{"osm":"node/13427196301","vendor":"flock","city":"2395259","manufacturer":"Flock Safety","direction":"308","zone":"traffic"}},
{"type":"Feature","geometry":{"type":"Point","coordinates":[-93.077536,45.079492]},"properties":{"osm":"node/13427206101","vendor":"flock","city":"2395259","manufacturer":"Flock Safety","direction":"352","zone":"traffic"}},
{"type":"Feature","geometry":{"type":"Point","coordinates":[-93.127058,45.096774]},"properties":{"osm":"node/13427208261","vendor":"flock","city":"2395259","manufacturer":"Flock Safety","direction":"118","zone":"traffic"}},
{"type":"Feature","geometry":{"type":"Point","coordinates":[-93.126738,45.09491]},"properties":{"osm":"node/13427208884","vendor":"flock","city":"2395259","manufacturer":"Flock Safety","direction":"125","zone":"traffic"}},
{"type":"Feature","geometry":{"type":"Point","coordinates":[-93.126738,45.09491]},"properties":{"osm":"node/13427212401","vendor":"flock","city":"2395259","manufacturer":"Flock Safety","direction":"297","zone":"traffic"}},
{"type":"Feature","geometry":{"type":"Point","coordinates":[-93.127058,45.096774]},"properties":{"osm":"node/13427213201","vendor":"flock","city":"2395259","manufacturer":"Flock Safety","direction":"323","zone":"traffic"}},
{"type":"Feature","geometry":{"type":"Point","coordinates":[-93.287965,45.029533]},"properties":{"osm":"node/13427509102","vendor":"other","city":"2395345","manufacturer":"Axis Communications","direction":"185;0;92;271;0","mount":"street_lamp","zone":"traffic"}},
{"type":"Feature","geometry":{"type":"Point","coordinates":[-93.411779,44.774262]},"properties":{"osm":"node/13427509501","vendor":"flock","city":"2395854","manufacturer":"Flock Safety","direction":"161","zone":"traffic"}},
{"type":"Feature","geometry":{"type":"Point","coordinates":[-93.350722,44.965632]},"properties":{"osm":"node/13429780201","vendor":"flock","city":"2396500","manufacturer":"Flock Safety","direction":"0","zone":"traffic"}},
{"type":"Feature","geometry":{"type":"Point","coordinates":[-93.267512,45.133173]},"properties":{"osm":"node/13430688701","vendor":"flock","city":"2393628","manufacturer":"Flock Safety","direction":"0","zone":"traffic"}},
{"type":"Feature","geometry":{"type":"Point","coordinates":[-93.354343,45.195751]},"properties":{"osm":"node/13431006802","vendor":"flock","city":"2393628","manufacturer":"Flock Safety","operator":"The Home Depot","direction":"251-296","zone":"traffic"}},
{"type":"Feature","geometry":{"type":"Point","coordinates":[-93.354937,45.195018]},"properties":{"osm":"node/13431010701","vendor":"flock","city":"2393628","manufacturer":"Flock Safety","operator":"The Home Depot","direction":"264-309","zone":"traffic"}},
{"type":"Feature","geometry":{"type":"Point","coordinates":[-93.356189,45.196411]},"properties":{"osm":"node/13431011301","vendor":"flock","city":"2393628","manufacturer":"Flock Safety","operator":"The Home Depot","direction":"71-116","zone":"traffic"}},
{"type":"Feature","geometry":{"type":"Point","coordinates":[-93.356368,45.195995]},"properties":{"osm":"node/13431012701","vendor":"flock","city":"2393628","manufacturer":"Flock Safety","operator":"The Home Depot","direction":"149-194","zone":"traffic"}},
{"type":"Feature","geometry":{"type":"Point","coordinates":[-92.723724,44.959258]},"properties":{"osm":"node/13431058080","vendor":"flock","city":null,"manufacturer":"Flock Safety","operator":"The Home Depot","direction":"295","mount":"street_lamp","zone":"traffic"}},
{"type":"Feature","geometry":{"type":"Point","coordinates":[-92.72514,44.958473]},"properties":{"osm":"node/13431058081","vendor":"flock","city":null,"manufacturer":"Flock Safety","operator":"The Home Depot","direction":"97","mount":"street_lamp","zone":"traffic"}},
{"type":"Feature","geometry":{"type":"Point","coordinates":[-92.723729,44.958393]},"properties":{"osm":"node/13431058082","vendor":"flock","city":null,"manufacturer":"Flock Safety","operator":"The Home Depot","direction":"240","mount":"street_lamp","zone":"traffic"}},
{"type":"Feature","geometry":{"type":"Point","coordinates":[-93.20013,44.731015]},"properties":{"osm":"node/13431096301","vendor":"flock","city":"2393967","manufacturer":"Flock Safety","direction":"58","zone":"traffic"}},
{"type":"Feature","geometry":{"type":"Point","coordinates":[-93.20086,44.730204]},"properties":{"osm":"node/13431097001","vendor":"flock","city":"2393967","manufacturer":"Flock Safety","direction":"134","zone":"traffic"}},
{"type":"Feature","geometry":{"type":"Point","coordinates":[-93.418182,44.891627]},"properties":{"osm":"node/13432495510","vendor":"flock","city":"2394614","manufacturer":"Flock Safety","direction":"132","zone":"traffic"}},
{"type":"Feature","geometry":{"type":"Point","coordinates":[-93.351327,44.965053]},"properties":{"osm":"node/13432530601","vendor":"flock","city":"2396500","manufacturer":"Flock Safety","direction":"275","zone":"traffic"}},
{"type":"Feature","geometry":{"type":"Point","coordinates":[-93.351569,44.966229]},"properties":{"osm":"node/13432532101","vendor":"flock","city":"2396500","manufacturer":"Flock Safety","direction":"240","zone":"traffic"}},
{"type":"Feature","geometry":{"type":"Point","coordinates":[-92.963444,44.963108]},"properties":{"osm":"node/13434523001","vendor":"flock","city":"2395287","manufacturer":"Flock Safety","direction":"75","zone":"traffic"}},
{"type":"Feature","geometry":{"type":"Point","coordinates":[-93.06261,45.050073]},"properties":{"osm":"node/13434560801","vendor":"flock","city":"2397106","manufacturer":"Flock Safety","direction":"146","zone":"traffic"}},
{"type":"Feature","geometry":{"type":"Point","coordinates":[-93.108728,44.936642]},"properties":{"osm":"node/13438070801","vendor":"flock","city":"2396511","manufacturer":"Flock Safety","direction":"316","zone":"traffic"}},
{"type":"Feature","geometry":{"type":"Point","coordinates":[-93.073746,44.956345]},"properties":{"osm":"node/13438083101","vendor":"flock","city":"2396511","manufacturer":"Flock Safety","direction":"51","zone":"traffic"}},
{"type":"Feature","geometry":{"type":"Point","coordinates":[-93.163821,45.153308]},"properties":{"osm":"node/13438131302","vendor":"flock","city":"2394183","manufacturer":"Flock Safety","direction":"232","zone":"traffic"}},
{"type":"Feature","geometry":{"type":"Point","coordinates":[-93.020625,45.25056]},"properties":{"osm":"node/13438632302","vendor":"flock","city":"2393610","manufacturer":"Flock Safety","direction":"57","mount":"pole","zone":"traffic"}},
{"type":"Feature","geometry":{"type":"Point","coordinates":[-93.23518,45.004845]},"properties":{"osm":"node/13439950701","vendor":"flock","city":"2395345","manufacturer":"Flock Safety","direction":"112","zone":"traffic"}},
{"type":"Feature","geometry":{"type":"Point","coordinates":[-93.077603,44.882722]},"properties":{"osm":"node/13440766202","vendor":"flock","city":"2395429","manufacturer":"Flock Safety","direction":"64","zone":"traffic"}},
{"type":"Feature","geometry":{"type":"Point","coordinates":[-93.077587,44.882859]},"properties":{"osm":"node/13440770201","vendor":"flock","city":"2395429","manufacturer":"Flock Safety","direction":"210","zone":"traffic"}},
{"type":"Feature","geometry":{"type":"Point","coordinates":[-93.07755,44.882397]},"properties":{"osm":"node/13440770901","vendor":"flock","city":"2395429","manufacturer":"Flock Safety","direction":"226","zone":"traffic"}},
{"type":"Feature","geometry":{"type":"Point","coordinates":[-93.077455,44.882223]},"properties":{"osm":"node/13440771301","vendor":"flock","city":"2395429","manufacturer":"Flock Safety","direction":"316","zone":"traffic"}},
{"type":"Feature","geometry":{"type":"Point","coordinates":[-93.378466,45.202232]},"properties":{"osm":"node/13441758201","vendor":"flock","city":"2393964","manufacturer":"Flock Safety","direction":"132-177","zone":"traffic"}},
{"type":"Feature","geometry":{"type":"Point","coordinates":[-93.233621,45.003864]},"properties":{"osm":"node/13444010901","vendor":"flock","city":"2395345","manufacturer":"Flock Safety","direction":"268","zone":"traffic"}},
{"type":"Feature","geometry":{"type":"Point","coordinates":[-93.184362,45.140243]},"properties":{"osm":"node/13446816301","vendor":"flock","city":"2394183","manufacturer":"Flock Safety","direction":"147","zone":"traffic"}},
{"type":"Feature","geometry":{"type":"Point","coordinates":[-93.448576,45.028271]},"properties":{"osm":"node/13451609794","vendor":"flock","city":"2396242","manufacturer":"Flock Safety","direction":"340","zone":"traffic"}},
{"type":"Feature","geometry":{"type":"Point","coordinates":[-93.348919,44.967671]},"properties":{"osm":"node/13462395801","vendor":"flock","city":"2396500","manufacturer":"Flock Safety","direction":"70","zone":"traffic"}},
{"type":"Feature","geometry":{"type":"Point","coordinates":[-93.463271,44.745817]},"properties":{"osm":"node/13464718601","vendor":"flock","city":"2396284","manufacturer":"Flock Safety","direction":"104","zone":"traffic"}},
{"type":"Feature","geometry":{"type":"Point","coordinates":[-93.467135,44.743367]},"properties":{"osm":"node/13464718602","vendor":"flock","city":"2396284","manufacturer":"Flock Safety","direction":"75","zone":"traffic"}},
{"type":"Feature","geometry":{"type":"Point","coordinates":[-93.450868,44.725424]},"properties":{"osm":"node/13464732801","vendor":"flock","city":"2396284","manufacturer":"Flock Safety","direction":"38","zone":"traffic"}},
{"type":"Feature","geometry":{"type":"Point","coordinates":[-93.451306,44.727819]},"properties":{"osm":"node/13464734401","vendor":"flock","city":"2396284","manufacturer":"Flock Safety","direction":"47","zone":"traffic"}},
{"type":"Feature","geometry":{"type":"Point","coordinates":[-93.437439,44.850221]},"properties":{"osm":"node/13466489101","vendor":"flock","city":"2394614","manufacturer":"Flock Safety","direction":"0","zone":"traffic"}},
{"type":"Feature","geometry":{"type":"Point","coordinates":[-93.011765,45.263844]},"properties":{"osm":"node/13475095351","vendor":"flock","city":"2394789","manufacturer":"Flock Safety","direction":"190"}},
{"type":"Feature","geometry":{"type":"Point","coordinates":[-92.999902,44.871465]},"properties":{"osm":"node/13480328501","vendor":"flock","city":"2395227","manufacturer":"Flock Safety","direction":"180-180","zone":"traffic"}},
{"type":"Feature","geometry":{"type":"Point","coordinates":[-93.601273,44.830875]},"properties":{"osm":"node/13481904001","vendor":"flock","city":"2393809","manufacturer":"Flock Safety","direction":"338","zone":"traffic"}},
{"type":"Feature","geometry":{"type":"Point","coordinates":[-93.60056,44.830531]},"properties":{"osm":"node/13481904501","vendor":"flock","city":"2393809","manufacturer":"Flock Safety","direction":"137","zone":"traffic"}},
{"type":"Feature","geometry":{"type":"Point","coordinates":[-93.59878,44.831017]},"properties":{"osm":"node/13481905901","vendor":"flock","city":"2393809","manufacturer":"Flock Safety","direction":"258","zone":"traffic"}},
{"type":"Feature","geometry":{"type":"Point","coordinates":[-93.4447,44.866798]},"properties":{"osm":"node/13481924102","vendor":"flock","city":"2394614","manufacturer":"Flock Safety","direction":"341","zone":"traffic"}},
{"type":"Feature","geometry":{"type":"Point","coordinates":[-93.443352,44.866931]},"properties":{"osm":"node/13481925201","vendor":"flock","city":"2394614","manufacturer":"Flock Safety","direction":"340","zone":"traffic"}},
{"type":"Feature","geometry":{"type":"Point","coordinates":[-93.441638,44.8672]},"properties":{"osm":"node/13481926801","vendor":"flock","city":"2394614","manufacturer":"Flock Safety","direction":"359","zone":"traffic"}},
{"type":"Feature","geometry":{"type":"Point","coordinates":[-93.412965,44.774077]},"properties":{"osm":"node/13481955701","vendor":"flock","city":"2395854","manufacturer":"Flock Safety","direction":"149","zone":"traffic"}},
{"type":"Feature","geometry":{"type":"Point","coordinates":[-93.410593,44.772702]},"properties":{"osm":"node/13481958701","vendor":"flock","city":"2395854","manufacturer":"Flock Safety","direction":"235","zone":"traffic"}},
{"type":"Feature","geometry":{"type":"Point","coordinates":[-93.166893,45.006657]},"properties":{"osm":"node/13483009820","vendor":"flock","city":"2396435","manufacturer":"Flock Safety","operator":"Roseville Police Department","direction":"10","zone":"traffic"}},
{"type":"Feature","geometry":{"type":"Point","coordinates":[-92.818066,45.053372]},"properties":{"osm":"node/13496102987","vendor":"flock","city":"2395969","manufacturer":"Flock Safety","direction":"260"}},
{"type":"Feature","geometry":{"type":"Point","coordinates":[-93.004084,44.963796]},"properties":{"osm":"node/13502707301","vendor":"flock","city":"2395846","manufacturer":"Flock Safety","direction":"192","zone":"traffic"}},
{"type":"Feature","geometry":{"type":"Point","coordinates":[-92.981178,45.037164]},"properties":{"osm":"node/13505565501","vendor":"flock","city":"2395818","manufacturer":"Flock Safety","direction":"224-269","zone":"traffic"}},
{"type":"Feature","geometry":{"type":"Point","coordinates":[-92.981214,45.037047]},"properties":{"osm":"node/13505566601","vendor":"flock","city":"2395818","manufacturer":"Flock Safety","direction":"47-92","zone":"traffic"}},
{"type":"Feature","geometry":{"type":"Point","coordinates":[-93.19169,45.108147]},"properties":{"osm":"node/13508172442","vendor":"flock","city":"2395118","manufacturer":"Flock Safety","operator":"Mounds View Police Department","direction":"245"}},
{"type":"Feature","geometry":{"type":"Point","coordinates":[-93.233273,45.004782]},"properties":{"osm":"node/13510399201","vendor":"flock","city":"2395345","manufacturer":"Flock Safety","operator":"The Home Depot","direction":"228","mount":"pole","zone":"traffic"}},
{"type":"Feature","geometry":{"type":"Point","coordinates":[-92.964377,44.936504]},"properties":{"osm":"node/13511182001","vendor":"flock","city":"2397369","manufacturer":"Flock Safety","direction":"0","mount":"traffic_signals","zone":"traffic"}},
{"type":"Feature","geometry":{"type":"Point","coordinates":[-93.295531,44.960007]},"properties":{"osm":"node/13513440501","vendor":"flock","city":"2395345","manufacturer":"Flock Safety","direction":"45","zone":"parking"}},
{"type":"Feature","geometry":{"type":"Point","coordinates":[-93.480987,45.135204]},"properties":{"osm":"node/13517030601","vendor":"flock","city":"2395838","manufacturer":"Flock Safety","operator":"The Home Depot","direction":"54","mount":"pole","zone":"traffic"}},
{"type":"Feature","geometry":{"type":"Point","coordinates":[-93.198708,44.730609]},"properties":{"osm":"node/13522223603","vendor":"flock","city":"2393967","manufacturer":"Flock Safety","direction":"294","zone":"traffic"}},
{"type":"Feature","geometry":{"type":"Point","coordinates":[-93.628434,45.130748]},"properties":{"osm":"node/13525204103","vendor":"flock","city":"2393634","manufacturer":"Flock Safety","direction":"45"}},
{"type":"Feature","geometry":{"type":"Point","coordinates":[-93.242523,44.856786]},"properties":{"osm":"node/13527123801","vendor":"flock","city":"2394198","manufacturer":"Flock Safety","direction":"304","zone":"traffic"}},
{"type":"Feature","geometry":{"type":"Point","coordinates":[-93.327328,44.865522]},"properties":{"osm":"node/13527681822","vendor":"flock","city":"2394621","manufacturer":"Flock Safety","direction":"20"}},
{"type":"Feature","geometry":{"type":"Point","coordinates":[-93.328568,44.866905]},"properties":{"osm":"node/13527681823","vendor":"flock","city":"2394621","manufacturer":"Flock Safety","direction":"90"}},
{"type":"Feature","geometry":{"type":"Point","coordinates":[-92.938159,45.315]},"properties":{"osm":"node/13532690401","vendor":"flock","city":"2397388","manufacturer":"Flock Safety","direction":"201","zone":"traffic"}},
{"type":"Feature","geometry":{"type":"Point","coordinates":[-92.938367,45.314726]},"properties":{"osm":"node/13532690701","vendor":"flock","city":"2397388","manufacturer":"Flock Safety","direction":"26","zone":"traffic"}},
{"type":"Feature","geometry":{"type":"Point","coordinates":[-93.4023,45.117035]},"properties":{"osm":"node/13535484401","vendor":"flock","city":"2396098","manufacturer":"Flock Safety","direction":"165","zone":"traffic"}},
{"type":"Feature","geometry":{"type":"Point","coordinates":[-93.402141,45.116315]},"properties":{"osm":"node/13535509004","vendor":"flock","city":"2396098","manufacturer":"Flock Safety","direction":"347","zone":"traffic"}},
{"type":"Feature","geometry":{"type":"Point","coordinates":[-93.402001,45.122586]},"properties":{"osm":"node/13535509601","vendor":"flock","city":"2396098","manufacturer":"Flock Safety","direction":"350","zone":"traffic"}},
{"type":"Feature","geometry":{"type":"Point","coordinates":[-93.402174,45.122966]},"properties":{"osm":"node/13535509701","vendor":"flock","city":"2396098","manufacturer":"Flock Safety","direction":"162","zone":"traffic"}},
{"type":"Feature","geometry":{"type":"Point","coordinates":[-93.436873,44.867983]},"properties":{"osm":"node/13535735101","vendor":"flock","city":"2394614","manufacturer":"Flock Safety","direction":"146","mount":"pole","zone":"traffic"}},
{"type":"Feature","geometry":{"type":"Point","coordinates":[-93.04119,45.188437]},"properties":{"osm":"node/13537240301","vendor":"flock","city":"2395725","manufacturer":"Flock Safety","direction":"264","zone":"traffic"}},
{"type":"Feature","geometry":{"type":"Point","coordinates":[-93.011185,45.269052]},"properties":{"osm":"node/13543373601","vendor":"flock","city":"2394789","manufacturer":"Flock Safety","direction":"0","zone":"traffic"}},
{"type":"Feature","geometry":{"type":"Point","coordinates":[-93.284302,44.859772]},"properties":{"osm":"node/13544820413","vendor":"flock","city":"2394198","manufacturer":"Flock Safety","direction":"53","zone":"traffic"}},
{"type":"Feature","geometry":{"type":"Point","coordinates":[-93.308499,45.004394]},"properties":{"osm":"node/13551085301","vendor":"flock","city":"2395345","manufacturer":"Flock Safety","direction":"164","zone":"traffic"}},
{"type":"Feature","geometry":{"type":"Point","coordinates":[-93.441528,44.965638]},"properties":{"osm":"node/13563477501","vendor":"flock","city":"2395350","manufacturer":"Flock Safety","direction":"88","zone":"traffic"}},
{"type":"Feature","geometry":{"type":"Point","coordinates":[-93.433029,44.967503]},"properties":{"osm":"node/13563477701","vendor":"flock","city":"2395350","manufacturer":"Flock Safety","direction":"23;156","zone":"traffic"}},
{"type":"Feature","geometry":{"type":"Point","coordinates":[-93.0443,44.999209]},"properties":{"osm":"node/13564647001","vendor":"flock","city":"2395846","manufacturer":"Flock Safety","direction":"77","mount":"pole","zone":"traffic"}},
{"type":"Feature","geometry":{"type":"Point","coordinates":[-93.504885,44.913798]},"properties":{"osm":"node/13565630001","vendor":"flock","city":"2395350","manufacturer":"Flock Safety","direction":"340","zone":"traffic"}},
{"type":"Feature","geometry":{"type":"Point","coordinates":[-92.998687,45.268703]},"properties":{"osm":"node/13569892301","vendor":"flock","city":"2394789","manufacturer":"Flock Safety","direction":"317-27","mount":"traffic_signals","zone":"traffic"}},
{"type":"Feature","geometry":{"type":"Point","coordinates":[-93.479794,45.136037]},"properties":{"osm":"node/13571050301","vendor":"flock","city":"2395838","manufacturer":"Flock Safety","operator":"The Home Depot","direction":"39","zone":"traffic"}},
{"type":"Feature","geometry":{"type":"Point","coordinates":[-92.93835,44.942119]},"properties":{"osm":"node/13574275201","vendor":"flock","city":"2397369","manufacturer":"Flock Safety","direction":"205","zone":"traffic"}},
{"type":"Feature","geometry":{"type":"Point","coordinates":[-93.353043,44.965898]},"properties":{"osm":"node/13574280201","vendor":"flock","city":"2396500","manufacturer":"Flock Safety","direction":"144","zone":"traffic"}},
{"type":"Feature","geometry":{"type":"Point","coordinates":[-93.467909,45.236354]},"properties":{"osm":"node/13574354801","vendor":"flock","city":"2396311","manufacturer":"Flock Safety","operator":"Ramsey Police Department","direction":"73","zone":"traffic"}},
{"type":"Feature","geometry":{"type":"Point","coordinates":[-93.466702,45.235365]},"properties":{"osm":"node/13574354802","vendor":"flock","city":"2396311","manufacturer":"Flock Safety","operator":"Ramsey County Police Department","direction":"0;89;180;273","mount":"street_lamp","zone":"traffic"}},
{"type":"Feature","geometry":{"type":"Point","coordinates":[-92.817772,45.054766]},"properties":{"osm":"node/13582990695","vendor":"flock","city":"2395969","manufacturer":"Flock Safety","direction":"75","zone":"traffic"}},
{"type":"Feature","geometry":{"type":"Point","coordinates":[-93.554238,45.210497]},"properties":{"osm":"node/13585729801","vendor":"flock","city":"2396415","manufacturer":"Flock Safety","operator":"Rogers Police Department","direction":"244","zone":"traffic"}},
{"type":"Feature","geometry":{"type":"Point","coordinates":[-93.53989,45.299403]},"properties":{"osm":"node/13588040201","vendor":"flock","city":"2394650","manufacturer":"Flock Safety","operator":"Elk River Police Department","direction":"180","zone":"PARK PARKING LOT"}},
{"type":"Feature","geometry":{"type":"Point","coordinates":[-93.173304,44.904079]},"properties":{"osm":"node/13601117702","vendor":"flock","city":"2396511","manufacturer":"Flock Safety","direction":"158","mount":"pole","zone":"traffic"}},
{"type":"Feature","geometry":{"type":"Point","coordinates":[-93.172268,44.903525]},"properties":{"osm":"node/13601118001","vendor":"flock","city":"2396511","manufacturer":"Flock Safety","direction":"282","mount":"pole","zone":"traffic"}},
{"type":"Feature","geometry":{"type":"Point","coordinates":[-93.442038,44.863248]},"properties":{"osm":"node/13603623501","vendor":"flock","city":"2394614","manufacturer":"Flock Safety","direction":"80","zone":"traffic"}},
{"type":"Feature","geometry":{"type":"Point","coordinates":[-93.440922,44.861475]},"properties":{"osm":"node/13603624501","vendor":"flock","city":"2394614","manufacturer":"Flock Safety","direction":"42","zone":"traffic"}},
{"type":"Feature","geometry":{"type":"Point","coordinates":[-93.35746,45.207592]},"properties":{"osm":"node/13606155801","vendor":"flock","city":"2393628","manufacturer":"Flock Safety","direction":"349","zone":"traffic"}},
{"type":"Feature","geometry":{"type":"Point","coordinates":[-93.154483,44.838596]},"properties":{"osm":"node/13609820601","vendor":"flock","city":"2394586","manufacturer":"Flock Safety","direction":"0","zone":"traffic"}},
{"type":"Feature","geometry":{"type":"Point","coordinates":[-92.892749,44.796529]},"properties":{"osm":"node/13623426909","vendor":"flock","city":"2393644","manufacturer":"Flock Safety","direction":"334","zone":"traffic"}},
{"type":"Feature","geometry":{"type":"Point","coordinates":[-92.994233,44.888374]},"properties":{"osm":"node/13623427122","vendor":"motorola","city":"2395227","manufacturer":"Motorola Solutions","direction":"82","zone":"traffic"}},
{"type":"Feature","geometry":{"type":"Point","coordinates":[-92.913298,44.804628]},"properties":{"osm":"node/13623430301","vendor":"flock","city":"2393644","manufacturer":"Flock Safety","direction":"187","zone":"traffic"}},
{"type":"Feature","geometry":{"type":"Point","coordinates":[-92.908868,44.809572]},"properties":{"osm":"node/13623431301","vendor":"flock","city":"2393644","manufacturer":"Flock Safety","direction":"24;128","zone":"traffic"}},
{"type":"Feature","geometry":{"type":"Point","coordinates":[-92.958088,44.83377]},"properties":{"osm":"node/13623435501","vendor":"flock","city":"2393644","manufacturer":"Flock Safety","direction":"329","zone":"traffic"}},
{"type":"Feature","geometry":{"type":"Point","coordinates":[-92.865731,44.848113]},"properties":{"osm":"node/13623436501","vendor":"flock","city":"2393644","manufacturer":"Flock Safety","direction":"249","zone":"traffic"}},
{"type":"Feature","geometry":{"type":"Point","coordinates":[-92.972817,44.836642]},"properties":{"osm":"node/13623440701","vendor":"flock","city":"2393644","manufacturer":"Flock Safety","direction":"112","zone":"traffic"}},
{"type":"Feature","geometry":{"type":"Point","coordinates":[-92.866434,44.79649]},"properties":{"osm":"node/13623441501","vendor":"flock","city":"2393644","manufacturer":"Flock Safety","direction":"311","zone":"traffic"}},
{"type":"Feature","geometry":{"type":"Point","coordinates":[-93.266632,45.14544]},"properties":{"osm":"node/13624548961","vendor":"flock","city":"2394183","manufacturer":"Flock Safety","direction":"350","zone":"traffic"}},
{"type":"Feature","geometry":{"type":"Point","coordinates":[-93.37424,45.186299]},"properties":{"osm":"node/13625514601","vendor":"flock","city":"2393964","manufacturer":"Flock Safety","direction":"224-269","zone":"traffic"}},
{"type":"Feature","geometry":{"type":"Point","coordinates":[-92.971262,44.800949]},"properties":{"osm":"node/13625677101","vendor":"flock","city":"2393644","manufacturer":"Flock Safety","direction":"70","zone":"traffic"}},
{"type":"Feature","geometry":{"type":"Point","coordinates":[-92.924867,44.86193]},"properties":{"osm":"node/13627091001","vendor":"flock","city":"2393644","manufacturer":"Flock Safety","direction":"108","zone":"traffic"}},
{"type":"Feature","geometry":{"type":"Point","coordinates":[-92.788439,44.764735]},"properties":{"osm":"node/13630969234","vendor":"flock","city":null,"manufacturer":"Flock Safety","direction":"180","zone":"traffic"}},
{"type":"Feature","geometry":{"type":"Point","coordinates":[-92.97255,44.926631]},"properties":{"osm":"node/13631538501","vendor":"flock","city":"2397369","manufacturer":"Flock Safety","direction":"0","zone":"traffic"}},
{"type":"Feature","geometry":{"type":"Point","coordinates":[-93.27259,45.138407]},"properties":{"osm":"node/13634052301","vendor":"flock","city":"2393628","manufacturer":"Flock Safety","direction":"23-68","zone":"traffic"}},
{"type":"Feature","geometry":{"type":"Point","coordinates":[-92.800929,45.050235]},"properties":{"osm":"node/13634266401","vendor":"flock","city":"2395969","manufacturer":"Flock Safety","direction":"303;162","zone":"traffic"}},
{"type":"Feature","geometry":{"type":"Point","coordinates":[-93.454146,44.997456]},"properties":{"osm":"node/13634475702","vendor":"flock","city":"2396242","manufacturer":"Flock Safety","direction":"214","zone":"traffic"}},
{"type":"Feature","geometry":{"type":"Point","coordinates":[-93.454146,44.997456]},"properties":{"osm":"node/13634477501","vendor":"flock","city":"2396242","manufacturer":"Flock Safety","direction":"321","zone":"traffic"}},
{"type":"Feature","geometry":{"type":"Point","coordinates":[-93.454044,44.998187]},"properties":{"osm":"node/13634478401","vendor":"flock","city":"2396242","manufacturer":"Flock Safety","direction":"246","zone":"traffic"}},
{"type":"Feature","geometry":{"type":"Point","coordinates":[-93.456915,44.998203]},"properties":{"osm":"node/13634479201","vendor":"flock","city":"2396242","manufacturer":"Flock Safety","direction":"124","zone":"traffic"}},
{"type":"Feature","geometry":{"type":"Point","coordinates":[-93.766687,45.039465]},"properties":{"osm":"node/13644538901","vendor":"flock","city":"2395420","manufacturer":"Flock Safety","direction":"302","zone":"traffic"}},
{"type":"Feature","geometry":{"type":"Point","coordinates":[-93.766609,45.035328]},"properties":{"osm":"node/13644540601","vendor":"flock","city":"2395420","manufacturer":"Flock Safety","direction":"321","zone":"traffic"}},
{"type":"Feature","geometry":{"type":"Point","coordinates":[-93.249183,44.888259]},"properties":{"osm":"node/13658460901","vendor":"flock","city":"2396362","manufacturer":"Flock Safety","direction":"54","zone":"traffic"}},
{"type":"Feature","geometry":{"type":"Point","coordinates":[-93.248819,44.887264]},"properties":{"osm":"node/13658465401","vendor":"flock","city":"2396362","manufacturer":"Flock Safety","direction":"22","zone":"traffic"}},
{"type":"Feature","geometry":{"type":"Point","coordinates":[-93.209404,45.10561]},"properties":{"osm":"node/13659262401","vendor":"flock","city":"2395118","manufacturer":"Flock Safety","direction":"293","zone":"traffic"}},
{"type":"Feature","geometry":{"type":"Point","coordinates":[-93.406258,44.92243]},"properties":{"osm":"node/13667107101","vendor":"unknown","city":"2394417","direction":"353","mount":"street_lamp","zone":"traffic"}},
{"type":"Feature","geometry":{"type":"Point","coordinates":[-93.414089,44.921383]},"properties":{"osm":"node/13667324201","vendor":"genetec","city":"2394417","manufacturer":"Genetec","direction":"349","mount":"pole","zone":"traffic"}},
{"type":"Feature","geometry":{"type":"Point","coordinates":[-93.41419,44.920433]},"properties":{"osm":"node/13667324202","vendor":"genetec","city":"2394417","manufacturer":"Genetec","direction":"182","mount":"pole","zone":"traffic"}},
{"type":"Feature","geometry":{"type":"Point","coordinates":[-93.280304,44.750482]},"properties":{"osm":"node/13676529901","vendor":"flock","city":"2393472","manufacturer":"Flock Safety","direction":"225;143","zone":"traffic"}},
{"type":"Feature","geometry":{"type":"Point","coordinates":[-93.282682,44.748968]},"properties":{"osm":"node/13676530102","vendor":"flock","city":"2393472","manufacturer":"Flock Safety","direction":"111","zone":"traffic"}},
{"type":"Feature","geometry":{"type":"Point","coordinates":[-93.279983,44.74998]},"properties":{"osm":"node/13676530501","vendor":"flock","city":"2393472","manufacturer":"Flock Safety","direction":"359;268;180","zone":"traffic"}},
{"type":"Feature","geometry":{"type":"Point","coordinates":[-93.019088,45.013773]},"properties":{"osm":"node/13682716801","vendor":"flock","city":"2395846","manufacturer":"Flock Safety","direction":"180","zone":"traffic"}},
{"type":"Feature","geometry":{"type":"Point","coordinates":[-93.346592,45.197705]},"properties":{"osm":"node/13683542601","vendor":"flock","city":"2393628","manufacturer":"Flock Safety","direction":"335","zone":"traffic"}},
{"type":"Feature","geometry":{"type":"Point","coordinates":[-92.987355,45.279325]},"properties":{"osm":"node/13686483001","vendor":"flock","city":"2394789","manufacturer":"Flock Safety","direction":"253","mount":"street_lamp","zone":"traffic"}},
{"type":"Feature","geometry":{"type":"Point","coordinates":[-93.378683,44.913675]},"properties":{"osm":"node/13686750401","vendor":"flock","city":"2394621","manufacturer":"Flock Safety","direction":"336","zone":"traffic"}},
{"type":"Feature","geometry":{"type":"Point","coordinates":[-93.103615,44.955934]},"properties":{"osm":"node/13687013501","vendor":"flock","city":"2396511","manufacturer":"Flock Safety","direction":"179","mount":"pole","zone":"traffic"}},
{"type":"Feature","geometry":{"type":"Point","coordinates":[-93.10389,44.955925]},"properties":{"osm":"node/13687013701","vendor":"flock","city":"2396511","manufacturer":"Flock Safety","direction":"93","zone":"traffic"}},
{"type":"Feature","geometry":{"type":"Point","coordinates":[-93.354065,44.864173]},"properties":{"osm":"node/13687165801","vendor":"flock","city":"2394621","manufacturer":"Flock Safety","direction":"148","mount":"traffic_signals","zone":"traffic"}},
{"type":"Feature","geometry":{"type":"Point","coordinates":[-93.442156,44.967692]},"properties":{"osm":"node/13695366402","vendor":"flock","city":"2395350","manufacturer":"Flock Safety","direction":"118","zone":"traffic"}},
{"type":"Feature","geometry":{"type":"Point","coordinates":[-93.38554,45.108107]},"properties":{"osm":"node/13695375312","vendor":"flock","city":"2393429","manufacturer":"Flock Safety","direction":"329","zone":"traffic"}},
{"type":"Feature","geometry":{"type":"Point","coordinates":[-93.385949,45.108093]},"properties":{"osm":"node/13695379601","vendor":"flock","city":"2393429","manufacturer":"Flock Safety","direction":"324","zone":"traffic"}},
{"type":"Feature","geometry":{"type":"Point","coordinates":[-93.386624,45.108178]},"properties":{"osm":"node/13695380203","vendor":"flock","city":"2393429","manufacturer":"Flock Safety","direction":"347","zone":"traffic"}},
{"type":"Feature","geometry":{"type":"Point","coordinates":[-93.370818,45.054776]},"properties":{"osm":"node/13695463901","vendor":"flock","city":"2395201","manufacturer":"Flock Safety","direction":"242","zone":"traffic"}},
{"type":"Feature","geometry":{"type":"Point","coordinates":[-93.346954,45.197412]},"properties":{"osm":"node/13701860901","vendor":"flock","city":"2393628","manufacturer":"Flock Safety","direction":"162","zone":"traffic"}},
{"type":"Feature","geometry":{"type":"Point","coordinates":[-93.241404,44.853065]},"properties":{"osm":"node/13703978783","vendor":"unknown","city":"2394198","mount":"pole","zone":"entrance;parking"}},
{"type":"Feature","geometry":{"type":"Point","coordinates":[-92.964226,44.861964]},"properties":{"osm":"node/13706929101","vendor":"flock","city":"2397369","manufacturer":"Flock Safety","direction":"156","zone":"traffic"}},
{"type":"Feature","geometry":{"type":"Point","coordinates":[-92.852711,44.749365]},"properties":{"osm":"node/13706930901","vendor":"motorola","city":"2394320","manufacturer":"Motorola Solutions","direction":"341","zone":"traffic"}},
{"type":"Feature","geometry":{"type":"Point","coordinates":[-92.99066,44.850522]},"properties":{"osm":"node/13706931301","vendor":"motorola","city":"2396516","manufacturer":"Motorola Solutions","direction":"202","zone":"traffic"}},
{"type":"Feature","geometry":{"type":"Point","coordinates":[-93.195705,44.918013]},"properties":{"osm":"node/13716408301","vendor":"flock","city":"2396511","manufacturer":"Flock Safety","direction":"246","mount":"traffic_signals","zone":"traffic"}},
{"type":"Feature","geometry":{"type":"Point","coordinates":[-92.93181,44.817436]},"properties":{"osm":"node/13717073001","vendor":"flock","city":"2393644","manufacturer":"Flock Safety","direction":"116","zone":"traffic"}},
{"type":"Feature","geometry":{"type":"Point","coordinates":[-93.550522,45.29811]},"properties":{"osm":"node/13717391395","vendor":"flock","city":"2394650","manufacturer":"Flock Safety","operator":"Home Depot","direction":"213;75","zone":"parking"}},
{"type":"Feature","geometry":{"type":"Point","coordinates":[-93.549458,45.298217]},"properties":{"osm":"node/13717391396","vendor":"flock","city":"2394650","manufacturer":"Flock Safety","operator":"Home Depot","direction":"160","zone":"parking"}},
{"type":"Feature","geometry":{"type":"Point","coordinates":[-93.549162,45.296749]},"properties":{"osm":"node/13717391397","vendor":"flock","city":"2394650","manufacturer":"Flock Safety","operator":"Home Depot","direction":"280;355","zone":"parking"}},
{"type":"Feature","geometry":{"type":"Point","coordinates":[-93.156944,45.165083]},"properties":{"osm":"node/13717414201","vendor":"flock","city":"2394183","manufacturer":"Flock Safety","direction":"0;127","zone":"traffic"}},
{"type":"Feature","geometry":{"type":"Point","coordinates":[-93.287409,44.696899]},"properties":{"osm":"node/13719550399","vendor":"flock","city":"2395614","manufacturer":"Flock Safety","direction":"100","zone":"traffic"}},
{"type":"Feature","geometry":{"type":"Point","coordinates":[-93.286008,44.714936]},"properties":{"osm":"node/13719832002","vendor":"flock","city":"2395614","manufacturer":"Flock Safety","direction":"255","zone":"traffic"}},
{"type":"Feature","geometry":{"type":"Point","coordinates":[-93.412281,44.961967]},"properties":{"osm":"node/13719892001","vendor":"flock","city":"2395350","manufacturer":"Flock Safety","direction":"21","zone":"traffic"}},
{"type":"Feature","geometry":{"type":"Point","coordinates":[-93.535942,44.922622]},"properties":{"osm":"node/13720720702","vendor":"flock","city":"2394486","manufacturer":"Flock Safety","direction":"34","zone":"traffic"}},
{"type":"Feature","geometry":{"type":"Point","coordinates":[-93.51261,44.942066]},"properties":{"osm":"node/13720742501","vendor":"flock","city":"2394486","manufacturer":"Flock Safety","direction":"153","zone":"traffic"}},
{"type":"Feature","geometry":{"type":"Point","coordinates":[-93.507761,44.942213]},"properties":{"osm":"node/13720744301","vendor":"flock","city":"2394486","manufacturer":"Flock Safety","direction":"248","zone":"traffic"}},
{"type":"Feature","geometry":{"type":"Point","coordinates":[-93.687595,45.016763]},"properties":{"osm":"node/13720806101","vendor":"flock","city":"2395420","manufacturer":"Flock Safety","direction":"258","zone":"traffic"}},
{"type":"Feature","geometry":{"type":"Point","coordinates":[-93.633955,45.065409]},"properties":{"osm":"node/13720821301","vendor":"flock","city":"2395084","manufacturer":"Flock Safety","direction":"70","zone":"traffic"}},
{"type":"Feature","geometry":{"type":"Point","coordinates":[-92.940374,44.941517]},"properties":{"osm":"node/13726361301","vendor":"flock","city":"2397369","manufacturer":"Flock Safety","direction":"346","zone":"traffic"}},
{"type":"Feature","geometry":{"type":"Point","coordinates":[-92.939143,44.94152]},"properties":{"osm":"node/13726415001","vendor":"flock","city":"2397369","manufacturer":"Flock Safety","direction":"342","zone":"traffic"}},
{"type":"Feature","geometry":{"type":"Point","coordinates":[-93.517718,44.970241]},"properties":{"osm":"node/13728339501","vendor":"flock","city":"2397235","manufacturer":"Flock Safety","direction":"69","mount":"pole","zone":"traffic"}},
{"type":"Feature","geometry":{"type":"Point","coordinates":[-92.805664,45.055729]},"properties":{"osm":"node/13730400001","vendor":"flock","city":"2395969","manufacturer":"Flock Safety","direction":"313","mount":"pole","zone":"traffic"}},
{"type":"Feature","geometry":{"type":"Point","coordinates":[-92.806234,45.056474]},"properties":{"osm":"node/13730401201","vendor":"flock","city":"2395969","manufacturer":"Flock Safety","direction":"26","mount":"pole","zone":"traffic"}},
{"type":"Feature","geometry":{"type":"Point","coordinates":[-92.806751,45.056571]},"properties":{"osm":"node/13730402401","vendor":"flock","city":"2395969","manufacturer":"Flock Safety","direction":"237;153;77","mount":"street_lamp","zone":"traffic"}},
{"type":"Feature","geometry":{"type":"Point","coordinates":[-92.805811,45.058803]},"properties":{"osm":"node/13730402402","vendor":"flock","city":"2395969","manufacturer":"Flock Safety","direction":"111;172;237;41","mount":"street_lamp","zone":"traffic"}},
{"type":"Feature","geometry":{"type":"Point","coordinates":[-92.806751,45.056571]},"properties":{"osm":"node/13730404301","vendor":"flock","city":"2395969","manufacturer":"Flock Safety","direction":"237;153;77","mount":"street_lamp","zone":"traffic"}},
{"type":"Feature","geometry":{"type":"Point","coordinates":[-92.807059,45.057081]},"properties":{"osm":"node/13730409301","vendor":"flock","city":"2395969","manufacturer":"Flock Safety","direction":"51;0;286","mount":"street_lamp","zone":"traffic"}},
{"type":"Feature","geometry":{"type":"Point","coordinates":[-92.805204,45.056815]},"properties":{"osm":"node/13730412901","vendor":"flock","city":"2395969","manufacturer":"Flock Safety","direction":"359;51;114;158;0","mount":"wall","zone":"traffic"}},
{"type":"Feature","geometry":{"type":"Point","coordinates":[-92.804886,45.05628]},"properties":{"osm":"node/13730413701","vendor":"flock","city":"2395969","manufacturer":"Flock Safety","direction":"166;103;34","mount":"wall","zone":"traffic"}},
{"type":"Feature","geometry":{"type":"Point","coordinates":[-92.804202,45.054517]},"properties":{"osm":"node/13730414101","vendor":"flock","city":"2395969","manufacturer":"Flock Safety","direction":"252;318;25;96;0","mount":"street_lamp","zone":"traffic"}},
{"type":"Feature","geometry":{"type":"Point","coordinates":[-92.808806,45.056151]},"properties":{"osm":"node/13730436502","vendor":"flock","city":"2395969","manufacturer":"Flock Safety","direction":"103;172;238","zone":"traffic"}},
{"type":"Feature","geometry":{"type":"Point","coordinates":[-92.808438,45.055372]},"properties":{"osm":"node/13730444501","vendor":"flock","city":"2395969","manufacturer":"Flock Safety","direction":"108;168;236","mount":"street_lamp","zone":"traffic"}},
{"type":"Feature","geometry":{"type":"Point","coordinates":[-92.808337,45.054186]},"properties":{"osm":"node/13730444801","vendor":"flock","city":"2395969","manufacturer":"Flock Safety","direction":"298;10;77;136","mount":"street_lamp","zone":"traffic"}},
{"type":"Feature","geometry":{"type":"Point","coordinates":[-92.850248,45.032753]},"properties":{"osm":"node/13730476801","vendor":"flock","city":"2395285","manufacturer":"Flock Safety","direction":"34;101;166;230","mount":"pole","zone":"traffic"}},
{"type":"Feature","geometry":{"type":"Point","coordinates":[-92.847746,45.035155]},"properties":{"osm":"node/13730477101","vendor":"flock","city":"2395285","manufacturer":"Flock Safety","direction":"318;22;80;136;197","mount":"pole","zone":"traffic"}},
{"type":"Feature","geometry":{"type":"Point","coordinates":[-92.862836,44.992332]},"properties":{"osm":"node/13730506401","vendor":"flock","city":"665966","manufacturer":"Flock Safety","direction":"0","mount":"pole","zone":"traffic"}},
{"type":"Feature","geometry":{"type":"Point","coordinates":[-92.862816,44.992731]},"properties":{"osm":"node/13730506402","vendor":"flock","city":"663529","manufacturer":"Flock Safety","direction":"179","mount":"pole","zone":"traffic"}},
{"type":"Feature","geometry":{"type":"Point","coordinates":[-92.862501,44.99256]},"properties":{"osm":"node/13730512301","vendor":"flock","city":"665966","manufacturer":"Flock Safety","direction":"266","mount":"pole","zone":"traffic"}},
{"type":"Feature","geometry":{"type":"Point","coordinates":[-92.863143,44.99256]},"properties":{"osm":"node/13730513101","vendor":"flock","city":"2395589","manufacturer":"Flock Safety","direction":"98","mount":"pole","zone":"traffic"}},
{"type":"Feature","geometry":{"type":"Point","coordinates":[-92.862614,44.992707]},"properties":{"osm":"node/13730542801","vendor":"flock","city":"663529","manufacturer":"Flock Safety","direction":"0;69;126;184;245;302","mount":"pole","zone":"traffic"}},
{"type":"Feature","geometry":{"type":"Point","coordinates":[-92.932113,44.93813]},"properties":{"osm":"node/13730547503","vendor":"flock","city":"2397369","manufacturer":"Flock Safety","direction":"0","mount":"pole","zone":"traffic"}},
{"type":"Feature","geometry":{"type":"Point","coordinates":[-93.421467,44.853812]},"properties":{"osm":"node/13730691803","vendor":"flock","city":"2394614","manufacturer":"Flock Safety","direction":"193","zone":"traffic"}},
{"type":"Feature","geometry":{"type":"Point","coordinates":[-93.389816,45.215864]},"properties":{"osm":"node/13733340202","vendor":"flock","city":"2393964","manufacturer":"Flock Safety","direction":"203","zone":"traffic"}},
{"type":"Feature","geometry":{"type":"Point","coordinates":[-93.006592,45.279579]},"properties":{"osm":"node/13738441501","vendor":"flock","city":"2394789","manufacturer":"Flock Safety","direction":"326","zone":"traffic"}},
{"type":"Feature","geometry":{"type":"Point","coordinates":[-93.00912,45.281122]},"properties":{"osm":"node/13738475101","vendor":"flock","city":"2394789","manufacturer":"Flock Safety","operator":"The Home Depot","direction":"108","mount":"pole","zone":"traffic"}},
{"type":"Feature","geometry":{"type":"Point","coordinates":[-93.00912,45.281122]},"properties":{"osm":"node/13738532401","vendor":"flock","city":"2394789","manufacturer":"Flock Safety","operator":"The Home Depot","direction":"108","mount":"pole","zone":"traffic"}},
{"type":"Feature","geometry":{"type":"Point","coordinates":[-93.339668,45.059802]},"properties":{"osm":"node/13740136442","vendor":"flock","city":"2393683","manufacturer":"Flock Safety","direction":"200","zone":"traffic"}},
{"type":"Feature","geometry":{"type":"Point","coordinates":[-93.217247,44.643616]},"properties":{"osm":"node/13743189201","vendor":"flock","city":"2395614","manufacturer":"Flock Safety","direction":"342","zone":"traffic"}},
{"type":"Feature","geometry":{"type":"Point","coordinates":[-93.279887,44.749894]},"properties":{"osm":"node/13746936001","vendor":"flock","city":"2393472","manufacturer":"Flock Safety","direction":"334","zone":"traffic"}},
{"type":"Feature","geometry":{"type":"Point","coordinates":[-93.279904,44.750077]},"properties":{"osm":"node/13746936002","vendor":"flock","city":"2393472","manufacturer":"Flock Safety","direction":"195;263","zone":"traffic"}},
{"type":"Feature","geometry":{"type":"Point","coordinates":[-93.279473,44.713592]},"properties":{"osm":"node/13751189982","vendor":"flock","city":"2395614","manufacturer":"Flock Safety","direction":"150","zone":"traffic"}},
{"type":"Feature","geometry":{"type":"Point","coordinates":[-93.293259,44.645088]},"properties":{"osm":"node/13751428401","vendor":"flock","city":"2395614","manufacturer":"Flock Safety","direction":"90","zone":"traffic"}},
{"type":"Feature","geometry":{"type":"Point","coordinates":[-93.217727,44.713205]},"properties":{"osm":"node/13755566201","vendor":"flock","city":"2395614","manufacturer":"Flock Safety","direction":"200","zone":"traffic"}},
{"type":"Feature","geometry":{"type":"Point","coordinates":[-93.288896,44.699469]},"properties":{"osm":"node/13762151301","vendor":"flock","city":"2395614","manufacturer":"Flock Safety","direction":"330","mount":"pole","zone":"traffic"}},
{"type":"Feature","geometry":{"type":"Point","coordinates":[-93.296971,44.714361]},"properties":{"osm":"node/13764917401","vendor":"flock","city":"2395614","manufacturer":"Flock Safety","direction":"133","mount":"pole","zone":"traffic"}},
{"type":"Feature","geometry":{"type":"Point","coordinates":[-93.300679,44.652302]},"properties":{"osm":"node/13767095501","vendor":"flock","city":"2395614","manufacturer":"Flock Safety","direction":"63","mount":"pole","zone":"traffic"}},
{"type":"Feature","geometry":{"type":"Point","coordinates":[-93.425459,44.857954]},"properties":{"osm":"node/13772879601","vendor":"motorola","city":"2394614","manufacturer":"Motorola Solutions","direction":"88","zone":"traffic"}},
{"type":"Feature","geometry":{"type":"Point","coordinates":[-93.3998,45.021941]},"properties":{"osm":"node/13775321184","vendor":"flock","city":"2395201","manufacturer":"Flock Safety","direction":"55","mount":"traffic_signals","zone":"street"}},
{"type":"Feature","geometry":{"type":"Point","coordinates":[-93.392768,45.078154]},"properties":{"osm":"node/13775865901","vendor":"flock","city":"2393429","manufacturer":"Flock Safety","operator":"The Home Depot","direction":"226","mount":"street_lamp","zone":"traffic"}},
{"type":"Feature","geometry":{"type":"Point","coordinates":[-93.177071,44.716683]},"properties":{"osm":"node/13778539401","vendor":"flock","city":"2395614","manufacturer":"Flock Safety","direction":"163","mount":"pole","zone":"traffic"}},
{"type":"Feature","geometry":{"type":"Point","coordinates":[-93.039981,45.040176]},"properties":{"osm":"node/13784824501","vendor":"flock","city":"2397106","manufacturer":"Flock Safety","direction":"0","zone":"traffic"}},
{"type":"Feature","geometry":{"type":"Point","coordinates":[-92.958348,45.000607]},"properties":{"osm":"node/13785503301","vendor":"other","city":"2395287","manufacturer":"Neology, Inc.","direction":"335","zone":"traffic"}},
{"type":"Feature","geometry":{"type":"Point","coordinates":[-93.064006,45.03737]},"properties":{"osm":"node/13785506101","vendor":"other","city":"2397106","manufacturer":"Neology, Inc.","direction":"42","zone":"traffic"}},
{"type":"Feature","geometry":{"type":"Point","coordinates":[-93.165585,45.06631]},"properties":{"osm":"node/13785520201","vendor":"other","city":"2393979","manufacturer":"Neology, Inc.","direction":"170","zone":"traffic"}},
{"type":"Feature","geometry":{"type":"Point","coordinates":[-93.19307,45.066991]},"properties":{"osm":"node/13785523201","vendor":"other","city":"2395187","manufacturer":"Neology, Inc.","direction":"120","mount":"street_lamp","zone":"traffic"}},
{"type":"Feature","geometry":{"type":"Point","coordinates":[-93.218391,45.06528]},"properties":{"osm":"node/13785524501","vendor":"other","city":"2395187","manufacturer":"Neology, Inc.","direction":"133","mount":"street_lamp","zone":"traffic"}},
{"type":"Feature","geometry":{"type":"Point","coordinates":[-93.23649,45.066439]},"properties":{"osm":"node/13785530901","vendor":"other","city":"2394826","manufacturer":"Neology, Inc.","direction":"131","mount":"pole","zone":"traffic"}},
{"type":"Feature","geometry":{"type":"Point","coordinates":[-92.932022,44.817871]},"properties":{"osm":"node/13785969301","vendor":"flock","city":"2393644","manufacturer":"Flock Safety","direction":"286","zone":"traffic"}},
{"type":"Feature","geometry":{"type":"Point","coordinates":[-92.883342,44.860429]},"properties":{"osm":"node/13785969901","vendor":"flock","city":"2393644","manufacturer":"Flock Safety","direction":"159","zone":"traffic"}},
{"type":"Feature","geometry":{"type":"Point","coordinates":[-92.943695,44.873717]},"properties":{"osm":"node/13785971401","vendor":"flock","city":"2397369","manufacturer":"Flock Safety","direction":"336","zone":"traffic"}},
{"type":"Feature","geometry":{"type":"Point","coordinates":[-92.931178,44.81696]},"properties":{"osm":"node/13785971402","vendor":"flock","city":"2393644","manufacturer":"Flock Safety","direction":"177","zone":"traffic"}},
{"type":"Feature","geometry":{"type":"Point","coordinates":[-92.921994,44.84704]},"properties":{"osm":"node/13785972601","vendor":"flock","city":"2393644","manufacturer":"Flock Safety","direction":"164","zone":"traffic"}},
{"type":"Feature","geometry":{"type":"Point","coordinates":[-92.958976,44.832102]},"properties":{"osm":"node/13785973401","vendor":"flock","city":"2393644","manufacturer":"Flock Safety","direction":"111","zone":"traffic"}},
{"type":"Feature","geometry":{"type":"Point","coordinates":[-92.959317,44.830462]},"properties":{"osm":"node/13785974101","vendor":"flock","city":"2393644","manufacturer":"Flock Safety","direction":"30","zone":"traffic"}},
{"type":"Feature","geometry":{"type":"Point","coordinates":[-92.929145,44.814611]},"properties":{"osm":"node/13785974102","vendor":"flock","city":"2393644","manufacturer":"Flock Safety","direction":"241","zone":"traffic"}},
{"type":"Feature","geometry":{"type":"Point","coordinates":[-92.852749,44.735368]},"properties":{"osm":"node/13785974103","vendor":"motorola","city":"2394320","manufacturer":"Motorola Solutions","direction":"254","zone":"traffic"}},
{"type":"Feature","geometry":{"type":"Point","coordinates":[-92.930031,44.816671]},"properties":{"osm":"node/13785974401","vendor":"flock","city":"2393644","manufacturer":"Flock Safety","direction":"148","zone":"traffic"}},
{"type":"Feature","geometry":{"type":"Point","coordinates":[-92.852866,44.7444]},"properties":{"osm":"node/13785975101","vendor":"motorola","city":"2394320","manufacturer":"Motorola Solutions","direction":"150","zone":"traffic"}},
{"type":"Feature","geometry":{"type":"Point","coordinates":[-92.934256,44.979697]},"properties":{"osm":"node/13791128503","vendor":"flock","city":"2395589","manufacturer":"Flock Safety","direction":"287","zone":"traffic"}},
{"type":"Feature","geometry":{"type":"Point","coordinates":[-92.778464,44.743272]},"properties":{"osm":"node/13810125901","vendor":"flock","city":null,"manufacturer":"Flock Safety","direction":"233","zone":"traffic"}},
{"type":"Feature","geometry":{"type":"Point","coordinates":[-93.337453,45.210562]},"properties":{"osm":"node/13826036001","vendor":"flock","city":"2393628","manufacturer":"Flock Safety","direction":"250","zone":"traffic"}},
{"type":"Feature","geometry":{"type":"Point","coordinates":[-93.339238,45.209586]},"properties":{"osm":"node/13826036901","vendor":"flock","city":"2393628","manufacturer":"Flock Safety","direction":"226","zone":"traffic"}},
{"type":"Feature","geometry":{"type":"Point","coordinates":[-93.289978,44.681206]},"properties":{"osm":"node/13829892201","vendor":"flock","city":"2395614","manufacturer":"Flock Safety","direction":"56","mount":"pole","zone":"traffic"}},
{"type":"Feature","geometry":{"type":"Point","coordinates":[-93.2804,44.750471]},"properties":{"osm":"node/13831320301","vendor":"flock","city":"2393472","manufacturer":"Flock Safety","direction":"123","zone":"traffic"}},
{"type":"Feature","geometry":{"type":"Point","coordinates":[-93.2804,44.750471]},"properties":{"osm":"node/13831320401","vendor":"flock","city":"2393472","manufacturer":"Flock Safety","direction":"226","zone":"traffic"}},
{"type":"Feature","geometry":{"type":"Point","coordinates":[-93.295669,44.681478]},"properties":{"osm":"node/13831341601","vendor":"flock","city":"2395614","manufacturer":"Flock Safety","direction":"201","zone":"traffic"}},
{"type":"Feature","geometry":{"type":"Point","coordinates":[-93.299428,44.64547]},"properties":{"osm":"node/13831351401","vendor":"flock","city":"2395614","manufacturer":"Flock Safety","direction":"262","zone":"traffic"}},
{"type":"Feature","geometry":{"type":"Point","coordinates":[-93.219217,44.69168]},"properties":{"osm":"node/13831376001","vendor":"flock","city":"2395614","manufacturer":"Flock Safety","direction":"252","zone":"traffic"}},
{"type":"Feature","geometry":{"type":"Point","coordinates":[-93.31142,44.681185]},"properties":{"osm":"node/13831376405","vendor":"flock","city":"2395614","manufacturer":"Flock Safety","direction":"76","zone":"traffic"}},
{"type":"Feature","geometry":{"type":"Point","coordinates":[-93.550897,44.759775]},"properties":{"osm":"node/13831533801","vendor":"flock","city":"664569","manufacturer":"Flock Safety","direction":"73","zone":"traffic"}},
{"type":"Feature","geometry":{"type":"Point","coordinates":[-93.380755,44.936676]},"properties":{"osm":"node/13836822601","vendor":"flock","city":"2396500","manufacturer":"Flock Safety","direction":"325","zone":"traffic"}},
{"type":"Feature","geometry":{"type":"Point","coordinates":[-93.336254,44.946724]},"properties":{"osm":"node/13863529482","vendor":"flock","city":"2396500","manufacturer":"Flock Safety","direction":"220","zone":"traffic"}},
{"type":"Feature","geometry":{"type":"Point","coordinates":[-93.350563,45.197349]},"properties":{"osm":"node/13867897001","vendor":"flock","city":"2393628","manufacturer":"Flock Safety","direction":"166","zone":"traffic"}},
{"type":"Feature","geometry":{"type":"Point","coordinates":[-93.250188,44.887135]},"properties":{"osm":"node/13874030701","vendor":"flock","city":"2396362","manufacturer":"Flock Safety","direction":"41;326","zone":"traffic"}},
{"type":"Feature","geometry":{"type":"Point","coordinates":[-93.600403,44.830449]},"properties":{"osm":"node/13879012702","vendor":"flock","city":"2393809","manufacturer":"Flock Safety","direction":"288","zone":"traffic"}},
{"type":"Feature","geometry":{"type":"Point","coordinates":[-93.044061,44.976829]},"properties":{"osm":"node/13879037601","vendor":"flock","city":"2396511","manufacturer":"Flock Safety","direction":"0","zone":"traffic"}},
{"type":"Feature","geometry":{"type":"Point","coordinates":[-93.25262,44.892442]},"properties":{"osm":"node/13882609729","vendor":"flock","city":"664202","manufacturer":"Flock Safety","direction":"170","zone":"traffic"}},
{"type":"Feature","geometry":{"type":"Point","coordinates":[-93.329787,44.940161]},"properties":{"osm":"node/13889702601","vendor":"flock","city":"2396500","manufacturer":"Flock Safety","direction":"199","mount":"backside of speed limit sign","zone":"traffic"}},
{"type":"Feature","geometry":{"type":"Point","coordinates":[-93.371658,45.060619]},"properties":{"osm":"node/13889974002","vendor":"flock","city":"2393683","manufacturer":"Flock Safety","direction":"125","mount":"pole","zone":"traffic"}},
{"type":"Feature","geometry":{"type":"Point","coordinates":[-92.735414,44.960535]},"properties":{"osm":"node/13902422201","vendor":"flock","city":null,"manufacturer":"Flock Safety","direction":"222","mount":"pole","zone":"traffic"}},
{"type":"Feature","geometry":{"type":"Point","coordinates":[-93.290082,44.681696]},"properties":{"osm":"node/13902751702","vendor":"flock","city":"2395614","manufacturer":"Flock Safety","direction":"326","zone":"traffic"}},
{"type":"Feature","geometry":{"type":"Point","coordinates":[-93.28273,44.749009]},"properties":{"osm":"node/13905342501","vendor":"flock","city":"2393472","manufacturer":"Flock Safety","direction":"116","zone":"traffic"}},
{"type":"Feature","geometry":{"type":"Point","coordinates":[-93.525573,44.911273]},"properties":{"osm":"node/13910969724","vendor":"flock","city":"2394486","manufacturer":"Flock Safety","direction":"310","zone":"traffic"}},
{"type":"Feature","geometry":{"type":"Point","coordinates":[-92.73543,44.957736]},"properties":{"osm":"node/13922675001","vendor":"flock","city":null,"manufacturer":"Flock Safety","direction":"328","mount":"street_lamp","zone":"traffic"}},
{"type":"Feature","geometry":{"type":"Point","coordinates":[-93.21679,44.971691]},"properties":{"osm":"node/13923122060","vendor":"flock","city":"2395345","manufacturer":"Flock Safety","direction":"280","zone":"traffic"}},
{"type":"Feature","geometry":{"type":"Point","coordinates":[-93.606819,44.893101]},"properties":{"osm":"node/13932087802","vendor":"other","city":"2395877","manufacturer":"Axis Communications","direction":"172","mount":"street_lamp","zone":"traffic"}},
{"type":"Feature","geometry":{"type":"Point","coordinates":[-93.005177,45.009584]},"properties":{"osm":"node/13941081601","vendor":"flock","city":"2395261","manufacturer":"Flock Safety","direction":"148","zone":"traffic"}},
{"type":"Feature","geometry":{"type":"Point","coordinates":[-93.2183,44.643391]},"properties":{"osm":"node/13946550001","vendor":"flock","city":"2395614","manufacturer":"Flock Safety","direction":"258","mount":"street_lamp","zone":"traffic"}},
{"type":"Feature","geometry":{"type":"Point","coordinates":[-93.267844,44.894273]},"properties":{"osm":"node/13946692201","vendor":"flock","city":"2395345","manufacturer":"Flock Safety","direction":"88","zone":"traffic"}},
{"type":"Feature","geometry":{"type":"Point","coordinates":[-93.278053,44.919705]},"properties":{"osm":"node/13950989901","vendor":"flock","city":"2395345","manufacturer":"Flock Safety","direction":"177","zone":"traffic"}},
{"type":"Feature","geometry":{"type":"Point","coordinates":[-93.197182,44.92322]},"properties":{"osm":"node/13951021581","vendor":"flock","city":"2396511","manufacturer":"Flock Safety","operator":"Temple of Aaron","direction":"60","zone":"traffic"}},
{"type":"Feature","geometry":{"type":"Point","coordinates":[-93.277596,44.995448]},"properties":{"osm":"node/13954450102","vendor":"flock","city":"2395345","manufacturer":"Flock Safety","direction":"0","zone":"traffic"}},
{"type":"Feature","geometry":{"type":"Point","coordinates":[-93.29859,44.998184]},"properties":{"osm":"node/13954566501","vendor":"genetec","city":"2395345","manufacturer":"Genetec","direction":"0","zone":"traffic"}},
{"type":"Feature","geometry":{"type":"Point","coordinates":[-92.90364,44.847655]},"properties":{"osm":"node/13956128301","vendor":"flock","city":"2393644","manufacturer":"Flock Safety","direction":"156","zone":"traffic"}},
{"type":"Feature","geometry":{"type":"Point","coordinates":[-93.288357,44.967006]},"properties":{"osm":"node/13956318201","vendor":"flock","city":"2395345","manufacturer":"Flock Safety","operator":"The Home Depot","direction":"201","mount":"pole","zone":"traffic"}},
{"type":"Feature","geometry":{"type":"Point","coordinates":[-93.288357,44.967005]},"properties":{"osm":"node/13956324001","vendor":"flock","city":"2395345","manufacturer":"Flock Safety","direction":"152","zone":"traffic"}},
{"type":"Feature","geometry":{"type":"Point","coordinates":[-93.237409,44.981063]},"properties":{"osm":"node/13956749401","vendor":"flock","city":"2395345","manufacturer":"Flock Safety","direction":"329","zone":"traffic"}},
{"type":"Feature","geometry":{"type":"Point","coordinates":[-93.017486,45.038599]},"properties":{"osm":"node/13958028401","vendor":"flock","city":"2397299","manufacturer":"Flock Safety","direction":"0","mount":"pole","zone":"traffic"}},
{"type":"Feature","geometry":{"type":"Point","coordinates":[-93.511573,44.857196]},"properties":{"osm":"node/13959917401","vendor":"motorola","city":"2394614","manufacturer":"Motorola Solutions","direction":"163","zone":"traffic"}},
{"type":"Feature","geometry":{"type":"Point","coordinates":[-93.254796,45.175449]},"properties":{"osm":"node/13968789043","vendor":"unknown","city":"2394183","mount":"pole","zone":"traffic"}},
{"type":"Feature","geometry":{"type":"Point","coordinates":[-93.239193,44.985556]},"properties":{"osm":"node/13969110701","vendor":"flock","city":"2395345","manufacturer":"Flock Safety","direction":"165","zone":"traffic"}},
{"type":"Feature","geometry":{"type":"Point","coordinates":[-93.288839,44.7455]},"properties":{"osm":"node/13970647001","vendor":"flock","city":"2393472","manufacturer":"Flock Safety","direction":"266","zone":"traffic"}},
{"type":"Feature","geometry":{"type":"Point","coordinates":[-93.271719,44.71213]},"properties":{"osm":"node/13970908302","vendor":"flock","city":"2395614","manufacturer":"Flock Safety","direction":"27","zone":"traffic"}},
{"type":"Feature","geometry":{"type":"Point","coordinates":[-93.271391,44.712103]},"properties":{"osm":"node/13970909201","vendor":"flock","city":"2395614","manufacturer":"Flock Safety","direction":"341","zone":"traffic"}},
{"type":"Feature","geometry":{"type":"Point","coordinates":[-93.271725,44.712033]},"properties":{"osm":"node/13970912001","vendor":"motorola","city":"2395614","manufacturer":"Motorola Solutions","direction":"151","zone":"traffic"}},
{"type":"Feature","geometry":{"type":"Point","coordinates":[-93.271462,44.712037]},"properties":{"osm":"node/13970912002","vendor":"other","city":"2395614","manufacturer":"Axis Communications","direction":"188","zone":"traffic"}},
{"type":"Feature","geometry":{"type":"Point","coordinates":[-93.017673,45.013795]},"properties":{"osm":"node/13973765402","vendor":"flock","city":"2395846","manufacturer":"Flock Safety","operator":"The Home Depot","direction":"166","mount":"pole","zone":"traffic"}},
{"type":"Feature","geometry":{"type":"Point","coordinates":[-93.347218,44.963509]},"properties":{"osm":"node/13976487201","vendor":"flock","city":"2396500","manufacturer":"Flock Safety","direction":"256","mount":"street_lamp","zone":"traffic"}},
{"type":"Feature","geometry":{"type":"Point","coordinates":[-92.839201,45.058059]},"properties":{"osm":"node/13979236706","vendor":"flock","city":"2395969","manufacturer":"Flock Safety","direction":"240","zone":"traffic"}},
{"type":"Feature","geometry":{"type":"Point","coordinates":[-93.221162,44.965006]},"properties":{"osm":"node/13982985701","vendor":"flock","city":"2395345","manufacturer":"Flock Safety","direction":"303","zone":"traffic"}},
{"type":"Feature","geometry":{"type":"Point","coordinates":[-93.334787,44.964469]},"properties":{"osm":"node/13983632001","vendor":"flock","city":"2396500","manufacturer":"Flock Safety","direction":"63","zone":"traffic"}},
{"type":"Feature","geometry":{"type":"Point","coordinates":[-93.343588,44.956129]},"properties":{"osm":"node/13983841001","vendor":"flock","city":"2396500","manufacturer":"Flock Safety","direction":"237","zone":"traffic"}},
{"type":"Feature","geometry":{"type":"Point","coordinates":[-93.343548,44.95627]},"properties":{"osm":"node/13983842301","vendor":"flock","city":"2396500","manufacturer":"Flock Safety","direction":"257","mount":"pole","zone":"traffic"}},
{"type":"Feature","geometry":{"type":"Point","coordinates":[-92.985672,44.947246]},"properties":{"osm":"node/13987072701","vendor":"flock","city":"2395846","manufacturer":"Flock Safety","direction":"125","zone":"traffic"}},
{"type":"Feature","geometry":{"type":"Point","coordinates":[-93.37879,45.187814]},"properties":{"osm":"node/13988044501","vendor":"flock","city":"2393964","manufacturer":"Flock Safety","direction":"96","mount":"traffic_signals","zone":"traffic"}},
{"type":"Feature","geometry":{"type":"Point","coordinates":[-93.015045,45.015387]},"properties":{"osm":"node/13988656701","vendor":"flock","city":"2395261","manufacturer":"Flock Safety","direction":"227","zone":"traffic"}},
{"type":"Feature","geometry":{"type":"Point","coordinates":[-93.359017,44.984158]},"properties":{"osm":"node/13990921161","vendor":"flock","city":"2394924","manufacturer":"Flock Safety","direction":"25","zone":"traffic"}},
{"type":"Feature","geometry":{"type":"Point","coordinates":[-93.474026,44.997207]},"properties":{"osm":"node/13993270802","vendor":"flock","city":"2396242","manufacturer":"Flock Safety","direction":"132","mount":"street_lamp","zone":"traffic"}},
{"type":"Feature","geometry":{"type":"Point","coordinates":[-93.477485,44.996656]},"properties":{"osm":"node/13993273701","vendor":"flock","city":"2396242","manufacturer":"Flock Safety","direction":"47;310;160","zone":"traffic"}},
{"type":"Feature","geometry":{"type":"Point","coordinates":[-93.541467,45.282247]},"properties":{"osm":"node/13996490001","vendor":"genetec","city":"2394650","manufacturer":"Genetec","operator":"Metro Transit","direction":"311","mount":"pole","zone":"parking"}},
{"type":"Feature","geometry":{"type":"Point","coordinates":[-93.41186,44.811541]},"properties":{"osm":"node/14001679601","vendor":"flock","city":"2394614","manufacturer":"Flock Safety","direction":"152","zone":"traffic"}},
{"type":"Feature","geometry":{"type":"Point","coordinates":[-93.503597,44.847807]},"properties":{"osm":"node/14002332201","vendor":"motorola","city":"2394614","manufacturer":"Motorola Solutions","direction":"141","zone":"traffic"}},
{"type":"Feature","geometry":{"type":"Point","coordinates":[-93.41161,44.811083]},"properties":{"osm":"node/14002738303","vendor":"flock","city":"2394614","manufacturer":"Flock Safety","direction":"0","zone":"traffic"}},
{"type":"Feature","geometry":{"type":"Point","coordinates":[-93.735899,45.087103]},"properties":{"osm":"node/14003028901","vendor":"flock","city":"2396406","manufacturer":"Flock Safety","operator":"Wright County Sheriffs Office","direction":"199","mount":"traffic_signals","zone":"traffic"}},
{"type":"Feature","geometry":{"type":"Point","coordinates":[-93.291531,45.140352]},"properties":{"osm":"node/14004133428","vendor":"flock","city":"2393628","manufacturer":"Flock Safety","direction":"310","zone":"traffic"}},
{"type":"Feature","geometry":{"type":"Point","coordinates":[-93.277947,45.141505]},"properties":{"osm":"node/14004493476","vendor":"flock","city":"2393628","manufacturer":"Flock Safety","direction":"202","zone":"traffic"}},
{"type":"Feature","geometry":{"type":"Point","coordinates":[-93.217677,44.971066]},"properties":{"osm":"node/14004515201","vendor":"flock","city":"2395345","manufacturer":"Flock Safety","direction":"0","mount":"pole","zone":"traffic"}},
{"type":"Feature","geometry":{"type":"Point","coordinates":[-93.01994,45.01547]},"properties":{"osm":"node/14017705001","vendor":"flock","city":"2395846","manufacturer":"Flock Safety","direction":"26","zone":"traffic"}},
{"type":"Feature","geometry":{"type":"Point","coordinates":[-93.017432,45.015624]},"properties":{"osm":"node/14017707701","vendor":"flock","city":"2395846","manufacturer":"Flock Safety","direction":"250","mount":"post","zone":"traffic"}},
{"type":"Feature","geometry":{"type":"Point","coordinates":[-93.523407,45.052011]},"properties":{"osm":"node/14018869798","vendor":"unknown","city":"2395084","direction":"100","zone":"outdoor"}},
{"type":"Feature","geometry":{"type":"Point","coordinates":[-93.2764,45.071091]},"properties":{"osm":"node/14020142501","vendor":"flock","city":"2394826","manufacturer":"Flock Safety","direction":"0","zone":"traffic"}},
{"type":"Feature","geometry":{"type":"Point","coordinates":[-93.28616,45.07449]},"properties":{"osm":"node/14020148401","vendor":"flock","city":"2393428","manufacturer":"Flock Safety","direction":"52","zone":"traffic"}},
{"type":"Feature","geometry":{"type":"Point","coordinates":[-93.093244,44.957043]},"properties":{"osm":"node/14022088901","vendor":"genetec","city":"2396511","manufacturer":"Genetec","direction":"298","zone":"traffic"}},
{"type":"Feature","geometry":{"type":"Point","coordinates":[-93.093061,44.955874]},"properties":{"osm":"node/14022090101","vendor":"genetec","city":"2396511","manufacturer":"Genetec","direction":"117","zone":"traffic"}},
{"type":"Feature","geometry":{"type":"Point","coordinates":[-93.095655,44.955657]},"properties":{"osm":"node/14022090102","vendor":"genetec","city":"2396511","manufacturer":"Genetec","direction":"244","zone":"traffic"}},
{"type":"Feature","geometry":{"type":"Point","coordinates":[-93.094329,44.95449]},"properties":{"osm":"node/14022092501","vendor":"genetec","city":"2396511","manufacturer":"Genetec","direction":"137","zone":"traffic"}},
{"type":"Feature","geometry":{"type":"Point","coordinates":[-93.092748,44.956706]},"properties":{"osm":"node/14022096701","vendor":"genetec","city":"2396511","manufacturer":"Genetec","direction":"146","zone":"traffic"}},
{"type":"Feature","geometry":{"type":"Point","coordinates":[-93.019223,45.286343]},"properties":{"osm":"node/14022998501","vendor":"flock","city":"2394789","manufacturer":"Flock Safety","direction":"0","zone":"traffic"}},
{"type":"Feature","geometry":{"type":"Point","coordinates":[-93.273724,44.99274]},"properties":{"osm":"node/14023336001","vendor":"genetec","city":"2395345","manufacturer":"Genetec","direction":"66","zone":"traffic"}},
{"type":"Feature","geometry":{"type":"Point","coordinates":[-93.274002,44.992862]},"properties":{"osm":"node/14023336201","vendor":"genetec","city":"2395345","manufacturer":"Genetec","direction":"246","zone":"traffic"}},
{"type":"Feature","geometry":{"type":"Point","coordinates":[-93.32028,45.014003]},"properties":{"osm":"node/14023710598","vendor":"flock","city":"2396388","manufacturer":"Flock Safety","direction":"265","zone":"traffic"}},
{"type":"Feature","geometry":{"type":"Point","coordinates":[-92.807528,45.039432]},"properties":{"osm":"node/14024434403","vendor":"flock","city":"2395969","manufacturer":"Flock Safety","direction":"343","mount":"street_lamp","zone":"traffic"}},
{"type":"Feature","geometry":{"type":"Point","coordinates":[-92.807698,45.039388]},"properties":{"osm":"node/14024436402","vendor":"flock","city":"2395969","manufacturer":"Flock Safety","direction":"162","mount":"pole","zone":"traffic"}},
{"type":"Feature","geometry":{"type":"Point","coordinates":[-93.30033,45.087434]},"properties":{"osm":"node/14024786201","vendor":"flock","city":"2393429","manufacturer":"Flock Safety","direction":"211;324","zone":"traffic"}},
{"type":"Feature","geometry":{"type":"Point","coordinates":[-93.380172,45.007628]},"properties":{"osm":"node/14024788802","vendor":"flock","city":"2395201","manufacturer":"Flock Safety","direction":"329;202","zone":"traffic"}},
{"type":"Feature","geometry":{"type":"Point","coordinates":[-93.200492,44.730881]},"properties":{"osm":"node/14024967601","vendor":"flock","city":"2393967","manufacturer":"Flock Safety","operator":"The Home Depot","direction":"18","mount":"pole","zone":"traffic"}},
{"type":"Feature","geometry":{"type":"Point","coordinates":[-93.198552,44.73105]},"properties":{"osm":"node/14024972201","vendor":"flock","city":"2393967","manufacturer":"Flock Safety","operator":"The Home Depot","direction":"318","mount":"pole","zone":"traffic"}},
{"type":"Feature","geometry":{"type":"Point","coordinates":[-93.166427,44.999059]},"properties":{"osm":"node/14025053401","vendor":"motorola","city":"2396435","manufacturer":"Motorola Solutions","direction":"226","zone":"traffic"}},
{"type":"Feature","geometry":{"type":"Point","coordinates":[-93.166584,44.998952]},"properties":{"osm":"node/14025053801","vendor":"motorola","city":"2394738","manufacturer":"Motorola Solutions","direction":"0","zone":"traffic"}},
{"type":"Feature","geometry":{"type":"Point","coordinates":[-93.479823,45.135431]},"properties":{"osm":"node/14025129101","vendor":"flock","city":"2395838","manufacturer":"Flock Safety","operator":"The Home Depot","direction":"28","mount":"pole","zone":"traffic"}},
{"type":"Feature","geometry":{"type":"Point","coordinates":[-93.295212,44.960847]},"properties":{"osm":"node/14025273178","vendor":"flock","city":"2395345","manufacturer":"Flock Safety","direction":"250","zone":"parking"}},
{"type":"Feature","geometry":{"type":"Point","coordinates":[-93.295379,44.96085]},"properties":{"osm":"node/14025273180","vendor":"flock","city":"2395345","manufacturer":"Flock Safety","direction":"180","zone":"parking"}},
{"type":"Feature","geometry":{"type":"Point","coordinates":[-92.958697,44.741776]},"properties":{"osm":"node/14026482002","vendor":"flock","city":"665126","manufacturer":"Flock Safety","direction":"73","mount":"pole","zone":"traffic"}},
{"type":"Feature","geometry":{"type":"Point","coordinates":[-93.233511,45.168021]},"properties":{"osm":"node/14028915676","vendor":"flock","city":"2394183","manufacturer":"Flock Safety","direction":"70","zone":"traffic"}},
{"type":"Feature","geometry":{"type":"Point","coordinates":[-93.218488,44.643403]},"properties":{"osm":"node/14029882101","vendor":"flock","city":"2395614","manufacturer":"Flock Safety","direction":"248","zone":"traffic"}},
{"type":"Feature","geometry":{"type":"Point","coordinates":[-93.235892,45.004525]},"properties":{"osm":"node/14029918929","vendor":"other","city":"2395345","manufacturer":"Insight LPR","operator":"Minneapolis Police Department","direction":"80","mount":"traffic_signal","zone":"traffic"}},
{"type":"Feature","geometry":{"type":"Point","coordinates":[-93.287982,44.883229]},"properties":{"osm":"node/14029956201","vendor":"flock","city":"2396362","manufacturer":"Flock Safety","direction":"276","zone":"traffic"}},
{"type":"Feature","geometry":{"type":"Point","coordinates":[-92.95494,44.834133]},"properties":{"osm":"node/14031724501","vendor":"flock","city":"2393644","manufacturer":"Flock Safety","direction":"256","zone":"traffic"}},
{"type":"Feature","geometry":{"type":"Point","coordinates":[-93.287981,44.883231]},"properties":{"osm":"node/14031980401","vendor":"flock","city":"2396362","manufacturer":"Flock Safety","direction":"90","zone":"traffic"}},
{"type":"Feature","geometry":{"type":"Point","coordinates":[-93.663519,45.244196]},"properties":{"osm":"node/14031984401","vendor":"flock","city":"2393904","manufacturer":"Flock Safety","operator":"Wright County Sheriffs Office","direction":"284","zone":"traffic"}},
{"type":"Feature","geometry":{"type":"Point","coordinates":[-93.121247,44.952051]},"properties":{"osm":"node/14040359401","vendor":"genetec","city":"2396511","manufacturer":"Genetec","direction":"233","mount":"pole","zone":"traffic"}},
{"type":"Feature","geometry":{"type":"Point","coordinates":[-93.264342,44.85152]},"properties":{"osm":"node/14040620701","vendor":"flock","city":"2394198","manufacturer":"Flock Safety","direction":"278","zone":"traffic"}},
{"type":"Feature","geometry":{"type":"Point","coordinates":[-93.264393,44.851507]},"properties":{"osm":"node/14040620702","vendor":"flock","city":"2394198","manufacturer":"Flock Safety","direction":"84","zone":"traffic"}},
{"type":"Feature","geometry":{"type":"Point","coordinates":[-93.223995,44.87629]},"properties":{"osm":"node/14040880337","vendor":"unknown","city":"664202","operator":"Airport Police Department","direction":"285","mount":"gantry","zone":"traffic"}},
{"type":"Feature","geometry":{"type":"Point","coordinates":[-93.198777,44.879285]},"properties":{"osm":"node/14040902028","vendor":"unknown","city":"664202","operator":"Airport Police Department","direction":"300","mount":"gantry","zone":"traffic"}},
{"type":"Feature","geometry":{"type":"Point","coordinates":[-93.198502,44.8789]},"properties":{"osm":"node/14040904997","vendor":"unknown","city":"664202","operator":"Airport Police Department","direction":"110","mount":"gantry","zone":"traffic"}},
{"type":"Feature","geometry":{"type":"Point","coordinates":[-93.265611,44.851628]},"properties":{"osm":"node/14045960401","vendor":"flock","city":"2394198","manufacturer":"Flock Safety","direction":"184","zone":"traffic"}},
{"type":"Feature","geometry":{"type":"Point","coordinates":[-93.125875,44.992087]},"properties":{"osm":"node/14049808705","vendor":"flock","city":"2396435","manufacturer":"Flock Safety","direction":"342","mount":"pole","zone":"traffic"}},
{"type":"Feature","geometry":{"type":"Point","coordinates":[-93.330911,44.92684]},"properties":{"osm":"node/14049952001","vendor":"flock","city":"2394621","manufacturer":"Flock Safety","direction":"300","zone":"traffic"}},
{"type":"Feature","geometry":{"type":"Point","coordinates":[-93.516129,44.95012]},"properties":{"osm":"node/14051992202","vendor":"flock","city":"2397370","manufacturer":"Flock Safety","direction":"313","zone":"traffic"}},
{"type":"Feature","geometry":{"type":"Point","coordinates":[-93.262045,45.129383]},"properties":{"osm":"node/14053871501","vendor":"flock","city":"2394183","manufacturer":"Flock Safety","direction":"196","zone":"traffic"}},
{"type":"Feature","geometry":{"type":"Point","coordinates":[-93.227943,45.004511]},"properties":{"osm":"node/14053928076","vendor":"other","city":"2395345","manufacturer":"Insight LPR","operator":"Minneapolis Police Department","direction":"55","mount":"traffic_signal","zone":"traffic"}},
{"type":"Feature","geometry":{"type":"Point","coordinates":[-93.015863,45.079157]},"properties":{"osm":"node/14054136702","vendor":"other","city":"2397299","manufacturer":"Axis Communications","direction":"50","zone":"traffic"}},
{"type":"Feature","geometry":{"type":"Point","coordinates":[-93.019964,45.073595]},"properties":{"osm":"node/14054138901","vendor":"other","city":"2397299","manufacturer":"Axis Communications","direction":"182","zone":"traffic"}},
{"type":"Feature","geometry":{"type":"Point","coordinates":[-93.273146,45.013193]},"properties":{"osm":"node/14055242577","vendor":"other","city":"2395345","manufacturer":"Insight LPR","operator":"Minneapolis Police Department","direction":"100","mount":"traffic_signal","zone":"traffic"}},
{"type":"Feature","geometry":{"type":"Point","coordinates":[-93.274778,45.012998]},"properties":{"osm":"node/14055245020","vendor":"other","city":"2395345","manufacturer":"Insight LPR","operator":"Minneapolis Police Department","direction":"280","mount":"traffic_signal","zone":"traffic"}},
{"type":"Feature","geometry":{"type":"Point","coordinates":[-93.024514,45.064869]},"properties":{"osm":"node/14058680501","vendor":"other","city":"2397299","manufacturer":"Axis Communications","direction":"228","zone":"traffic"}},
{"type":"Feature","geometry":{"type":"Point","coordinates":[-93.065688,44.998901]},"properties":{"osm":"node/14060123001","vendor":"flock","city":"2395846","manufacturer":"Flock Safety","direction":"191","zone":"traffic"}},
{"type":"Feature","geometry":{"type":"Point","coordinates":[-93.087261,44.991884]},"properties":{"osm":"node/14060180101","vendor":"flock","city":"2396511","manufacturer":"Flock Safety","direction":"250","zone":"traffic"}},
{"type":"Feature","geometry":{"type":"Point","coordinates":[-93.262939,45.129793]},"properties":{"osm":"node/14061982201","vendor":"flock","city":"2394183","manufacturer":"Flock Safety","operator":"The Home Depot","direction":"178","mount":"pole","zone":"traffic"}},
{"type":"Feature","geometry":{"type":"Point","coordinates":[-93.264236,45.128079]},"properties":{"osm":"node/14061983002","vendor":"flock","city":"2394183","manufacturer":"Flock Safety","operator":"The Home Depot","direction":"29","mount":"pole","zone":"traffic"}},
{"type":"Feature","geometry":{"type":"Point","coordinates":[-93.263521,45.127771]},"properties":{"osm":"node/14061994302","vendor":"flock","city":"2394183","manufacturer":"Flock Safety","operator":"The Home Depot","direction":"1;72","mount":"pole","zone":"traffic"}},
{"type":"Feature","geometry":{"type":"Point","coordinates":[-93.420649,44.966733]},"properties":{"osm":"node/14062791502","vendor":"flock","city":"2395350","manufacturer":"Flock Safety","direction":"249","zone":"traffic"}},
{"type":"Feature","geometry":{"type":"Point","coordinates":[-93.251416,44.860321]},"properties":{"osm":"node/14062853903","vendor":"flock","city":"2394198","manufacturer":"Flock Safety","direction":"234","zone":"traffic"}},
{"type":"Feature","geometry":{"type":"Point","coordinates":[-93.251692,44.860223]},"properties":{"osm":"node/14062857401","vendor":"flock","city":"2394198","manufacturer":"Flock Safety","direction":"55","zone":"traffic"}},
{"type":"Feature","geometry":{"type":"Point","coordinates":[-92.979822,44.82611]},"properties":{"osm":"node/14066516801","vendor":"flock","city":"2393644","manufacturer":"Flock Safety","direction":"69","zone":"traffic"}},
{"type":"Feature","geometry":{"type":"Point","coordinates":[-92.997596,44.854456]},"properties":{"osm":"node/14066517701","vendor":"flock","city":"2396516","manufacturer":"Flock Safety","direction":"200","zone":"traffic"}},
{"type":"Feature","geometry":{"type":"Point","coordinates":[-93.003897,44.856028]},"properties":{"osm":"node/14066518301","vendor":"flock","city":"2395227","manufacturer":"Flock Safety","direction":"160","zone":"traffic"}},
{"type":"Feature","geometry":{"type":"Point","coordinates":[-92.862636,44.891201]},"properties":{"osm":"node/14066520603","vendor":"flock","city":"2397369","manufacturer":"Flock Safety","direction":"245","zone":"traffic"}},
{"type":"Feature","geometry":{"type":"Point","coordinates":[-92.886827,44.830797]},"properties":{"osm":"node/14066520701","vendor":"flock","city":"2393644","manufacturer":"Flock Safety","direction":"300","zone":"traffic"}},
{"type":"Feature","geometry":{"type":"Point","coordinates":[-92.963833,44.891209]},"properties":{"osm":"node/14066521001","vendor":"flock","city":"2397369","manufacturer":"Flock Safety","direction":"343","zone":"traffic"}},
{"type":"Feature","geometry":{"type":"Point","coordinates":[-93.293846,44.949237]},"properties":{"osm":"node/14066560902","vendor":"flock","city":"2395345","manufacturer":"Flock Safety","direction":"359","zone":"traffic"}},
{"type":"Feature","geometry":{"type":"Point","coordinates":[-93.293826,44.94925]},"properties":{"osm":"node/14066565503","vendor":"flock","city":"2395345","manufacturer":"Flock Safety","direction":"273","zone":"traffic"}},
{"type":"Feature","geometry":{"type":"Point","coordinates":[-93.293837,44.949286]},"properties":{"osm":"node/14066566401","vendor":"flock","city":"2395345","manufacturer":"Flock Safety","direction":"183","zone":"traffic"}},
{"type":"Feature","geometry":{"type":"Point","coordinates":[-93.293865,44.949264]},"properties":{"osm":"node/14066566802","vendor":"flock","city":"2395345","manufacturer":"Flock Safety","direction":"92","zone":"traffic"}},
{"type":"Feature","geometry":{"type":"Point","coordinates":[-92.883225,44.963211]},"properties":{"osm":"node/14069123301","vendor":"flock","city":"2395589","manufacturer":"Flock Safety","direction":"149","zone":"traffic"}},
{"type":"Feature","geometry":{"type":"Point","coordinates":[-92.989886,44.85026]},"properties":{"osm":"node/14070934403","vendor":"flock","city":"2396516","manufacturer":"Flock Safety","direction":"107","zone":"traffic"}},
{"type":"Feature","geometry":{"type":"Point","coordinates":[-92.805895,44.748426]},"properties":{"osm":"node/14070943603","vendor":"flock","city":"663965","manufacturer":"Flock Safety","direction":"219","zone":"traffic"}},
{"type":"Feature","geometry":{"type":"Point","coordinates":[-92.864059,44.777959]},"properties":{"osm":"node/14070946801","vendor":"flock","city":"2393644","manufacturer":"Flock Safety","direction":"311","zone":"traffic"}},
{"type":"Feature","geometry":{"type":"Point","coordinates":[-92.864431,44.77782]},"properties":{"osm":"node/14070946901","vendor":"flock","city":"2393644","manufacturer":"Flock Safety","direction":"218;111","zone":"traffic"}},
{"type":"Feature","geometry":{"type":"Point","coordinates":[-92.862913,44.920284]},"properties":{"osm":"node/14070947002","vendor":"flock","city":"2397369","manufacturer":"Flock Safety","direction":"244","zone":"traffic"}},
{"type":"Feature","geometry":{"type":"Point","coordinates":[-92.913383,44.898396]},"properties":{"osm":"node/14070951701","vendor":"flock","city":"2397369","manufacturer":"Flock Safety","direction":"196","zone":"traffic"}},
{"type":"Feature","geometry":{"type":"Point","coordinates":[-93.22084,45.082413]},"properties":{"osm":"node/14071061901","vendor":"flock","city":"2395187","manufacturer":"Flock Safety","direction":"303","zone":"traffic"}},
{"type":"Feature","geometry":{"type":"Point","coordinates":[-93.177252,45.012919]},"properties":{"osm":"node/14071709551","vendor":"flock","city":"2396435","manufacturer":"Flock Safety","operator":"Roseville Police Department","direction":"230","zone":"traffic"}},
{"type":"Feature","geometry":{"type":"Point","coordinates":[-93.458482,44.796896]},"properties":{"osm":"node/14072613002","vendor":"flock","city":"2395854","manufacturer":"Flock Safety","direction":"177","zone":"traffic"}},
{"type":"Feature","geometry":{"type":"Point","coordinates":[-92.984649,45.046808]},"properties":{"osm":"node/14072661401","vendor":"motorola","city":"2395818","manufacturer":"Motorola Solutions","direction":"214","zone":"traffic"}},
{"type":"Feature","geometry":{"type":"Point","coordinates":[-92.947401,45.05731]},"properties":{"osm":"node/14072689502","vendor":"other","city":"2395818","manufacturer":"Axis Communications","direction":"213","zone":"traffic"}},
{"type":"Feature","geometry":{"type":"Point","coordinates":[-92.977621,45.05039]},"properties":{"osm":"node/14072705501","vendor":"other","city":"2395818","manufacturer":"Axis Communications","direction":"219","zone":"traffic"}},
{"type":"Feature","geometry":{"type":"Point","coordinates":[-93.334722,44.964559]},"properties":{"osm":"node/14072857102","vendor":"flock","city":"2396500","manufacturer":"Flock Safety","direction":"211","zone":"traffic"}},
{"type":"Feature","geometry":{"type":"Point","coordinates":[-92.959602,45.018594]},"properties":{"osm":"node/14072938101","vendor":"other","city":"2395287","manufacturer":"Axis Communications","direction":"27","zone":"traffic"}},
{"type":"Feature","geometry":{"type":"Point","coordinates":[-92.957453,45.006675]},"properties":{"osm":"node/14072938301","vendor":"other","city":"2395287","manufacturer":"Axis Communications","direction":"327","zone":"traffic"}},
{"type":"Feature","geometry":{"type":"Point","coordinates":[-92.95885,44.997817]},"properties":{"osm":"node/14072940201","vendor":"other","city":"2395287","manufacturer":"Axis Communications","direction":"326","zone":"traffic"}},
{"type":"Feature","geometry":{"type":"Point","coordinates":[-92.958213,44.970842]},"properties":{"osm":"node/14072943001","vendor":"other","city":"2395287","manufacturer":"Axis Communications","direction":"219","zone":"traffic"}},
{"type":"Feature","geometry":{"type":"Point","coordinates":[-92.957874,44.962981]},"properties":{"osm":"node/14072943002","vendor":"other","city":"2395287","manufacturer":"Axis Communications","direction":"332","zone":"traffic"}},
{"type":"Feature","geometry":{"type":"Point","coordinates":[-92.959199,44.949754]},"properties":{"osm":"node/14072944701","vendor":"other","city":"2395287","manufacturer":"Axis Communications","direction":"45","zone":"traffic"}},
{"type":"Feature","geometry":{"type":"Point","coordinates":[-92.95847,44.947447]},"properties":{"osm":"node/14072945001","vendor":"other","city":"2397369","manufacturer":"Axis Communications","direction":"321","zone":"traffic"}},
{"type":"Feature","geometry":{"type":"Point","coordinates":[-92.955758,44.948946]},"properties":{"osm":"node/14072945401","vendor":"motorola","city":"2397369","manufacturer":"Motorola Solutions","direction":"185","zone":"traffic"}},
{"type":"Feature","geometry":{"type":"Point","coordinates":[-92.935019,44.948146]},"properties":{"osm":"node/14072946601","vendor":"other","city":"2397369","manufacturer":"Axis Communications","direction":"143","zone":"traffic"}},
{"type":"Feature","geometry":{"type":"Point","coordinates":[-92.93398,44.944214]},"properties":{"osm":"node/14072949901","vendor":"other","city":"2397369","manufacturer":"Axis Communications","direction":"214","zone":"traffic"}},
{"type":"Feature","geometry":{"type":"Point","coordinates":[-92.934757,44.944223]},"properties":{"osm":"node/14072950001","vendor":"other","city":"2397369","manufacturer":"Axis Communications","direction":"140","zone":"traffic"}},
{"type":"Feature","geometry":{"type":"Point","coordinates":[-93.404685,44.895379]},"properties":{"osm":"node/14073672301","vendor":"flock","city":"2395350","manufacturer":"Flock Safety","direction":"133;322","mount":"street_lamp","zone":"traffic"}},
{"type":"Feature","geometry":{"type":"Point","coordinates":[-93.404571,44.893779]},"properties":{"osm":"node/14073672701","vendor":"flock","city":"2395350","manufacturer":"Flock Safety","direction":"128","mount":"street_lamp","zone":"traffic"}},
{"type":"Feature","geometry":{"type":"Point","coordinates":[-93.351499,44.966205]},"properties":{"osm":"node/14074908101","vendor":"flock","city":"2396500","manufacturer":"Flock Safety","operator":"The Home Depot","direction":"134","mount":"pole","zone":"traffic"}},
{"type":"Feature","geometry":{"type":"Point","coordinates":[-93.199321,45.064506]},"properties":{"osm":"node/14075421101","vendor":"flock","city":"2395187","manufacturer":"Flock Safety","direction":"66","mount":"pole","zone":"traffic"}},
{"type":"Feature","geometry":{"type":"Point","coordinates":[-93.311623,45.185548]},"properties":{"osm":"node/14075836501","vendor":"flock","city":"2393628","manufacturer":"Flock Safety","direction":"106","zone":"traffic"}},
{"type":"Feature","geometry":{"type":"Point","coordinates":[-93.23548,44.979203]},"properties":{"osm":"node/14076764102","vendor":"axon","city":"2395345","manufacturer":"Axon Enterprise","direction":"152","zone":"traffic"}},
{"type":"Feature","geometry":{"type":"Point","coordinates":[-93.189005,45.057453]},"properties":{"osm":"node/14076996726","vendor":"flock","city":"2395187","manufacturer":"Flock Safety","direction":"248","zone":"traffic"}},
{"type":"Feature","geometry":{"type":"Point","coordinates":[-93.334962,44.916752]},"properties":{"osm":"node/14077621101","vendor":"flock","city":"2394621","manufacturer":"Flock Safety","direction":"181","zone":"traffic"}},
{"type":"Feature","geometry":{"type":"Point","coordinates":[-93.251463,44.861291]},"properties":{"osm":"node/14077795901","vendor":"flock","city":"2394198","manufacturer":"Flock Safety","direction":"321;164","mount":"pole","zone":"traffic"}},
{"type":"Feature","geometry":{"type":"Point","coordinates":[-92.790261,44.847323]},"properties":{"osm":"node/14077964403","vendor":"flock","city":"663965","manufacturer":"Flock Safety","direction":"197","zone":"traffic"}},
{"type":"Feature","geometry":{"type":"Point","coordinates":[-92.936844,44.920105]},"properties":{"osm":"node/14077964404","vendor":"flock","city":"2397369","manufacturer":"Flock Safety","direction":"341","zone":"traffic"}},
{"type":"Feature","geometry":{"type":"Point","coordinates":[-92.936464,44.810228]},"properties":{"osm":"node/14077964601","vendor":"flock","city":"2393644","manufacturer":"Flock Safety","direction":"243;162","zone":"traffic"}},
{"type":"Feature","geometry":{"type":"Point","coordinates":[-92.806112,44.802529]},"properties":{"osm":"node/14077964602","vendor":"flock","city":"663965","manufacturer":"Flock Safety","direction":"77","zone":"traffic"}},
{"type":"Feature","geometry":{"type":"Point","coordinates":[-92.944455,44.808475]},"properties":{"osm":"node/14077964802","vendor":"flock","city":"2393644","manufacturer":"Flock Safety","direction":"169","zone":"traffic"}},
{"type":"Feature","geometry":{"type":"Point","coordinates":[-92.938246,44.804713]},"properties":{"osm":"node/14077964804","vendor":"flock","city":"2393644","manufacturer":"Flock Safety","direction":"338","zone":"traffic"}},
{"type":"Feature","geometry":{"type":"Point","coordinates":[-92.941895,44.808254]},"properties":{"osm":"node/14077964901","vendor":"flock","city":"2393644","manufacturer":"Flock Safety","direction":"172","zone":"traffic"}},
{"type":"Feature","geometry":{"type":"Point","coordinates":[-92.93633,44.806172]},"properties":{"osm":"node/14077966401","vendor":"flock","city":"2393644","manufacturer":"Flock Safety","direction":"247","zone":"traffic"}},
{"type":"Feature","geometry":{"type":"Point","coordinates":[-92.967032,44.831669]},"properties":{"osm":"node/14077966901","vendor":"flock","city":"2393644","manufacturer":"Flock Safety","direction":"306","zone":"traffic"}},
{"type":"Feature","geometry":{"type":"Point","coordinates":[-92.862929,44.945677]},"properties":{"osm":"node/14077968701","vendor":"flock","city":"2397369","manufacturer":"Flock Safety","direction":"248","zone":"traffic"}},
{"type":"Feature","geometry":{"type":"Point","coordinates":[-92.934475,44.92254]},"properties":{"osm":"node/14077969001","vendor":"flock","city":"2397369","manufacturer":"Flock Safety","direction":"246","zone":"traffic"}},
{"type":"Feature","geometry":{"type":"Point","coordinates":[-92.901913,44.915373]},"properties":{"osm":"node/14077969501","vendor":"flock","city":"2397369","manufacturer":"Flock Safety","direction":"0","zone":"traffic"}},
{"type":"Feature","geometry":{"type":"Point","coordinates":[-92.901209,44.919682]},"properties":{"osm":"node/14077969601","vendor":"flock","city":"2397369","manufacturer":"Flock Safety","direction":"148","zone":"traffic"}},
{"type":"Feature","geometry":{"type":"Point","coordinates":[-93.008497,44.883471]},"properties":{"osm":"node/14077971801","vendor":"motorola","city":"2395227","manufacturer":"Motorola Solutions","direction":"60","zone":"traffic"}},
{"type":"Feature","geometry":{"type":"Point","coordinates":[-93.002057,44.888879]},"properties":{"osm":"node/14077971802","vendor":"motorola","city":"2395227","manufacturer":"Motorola Solutions","direction":"178","zone":"traffic"}},
{"type":"Feature","geometry":{"type":"Point","coordinates":[-93.007384,44.891332]},"properties":{"osm":"node/14077971803","vendor":"motorola","city":"2396511","manufacturer":"Motorola Solutions","direction":"143","zone":"traffic"}},
{"type":"Feature","geometry":{"type":"Point","coordinates":[-93.00091,44.871957]},"properties":{"osm":"node/14077971901","vendor":"motorola","city":"2395227","manufacturer":"Motorola Solutions","direction":"144","zone":"traffic"}},
{"type":"Feature","geometry":{"type":"Point","coordinates":[-92.996075,44.850095]},"properties":{"osm":"node/14077972101","vendor":"motorola","city":"2396516","manufacturer":"Motorola Solutions","direction":"209","zone":"traffic"}},
{"type":"Feature","geometry":{"type":"Point","coordinates":[-92.983829,44.861891]},"properties":{"osm":"node/14077972102","vendor":"flock","city":"2393644","manufacturer":"Flock Safety","direction":"191","zone":"traffic"}},
{"type":"Feature","geometry":{"type":"Point","coordinates":[-92.783227,44.895524]},"properties":{"osm":"node/14077974201","vendor":"flock","city":"2393887","manufacturer":"Flock Safety","direction":"329","zone":"traffic"}},
{"type":"Feature","geometry":{"type":"Point","coordinates":[-92.782985,44.906063]},"properties":{"osm":"node/14077974401","vendor":"flock","city":"2393887","manufacturer":"Flock Safety","direction":"164","zone":"traffic"}},
{"type":"Feature","geometry":{"type":"Point","coordinates":[-92.863309,44.778294]},"properties":{"osm":"node/14077974701","vendor":"flock","city":"2393644","manufacturer":"Flock Safety","direction":"8","zone":"traffic"}},
{"type":"Feature","geometry":{"type":"Point","coordinates":[-92.862738,44.94749]},"properties":{"osm":"node/14077974801","vendor":"flock","city":"2397369","manufacturer":"Flock Safety","direction":"152","zone":"traffic"}},
{"type":"Feature","geometry":{"type":"Point","coordinates":[-93.239968,44.984638]},"properties":{"osm":"node/14078928102","vendor":"flock","city":"2395345","manufacturer":"Flock Safety","direction":"65","zone":"traffic"}},
{"type":"Feature","geometry":{"type":"Point","coordinates":[-92.957576,44.936459]},"properties":{"osm":"node/14079640103","vendor":"flock","city":"2397369","manufacturer":"Flock Safety","direction":"67","zone":"traffic"}},
{"type":"Feature","geometry":{"type":"Point","coordinates":[-92.980597,44.917146]},"properties":{"osm":"node/14079640108","vendor":"flock","city":"2397369","manufacturer":"Flock Safety","direction":"289","zone":"traffic"}},
{"type":"Feature","geometry":{"type":"Point","coordinates":[-92.903496,44.947304]},"properties":{"osm":"node/14079645601","vendor":"flock","city":"2397369","manufacturer":"Flock Safety","direction":"142","zone":"traffic"}},
{"type":"Feature","geometry":{"type":"Point","coordinates":[-92.928877,44.890716]},"properties":{"osm":"node/14079645804","vendor":"flock","city":"2397369","manufacturer":"Flock Safety","direction":"147","zone":"traffic"}},
{"type":"Feature","geometry":{"type":"Point","coordinates":[-92.943788,44.887249]},"properties":{"osm":"node/14079645902","vendor":"flock","city":"2397369","manufacturer":"Flock Safety","direction":"71","zone":"traffic"}},
{"type":"Feature","geometry":{"type":"Point","coordinates":[-92.90401,44.876539]},"properties":{"osm":"node/14079646601","vendor":"flock","city":"2397369","manufacturer":"Flock Safety","direction":"246","zone":"traffic"}},
{"type":"Feature","geometry":{"type":"Point","coordinates":[-92.903015,44.875967]},"properties":{"osm":"node/14079646801","vendor":"flock","city":"2397369","manufacturer":"Flock Safety","direction":"333","zone":"traffic"}},
{"type":"Feature","geometry":{"type":"Point","coordinates":[-92.93801,44.89076]},"properties":{"osm":"node/14079647901","vendor":"flock","city":"2397369","manufacturer":"Flock Safety","direction":"147","zone":"traffic"}},
{"type":"Feature","geometry":{"type":"Point","coordinates":[-93.218302,45.062184]},"properties":{"osm":"node/14080466470","vendor":"flock","city":"2395187","manufacturer":"Flock Safety","operator":"New Brighton Police Department","direction":"160","mount":"pole","zone":"traffic"}},
{"type":"Feature","geometry":{"type":"Point","coordinates":[-93.371166,45.184851]},"properties":{"osm":"node/14080646601","vendor":"flock","city":"2393628","manufacturer":"Flock Safety","direction":"95","zone":"traffic"}},
{"type":"Feature","geometry":{"type":"Point","coordinates":[-93.412995,45.137887]},"properties":{"osm":"node/14080886502","vendor":"flock","city":"2395838","manufacturer":"Flock Safety","direction":"247","zone":"traffic"}},
{"type":"Feature","geometry":{"type":"Point","coordinates":[-92.862672,44.861834]},"properties":{"osm":"node/14080907602","vendor":"flock","city":"2393644","manufacturer":"Flock Safety","direction":"151","zone":"traffic"}},
{"type":"Feature","geometry":{"type":"Point","coordinates":[-92.863031,44.804553]},"properties":{"osm":"node/14080908702","vendor":"flock","city":"2393644","manufacturer":"Flock Safety","direction":"238","zone":"traffic"}},
{"type":"Feature","geometry":{"type":"Point","coordinates":[-92.870119,44.876687]},"properties":{"osm":"node/14080910201","vendor":"flock","city":"2397369","manufacturer":"Flock Safety","direction":"351","zone":"traffic"}},
{"type":"Feature","geometry":{"type":"Point","coordinates":[-92.86309,44.837164]},"properties":{"osm":"node/14080911202","vendor":"flock","city":"2393644","manufacturer":"Flock Safety","direction":"239","zone":"traffic"}},
{"type":"Feature","geometry":{"type":"Point","coordinates":[-92.973322,44.826271]},"properties":{"osm":"node/14080913101","vendor":"flock","city":"2393644","manufacturer":"Flock Safety","direction":"332;126","zone":"traffic"}},
{"type":"Feature","geometry":{"type":"Point","coordinates":[-92.903401,44.96842]},"properties":{"osm":"node/14080913801","vendor":"motorola","city":"2395589","manufacturer":"Motorola Solutions","direction":"30;213","zone":"traffic"}},
{"type":"Feature","geometry":{"type":"Point","coordinates":[-92.933264,44.817968]},"properties":{"osm":"node/14080916001","vendor":"flock","city":"2393644","manufacturer":"Flock Safety","direction":"148","zone":"traffic"}},
{"type":"Feature","geometry":{"type":"Point","coordinates":[-92.913953,44.794876]},"properties":{"osm":"node/14080916002","vendor":"motorola","city":"2393644","manufacturer":"Motorola Solutions","direction":"0;78;153;224;289","zone":"traffic"}},
{"type":"Feature","geometry":{"type":"Point","coordinates":[-92.979875,44.844968]},"properties":{"osm":"node/14080920501","vendor":"flock","city":"2393644","manufacturer":"Flock Safety","direction":"285","zone":"traffic"}},
{"type":"Feature","geometry":{"type":"Point","coordinates":[-93.025054,44.992889]},"properties":{"osm":"node/14081214601","vendor":"flock","city":"2395846","manufacturer":"Flock Safety","direction":"0","zone":"traffic"}},
{"type":"Feature","geometry":{"type":"Point","coordinates":[-93.02538,44.992446]},"properties":{"osm":"node/14081215301","vendor":"flock","city":"2395846","manufacturer":"Flock Safety","direction":"60","zone":"traffic"}},
{"type":"Feature","geometry":{"type":"Point","coordinates":[-93.105807,44.992133]},"properties":{"osm":"node/14081299401","vendor":"flock","city":"2395846","manufacturer":"Flock Safety","direction":"353","zone":"traffic"}},
{"type":"Feature","geometry":{"type":"Point","coordinates":[-93.625407,44.805765]},"properties":{"osm":"node/14083676001","vendor":"flock","city":"2393809","manufacturer":"Flock Safety","direction":"0","zone":"traffic"}},
{"type":"Feature","geometry":{"type":"Point","coordinates":[-93.102116,44.991943]},"properties":{"osm":"node/14084586401","vendor":"flock","city":"2395846","manufacturer":"Flock Safety","direction":"263","zone":"traffic"}},
{"type":"Feature","geometry":{"type":"Point","coordinates":[-92.908677,44.940064]},"properties":{"osm":"node/14085413301","vendor":"flock","city":"2397369","manufacturer":"Flock Safety","direction":"176","zone":"traffic"}},
{"type":"Feature","geometry":{"type":"Point","coordinates":[-93.025236,44.977108]},"properties":{"osm":"node/14086194701","vendor":"flock","city":"2396511","manufacturer":"Flock Safety","direction":"332","zone":"traffic"}},
{"type":"Feature","geometry":{"type":"Point","coordinates":[-93.329484,45.072701]},"properties":{"osm":"node/14086682601","vendor":"flock","city":"2393428","manufacturer":"Flock Safety","direction":"213","zone":"traffic"}},
{"type":"Feature","geometry":{"type":"Point","coordinates":[-92.980853,45.218165]},"properties":{"osm":"node/14088647401","vendor":"flock","city":"2394789","manufacturer":"Flock Safety","direction":"333","zone":"traffic"}},
{"type":"Feature","geometry":{"type":"Point","coordinates":[-93.767814,45.035724]},"properties":{"osm":"node/14088647701","vendor":"flock","city":"2394495","manufacturer":"Flock Safety","direction":"246","zone":"traffic"}},
{"type":"Feature","geometry":{"type":"Point","coordinates":[-93.020081,45.015364]},"properties":{"osm":"node/14090345301","vendor":"flock","city":"2395846","manufacturer":"Flock Safety","direction":"151","zone":"traffic"}},
{"type":"Feature","geometry":{"type":"Point","coordinates":[-93.38903,44.934949]},"properties":{"osm":"node/14090576905","vendor":"flock","city":"2394417","manufacturer":"Flock Safety","operator":"Hopkins PD","direction":"297","zone":"traffic"}},
{"type":"Feature","geometry":{"type":"Point","coordinates":[-93.550123,44.972034]},"properties":{"osm":"node/14090630636","vendor":"flock","city":"2396081","manufacturer":"Flock Safety","operator":"Woodhill Country Club","direction":"265","zone":"traffic"}},
{"type":"Feature","geometry":{"type":"Point","coordinates":[-93.084318,44.977329]},"properties":{"osm":"node/14092343001","vendor":"flock","city":"2396511","manufacturer":"Flock Safety","direction":"290","mount":"street_lamp","zone":"traffic"}},
{"type":"Feature","geometry":{"type":"Point","coordinates":[-93.04497,45.032129]},"properties":{"osm":"node/14092784902","vendor":"flock","city":"2395846","manufacturer":"Flock Safety","direction":"351","mount":"pole","zone":"traffic"}},
{"type":"Feature","geometry":{"type":"Point","coordinates":[-93.294155,45.053049]},"properties":{"osm":"node/14092979701","vendor":"flock","city":"2393428","manufacturer":"Flock Safety","direction":"29","zone":"traffic"}},
{"type":"Feature","geometry":{"type":"Point","coordinates":[-93.320766,45.079649]},"properties":{"osm":"node/14092980801","vendor":"flock","city":"2393428","manufacturer":"Flock Safety","direction":"148","zone":"traffic"}},
{"type":"Feature","geometry":{"type":"Point","coordinates":[-93.392374,45.077385]},"properties":{"osm":"node/14093278801","vendor":"flock","city":"2393429","manufacturer":"Flock Safety","direction":"334","zone":"traffic"}},
{"type":"Feature","geometry":{"type":"Point","coordinates":[-92.984275,44.836721]},"properties":{"osm":"node/14093664401","vendor":"flock","city":"2396516","manufacturer":"Flock Safety","direction":"135","zone":"traffic"}},
{"type":"Feature","geometry":{"type":"Point","coordinates":[-92.977661,44.856592]},"properties":{"osm":"node/14093665201","vendor":"flock","city":"2393644","manufacturer":"Flock Safety","direction":"273;0;91;183","zone":"traffic"}},
{"type":"Feature","geometry":{"type":"Point","coordinates":[-92.991534,44.847741]},"properties":{"osm":"node/14093666501","vendor":"flock","city":"2396516","manufacturer":"Flock Safety","direction":"45","zone":"traffic"}},
{"type":"Feature","geometry":{"type":"Point","coordinates":[-93.023006,45.009977]},"properties":{"osm":"node/14094802101","vendor":"flock","city":"2395846","manufacturer":"Flock Safety","direction":"0","zone":"traffic"}},
{"type":"Feature","geometry":{"type":"Point","coordinates":[-92.977667,44.852271]},"properties":{"osm":"node/14095350201","vendor":"flock","city":"2393644","manufacturer":"Flock Safety","direction":"67","zone":"traffic"}},
{"type":"Feature","geometry":{"type":"Point","coordinates":[-92.998053,44.842183]},"properties":{"osm":"node/14095626701","vendor":"flock","city":"2396516","manufacturer":"Flock Safety","direction":"49","zone":"traffic"}},
{"type":"Feature","geometry":{"type":"Point","coordinates":[-93.551348,44.98064]},"properties":{"osm":"node/14097549101","vendor":"flock","city":"2395756","manufacturer":"Flock Safety","direction":"248","zone":"traffic"}},
{"type":"Feature","geometry":{"type":"Point","coordinates":[-93.163403,45.083134]},"properties":{"osm":"node/14098745401","vendor":"flock","city":"2393979","manufacturer":"Flock Safety","direction":"180","zone":"traffic"}},
{"type":"Feature","geometry":{"type":"Point","coordinates":[-93.218228,45.050255]},"properties":{"osm":"node/14099179969","vendor":"flock","city":"2395187","manufacturer":"Flock Safety","operator":"New Brighton Police Department","direction":"335","mount":"pole","zone":"traffic"}},
{"type":"Feature","geometry":{"type":"Point","coordinates":[-93.766925,45.035726]},"properties":{"osm":"node/14099512001","vendor":"flock","city":"2394495","manufacturer":"Flock Safety","direction":"169","zone":"traffic"}},
{"type":"Feature","geometry":{"type":"Point","coordinates":[-93.74633,45.036031]},"properties":{"osm":"node/14099512002","vendor":"flock","city":"2395420","manufacturer":"Flock Safety","direction":"128","zone":"traffic"}},
{"type":"Feature","geometry":{"type":"Point","coordinates":[-93.766395,45.035596]},"properties":{"osm":"node/14099512301","vendor":"flock","city":"2395420","manufacturer":"Flock Safety","direction":"274","zone":"traffic"}},
{"type":"Feature","geometry":{"type":"Point","coordinates":[-93.767186,45.035536]},"properties":{"osm":"node/14099512302","vendor":"flock","city":"2394495","manufacturer":"Flock Safety","direction":"99","zone":"traffic"}},
{"type":"Feature","geometry":{"type":"Point","coordinates":[-93.764105,45.035439]},"properties":{"osm":"node/14099513002","vendor":"flock","city":"2395420","manufacturer":"Flock Safety","direction":"315","zone":"traffic"}},
{"type":"Feature","geometry":{"type":"Point","coordinates":[-93.763103,45.035768]},"properties":{"osm":"node/14099514801","vendor":"flock","city":"2395420","manufacturer":"Flock Safety","direction":"134","zone":"traffic"}},
{"type":"Feature","geometry":{"type":"Point","coordinates":[-93.289316,45.074318]},"properties":{"osm":"node/14100415501","vendor":"flock","city":"2393428","manufacturer":"Flock Safety","direction":"196","zone":"traffic"}},
{"type":"Feature","geometry":{"type":"Point","coordinates":[-93.433162,44.855477]},"properties":{"osm":"node/14101555901","vendor":"flock","city":"2394614","manufacturer":"Flock Safety","direction":"318","zone":"traffic"}},
{"type":"Feature","geometry":{"type":"Point","coordinates":[-93.43232,44.857173]},"properties":{"osm":"node/14101556001","vendor":"flock","city":"2394614","manufacturer":"Flock Safety","direction":"150","zone":"traffic"}},
{"type":"Feature","geometry":{"type":"Point","coordinates":[-93.004828,44.992215]},"properties":{"osm":"node/14101609801","vendor":"flock","city":"2395846","manufacturer":"Flock Safety","direction":"341","zone":"traffic"}},
{"type":"Feature","geometry":{"type":"Point","coordinates":[-92.964672,45.081634]},"properties":{"osm":"node/14103242301","vendor":"other","city":"2394503","manufacturer":"Rekor","direction":"299","zone":"traffic"}},
{"type":"Feature","geometry":{"type":"Point","coordinates":[-93.329479,45.072704]},"properties":{"osm":"node/14103354201","vendor":"flock","city":"2393428","manufacturer":"Flock Safety","direction":"89","zone":"traffic"}},
{"type":"Feature","geometry":{"type":"Point","coordinates":[-92.953978,45.08661]},"properties":{"osm":"node/14103724102","vendor":"other","city":"2394503","manufacturer":"Rekor","direction":"355","zone":"traffic"}},
{"type":"Feature","geometry":{"type":"Point","coordinates":[-93.548838,45.21049]},"properties":{"osm":"node/14104481601","vendor":"flock","city":"2396415","manufacturer":"Flock Safety","direction":"120","zone":"traffic"}},
{"type":"Feature","geometry":{"type":"Point","coordinates":[-93.379915,44.749757]},"properties":{"osm":"node/14105350301","vendor":"flock","city":"2396543","manufacturer":"Flock Safety","direction":"180","zone":"traffic"}},
{"type":"Feature","geometry":{"type":"Point","coordinates":[-93.502803,44.778918]},"properties":{"osm":"node/14106047705","vendor":"flock","city":"2395854","manufacturer":"Flock Safety","direction":"249","zone":"traffic"}},
{"type":"Feature","geometry":{"type":"Point","coordinates":[-92.937476,44.944763]},"properties":{"osm":"node/14107960702","vendor":"flock","city":"2397369","manufacturer":"Flock Safety","direction":"198","zone":"traffic"}},
{"type":"Feature","geometry":{"type":"Point","coordinates":[-93.443727,44.785996]},"properties":{"osm":"node/14108594901","vendor":"flock","city":"2395854","manufacturer":"Flock Safety","direction":"207","mount":"pole","zone":"traffic"}},
{"type":"Feature","geometry":{"type":"Point","coordinates":[-93.443724,44.785964]},"properties":{"osm":"node/14108594902","vendor":"flock","city":"2395854","manufacturer":"Flock Safety","direction":"336","mount":"pole","zone":"traffic"}},
{"type":"Feature","geometry":{"type":"Point","coordinates":[-93.443782,44.785851]},"properties":{"osm":"node/14108596701","vendor":"flock","city":"2395854","manufacturer":"Flock Safety","direction":"131","mount":"pole","zone":"traffic"}},
{"type":"Feature","geometry":{"type":"Point","coordinates":[-93.255196,45.202853]},"properties":{"osm":"node/14108632601","vendor":"genetec","city":"2394183","manufacturer":"Genetec","direction":"257","zone":"traffic"}},
{"type":"Feature","geometry":{"type":"Point","coordinates":[-92.928141,44.82023]},"properties":{"osm":"node/14109556901","vendor":"flock","city":"2393644","manufacturer":"Flock Safety","direction":"326","mount":"pole","zone":"traffic"}},
{"type":"Feature","geometry":{"type":"Point","coordinates":[-93.327332,44.868243]},"properties":{"osm":"node/14110006802","vendor":"flock","city":"2394621","manufacturer":"Flock Safety","direction":"166","zone":"traffic"}},
{"type":"Feature","geometry":{"type":"Point","coordinates":[-93.004704,44.932296]},"properties":{"osm":"node/14111087301","vendor":"flock","city":"2395846","manufacturer":"Flock Safety","direction":"337","zone":"traffic"}},
{"type":"Feature","geometry":{"type":"Point","coordinates":[-93.280999,44.713924]},"properties":{"osm":"node/14111234706","vendor":"flock","city":"2395614","manufacturer":"Flock Safety","direction":"85","zone":"traffic"}},
{"type":"Feature","geometry":{"type":"Point","coordinates":[-93.17598,44.980931]},"properties":{"osm":"node/14111449602","vendor":"other","city":"2394738","manufacturer":"Axis Communications","direction":"35","zone":"traffic"}},
{"type":"Feature","geometry":{"type":"Point","coordinates":[-93.175179,44.981295]},"properties":{"osm":"node/14111451501","vendor":"other","city":"2394738","manufacturer":"Axis Communications","direction":"275","zone":"traffic"}},
{"type":"Feature","geometry":{"type":"Point","coordinates":[-93.170402,44.978503]},"properties":{"osm":"node/14111459901","vendor":"other","city":"2394738","manufacturer":"Axis Communications","direction":"299","zone":"traffic"}},
{"type":"Feature","geometry":{"type":"Point","coordinates":[-93.170385,44.977958]},"properties":{"osm":"node/14111460301","vendor":"other","city":"2394738","manufacturer":"Axis Communications","direction":"159","zone":"traffic"}},
{"type":"Feature","geometry":{"type":"Point","coordinates":[-93.170657,44.977451]},"properties":{"osm":"node/14111460302","vendor":"other","city":"2394738","manufacturer":"Axis Communications","direction":"29","zone":"traffic"}},
{"type":"Feature","geometry":{"type":"Point","coordinates":[-93.218409,45.065372]},"properties":{"osm":"node/14112262864","vendor":"flock","city":"2395187","manufacturer":"Flock Safety","operator":"New Brighton Police Department","direction":"325","mount":"pole","zone":"traffic"}},
{"type":"Feature","geometry":{"type":"Point","coordinates":[-93.177361,44.904216]},"properties":{"osm":"node/14113005001","vendor":"flock","city":"2396511","manufacturer":"Flock Safety","direction":"95","zone":"traffic"}},
{"type":"Feature","geometry":{"type":"Point","coordinates":[-93.42691,44.856033]},"properties":{"osm":"node/14113306102","vendor":"flock","city":"2394614","manufacturer":"Flock Safety","direction":"195","zone":"traffic"}},
{"type":"Feature","geometry":{"type":"Point","coordinates":[-93.079989,44.912371]},"properties":{"osm":"node/14113740201","vendor":"other","city":"2397275","manufacturer":"Axis Communications","direction":"289","zone":"traffic"}},
{"type":"Feature","geometry":{"type":"Point","coordinates":[-93.23578,44.965435]},"properties":{"osm":"node/14121102797","vendor":"flock","city":"2395345","manufacturer":"Flock Safety","direction":"260","zone":"traffic"}},
{"type":"Feature","geometry":{"type":"Point","coordinates":[-93.179865,45.014516]},"properties":{"osm":"node/14121212901","vendor":"flock","city":"2396435","manufacturer":"Flock Safety","direction":"115","mount":"pole","zone":"traffic"}},
{"type":"Feature","geometry":{"type":"Point","coordinates":[-93.082835,44.910906]},"properties":{"osm":"node/14121800101","vendor":"flock","city":"2397275","manufacturer":"Flock Safety","direction":"88","zone":"traffic"}},
{"type":"Feature","geometry":{"type":"Point","coordinates":[-93.532004,45.044437]},"properties":{"osm":"node/14128690502","vendor":"flock","city":"2395084","manufacturer":"Flock Safety","direction":"267","zone":"traffic"}},
{"type":"Feature","geometry":{"type":"Point","coordinates":[-93.222949,45.113169]},"properties":{"osm":"node/14129626201","vendor":"flock","city":"2395118","manufacturer":"Flock Safety","direction":"94","mount":"pole","zone":"traffic"}},
{"type":"Feature","geometry":{"type":"Point","coordinates":[-93.175341,44.981274]},"properties":{"osm":"node/14130248701","vendor":"other","city":"2394738","manufacturer":"Axis Communications","direction":"272","zone":"traffic"}},
{"type":"Feature","geometry":{"type":"Point","coordinates":[-93.175636,44.981609]},"properties":{"osm":"node/14130248801","vendor":"other","city":"2394738","manufacturer":"Axis Communications","direction":"311","zone":"traffic"}},
{"type":"Feature","geometry":{"type":"Point","coordinates":[-93.087971,44.919425]},"properties":{"osm":"node/14132338401","vendor":"flock","city":"2397275","manufacturer":"Flock Safety","direction":"232","zone":"traffic"}},
{"type":"Feature","geometry":{"type":"Point","coordinates":[-93.28744,44.967052]},"properties":{"osm":"node/14132398201","vendor":"flock","city":"2395345","manufacturer":"Flock Safety","direction":"287","zone":"traffic"}},
{"type":"Feature","geometry":{"type":"Point","coordinates":[-93.193155,45.095468]},"properties":{"osm":"node/14133101001","vendor":"flock","city":"2395118","manufacturer":"Flock Safety","direction":"290","zone":"traffic"}},
{"type":"Feature","geometry":{"type":"Point","coordinates":[-92.984545,44.946245]},"properties":{"osm":"node/14133347804","vendor":"flock","city":null,"manufacturer":"Flock Safety","direction":"333","zone":"traffic"}},
{"type":"Feature","geometry":{"type":"Point","coordinates":[-93.391859,44.938569]},"properties":{"osm":"node/14133990032","vendor":"flock","city":"2396500","manufacturer":"Flock Safety","direction":"180","zone":"traffic"}},
{"type":"Feature","geometry":{"type":"Point","coordinates":[-93.334113,44.928714]},"properties":{"osm":"node/14134412401","vendor":"flock","city":"2394621","manufacturer":"Flock Safety","direction":"341","mount":"pole","zone":"traffic"}},
{"type":"Feature","geometry":{"type":"Point","coordinates":[-93.062973,44.901478]},"properties":{"osm":"node/14138531201","vendor":"flock","city":"2395918","manufacturer":"Flock Safety","direction":"62","zone":"traffic"}},
{"type":"Feature","geometry":{"type":"Point","coordinates":[-93.309168,45.102973]},"properties":{"osm":"node/14140561504","vendor":"flock","city":"2393429","manufacturer":"Flock Safety","direction":"107;162","zone":"traffic"}},
{"type":"Feature","geometry":{"type":"Point","coordinates":[-93.166894,44.955813]},"properties":{"osm":"node/14140911202","vendor":"other","city":"2396511","manufacturer":"Axis Communications","direction":"250;197","zone":"traffic"}},
{"type":"Feature","geometry":{"type":"Point","coordinates":[-93.167134,44.955798]},"properties":{"osm":"node/14140914502","vendor":"other","city":"2396511","manufacturer":"Axis Communications","direction":"109;34","zone":"traffic"}},
{"type":"Feature","geometry":{"type":"Point","coordinates":[-93.167117,44.955571]},"properties":{"osm":"node/14140914503","vendor":"other","city":"2396511","manufacturer":"Axis Communications","direction":"22;293","zone":"traffic"}},
{"type":"Feature","geometry":{"type":"Point","coordinates":[-93.166879,44.955583]},"properties":{"osm":"node/14140915301","vendor":"other","city":"2396511","manufacturer":"Axis Communications","direction":"282;213","zone":"traffic"}},
{"type":"Feature","geometry":{"type":"Point","coordinates":[-93.167192,44.955112]},"properties":{"osm":"node/14140920401","vendor":"other","city":"2396511","manufacturer":"Axis Communications","direction":"96","zone":"traffic"}},
{"type":"Feature","geometry":{"type":"Point","coordinates":[-93.167194,44.954798]},"properties":{"osm":"node/14140921101","vendor":"other","city":"2396511","manufacturer":"Axis Communications","direction":"89","zone":"traffic"}},
{"type":"Feature","geometry":{"type":"Point","coordinates":[-93.166817,44.954815]},"properties":{"osm":"node/14140921102","vendor":"other","city":"2396511","manufacturer":"Axis Communications","direction":"268","zone":"traffic"}},
{"type":"Feature","geometry":{"type":"Point","coordinates":[-93.428447,45.220887]},"properties":{"osm":"node/14141058101","vendor":"flock","city":"2396311","manufacturer":"Flock Safety","direction":"297","zone":"traffic"}},
{"type":"Feature","geometry":{"type":"Point","coordinates":[-93.423132,44.857491]},"properties":{"osm":"node/14141103980","vendor":"motorola","city":"2394614","manufacturer":"Motorola Solutions","direction":"20","zone":"parking_entrance"}},
{"type":"Feature","geometry":{"type":"Point","coordinates":[-93.242708,44.852761]},"properties":{"osm":"node/14141391101","vendor":"flock","city":"2394198","manufacturer":"Flock Safety","direction":"319","zone":"traffic"}},
{"type":"Feature","geometry":{"type":"Point","coordinates":[-93.243229,44.856203]},"properties":{"osm":"node/14141393101","vendor":"flock","city":"2394198","manufacturer":"Flock Safety","direction":"288","zone":"traffic"}},
{"type":"Feature","geometry":{"type":"Point","coordinates":[-93.428616,44.851618]},"properties":{"osm":"node/14143382475","vendor":"motorola","city":"2394614","manufacturer":"Motorola Solutions","direction":"60","zone":"parking_entrance"}},
{"type":"Feature","geometry":{"type":"Point","coordinates":[-93.424593,44.851282]},"properties":{"osm":"node/14143416439","vendor":"motorola","city":"2394614","manufacturer":"Motorola Solutions","direction":"15","zone":"parking_entrance"}},
{"type":"Feature","geometry":{"type":"Point","coordinates":[-93.387201,44.936609]},"properties":{"osm":"node/14145551601","vendor":"flock","city":"2396500","manufacturer":"Flock Safety","direction":"19","zone":"traffic"}},
{"type":"Feature","geometry":{"type":"Point","coordinates":[-93.175969,44.977164]},"properties":{"osm":"node/14148730401","vendor":"axon","city":"2396511","manufacturer":"Axon Enterprise","direction":"301","zone":"traffic"}},
{"type":"Feature","geometry":{"type":"Point","coordinates":[-93.243825,44.979208]},"properties":{"osm":"node/14150201201","vendor":"flock","city":"2395345","manufacturer":"Flock Safety","direction":"13;89;160;240;299;0","mount":"pole","zone":"traffic"}},
{"type":"Feature","geometry":{"type":"Point","coordinates":[-93.257771,44.948525]},"properties":{"osm":"node/14150201202","vendor":"flock","city":"2395345","manufacturer":"Flock Safety","direction":"175;236;300;104;20;0","mount":"pole","zone":"traffic"}},
{"type":"Feature","geometry":{"type":"Point","coordinates":[-93.243686,44.97979]},"properties":{"osm":"node/14150201301","vendor":"flock","city":"2395345","manufacturer":"Flock Safety","direction":"0;65;137;209;287;0","mount":"pole","zone":"traffic"}},
{"type":"Feature","geometry":{"type":"Point","coordinates":[-93.245429,44.976122]},"properties":{"osm":"node/14150201401","vendor":"flock","city":"2395345","manufacturer":"Flock Safety","direction":"0;76;145;215;288;0","mount":"pole","zone":"traffic"}},
{"type":"Feature","geometry":{"type":"Point","coordinates":[-93.25009,44.948281]},"properties":{"osm":"node/14150201501","vendor":"flock","city":"2395345","manufacturer":"Flock Safety","direction":"10;304;155;80;187;0","mount":"pole","zone":"traffic"}},
{"type":"Feature","geometry":{"type":"Point","coordinates":[-93.252695,44.949939]},"properties":{"osm":"node/14150201701","vendor":"flock","city":"2395345","manufacturer":"Flock Safety","direction":"0;0;73;147;205;270;286;0","mount":"pole","zone":"traffic"}},
{"type":"Feature","geometry":{"type":"Point","coordinates":[-93.063157,44.966075]},"properties":{"osm":"node/14152459301","vendor":"flock","city":"2396511","manufacturer":"Flock Safety","direction":"69","zone":"traffic"}},
{"type":"Feature","geometry":{"type":"Point","coordinates":[-93.225804,44.973118]},"properties":{"osm":"node/14152568833","vendor":"flock","city":"2395345","manufacturer":"Flock Safety","operator":"Stadium Village Flats","direction":"240","zone":"traffic"}},
{"type":"Feature","geometry":{"type":"Point","coordinates":[-93.345982,45.132279]},"properties":{"osm":"node/14152616401","vendor":"flock","city":"2393429","manufacturer":"Flock Safety","direction":"332","zone":"traffic"}},
{"type":"Feature","geometry":{"type":"Point","coordinates":[-93.388137,44.936415]},"properties":{"osm":"node/14156011107","vendor":"flock","city":"2396500","manufacturer":"Flock Safety","direction":"245","zone":"traffic"}},
{"type":"Feature","geometry":{"type":"Point","coordinates":[-93.106118,44.955253]},"properties":{"osm":"node/14158816901","vendor":"flock","city":"2396511","manufacturer":"Flock Safety","direction":"0","zone":"traffic"}},
{"type":"Feature","geometry":{"type":"Point","coordinates":[-92.935307,44.950825]},"properties":{"osm":"node/14160703102","vendor":"flock","city":"2395287","manufacturer":"Flock Safety","direction":"262","zone":"traffic"}},
{"type":"Feature","geometry":{"type":"Point","coordinates":[-93.063242,44.966548]},"properties":{"osm":"node/14163270302","vendor":"flock","city":"2396511","manufacturer":"Flock Safety","direction":"105","zone":"traffic"}},
{"type":"Feature","geometry":{"type":"Point","coordinates":[-93.062727,44.96657]},"properties":{"osm":"node/14163280901","vendor":"flock","city":"2396511","manufacturer":"Flock Safety","direction":"211","zone":"traffic"}},
{"type":"Feature","geometry":{"type":"Point","coordinates":[-93.062394,44.966586]},"properties":{"osm":"node/14163282301","vendor":"flock","city":"2396511","manufacturer":"Flock Safety","direction":"188","zone":"traffic"}},
{"type":"Feature","geometry":{"type":"Point","coordinates":[-93.257771,44.948525]},"properties":{"osm":"node/14167801601","vendor":"flock","city":"2395345","manufacturer":"Flock Safety","direction":"175;236;300;104;20;0","mount":"pole","zone":"traffic"}},
{"type":"Feature","geometry":{"type":"Point","coordinates":[-93.253886,44.948273]},"properties":{"osm":"node/14167801602","vendor":"flock","city":"2395345","manufacturer":"Flock Safety","direction":"0;62;130;191;248;294;0","mount":"pole","zone":"traffic"}},
{"type":"Feature","geometry":{"type":"Point","coordinates":[-93.256283,44.94833]},"properties":{"osm":"node/14167801701","vendor":"flock","city":"2395345","manufacturer":"Flock Safety","direction":"0;62;137;212;284;0","mount":"pole","zone":"traffic"}},
{"type":"Feature","geometry":{"type":"Point","coordinates":[-93.483464,44.786816]},"properties":{"osm":"node/14170918882","vendor":"unknown","city":"2395854","direction":"90","zone":"parking_entrance"}},
{"type":"Feature","geometry":{"type":"Point","coordinates":[-93.48337,44.786877]},"properties":{"osm":"node/14170918883","vendor":"unknown","city":"2395854","direction":"270"}},
{"type":"Feature","geometry":{"type":"Point","coordinates":[-93.473496,44.783888]},"properties":{"osm":"node/14170925759","vendor":"unknown","city":"2395854","direction":"110","zone":"parking_entrance"}},
{"type":"Feature","geometry":{"type":"Point","coordinates":[-92.964254,44.879105]},"properties":{"osm":"node/14174050902","vendor":"flock","city":"2397369","manufacturer":"Flock Safety","direction":"144","zone":"traffic"}},
{"type":"Feature","geometry":{"type":"Point","coordinates":[-92.77316,44.960191]},"properties":{"osm":"node/14174050903","vendor":"flock","city":"2395609","manufacturer":"Flock Safety","direction":"121","zone":"traffic"}},
{"type":"Feature","geometry":{"type":"Point","coordinates":[-92.947568,44.869281]},"properties":{"osm":"node/14174051202","vendor":"flock","city":"2397369","manufacturer":"Flock Safety","direction":"322","zone":"traffic"}},
{"type":"Feature","geometry":{"type":"Point","coordinates":[-92.945644,44.868817]},"properties":{"osm":"node/14174051803","vendor":"flock","city":"2397369","manufacturer":"Flock Safety","direction":"254","zone":"traffic"}},
{"type":"Feature","geometry":{"type":"Point","coordinates":[-92.951859,44.869424]},"properties":{"osm":"node/14174058001","vendor":"flock","city":"2397369","manufacturer":"Flock Safety","direction":"315","zone":"traffic"}},
{"type":"Feature","geometry":{"type":"Point","coordinates":[-92.970911,44.869071]},"properties":{"osm":"node/14174058401","vendor":"flock","city":"2397369","manufacturer":"Flock Safety","direction":"61","zone":"traffic"}},
{"type":"Feature","geometry":{"type":"Point","coordinates":[-92.95956,44.847678]},"properties":{"osm":"node/14174060001","vendor":"flock","city":"2393644","manufacturer":"Flock Safety","direction":"144","zone":"traffic"}},
{"type":"Feature","geometry":{"type":"Point","coordinates":[-92.924067,44.833237]},"properties":{"osm":"node/14174060002","vendor":"flock","city":"2393644","manufacturer":"Flock Safety","direction":"147","zone":"traffic"}},
{"type":"Feature","geometry":{"type":"Point","coordinates":[-92.949232,44.847182]},"properties":{"osm":"node/14174060101","vendor":"flock","city":"2393644","manufacturer":"Flock Safety","direction":"146","zone":"traffic"}},
{"type":"Feature","geometry":{"type":"Point","coordinates":[-92.923776,44.833927]},"properties":{"osm":"node/14174061201","vendor":"flock","city":"2393644","manufacturer":"Flock Safety","direction":"325","zone":"traffic"}},
{"type":"Feature","geometry":{"type":"Point","coordinates":[-92.817837,44.751184]},"properties":{"osm":"node/14174063601","vendor":"flock","city":"663965","manufacturer":"Flock Safety","direction":"72","zone":"traffic"}},
{"type":"Feature","geometry":{"type":"Point","coordinates":[-93.002232,44.873437]},"properties":{"osm":"node/14174063602","vendor":"motorola","city":"2395227","manufacturer":"Motorola Solutions","direction":"311","zone":"traffic"}},
{"type":"Feature","geometry":{"type":"Point","coordinates":[-93.00221,44.87297]},"properties":{"osm":"node/14174066101","vendor":"motorola","city":"2395227","manufacturer":"Motorola Solutions","direction":"124","zone":"traffic"}},
{"type":"Feature","geometry":{"type":"Point","coordinates":[-92.991736,44.873406]},"properties":{"osm":"node/14174066401","vendor":"motorola","city":"2395227","manufacturer":"Motorola Solutions","direction":"336","zone":"traffic"}},
{"type":"Feature","geometry":{"type":"Point","coordinates":[-92.934037,44.84801]},"properties":{"osm":"node/14174067001","vendor":"flock","city":"2393644","manufacturer":"Flock Safety","direction":"65","zone":"traffic"}},
{"type":"Feature","geometry":{"type":"Point","coordinates":[-93.294851,44.885243]},"properties":{"osm":"node/14174316301","vendor":"other","city":"2396362","manufacturer":"Axis Communications","direction":"96","zone":"traffic"}},
{"type":"Feature","geometry":{"type":"Point","coordinates":[-93.294648,44.885092]},"properties":{"osm":"node/14174316401","vendor":"other","city":"2396362","manufacturer":"Axis Communications","direction":"0","zone":"traffic"}},
{"type":"Feature","geometry":{"type":"Point","coordinates":[-93.29465,44.885347]},"properties":{"osm":"node/14174316402","vendor":"other","city":"2396362","manufacturer":"Axis Communications","direction":"192","zone":"traffic"}},
{"type":"Feature","geometry":{"type":"Point","coordinates":[-93.294485,44.88522]},"properties":{"osm":"node/14174316501","vendor":"other","city":"2396362","manufacturer":"Axis Communications","direction":"269","zone":"traffic"}},
{"type":"Feature","geometry":{"type":"Point","coordinates":[-93.08326,44.891688]},"properties":{"osm":"node/14174319301","vendor":"flock","city":"2397275","manufacturer":"Flock Safety","operator":"Lowe's","direction":"88","mount":"pole","zone":"traffic"}},
{"type":"Feature","geometry":{"type":"Point","coordinates":[-93.081723,44.890946]},"properties":{"osm":"node/14174320801","vendor":"flock","city":"2397275","manufacturer":"Flock Safety","operator":"Lowe's","direction":"323","mount":"pole","zone":"traffic"}},
{"type":"Feature","geometry":{"type":"Point","coordinates":[-93.080897,44.891803]},"properties":{"osm":"node/14174334601","vendor":"flock","city":"2397275","manufacturer":"Flock Safety","operator":"Lowe's","direction":"247","mount":"pole","zone":"traffic"}},
{"type":"Feature","geometry":{"type":"Point","coordinates":[-92.903695,44.819279]},"properties":{"osm":"node/14174584701","vendor":"flock","city":"2393644","manufacturer":"Flock Safety","direction":"226","zone":"traffic"}},
{"type":"Feature","geometry":{"type":"Point","coordinates":[-92.992102,44.854284]},"properties":{"osm":"node/14174585001","vendor":"motorola","city":"2395227","manufacturer":"Motorola Solutions","direction":"0","zone":"traffic"}},
{"type":"Feature","geometry":{"type":"Point","coordinates":[-92.858119,44.767016]},"properties":{"osm":"node/14174587601","vendor":"flock","city":"663965","manufacturer":"Flock Safety","direction":"38","zone":"traffic"}},
{"type":"Feature","geometry":{"type":"Point","coordinates":[-93.454107,44.864931]},"properties":{"osm":"node/14175865803","vendor":"genetec","city":"2394614","manufacturer":"Genetec","direction":"293","zone":"traffic"}},
{"type":"Feature","geometry":{"type":"Point","coordinates":[-93.453475,44.864146]},"properties":{"osm":"node/14175866002","vendor":"genetec","city":"2394614","manufacturer":"Genetec","direction":"156","zone":"traffic"}},
{"type":"Feature","geometry":{"type":"Point","coordinates":[-93.205666,44.948419]},"properties":{"osm":"node/14181503301","vendor":"flock","city":"2395345","manufacturer":"Flock Safety","direction":"159;88;224;288;7;0","mount":"pole","zone":"area"}},
{"type":"Feature","geometry":{"type":"Point","coordinates":[-92.984899,44.992368]},"properties":{"osm":"node/14181740701","vendor":"flock","city":"2395846","manufacturer":"Flock Safety","direction":"235","zone":"traffic"}},
{"type":"Feature","geometry":{"type":"Point","coordinates":[-93.234864,44.981564]},"properties":{"osm":"node/14183382895","vendor":"motorola","city":"2395345","manufacturer":"Motorola Solutions","direction":"25;230","mount":"lamp","zone":"traffic"}},
{"type":"Feature","geometry":{"type":"Point","coordinates":[-92.875652,44.901455]},"properties":{"osm":"node/14183476701","vendor":"flock","city":"2397369","manufacturer":"Flock Safety","direction":"145","zone":"traffic"}},
{"type":"Feature","geometry":{"type":"Point","coordinates":[-92.875755,44.902476]},"properties":{"osm":"node/14183476901","vendor":"flock","city":"2397369","manufacturer":"Flock Safety","direction":"310","zone":"traffic"}},
{"type":"Feature","geometry":{"type":"Point","coordinates":[-93.045522,44.953972]},"properties":{"osm":"node/14183873402","vendor":"flock","city":"2396511","manufacturer":"Flock Safety","direction":"280","zone":"traffic"}},
{"type":"Feature","geometry":{"type":"Point","coordinates":[-93.470249,44.822404]},"properties":{"osm":"node/14190650301","vendor":"flock","city":"2394614","manufacturer":"Flock Safety","direction":"81","zone":"traffic"}},
{"type":"Feature","geometry":{"type":"Point","coordinates":[-93.046943,45.027849]},"properties":{"osm":"node/14190667401","vendor":"flock","city":"2395846","manufacturer":"Flock Safety","direction":"203","mount":"pole","zone":"traffic"}},
{"type":"Feature","geometry":{"type":"Point","coordinates":[-93.046258,45.028373]},"properties":{"osm":"node/14190668201","vendor":"flock","city":"2395846","manufacturer":"Flock Safety","direction":"5","mount":"pole","zone":"traffic"}},
{"type":"Feature","geometry":{"type":"Point","coordinates":[-93.414135,44.919074]},"properties":{"osm":"node/14190752001","vendor":"genetec","city":"2394417","manufacturer":"Genetec","direction":"335","mount":"pole","zone":"traffic"}},
{"type":"Feature","geometry":{"type":"Point","coordinates":[-93.385831,44.934273]},"properties":{"osm":"node/14190754001","vendor":"flock","city":"2394417","manufacturer":"Flock Safety","direction":"247","mount":"traffic_signals","zone":"traffic"}},
{"type":"Feature","geometry":{"type":"Point","coordinates":[-93.385831,44.934273]},"properties":{"osm":"node/14190754901","vendor":"flock","city":"2394417","manufacturer":"Flock Safety","direction":"247","mount":"traffic_signals","zone":"traffic"}},
{"type":"Feature","geometry":{"type":"Point","coordinates":[-92.9434,44.835916]},"properties":{"osm":"node/14191865202","vendor":"flock","city":"2393644","manufacturer":"Flock Safety","direction":"119","zone":"traffic"}},
{"type":"Feature","geometry":{"type":"Point","coordinates":[-92.921669,44.848381]},"properties":{"osm":"node/14191866001","vendor":"flock","city":"2393644","manufacturer":"Flock Safety","direction":"325","zone":"traffic"}},
{"type":"Feature","geometry":{"type":"Point","coordinates":[-92.880632,44.847349]},"properties":{"osm":"node/14191866701","vendor":"flock","city":"2393644","manufacturer":"Flock Safety","direction":"156","zone":"traffic"}},
{"type":"Feature","geometry":{"type":"Point","coordinates":[-92.883834,44.789905]},"properties":{"osm":"node/14191867401","vendor":"flock","city":"2393644","manufacturer":"Flock Safety","direction":"191","zone":"traffic"}},
{"type":"Feature","geometry":{"type":"Point","coordinates":[-92.892978,44.795642]},"properties":{"osm":"node/14191871501","vendor":"flock","city":"2393644","manufacturer":"Flock Safety","direction":"258","zone":"traffic"}},
{"type":"Feature","geometry":{"type":"Point","coordinates":[-92.946959,44.8228]},"properties":{"osm":"node/14191871502","vendor":"flock","city":"2393644","manufacturer":"Flock Safety","direction":"279","zone":"traffic"}},
{"type":"Feature","geometry":{"type":"Point","coordinates":[-92.947202,44.833785]},"properties":{"osm":"node/14191872802","vendor":"flock","city":"2393644","manufacturer":"Flock Safety","direction":"327","zone":"traffic"}},
{"type":"Feature","geometry":{"type":"Point","coordinates":[-92.940862,44.833795]},"properties":{"osm":"node/14191873801","vendor":"flock","city":"2393644","manufacturer":"Flock Safety","direction":"325","zone":"traffic"}},
{"type":"Feature","geometry":{"type":"Point","coordinates":[-92.948999,44.848471]},"properties":{"osm":"node/14191873802","vendor":"flock","city":"2393644","manufacturer":"Flock Safety","direction":"338","zone":"traffic"}},
{"type":"Feature","geometry":{"type":"Point","coordinates":[-92.940082,44.833802]},"properties":{"osm":"node/14191879601","vendor":"flock","city":"2393644","manufacturer":"Flock Safety","direction":"326","zone":"traffic"}},
{"type":"Feature","geometry":{"type":"Point","coordinates":[-92.939173,44.835242]},"properties":{"osm":"node/14191887101","vendor":"flock","city":"2393644","manufacturer":"Flock Safety","direction":"239","zone":"traffic"}},
{"type":"Feature","geometry":{"type":"Point","coordinates":[-92.862773,44.819401]},"properties":{"osm":"node/14193386901","vendor":"flock","city":"2393644","manufacturer":"Flock Safety","direction":"331","zone":"traffic"}},
{"type":"Feature","geometry":{"type":"Point","coordinates":[-92.964721,44.81113]},"properties":{"osm":"node/14193387801","vendor":"flock","city":"2393644","manufacturer":"Flock Safety","direction":"152","zone":"traffic"}},
{"type":"Feature","geometry":{"type":"Point","coordinates":[-92.964622,44.812655]},"properties":{"osm":"node/14193389001","vendor":"flock","city":"2393644","manufacturer":"Flock Safety","direction":"334","zone":"traffic"}},
{"type":"Feature","geometry":{"type":"Point","coordinates":[-92.929759,44.817042]},"properties":{"osm":"node/14193406602","vendor":"flock","city":"2393644","manufacturer":"Flock Safety","direction":"318","zone":"traffic"}},
{"type":"Feature","geometry":{"type":"Point","coordinates":[-92.929737,44.819067]},"properties":{"osm":"node/14193406603","vendor":"flock","city":"2393644","manufacturer":"Flock Safety","direction":"197;60","zone":"traffic"}},
{"type":"Feature","geometry":{"type":"Point","coordinates":[-92.925649,44.823976]},"properties":{"osm":"node/14193412501","vendor":"flock","city":"2393644","manufacturer":"Flock Safety","direction":"105","zone":"traffic"}},
{"type":"Feature","geometry":{"type":"Point","coordinates":[-92.925907,44.824162]},"properties":{"osm":"node/14193412601","vendor":"flock","city":"2393644","manufacturer":"Flock Safety","direction":"261","zone":"traffic"}},
{"type":"Feature","geometry":{"type":"Point","coordinates":[-92.956013,44.828313]},"properties":{"osm":"node/14193412701","vendor":"flock","city":"2393644","manufacturer":"Flock Safety","direction":"18","zone":"traffic"}},
{"type":"Feature","geometry":{"type":"Point","coordinates":[-92.903683,44.83318]},"properties":{"osm":"node/14193414501","vendor":"flock","city":"2393644","manufacturer":"Flock Safety","direction":"160","zone":"traffic"}},
{"type":"Feature","geometry":{"type":"Point","coordinates":[-92.903558,44.833857]},"properties":{"osm":"node/14193414601","vendor":"flock","city":"2393644","manufacturer":"Flock Safety","direction":"331","zone":"traffic"}},
{"type":"Feature","geometry":{"type":"Point","coordinates":[-92.925459,44.833692]},"properties":{"osm":"node/14193414901","vendor":"flock","city":"2393644","manufacturer":"Flock Safety","direction":"235","zone":"traffic"}},
{"type":"Feature","geometry":{"type":"Point","coordinates":[-92.923136,44.833503]},"properties":{"osm":"node/14193415001","vendor":"flock","city":"2393644","manufacturer":"Flock Safety","direction":"74","zone":"traffic"}},
{"type":"Feature","geometry":{"type":"Point","coordinates":[-92.945585,45.08873]},"properties":{"osm":"node/14201259802","vendor":"flock","city":"2394503","manufacturer":"Flock Safety","direction":"41","zone":"traffic"}},
{"type":"Feature","geometry":{"type":"Point","coordinates":[-93.412333,45.211834]},"properties":{"osm":"node/14201888101","vendor":"flock","city":"2393964","manufacturer":"Flock Safety","direction":"132","zone":"traffic"}},
{"type":"Feature","geometry":{"type":"Point","coordinates":[-92.806236,45.055749]},"properties":{"osm":"node/14208234901","vendor":"flock","city":"2395969","manufacturer":"Flock Safety","direction":"102","mount":"street_lamp","zone":"traffic"}},
{"type":"Feature","geometry":{"type":"Point","coordinates":[-93.166044,44.952444]},"properties":{"osm":"node/14210391401","vendor":"flock","city":"2396511","manufacturer":"Flock Safety","direction":"0","zone":"traffic"}},
{"type":"Feature","geometry":{"type":"Point","coordinates":[-92.975533,45.020186]},"properties":{"osm":"node/14210428404","vendor":"flock","city":"2395287","manufacturer":"Flock Safety","direction":"0","zone":"traffic"}},
{"type":"Feature","geometry":{"type":"Point","coordinates":[-92.975493,45.020634]},"properties":{"osm":"node/14210433105","vendor":"flock","city":"2395287","manufacturer":"Flock Safety","direction":"0","zone":"traffic"}},
{"type":"Feature","geometry":{"type":"Point","coordinates":[-93.216751,44.971718]},"properties":{"osm":"node/14210641871","vendor":"axon","city":"2395345","manufacturer":"Axon Enterprise","direction":"280","zone":"traffic"}},
{"type":"Feature","geometry":{"type":"Point","coordinates":[-93.251686,44.861795]},"properties":{"osm":"node/14211122491","vendor":"unknown","city":"2394198","direction":"190"}},
{"type":"Feature","geometry":{"type":"Point","coordinates":[-93.399617,45.021943]},"properties":{"osm":"node/14213189111","vendor":"flock","city":"2395201","manufacturer":"Flock Safety","direction":"55","mount":"traffic_signals","zone":"street"}},
{"type":"Feature","geometry":{"type":"Point","coordinates":[-93.391079,45.105573]},"properties":{"osm":"node/14214327201","vendor":"flock","city":"2393429","manufacturer":"Flock Safety","direction":"230","zone":"traffic"}},
{"type":"Feature","geometry":{"type":"Point","coordinates":[-92.877287,44.92023]},"properties":{"osm":"node/14214445702","vendor":"flock","city":"2397369","manufacturer":"Flock Safety","direction":"335","zone":"traffic"}},
{"type":"Feature","geometry":{"type":"Point","coordinates":[-92.883255,44.944839]},"properties":{"osm":"node/14214445703","vendor":"flock","city":"2397369","manufacturer":"Flock Safety","direction":"145","zone":"traffic"}},
{"type":"Feature","geometry":{"type":"Point","coordinates":[-92.882795,44.892297]},"properties":{"osm":"node/14214445704","vendor":"flock","city":"2397369","manufacturer":"Flock Safety","direction":"318","zone":"traffic"}},
{"type":"Feature","geometry":{"type":"Point","coordinates":[-92.791034,44.851035]},"properties":{"osm":"node/14214450501","vendor":"flock","city":"663965","manufacturer":"Flock Safety","direction":"341","zone":"traffic"}},
{"type":"Feature","geometry":{"type":"Point","coordinates":[-92.979575,44.85361]},"properties":{"osm":"node/14214455701","vendor":"flock","city":"2393644","manufacturer":"Flock Safety","direction":"132","zone":"traffic"}},
{"type":"Feature","geometry":{"type":"Point","coordinates":[-92.859232,44.766477]},"properties":{"osm":"node/14214455702","vendor":"flock","city":"663965","manufacturer":"Flock Safety","direction":"108","zone":"traffic"}},
{"type":"Feature","geometry":{"type":"Point","coordinates":[-92.919173,44.938111]},"properties":{"osm":"node/14214455802","vendor":"flock","city":"2397369","manufacturer":"Flock Safety","direction":"247","zone":"traffic"}},
{"type":"Feature","geometry":{"type":"Point","coordinates":[-92.978587,44.855146]},"properties":{"osm":"node/14214460201","vendor":"flock","city":"2393644","manufacturer":"Flock Safety","direction":"239","zone":"traffic"}},
{"type":"Feature","geometry":{"type":"Point","coordinates":[-92.954448,44.855136]},"properties":{"osm":"node/14214460202","vendor":"flock","city":"2393644","manufacturer":"Flock Safety","direction":"156","zone":"traffic"}},
{"type":"Feature","geometry":{"type":"Point","coordinates":[-92.859008,44.766829]},"properties":{"osm":"node/14214461701","vendor":"flock","city":"663965","manufacturer":"Flock Safety","direction":"272","zone":"traffic"}},
{"type":"Feature","geometry":{"type":"Point","coordinates":[-92.919697,44.938081]},"properties":{"osm":"node/14214462201","vendor":"flock","city":"2397369","manufacturer":"Flock Safety","direction":"95","zone":"traffic"}},
{"type":"Feature","geometry":{"type":"Point","coordinates":[-92.975807,44.796705]},"properties":{"osm":"node/14214463201","vendor":"flock","city":"2393644","manufacturer":"Flock Safety","direction":"99","zone":"traffic"}},
{"type":"Feature","geometry":{"type":"Point","coordinates":[-92.972829,44.800106]},"properties":{"osm":"node/14214463401","vendor":"flock","city":"2393644","manufacturer":"Flock Safety","direction":"105","zone":"traffic"}},
{"type":"Feature","geometry":{"type":"Point","coordinates":[-92.98261,44.793424]},"properties":{"osm":"node/14214464001","vendor":"flock","city":"2393644","manufacturer":"Flock Safety","direction":"163","zone":"traffic"}},
{"type":"Feature","geometry":{"type":"Point","coordinates":[-92.983853,44.81382]},"properties":{"osm":"node/14214465301","vendor":"flock","city":"2393644","manufacturer":"Flock Safety","direction":"79","zone":"traffic"}},
{"type":"Feature","geometry":{"type":"Point","coordinates":[-92.923028,44.857297]},"properties":{"osm":"node/14214465302","vendor":"flock","city":"2393644","manufacturer":"Flock Safety","direction":"51","zone":"traffic"}},
{"type":"Feature","geometry":{"type":"Point","coordinates":[-92.984192,44.826101]},"properties":{"osm":"node/14214465701","vendor":"motorola","city":"2396516","manufacturer":"Motorola Solutions","direction":"160","zone":"traffic"}},
{"type":"Feature","geometry":{"type":"Point","coordinates":[-92.998197,44.872268]},"properties":{"osm":"node/14214466501","vendor":"motorola","city":"2395227","manufacturer":"Motorola Solutions","direction":"0","zone":"traffic"}},
{"type":"Feature","geometry":{"type":"Point","coordinates":[-92.972463,44.869175]},"properties":{"osm":"node/14214472501","vendor":"motorola","city":"2397369","manufacturer":"Motorola Solutions","direction":"231","zone":"traffic"}},
{"type":"Feature","geometry":{"type":"Point","coordinates":[-92.94583,44.87174]},"properties":{"osm":"node/14214473001","vendor":"flock","city":"2397369","manufacturer":"Flock Safety","direction":"238","zone":"traffic"}},
{"type":"Feature","geometry":{"type":"Point","coordinates":[-92.941886,44.870396]},"properties":{"osm":"node/14214473101","vendor":"flock","city":"2397369","manufacturer":"Flock Safety","direction":"77","zone":"traffic"}},
{"type":"Feature","geometry":{"type":"Point","coordinates":[-92.944223,44.870293]},"properties":{"osm":"node/14214473701","vendor":"flock","city":"2397369","manufacturer":"Flock Safety","direction":"152","zone":"traffic"}},
{"type":"Feature","geometry":{"type":"Point","coordinates":[-92.966807,44.880019]},"properties":{"osm":"node/14214474501","vendor":"flock","city":"2397369","manufacturer":"Flock Safety","direction":"262","zone":"traffic"}},
{"type":"Feature","geometry":{"type":"Point","coordinates":[-93.001596,44.875896]},"properties":{"osm":"node/14214475201","vendor":"motorola","city":"2395227","manufacturer":"Motorola Solutions","direction":"298","zone":"traffic"}},
{"type":"Feature","geometry":{"type":"Point","coordinates":[-93.004617,44.885777]},"properties":{"osm":"node/14214476301","vendor":"motorola","city":"2395227","manufacturer":"Motorola Solutions","direction":"136","zone":"traffic"}},
{"type":"Feature","geometry":{"type":"Point","coordinates":[-93.004617,44.885777]},"properties":{"osm":"node/14214476401","vendor":"motorola","city":"2395227","manufacturer":"Motorola Solutions","direction":"136","zone":"traffic"}},
{"type":"Feature","geometry":{"type":"Point","coordinates":[-93.007281,44.891863]},"properties":{"osm":"node/14214476501","vendor":"motorola","city":"2396511","manufacturer":"Motorola Solutions","direction":"128","zone":"traffic"}},
{"type":"Feature","geometry":{"type":"Point","coordinates":[-92.999126,44.892413]},"properties":{"osm":"node/14214477001","vendor":"flock","city":"2395846","manufacturer":"Flock Safety","direction":"172","zone":"traffic"}},
{"type":"Feature","geometry":{"type":"Point","coordinates":[-92.94795,44.85516]},"properties":{"osm":"node/14216620502","vendor":"flock","city":"2393644","manufacturer":"Flock Safety","direction":"57","zone":"traffic"}},
{"type":"Feature","geometry":{"type":"Point","coordinates":[-92.950021,44.855306]},"properties":{"osm":"node/14216639701","vendor":"flock","city":"2393644","manufacturer":"Flock Safety","direction":"226","zone":"traffic"}},
{"type":"Feature","geometry":{"type":"Point","coordinates":[-92.967196,44.847845]},"properties":{"osm":"node/14216690001","vendor":"flock","city":"2393644","manufacturer":"Flock Safety","direction":"63","zone":"traffic"}},
{"type":"Feature","geometry":{"type":"Point","coordinates":[-92.968699,44.847921]},"properties":{"osm":"node/14216698301","vendor":"flock","city":"2393644","manufacturer":"Flock Safety","direction":"223","zone":"traffic"}},
{"type":"Feature","geometry":{"type":"Point","coordinates":[-92.969784,44.854607]},"properties":{"osm":"node/14216713401","vendor":"flock","city":"2393644","manufacturer":"Flock Safety","direction":"149","zone":"traffic"}},
{"type":"Feature","geometry":{"type":"Point","coordinates":[-92.973574,44.855185]},"properties":{"osm":"node/14216723501","vendor":"flock","city":"2393644","manufacturer":"Flock Safety","direction":"329","zone":"traffic"}},
{"type":"Feature","geometry":{"type":"Point","coordinates":[-92.979322,44.856122]},"properties":{"osm":"node/14216732601","vendor":"flock","city":"2393644","manufacturer":"Flock Safety","direction":"53","zone":"traffic"}},
{"type":"Feature","geometry":{"type":"Point","coordinates":[-92.979664,44.857771]},"properties":{"osm":"node/14216741701","vendor":"flock","city":"2393644","manufacturer":"Flock Safety","direction":"76","zone":"traffic"}},
{"type":"Feature","geometry":{"type":"Point","coordinates":[-92.949331,44.842527]},"properties":{"osm":"node/14216741702","vendor":"flock","city":"2393644","manufacturer":"Flock Safety","direction":"235","zone":"traffic"}},
{"type":"Feature","geometry":{"type":"Point","coordinates":[-92.949244,44.846084]},"properties":{"osm":"node/14216782901","vendor":"flock","city":"2393644","manufacturer":"Flock Safety","direction":"232","zone":"traffic"}},
{"type":"Feature","geometry":{"type":"Point","coordinates":[-92.933006,44.830861]},"properties":{"osm":"node/14216828701","vendor":"flock","city":"2393644","manufacturer":"Flock Safety","direction":"14","zone":"traffic"}},
{"type":"Feature","geometry":{"type":"Point","coordinates":[-92.940712,44.827491]},"properties":{"osm":"node/14216882401","vendor":"flock","city":"2393644","manufacturer":"Flock Safety","direction":"152","zone":"traffic"}},
{"type":"Feature","geometry":{"type":"Point","coordinates":[-92.940645,44.825965]},"properties":{"osm":"node/14216882501","vendor":"flock","city":"2393644","manufacturer":"Flock Safety","direction":"332","zone":"traffic"}},
{"type":"Feature","geometry":{"type":"Point","coordinates":[-92.944462,44.804433]},"properties":{"osm":"node/14216882502","vendor":"flock","city":"2393644","manufacturer":"Flock Safety","direction":"148","zone":"traffic"}},
{"type":"Feature","geometry":{"type":"Point","coordinates":[-92.96511,44.816363]},"properties":{"osm":"node/14216882503","vendor":"flock","city":"2393644","manufacturer":"Flock Safety","direction":"265","zone":"traffic"}},
{"type":"Feature","geometry":{"type":"Point","coordinates":[-92.969798,44.818941]},"properties":{"osm":"node/14216882504","vendor":"flock","city":"2393644","manufacturer":"Flock Safety","direction":"148","zone":"traffic"}},
{"type":"Feature","geometry":{"type":"Point","coordinates":[-92.964483,44.817768]},"properties":{"osm":"node/14216929901","vendor":"flock","city":"2393644","manufacturer":"Flock Safety","direction":"63","zone":"traffic"}},
{"type":"Feature","geometry":{"type":"Point","coordinates":[-92.969602,44.811919]},"properties":{"osm":"node/14216929902","vendor":"flock","city":"2393644","manufacturer":"Flock Safety","direction":"330","zone":"traffic"}},
{"type":"Feature","geometry":{"type":"Point","coordinates":[-92.96451,44.818302]},"properties":{"osm":"node/14216938001","vendor":"flock","city":"2393644","manufacturer":"Flock Safety","direction":"68","zone":"traffic"}},
{"type":"Feature","geometry":{"type":"Point","coordinates":[-92.920104,44.80946]},"properties":{"osm":"node/14216938002","vendor":"flock","city":"2393644","manufacturer":"Flock Safety","direction":"339","zone":"traffic"}},
{"type":"Feature","geometry":{"type":"Point","coordinates":[-92.925703,44.811977]},"properties":{"osm":"node/14216938003","vendor":"flock","city":"2393644","manufacturer":"Flock Safety","direction":"0;74;145;221;291","zone":"traffic"}},
{"type":"Feature","geometry":{"type":"Point","coordinates":[-92.964514,44.818836]},"properties":{"osm":"node/14216947201","vendor":"flock","city":"2393644","manufacturer":"Flock Safety","direction":"64","zone":"traffic"}},
{"type":"Feature","geometry":{"type":"Point","coordinates":[-92.90917,44.841368]},"properties":{"osm":"node/14216950302","vendor":"flock","city":"2393644","manufacturer":"Flock Safety","direction":"205","zone":"traffic"}},
{"type":"Feature","geometry":{"type":"Point","coordinates":[-92.961259,44.820706]},"properties":{"osm":"node/14216967501","vendor":"flock","city":"2393644","manufacturer":"Flock Safety","direction":"61","zone":"traffic"}},
{"type":"Feature","geometry":{"type":"Point","coordinates":[-92.944184,44.811845]},"properties":{"osm":"node/14216967502","vendor":"flock","city":"2393644","manufacturer":"Flock Safety","direction":"335;248","zone":"traffic"}},
{"type":"Feature","geometry":{"type":"Point","coordinates":[-92.939041,44.810779]},"properties":{"osm":"node/14217015801","vendor":"flock","city":"2393644","manufacturer":"Flock Safety","direction":"337","zone":"traffic"}},
{"type":"Feature","geometry":{"type":"Point","coordinates":[-92.965077,44.813872]},"properties":{"osm":"node/14217108201","vendor":"flock","city":"2393644","manufacturer":"Flock Safety","direction":"239","zone":"traffic"}},
{"type":"Feature","geometry":{"type":"Point","coordinates":[-92.919118,44.810184]},"properties":{"osm":"node/14217154401","vendor":"motorola","city":"2393644","manufacturer":"Motorola Solutions","direction":"0;72;140;208;284","zone":"traffic"}},
{"type":"Feature","geometry":{"type":"Point","coordinates":[-92.902383,44.819975]},"properties":{"osm":"node/14217216401","vendor":"flock","city":"2393644","manufacturer":"Flock Safety","direction":"330","zone":"traffic"}},
{"type":"Feature","geometry":{"type":"Point","coordinates":[-92.900438,44.826051]},"properties":{"osm":"node/14217260801","vendor":"flock","city":"2393644","manufacturer":"Flock Safety","direction":"147","zone":"traffic"}},
{"type":"Feature","geometry":{"type":"Point","coordinates":[-92.919288,44.819195]},"properties":{"osm":"node/14217277901","vendor":"flock","city":"2393644","manufacturer":"Flock Safety","direction":"330","zone":"traffic"}},
{"type":"Feature","geometry":{"type":"Point","coordinates":[-92.915717,44.842806]},"properties":{"osm":"node/14217277902","vendor":"flock","city":"2393644","manufacturer":"Flock Safety","direction":"145","zone":"traffic"}},
{"type":"Feature","geometry":{"type":"Point","coordinates":[-92.91488,44.840636]},"properties":{"osm":"node/14217277903","vendor":"motorola","city":"2393644","manufacturer":"Motorola Solutions","direction":"0;73;148;224;294","zone":"traffic"}},
{"type":"Feature","geometry":{"type":"Point","coordinates":[-92.919127,44.820751]},"properties":{"osm":"node/14217283101","vendor":"motorola","city":"2393644","manufacturer":"Motorola Solutions","direction":"0;73;146;216;290","zone":"traffic"}},
{"type":"Feature","geometry":{"type":"Point","coordinates":[-92.905559,44.840622]},"properties":{"osm":"node/14217284201","vendor":"flock","city":"2393644","manufacturer":"Flock Safety","direction":"159","zone":"traffic"}},
{"type":"Feature","geometry":{"type":"Point","coordinates":[-92.908248,44.840749]},"properties":{"osm":"node/14217284202","vendor":"flock","city":"2393644","manufacturer":"Flock Safety","direction":"172","zone":"traffic"}},
{"type":"Feature","geometry":{"type":"Point","coordinates":[-92.912115,44.84275]},"properties":{"osm":"node/14217293401","vendor":"flock","city":"2393644","manufacturer":"Flock Safety","direction":"153","zone":"traffic"}},
{"type":"Feature","geometry":{"type":"Point","coordinates":[-92.927104,44.812581]},"properties":{"osm":"node/14217293402","vendor":"motorola","city":"2393644","manufacturer":"Motorola Solutions","direction":"0;75;147;219;289;0","zone":"traffic"}},
{"type":"Feature","geometry":{"type":"Point","coordinates":[-92.91975,44.841194]},"properties":{"osm":"node/14217298501","vendor":"flock","city":"2393644","manufacturer":"Flock Safety","direction":"107","zone":"traffic"}},
{"type":"Feature","geometry":{"type":"Point","coordinates":[-92.918087,44.810191]},"properties":{"osm":"node/14217298502","vendor":"motorola","city":"2393644","manufacturer":"Motorola Solutions","direction":"0;73;141;216;288","zone":"traffic"}},
{"type":"Feature","geometry":{"type":"Point","coordinates":[-92.916808,44.807808]},"properties":{"osm":"node/14217351801","vendor":"flock","city":"2393644","manufacturer":"Flock Safety","direction":"0","zone":"traffic"}},
{"type":"Feature","geometry":{"type":"Point","coordinates":[-92.962441,44.803004]},"properties":{"osm":"node/14217395901","vendor":"flock","city":"2393644","manufacturer":"Flock Safety","direction":"0;73;144;217;289","zone":"traffic"}},
{"type":"Feature","geometry":{"type":"Point","coordinates":[-93.007865,44.882372]},"properties":{"osm":"node/14217454201","vendor":"motorola","city":"2395227","manufacturer":"Motorola Solutions","direction":"72","zone":"traffic"}},
{"type":"Feature","geometry":{"type":"Point","coordinates":[-92.964242,44.910154]},"properties":{"osm":"node/14217472501","vendor":"flock","city":"2397369","manufacturer":"Flock Safety","direction":"69","zone":"traffic"}},
{"type":"Feature","geometry":{"type":"Point","coordinates":[-92.964303,44.911072]},"properties":{"osm":"node/14217475701","vendor":"flock","city":"2397369","manufacturer":"Flock Safety","direction":"73","zone":"traffic"}},
{"type":"Feature","geometry":{"type":"Point","coordinates":[-92.958372,44.907729]},"properties":{"osm":"node/14217475703","vendor":"flock","city":"2397369","manufacturer":"Flock Safety","direction":"325","zone":"traffic"}},
{"type":"Feature","geometry":{"type":"Point","coordinates":[-92.929257,44.888371]},"properties":{"osm":"node/14217475704","vendor":"flock","city":"2397369","manufacturer":"Flock Safety","direction":"269","zone":"traffic"}},
{"type":"Feature","geometry":{"type":"Point","coordinates":[-92.958734,44.912825]},"properties":{"osm":"node/14217517401","vendor":"flock","city":"2397369","manufacturer":"Flock Safety","direction":"146","zone":"traffic"}},
{"type":"Feature","geometry":{"type":"Point","coordinates":[-92.933178,44.8841]},"properties":{"osm":"node/14217536501","vendor":"flock","city":"2397369","manufacturer":"Flock Safety","direction":"0","zone":"traffic"}},
{"type":"Feature","geometry":{"type":"Point","coordinates":[-92.93059,44.884126]},"properties":{"osm":"node/14217540701","vendor":"flock","city":"2397369","manufacturer":"Flock Safety","direction":"0","zone":"traffic"}},
{"type":"Feature","geometry":{"type":"Point","coordinates":[-92.977648,44.855969]},"properties":{"osm":"node/14217588701","vendor":"flock","city":"2393644","manufacturer":"Flock Safety","direction":"276","zone":"traffic"}},
{"type":"Feature","geometry":{"type":"Point","coordinates":[-92.965769,44.814734]},"properties":{"osm":"node/14219799001","vendor":"flock","city":"2393644","manufacturer":"Flock Safety","direction":"97","zone":"traffic"}},
{"type":"Feature","geometry":{"type":"Point","coordinates":[-92.96823,44.830801]},"properties":{"osm":"node/14219799502","vendor":"flock","city":"2393644","manufacturer":"Flock Safety","direction":"119","zone":"traffic"}},
{"type":"Feature","geometry":{"type":"Point","coordinates":[-92.966962,44.83143]},"properties":{"osm":"node/14219801701","vendor":"flock","city":"2393644","manufacturer":"Flock Safety","direction":"112","zone":"traffic"}},
{"type":"Feature","geometry":{"type":"Point","coordinates":[-92.98943,44.850701]},"properties":{"osm":"node/14219808401","vendor":"flock","city":"2396516","manufacturer":"Flock Safety","direction":"45","zone":"traffic"}},
{"type":"Feature","geometry":{"type":"Point","coordinates":[-92.933935,44.82073]},"properties":{"osm":"node/14219810101","vendor":"flock","city":"2393644","manufacturer":"Flock Safety","direction":"65","zone":"traffic"}},
{"type":"Feature","geometry":{"type":"Point","coordinates":[-92.933937,44.821813]},"properties":{"osm":"node/14219810801","vendor":"flock","city":"2393644","manufacturer":"Flock Safety","direction":"68","zone":"traffic"}},
{"type":"Feature","geometry":{"type":"Point","coordinates":[-92.931548,44.817841]},"properties":{"osm":"node/14219813001","vendor":"flock","city":"2393644","manufacturer":"Flock Safety","direction":"0","zone":"traffic"}},
{"type":"Feature","geometry":{"type":"Point","coordinates":[-92.98094,44.836555]},"properties":{"osm":"node/14220360001","vendor":"flock","city":"2396516","manufacturer":"Flock Safety","direction":"151","zone":"traffic"}},
{"type":"Feature","geometry":{"type":"Point","coordinates":[-92.982636,44.836017]},"properties":{"osm":"node/14220360002","vendor":"flock","city":"2396516","manufacturer":"Flock Safety","direction":"57","zone":"traffic"}},
{"type":"Feature","geometry":{"type":"Point","coordinates":[-92.982626,44.83531]},"properties":{"osm":"node/14220360501","vendor":"flock","city":"2396516","manufacturer":"Flock Safety","direction":"65","zone":"traffic"}},
{"type":"Feature","geometry":{"type":"Point","coordinates":[-92.962278,44.834577]},"properties":{"osm":"node/14220363201","vendor":"flock","city":"2393644","manufacturer":"Flock Safety","direction":"141","zone":"traffic"}},
{"type":"Feature","geometry":{"type":"Point","coordinates":[-92.962278,44.834577]},"properties":{"osm":"node/14220363301","vendor":"flock","city":"2393644","manufacturer":"Flock Safety","direction":"141","zone":"traffic"}},
{"type":"Feature","geometry":{"type":"Point","coordinates":[-93.138392,44.95594]},"properties":{"osm":"node/14221082328","vendor":"flock","city":"2396511","manufacturer":"Flock Safety","direction":"100","zone":"traffic"}},
{"type":"Feature","geometry":{"type":"Point","coordinates":[-92.959396,44.846003]},"properties":{"osm":"node/14225573201","vendor":"flock","city":"2393644","manufacturer":"Flock Safety","direction":"52","zone":"traffic"}},
{"type":"Feature","geometry":{"type":"Point","coordinates":[-92.967174,44.844389]},"properties":{"osm":"node/14225573601","vendor":"flock","city":"2393644","manufacturer":"Flock Safety","direction":"144","zone":"traffic"}},
{"type":"Feature","geometry":{"type":"Point","coordinates":[-92.966233,44.840318]},"properties":{"osm":"node/14225573801","vendor":"flock","city":"2393644","manufacturer":"Flock Safety","direction":"231;306;14;87;160;0","zone":"traffic"}},
{"type":"Feature","geometry":{"type":"Point","coordinates":[-93.287729,44.859113]},"properties":{"osm":"node/14228624001","vendor":"flock","city":"2394198","manufacturer":"Flock Safety","direction":"104","zone":"traffic"}},
{"type":"Feature","geometry":{"type":"Point","coordinates":[-93.287729,44.859113]},"properties":{"osm":"node/14228635601","vendor":"flock","city":"2394198","manufacturer":"Flock Safety","direction":"273","zone":"traffic"}},
{"type":"Feature","geometry":{"type":"Point","coordinates":[-93.287729,44.859113]},"properties":{"osm":"node/14228636501","vendor":"flock","city":"2394198","manufacturer":"Flock Safety","direction":"359","zone":"traffic"}},
{"type":"Feature","geometry":{"type":"Point","coordinates":[-92.933856,44.857263]},"properties":{"osm":"node/14232179102","vendor":"flock","city":"2393644","manufacturer":"Flock Safety","direction":"235","zone":"traffic"}},
{"type":"Feature","geometry":{"type":"Point","coordinates":[-92.917892,44.855275]},"properties":{"osm":"node/14232195801","vendor":"flock","city":"2393644","manufacturer":"Flock Safety","direction":"318","zone":"traffic"}},
{"type":"Feature","geometry":{"type":"Point","coordinates":[-93.301505,45.152417]},"properties":{"osm":"node/14235835701","vendor":"flock","city":"2393628","manufacturer":"Flock Safety","direction":"282","zone":"traffic"}},
{"type":"Feature","geometry":{"type":"Point","coordinates":[-92.935948,44.813397]},"properties":{"osm":"node/14244522201","vendor":"flock","city":"2393644","manufacturer":"Flock Safety","direction":"178","zone":"traffic"}},
{"type":"Feature","geometry":{"type":"Point","coordinates":[-93.162225,45.006089]},"properties":{"osm":"node/14244560855","vendor":"flock","city":"2396435","manufacturer":"Flock Safety","direction":"210","zone":"traffic"}},
{"type":"Feature","geometry":{"type":"Point","coordinates":[-92.954068,44.936811]},"properties":{"osm":"node/14244665601","vendor":"flock","city":"2397369","manufacturer":"Flock Safety","direction":"0","zone":"traffic"}},
{"type":"Feature","geometry":{"type":"Point","coordinates":[-93.550548,44.761092]},"properties":{"osm":"node/14244776401","vendor":"flock","city":"664569","manufacturer":"Flock Safety","direction":"34","zone":"traffic"}},
{"type":"Feature","geometry":{"type":"Point","coordinates":[-93.550234,44.759309]},"properties":{"osm":"node/14244776701","vendor":"flock","city":"664569","manufacturer":"Flock Safety","direction":"145","zone":"traffic"}},
{"type":"Feature","geometry":{"type":"Point","coordinates":[-93.410153,44.881773]},"properties":{"osm":"node/14249639201","vendor":"motorola","city":"2394614","manufacturer":"Motorola Solutions","direction":"350","zone":"traffic"}},
{"type":"Feature","geometry":{"type":"Point","coordinates":[-93.378686,44.913676]},"properties":{"osm":"node/14250231301","vendor":"flock","city":"2394621","manufacturer":"Flock Safety","direction":"0","zone":"traffic"}},
{"type":"Feature","geometry":{"type":"Point","coordinates":[-93.369559,44.913674]},"properties":{"osm":"node/14250233102","vendor":"flock","city":"2394621","manufacturer":"Flock Safety","direction":"0","zone":"traffic"}},
{"type":"Feature","geometry":{"type":"Point","coordinates":[-92.974443,44.932643]},"properties":{"osm":"node/14250464703","vendor":"flock","city":"2397369","manufacturer":"Flock Safety","direction":"158","zone":"traffic"}},
{"type":"Feature","geometry":{"type":"Point","coordinates":[-92.984173,44.946377]},"properties":{"osm":"node/14250464704","vendor":"flock","city":"2397369","manufacturer":"Flock Safety","direction":"74","zone":"traffic"}},
{"type":"Feature","geometry":{"type":"Point","coordinates":[-92.908987,44.902185]},"properties":{"osm":"node/14250465202","vendor":"flock","city":"2397369","manufacturer":"Flock Safety","direction":"135","zone":"traffic"}},
{"type":"Feature","geometry":{"type":"Point","coordinates":[-92.921629,44.905191]},"properties":{"osm":"node/14250465203","vendor":"flock","city":"2397369","manufacturer":"Flock Safety","direction":"154","zone":"traffic"}},
{"type":"Feature","geometry":{"type":"Point","coordinates":[-92.919852,44.903313]},"properties":{"osm":"node/14250476002","vendor":"flock","city":"2397369","manufacturer":"Flock Safety","direction":"286","zone":"traffic"}},
{"type":"Feature","geometry":{"type":"Point","coordinates":[-92.98386,44.941192]},"properties":{"osm":"node/14250476003","vendor":"flock","city":"2397369","manufacturer":"Flock Safety","direction":"85","zone":"traffic"}},
{"type":"Feature","geometry":{"type":"Point","coordinates":[-92.926024,44.905161]},"properties":{"osm":"node/14250477811","vendor":"flock","city":"2397369","manufacturer":"Flock Safety","direction":"159","zone":"traffic"}},
{"type":"Feature","geometry":{"type":"Point","coordinates":[-92.909247,44.848048]},"properties":{"osm":"node/14250478601","vendor":"flock","city":"2393644","manufacturer":"Flock Safety","direction":"246","zone":"traffic"}},
{"type":"Feature","geometry":{"type":"Point","coordinates":[-92.905966,44.833523]},"properties":{"osm":"node/14250479001","vendor":"flock","city":"2393644","manufacturer":"Flock Safety","direction":"238","zone":"traffic"}},
{"type":"Feature","geometry":{"type":"Point","coordinates":[-92.941418,44.81989]},"properties":{"osm":"node/14250479301","vendor":"flock","city":"2393644","manufacturer":"Flock Safety","direction":"0","zone":"traffic"}},
{"type":"Feature","geometry":{"type":"Point","coordinates":[-92.941582,44.819994]},"properties":{"osm":"node/14250479401","vendor":"flock","city":"2393644","manufacturer":"Flock Safety","direction":"0","zone":"traffic"}},
{"type":"Feature","geometry":{"type":"Point","coordinates":[-92.984573,44.947758]},"properties":{"osm":"node/14250479402","vendor":"flock","city":null,"manufacturer":"Flock Safety","direction":"97;166","zone":"traffic"}},
{"type":"Feature","geometry":{"type":"Point","coordinates":[-92.927911,44.894994]},"properties":{"osm":"node/14250480101","vendor":"flock","city":"2397369","manufacturer":"Flock Safety","direction":"47","zone":"traffic"}},
{"type":"Feature","geometry":{"type":"Point","coordinates":[-92.921103,44.891583]},"properties":{"osm":"node/14250480301","vendor":"flock","city":"2397369","manufacturer":"Flock Safety","direction":"0","zone":"traffic"}},
{"type":"Feature","geometry":{"type":"Point","coordinates":[-92.919158,44.903946]},"properties":{"osm":"node/14250480601","vendor":"flock","city":"2397369","manufacturer":"Flock Safety","direction":"164","zone":"traffic"}},
{"type":"Feature","geometry":{"type":"Point","coordinates":[-92.928809,44.902659]},"properties":{"osm":"node/14250480701","vendor":"flock","city":"2397369","manufacturer":"Flock Safety","direction":"76","zone":"traffic"}},
{"type":"Feature","geometry":{"type":"Point","coordinates":[-92.938127,44.940743]},"properties":{"osm":"node/14250482001","vendor":"flock","city":"2397369","manufacturer":"Flock Safety","direction":"79","zone":"traffic"}},
{"type":"Feature","geometry":{"type":"Point","coordinates":[-92.935857,44.941691]},"properties":{"osm":"node/14250482002","vendor":"flock","city":"2397369","manufacturer":"Flock Safety","direction":"326","zone":"traffic"}},
{"type":"Feature","geometry":{"type":"Point","coordinates":[-92.93675,44.941666]},"properties":{"osm":"node/14250482201","vendor":"flock","city":"2397369","manufacturer":"Flock Safety","direction":"314","zone":"traffic"}},
{"type":"Feature","geometry":{"type":"Point","coordinates":[-92.93592,44.941207]},"properties":{"osm":"node/14250482401","vendor":"flock","city":"2397369","manufacturer":"Flock Safety","direction":"156","zone":"traffic"}},
{"type":"Feature","geometry":{"type":"Point","coordinates":[-92.934223,44.939658]},"properties":{"osm":"node/14250482801","vendor":"flock","city":"2397369","manufacturer":"Flock Safety","direction":"190","zone":"traffic"}},
{"type":"Feature","geometry":{"type":"Point","coordinates":[-92.932597,44.944583]},"properties":{"osm":"node/14250482901","vendor":"flock","city":"2397369","manufacturer":"Flock Safety","direction":"325","zone":"traffic"}},
{"type":"Feature","geometry":{"type":"Point","coordinates":[-92.931744,44.941748]},"properties":{"osm":"node/14250482902","vendor":"flock","city":"2397369","manufacturer":"Flock Safety","direction":"328","zone":"traffic"}},
{"type":"Feature","geometry":{"type":"Point","coordinates":[-92.932688,44.943735]},"properties":{"osm":"node/14250483101","vendor":"flock","city":"2397369","manufacturer":"Flock Safety","direction":"157","zone":"traffic"}},
{"type":"Feature","geometry":{"type":"Point","coordinates":[-92.929809,44.941688]},"properties":{"osm":"node/14250483401","vendor":"flock","city":"2397369","manufacturer":"Flock Safety","direction":"333","zone":"traffic"}},
{"type":"Feature","geometry":{"type":"Point","coordinates":[-92.927512,44.942443]},"properties":{"osm":"node/14250483501","vendor":"flock","city":"2397369","manufacturer":"Flock Safety","direction":"306","zone":"traffic"}},
{"type":"Feature","geometry":{"type":"Point","coordinates":[-92.92178,44.94656]},"properties":{"osm":"node/14250483901","vendor":"flock","city":"2397369","manufacturer":"Flock Safety","direction":"296","zone":"traffic"}},
{"type":"Feature","geometry":{"type":"Point","coordinates":[-92.917673,44.947165]},"properties":{"osm":"node/14250484101","vendor":"flock","city":"2397369","manufacturer":"Flock Safety","direction":"345","zone":"traffic"}},
{"type":"Feature","geometry":{"type":"Point","coordinates":[-92.933861,44.929804]},"properties":{"osm":"node/14250484801","vendor":"flock","city":"2397369","manufacturer":"Flock Safety","direction":"329","zone":"traffic"}},
{"type":"Feature","geometry":{"type":"Point","coordinates":[-92.983286,44.902497]},"properties":{"osm":"node/14250484901","vendor":"flock","city":"2397369","manufacturer":"Flock Safety","direction":"65","zone":"traffic"}},
{"type":"Feature","geometry":{"type":"Point","coordinates":[-93.252537,44.95745]},"properties":{"osm":"node/14252717001","vendor":"flock","city":"2395345","manufacturer":"Flock Safety","direction":"0;65;130;197;256;300;0","mount":"pole","zone":"traffic"}},
{"type":"Feature","geometry":{"type":"Point","coordinates":[-93.288067,44.962659]},"properties":{"osm":"node/14256568401","vendor":"flock","city":"2395345","manufacturer":"Flock Safety","direction":"48","zone":"traffic"}},
{"type":"Feature","geometry":{"type":"Point","coordinates":[-93.068358,44.898052]},"properties":{"osm":"node/14256668180","vendor":"flock","city":"2397275","manufacturer":"Flock Safety","direction":"250","zone":"traffic"}},
{"type":"Feature","geometry":{"type":"Point","coordinates":[-93.064584,44.897883]},"properties":{"osm":"node/14256688450","vendor":"flock","city":"2395918","manufacturer":"Flock Safety","direction":"70","zone":"traffic"}},
{"type":"Feature","geometry":{"type":"Point","coordinates":[-93.218868,45.09588]},"properties":{"osm":"node/4011704792","vendor":"flock","city":"2395118","manufacturer":"Flock Safety","direction":"340","zone":"traffic"}},
{"type":"Feature","geometry":{"type":"Point","coordinates":[-93.351756,44.967513]},"properties":{"osm":"node/4184747855","vendor":"flock","city":"2396500","manufacturer":"Flock Safety","operator":"St louis park PD","direction":"180"}},
{"type":"Feature","geometry":{"type":"Point","coordinates":[-93.390387,45.107549]},"properties":{"osm":"node/5903676347","vendor":"flock","city":"2393429","manufacturer":"Flock Safety","direction":"141","zone":"traffic"}},
{"type":"Feature","geometry":{"type":"Point","coordinates":[-93.461411,45.012564]},"properties":{"osm":"way/627049408","vendor":"flock","city":"2396242","manufacturer":"Flock Safety"}},
{"type":"Feature","geometry":{"type":"Point","coordinates":[-93.241066,45.097071]},"properties":{"osm":"way/707080825","vendor":"flock","city":"2394826","manufacturer":"Flock Safety"}}
]}
